{"train_losses": [353.9337594168527, 304.0875680106027, 260.9241158621652, 224.54176330566406, 194.68264770507812, 170.78352573939733, 152.11061096191406, 137.87234497070312, 127.28555842808315, 119.61174011230469, 114.18287658691406, 110.42180415562221, 107.85374777657645, 106.1067875453404, 104.90312848772321, 104.04493386404855, 103.39800916399274, 102.87577383858817, 102.42513602120536, 102.0152337210519, 101.6291002546038, 101.2579825265067, 100.89763641357422, 100.546142578125, 100.20267159598214, 99.86686161586216, 99.53852190290179, 99.21750967843192, 98.9036865234375, 98.596926007952, 98.29708971296039, 98.00404793875558, 97.71765899658203, 97.43779754638672, 97.16434042794364, 96.89714704241071, 96.63609313964844, 96.38105119977679, 96.13189370291573, 95.88849094935826, 95.65072195870536, 95.41845594133649, 95.19158063616071, 94.96996089390346, 94.75348772321429, 94.54203251429966, 94.33549063546317, 94.13373347691127, 93.93665204729352, 93.74413953508649, 93.55608476911273, 93.37237875802177, 93.19291469029018, 93.01759011404855, 92.84630366734096, 92.67895943777901, 92.51545715332031, 92.35569981166294, 92.19959694998605, 92.04705156598773, 91.89799063546317, 91.75230843680245, 91.6099373953683, 91.47078050885882, 91.33476257324219, 91.2018072945731, 91.07183292933873, 90.94476972307477, 90.82053920200893, 90.69907488141742, 90.5802971976144, 90.46415601457868, 90.35057176862445, 90.23948560442243, 90.13082994733539, 90.02455030168805, 89.9205812726702, 89.8188727242606, 89.7193603515625, 89.6219951084682, 89.52671704973493, 89.43348039899554, 89.3422361101423, 89.25292314801898, 89.16551099504743, 89.07993534633091, 88.99616459437779, 88.91414969308036, 88.83384595598493, 88.75521305629185, 88.67820957728794, 88.60279410226005, 88.52893393380302, 88.45658874511719, 88.3857171194894, 88.31629398890904, 88.24827902657645, 88.18163081577846, 88.11632428850446, 88.05233437674386, 87.98962511335101], "test_losses": [353.44676426478793, 304.0188991001674, 261.25576564243863, 225.2404283796038, 195.70353262765067, 172.07557896205358, 153.62397112165178, 139.5632084437779, 129.11798313685827, 121.55733707972935, 116.21968187604632, 112.53291429792132, 110.02608598981585, 108.32998766217914, 107.1686041695731, 106.34525299072266, 105.72662244524274, 105.2269766671317, 104.794187273298, 104.39837537493024, 104.02352687290737, 103.66167776925224, 103.30918775285993, 102.96456037248883, 102.62725503104073, 102.29712785993304, 101.97413744245257, 101.65825544084821, 101.34943607875279, 101.04758126395089, 100.7525885445731, 100.46432059151786, 100.18264334542411, 99.90741947719029, 99.63850620814732, 99.37576947893415, 99.11908503941127, 98.86831665039062, 98.6233389718192, 98.38402121407645, 98.15023694719586, 97.92186955043248, 97.69879477364677, 97.48089163643974, 97.2680413382394, 97.06012398856026, 96.8570327758789, 96.65864018031529, 96.46484375, 96.2755355834961, 96.0906001499721, 95.90993826729911, 95.73344203404018, 95.5610100882394, 95.39254215785435, 95.22794124058315, 95.06711033412388, 94.9099622453962, 94.7563967023577, 94.60632869175502, 94.4596677507673, 94.3163332257952, 94.17623574393136, 94.03929901123047, 93.9054423740932, 93.77458953857422, 93.64666203090123, 93.5215835571289, 93.3992941720145, 93.2797110421317, 93.16277204241071, 93.04840741838727, 92.93655613490513, 92.82715388706752, 92.7201396397182, 92.6154545375279, 92.51303427559989, 92.41282762799945, 92.31478118896484, 92.21883501325335, 92.12494114467076, 92.03304617745536, 91.94310542515346, 91.85506439208984, 91.76887730189732, 91.68450273786273, 91.60189492361886, 91.52100808279855, 91.44179970877511, 91.3642338344029, 91.28826359340123, 91.21385301862445, 91.14097159249442, 91.06957244873047, 90.99962288992745, 90.93108912876674, 90.86393519810268, 90.79813276018415, 90.733644757952, 90.67044394356864, 90.60849870954242], "minibatch_train_losses": [369.72540283203125, 354.9940185546875, 346.21527099609375, 330.6434020996094, 332.66180419921875, 303.0548095703125, 288.9083557128906, 318.57818603515625, 304.85076904296875, 298.0835266113281, 283.94708251953125, 285.59814453125, 259.7038269042969, 246.41917419433594, 274.14654541015625, 261.4635009765625, 256.6584777832031, 244.0124969482422, 245.2991943359375, 223.11170959472656, 210.669677734375, 236.5465087890625, 224.90602111816406, 221.94017028808594, 210.80616760253906, 211.68939208984375, 193.1015625, 181.41712951660156, 205.5349884033203, 194.90689086914062, 193.56277465820312, 183.92752075195312, 184.342041015625, 169.1569366455078, 158.099853515625, 180.5581817626953, 170.89584350585938, 170.90570068359375, 162.7216796875, 162.59938049316406, 150.5545196533203, 139.97735595703125, 160.8870849609375, 152.13441467285156, 153.22894287109375, 146.41177368164062, 145.6988983154297, 136.49038696289062, 126.25019836425781, 145.73251342773438, 137.8251953125, 139.7644805908203, 134.19259643554688, 132.85821533203125, 126.16046905517578, 116.1307144165039, 134.31338500976562, 127.17737579345703, 129.7628173828125, 125.28363800048828, 123.32144165039062, 118.80416107177734, 108.87947082519531, 125.89332580566406, 119.44498443603516, 122.51900482177734, 118.96214294433594, 116.3893814086914, 113.7315444946289, 103.82935333251953, 119.80608367919922, 113.954833984375, 117.395263671875, 114.5887451171875, 111.4432601928711, 110.34416961669922, 100.40478515625, 115.47517395019531, 110.12722778320312, 113.84078216552734, 111.62545776367188, 107.96114349365234, 108.14741516113281, 98.13291931152344, 112.42472839355469, 107.48704528808594, 111.40350341796875, 109.64221954345703, 105.52327728271484, 106.75215148925781, 96.64375305175781, 110.27937316894531, 105.66392517089844, 109.73098754882812, 108.31207275390625, 103.80706787109375, 105.86709594726562, 95.66117095947266, 108.755126953125, 104.38326263427734, 108.56214904785156, 107.39833068847656, 102.57505798339844, 105.28526306152344, 94.98881530761719, 107.6456298828125, 103.45138549804688, 107.71319580078125, 106.73796844482422, 101.65960693359375, 104.86798858642578, 94.49409484863281, 106.80656433105469, 102.73817443847656, 107.06117248535156, 106.22434997558594, 100.94708251953125, 104.5285873413086, 94.09271240234375, 106.140869140625, 102.15994262695312, 106.52772521972656, 105.79144287109375, 100.36324310302734, 104.21736907958984, 93.73483276367188, 105.58543395996094, 101.66484069824219, 106.06520080566406, 105.40068054199219, 99.86109924316406, 103.90922546386719, 93.3936767578125, 105.10057830810547, 101.22152709960938, 105.6456298828125, 105.03113555908203, 99.4117431640625, 103.59408569335938, 93.05681610107422, 104.66197967529297, 100.81147766113281, 105.25320434570312, 104.67252349853516, 98.99766540527344, 103.27008056640625, 92.72000885009766, 104.25491333007812, 100.42378234863281, 104.87910461425781, 104.32050323486328, 98.60832977294922, 102.939208984375, 92.38309478759766, 103.87046813964844, 100.05208587646484, 104.51847839355469, 103.97380065917969, 98.23731994628906, 102.60475158691406, 92.04750061035156, 103.50310516357422, 99.6927490234375, 104.16862487792969, 103.63249206542969, 97.88063049316406, 102.26992797851562, 91.71502685546875, 103.14926147460938, 99.34356689453125, 103.82799530029297, 103.2970962524414, 97.53565979003906, 101.93736267089844, 91.38720703125, 102.80655670166016, 99.00332641601562, 103.49568939208984, 102.96810913085938, 97.20064544677734, 101.60900115966797, 91.0651626586914, 102.47337341308594, 98.67123413085938, 103.17112731933594, 102.64591217041016, 96.87440490722656, 101.28611755371094, 90.74962615966797, 102.14861297607422, 98.34678649902344, 102.85392761230469, 102.33070373535156, 96.5561294555664, 100.96952819824219, 90.44099426269531, 101.83154296875, 98.0296630859375, 102.54380798339844, 102.02254486083984, 96.24525451660156, 100.65968322753906, 90.13945007324219, 101.52169799804688, 97.71959686279297, 102.24057006835938, 101.72138977050781, 95.94140625, 100.35675048828125, 89.84501647949219, 101.21875, 