{"train_losses": [353.03072684151783, 140.0184587751116, 107.9924817766462, 117.53040422712054, 105.60298810686383, 99.06066567557198, 99.02575356619698, 96.19709014892578, 94.57085963657924, 93.59821101597377, 92.41694859095982, 91.61897931780133, 90.86333901541573, 90.2167227608817, 89.65994153703961, 89.16354588099888, 88.73079136439732, 88.3424573625837, 87.99886975969586, 87.6921877179827, 87.41768646240234, 87.17127445765904, 86.94985743931362, 86.75035422188895, 86.57033974783761, 86.4075208391462, 86.260007585798, 86.12620980398995, 86.0046626499721, 85.89405931745257, 85.7933109828404, 85.70144871303013, 85.61757550920758, 85.54092734200614, 85.47081865583148, 85.40662711007255, 85.34781210763114, 85.29386792864118, 85.24435860770089, 85.19887978690011, 85.15706961495536, 85.1186054774693, 85.08318219866071, 85.05054582868304, 85.02044241768974, 84.99265725272042, 84.9669908796038, 84.94325474330357, 84.92129080636161, 84.90094757080078, 84.88208770751953, 84.8646000453404, 84.84834834507534, 84.83324105398995, 84.8191898890904, 84.8061022077288, 84.79390498570034, 84.78252628871373, 84.7719007219587, 84.76196616036552, 84.75267573765346, 84.74397713797433, 84.73582458496094, 84.72817775181362, 84.7209974016462, 84.71425192696708, 84.70790754045758, 84.70193808419364, 84.69631631033761, 84.6910160609654, 84.68601335797992, 84.68129185267857, 84.6768308367048, 84.672609601702, 84.66861942836216, 84.66483851841518, 84.6612548828125, 84.65785871233258, 84.65463474818638, 84.65156991141183, 84.64865984235492, 84.64589473179409, 84.6432625906808, 84.64076014927456, 84.63836996895927, 84.63609749930245, 84.63392748151507, 84.63185446602958, 84.62987627301898, 84.62799181256976, 84.62618582589286, 84.62445722307477, 84.62280600411552, 84.62122126988002, 84.61970738002232, 84.61825234549386, 84.61685834612165, 84.61552429199219, 84.61424146379743, 84.6130120413644, 84.61182839529855], "test_losses": [353.44676426478793, 142.07661655970983, 110.62182072230748, 120.02007729666573, 107.97959354945591, 101.46633584158761, 101.37985011509487, 98.54842376708984, 97.03201838902065, 96.10154070172992, 94.8893312726702, 94.09330749511719, 93.35751451764789, 92.72346605573382, 92.17724718366351, 91.68085370744977, 91.24939836774554, 90.86838858468192, 90.52725764683315, 90.22209712437221, 89.9492688860212, 89.7035413469587, 89.48394339425224, 89.28507886614118, 89.1051276070731, 88.94300515311105, 88.79569789341518, 88.66192735944476, 88.54041181291852, 88.42967769077846, 88.32876804896763, 88.23665073939732, 88.15243530273438, 88.07542419433594, 88.00489153180804, 87.94023023332868, 87.88091278076172, 87.8264389038086, 87.77637372698102, 87.73031834193638, 87.6879163469587, 87.64884185791016, 87.61281149727958, 87.57955169677734, 87.548825945173, 87.52042061941964, 87.49412972586495, 87.46977778843471, 87.44720458984375, 87.42625972202846, 87.40680694580078, 87.3887220110212, 87.37189592633929, 87.35623168945312, 87.34161921909877, 87.32799312046596, 87.31526838030133, 87.30337306431362, 87.29224504743304, 87.28182002476284, 87.27205330984933, 87.26289585658482, 87.25429425920758, 87.2462136404855, 87.23861258370536, 87.23146275111607, 87.22472708565849, 87.21837397984096, 87.21238054547992, 87.20672171456474, 87.20138004847935, 87.19632720947266, 87.19154357910156, 87.18702043805804, 87.18273053850446, 87.17865971156529, 87.17479814801898, 87.17113276890346, 87.1676515851702, 87.16434369768415, 87.16119275774274, 87.15819658551898, 87.15534319196429, 87.15262276785714, 87.15002986363002, 87.1475579398019, 87.14519282749721, 87.14293670654297, 87.14078194754464, 87.13871547154018, 87.13674490792411, 87.13486044747489, 87.13305555071149, 87.13132149832589, 87.12966047014508, 87.12806810651507, 87.12653459821429, 87.12506975446429, 87.12365831647601, 87.12230355398995, 87.12100219726562], "minibatch_train_losses": [352.9696960449219, 317.0295715332031, 263.9429931640625, 237.53826904296875, 208.3597412109375, 170.77537536621094, 152.68563842773438, 135.56629943847656, 129.29319763183594, 118.78234100341797, 117.55493927001953, 114.62383270263672, 102.83314514160156, 104.64580535888672, 100.51847839355469, 109.12652587890625, 115.67162322998047, 118.63497161865234, 121.08979797363281, 114.9140625, 115.8155517578125, 109.43586730957031, 116.46505737304688, 119.85400390625, 117.62001037597656, 116.33859252929688, 107.00125885009766, 105.72618103027344, 98.27953338623047, 104.27410888671875, 105.54507446289062, 105.4406509399414, 105.17027282714844, 95.79596710205078, 96.96322631835938, 92.46864318847656, 100.0932846069336, 101.1073226928711, 104.08184814453125, 104.90477752685547, 95.22457885742188, 96.46366882324219, 92.68058776855469, 100.119140625, 100.15238952636719, 102.7379150390625, 103.15753936767578, 93.15887451171875, 93.9696044921875, 89.63008117675781, 96.96965026855469, 97.79225158691406, 99.84478759765625, 100.35773468017578, 91.1397705078125, 92.43562316894531, 87.6375732421875, 95.24873352050781, 97.03466796875, 98.802001953125, 99.35540771484375, 90.419677734375, 91.59625244140625, 86.56608581542969, 94.18905639648438, 95.88143157958984, 97.60238647460938, 98.25545501708984, 89.13980865478516, 90.27227020263672, 85.51017761230469, 93.22354888916016, 94.61106872558594, 96.66690826416016, 97.38772583007812, 88.10050964355469, 89.38953399658203, 84.77542114257812, 92.54360961914062, 93.76043701171875, 95.9555892944336, 96.6483383178711, 87.35538482666016, 88.66688537597656, 83.9686050415039, 91.76188659667969, 93.08731842041016, 95.17022705078125, 95.93472290039062, 86.74186706542969, 88.04926300048828, 83.25147247314453, 91.07328796386719, 92.57145690917969, 94.56343078613281, 95.34532165527344, 86.18740844726562, 87.50447845458984, 82.66413116455078, 90.53045654296875, 92.01510620117188, 94.04609680175781, 94.843017578125, 85.6538314819336, 86.99195861816406, 82.18035888671875, 90.08793640136719, 91.49177551269531, 93.57307434082031, 94.41481018066406, 85.19161224365234, 86.54635620117188, 81.75090026855469, 89.67037963867188, 91.08015441894531, 93.15849304199219, 94.0127182006836, 84.80227661132812, 86.16525268554688, 81.33474731445312, 89.27626037597656, 90.72821807861328, 92.7865219116211, 93.65740966796875, 84.46185302734375, 85.83078002929688, 80.97183227539062, 88.94059753417969, 90.40171813964844, 92.45146942138672, 93.34625244140625, 84.14539337158203, 85.52041625976562, 80.66365051269531, 88.64747619628906, 90.10139465332031, 92.15965270996094, 93.06904602050781, 83.86076354980469, 85.24322509765625, 80.38422393798828, 88.38286590576172, 89.83387756347656, 91.89707946777344, 92.82177734375, 83.60984802246094, 84.99835968017578, 80.12842559814453, 88.14268493652344, 89.60166931152344, 91.6570816040039, 92.59575653076172, 83.38687896728516, 84.77949523925781, 79.89964294433594, 87.92466735839844, 89.39289855957031, 91.44308471679688, 92.39344787597656, 83.18392944335938, 84.58099365234375, 79.69546508789062, 87.73174285888672, 89.19972229003906, 91.25129699707031, 92.21356201171875, 82.99913787841797, 84.40074157714844, 79.5120620727539, 87.558349609375, 89.02615356445312, 91.0771484375, 92.04964447021484, 82.83354187011719, 84.23953247070312, 79.34548950195312, 87.3990478515625, 88.87165832519531, 90.91938781738281, 91.90084838867188, 82.6839370727539, 84.09376525878906, 79.1943130493164, 87.2553939819336, 88.73102569580078, 90.77662658691406, 91.7667236328125, 82.54768371582031, 83.96122741699219, 79.05818176269531, 87.12571716308594, 88.60244750976562, 90.64720153808594, 91.64508056640625, 82.42353820800781, 83.84100341796875, 78.93505859375, 87.00772094726562, 88.48607635498047, 90.52952575683594, 91.5344009399414, 82.31082153320312, 83.73190307617188, 78.82278442382812, 86.90021514892578, 88.3804931640625, 90.42234802246094, 91.43374633789062, 82.20824432373047, 83.6328125, 78.7208023071289, 86.80229949951172, 88.28421783447266, 90.32476043701172, 91.34210205078125, 82.11443328857422, 83.54241943359375, 78.62833404541016, 