{"train_losses": [353.9337594168527, 140.29773821149553, 107.98027910505023, 117.410642351423, 105.48556082589286, 98.87408883231026, 98.85077558244977, 96.01478903634208, 94.36103166852679, 93.39286259242466, 92.21598052978516, 91.42548043387276, 90.67543029785156, 90.03199005126953, 89.48382677350726, 88.99593571254185, 88.57119532993862, 88.19044930594308, 87.85337175641742, 87.55308532714844, 87.28446960449219, 87.04266466413226, 86.82504054478237, 86.62877982003349, 86.45136260986328, 86.29044669015067, 86.14429909842355, 86.01149204799107, 85.89054761614118, 85.78022766113281, 85.67951420375279, 85.58749716622489, 85.5033209664481, 85.42625100272042, 85.3556387765067, 85.29089900425502, 85.2314943586077, 85.1769518171038, 85.12684086390904, 85.08077675955636, 85.0384052821568, 84.99940054757255, 84.96347917829242, 84.9303697858538, 84.89983694893974, 84.87165832519531, 84.84563773018974, 84.82158660888672, 84.79934692382812, 84.7787595476423, 84.7596915108817, 84.7420163835798, 84.72561318533761, 84.71038709368024, 84.69623456682477, 84.68307386125836, 84.67082105364118, 84.65940638950893, 84.64876338413784, 84.63882773263114, 84.62954929896763, 84.6208735874721, 84.61275264195034, 84.6051504952567, 84.59801919119698, 84.59133693150112, 84.58505575997489, 84.57915496826172, 84.57360403878349, 84.56838117327008, 84.56346021379743, 84.5588139125279, 84.55443681989398, 84.55029732840401, 84.546384538923, 84.54268864222935, 84.53918566022601, 84.53586796351841, 84.53272356305804, 84.52973937988281, 84.52690778459821, 84.52421024867466, 84.52165222167969, 84.5192140851702, 84.51689147949219, 84.51467895507812, 84.5125754220145, 84.51056126185826, 84.5086430140904, 84.50680541992188, 84.50504847935268, 84.5033711024693, 84.50176456996373, 84.50022670200893, 84.49875313895089, 84.49734061104911, 84.49598148890904, 84.49468122209821, 84.49342891148159, 84.49222673688617, 84.49107251848493], "test_losses": [353.44676426478793, 142.22123064313615, 110.86156899588448, 120.14541843959263, 107.98012324741909, 101.32930646623883, 101.25337982177734, 98.44308580671039, 96.91748155866351, 95.9927008492606, 94.78760092599052, 93.99165671212333, 93.25486755371094, 92.63721793038505, 92.1035908290318, 91.60898917061942, 91.18831743512835, 90.81713431222099, 90.48267364501953, 90.18519265311105, 89.91811806815011, 89.67789786202567, 89.46284484863281, 89.26747785295758, 89.0906982421875, 88.9307359967913, 88.7852554321289, 88.65285927908761, 88.53216552734375, 88.42208644321987, 88.32151576450893, 88.22950199672154, 88.14529418945312, 88.06813158307757, 87.99738420758929, 87.9324482509068, 87.87282235281808, 87.81803131103516, 87.76764242989677, 87.72128404889789, 87.67859758649554, 87.63927023751395, 87.60301208496094, 87.56956372942243, 87.53868647984096, 87.51016126360211, 87.48379080636161, 87.45939418247768, 87.43680790492466, 87.41588265555245, 87.39647347586495, 87.37847028459821, 87.3617433820452, 87.34619794573102, 87.3317402430943, 87.31827327183315, 87.30572400774274, 87.29402160644531, 87.28309631347656, 87.27289036342076, 87.26335035051618, 87.25442177908761, 87.24605560302734, 87.23821585518974, 87.23086547851562, 87.22395433698382, 87.21746935163226, 87.21136365618024, 87.20562308175224, 87.20021166120257, 87.19511304582868, 87.19029889787946, 87.18575940813336, 87.1814695085798, 87.17740958077567, 87.17356872558594, 87.16993277413505, 87.16648864746094, 87.16322108677456, 87.16012137276786, 87.1571775163923, 87.15438515799386, 87.15172576904297, 87.14919825962612, 87.14679173060826, 87.14449637276786, 87.14231327601841, 87.14022391183036, 87.13823481968471, 87.13633837018695, 87.134521484375, 87.13279070172992, 87.13113076346261, 87.1295405796596, 87.12801906040737, 87.12656511579242, 87.1251689365932, 87.1238294328962, 87.12254769461495, 87.1213150024414, 87.12013244628906], "minibatch_train_losses": [369.72540283203125, 316.3857421875, 275.1351013183594, 232.61697387695312, 207.78518676757812, 169.5443878173828, 142.40032958984375, 148.3831787109375, 128.2013397216797, 123.45032501220703, 113.9557113647461, 107.20413208007812, 108.56522369384766, 99.8861312866211, 110.03348541259766, 107.13409423828125, 114.72592163085938, 118.218994140625, 110.8778305053711, 123.46841430664062, 112.38318634033203, 117.02767944335938, 114.5244140625, 117.93814086914062, 118.57047271728516, 106.70101928710938, 115.28535461425781, 100.58951568603516, 106.29702758789062, 102.69597625732422, 105.71435546875, 104.716064453125, 96.80187225341797, 102.00541687011719, 90.40473937988281, 102.08103942871094, 98.24327087402344, 102.98377990722656, 101.79898834228516, 97.52398681640625, 99.66355895996094, 89.8259506225586, 103.02972412109375, 98.0640869140625, 102.24622344970703, 100.6291732788086, 95.8803482055664, 97.63444519042969, 87.51853942871094, 99.49213409423828, 95.05452728271484, 99.22698974609375, 98.2950210571289, 92.37911224365234, 96.74697875976562, 86.247802734375, 96.97238159179688, 93.32557678222656, 97.8392562866211, 97.52877044677734, 90.94451141357422, 96.50102996826172, 85.7102279663086, 95.86540985107422, 92.14019775390625, 96.67266845703125, 96.35619354248047, 90.00634765625, 94.7898178100586, 84.29119110107422, 95.03106689453125, 91.1857681274414, 95.76087188720703, 95.18539428710938, 89.39486694335938, 93.41035461425781, 83.19499206542969, 94.48828125, 90.52700805664062, 95.06472778320312, 94.38565063476562, 88.67318725585938, 92.68775177001953, 82.50347900390625, 93.66755676269531, 89.70648956298828, 94.26834869384766, 93.76516723632812, 87.83676147460938, 92.20663452148438, 82.032958984375, 92.86798095703125, 89.00200653076172, 93.62049102783203, 93.23018646240234, 87.19332122802734, 91.72010803222656, 81.5382080078125, 92.3051528930664, 88.4622802734375, 93.0938491821289, 92.68734741210938, 86.72274780273438, 91.11812591552734, 80.98829650878906, 91.893310546875, 88.01053619384766, 92.64579772949219, 92.21460723876953, 86.33198547363281, 90.59202575683594, 80.55225372314453, 91.50238037109375, 87.58265686035156, 92.22598266601562, 91.8132095336914, 85.92809295654297, 90.22238159179688, 80.21385955810547, 91.09336853027344, 87.18793487548828, 91.84596252441406, 91.47300720214844, 85.54767608642578, 89.91007995605469, 79.90420532226562, 90.73826599121094, 86.84649658203125, 91.514404296875, 91.16134643554688, 85.23672485351562, 89.58727264404297, 79.61053466796875, 90.45561218261719, 86.54689025878906, 91.22217559814453, 90.86965942382812, 84.97557067871094, 89.28218841552734, 79.34307098388672, 90.20219421386719, 86.28012084960938, 90.96170806884766, 90.61463928222656, 84.72926330566406, 89.02996826171875, 79.11241912841797, 89.95907592773438, 86.03434753417969, 90.7216796875, 90.3897705078125, 84.49868774414062, 88.81434631347656, 78.91122436523438, 89.73957824707031, 85.81167602539062, 90.50630187988281, 90.18474578857422, 84.29782104492188, 88.60857391357422, 78.72331237792969, 89.54888153076172, 85.61422729492188, 90.31465148925781, 89.99674987792969, 84.12120056152344, 88.41808319091797, 78.55083465576172, 89.37828063964844, 85.43575286865234, 90.14065551757812, 89.82693481445312, 83.95863342285156, 88.25042724609375, 78.3983383178711, 89.22010040283203, 85.27177429199219, 89.98184204101562, 89.6743392944336, 83.80977630615234, 88.10086822509766, 78.26105499267578, 89.07585906982422, 85.12284851074219, 89.83802032470703, 89.53477478027344, 83.67601776123047, 87.96284484863281, 78.13459014892578, 88.94703674316406, 84.98828887939453, 89.70784759521484, 89.40696716308594, 83.55569458007812, 87.83584594726562, 78.01942443847656, 88.83015441894531, 84.86528015136719, 89.58909606933594, 89.2906494140625, 83.44581604003906, 87.72154998779297, 77.91535186767578, 88.72269439697266, 84.75270080566406, 89.48078918457031, 89.1845703125, 83.34529113769531, 87.61783599853516, 77.82054901123047, 88.62480163574219, 84.64993286132812, 89.38199615478516, 89.08741760253906, 83.25421905517578, 87.52242279052734, 77.73377990722656, 88.5360107421875, 