{"train_losses": [353.18075125558033, 139.57334899902344, 108.60901968819755, 117.93180084228516, 105.52279445103237, 99.22274017333984, 99.09386444091797, 96.13265882219586, 94.57843671526227, 93.55924769810268, 92.36213030133929, 91.5729511805943, 90.82064383370536, 90.19521222795758, 89.65570940290179, 89.17521013532367, 88.7587389264788, 88.3897465297154, 88.06243787493024, 87.769775390625, 87.50850132533482, 87.2739508492606, 87.06329672677177, 86.87300981794085, 86.7011478969029, 86.54569898332868, 86.4046630859375, 86.27659715924945, 86.16008976527623, 86.05400630405971, 85.957275390625, 85.86894008091518, 85.78822435651507, 85.71437508719308, 85.64675031389508, 85.58475930350167, 85.52789306640625, 85.47566986083984, 85.42767987932477, 85.38354383196149, 85.3429205758231, 85.3054951259068, 85.270993913923, 85.23915318080357, 85.20976039341518, 85.18259538922992, 85.157468523298, 85.13421194893974, 85.11266435895648, 85.09269496372768, 85.07416207449776, 85.05695452008929, 85.04096330915179, 85.02608816964286, 85.01224190848214, 84.9993427821568, 84.98731994628906, 84.9760992867606, 84.9656230381557, 84.95583016531808, 84.94667380196708, 84.9381081717355, 84.9300776890346, 84.92255619594029, 84.91550009591239, 84.90887451171875, 84.90265110560826, 84.89680480957031, 84.89129747663226, 84.88611711774554, 84.88123757498605, 84.87664140973773, 84.87229919433594, 84.86820438929966, 84.86433955601284, 84.86068180629185, 84.85722242082868, 84.85394832066127, 84.85085187639508, 84.84791782924107, 84.84513201032367, 84.84249005998883, 84.83998325892857, 84.8375996180943, 84.83533695765904, 84.83318437848773, 84.83113316127232, 84.82918221609933, 84.82732391357422, 84.82555062430245, 84.82386561802456, 84.82225036621094, 84.82071140834263, 84.8192367553711, 84.81782858712333, 84.81648363385882, 84.81519317626953, 84.81396157400948, 84.81277683803013, 84.8116455078125, 84.81055668422154], "test_losses": [353.44676426478793, 141.39392743791853, 111.01259286063058, 120.17061941964286, 107.64981515066964, 101.39914921351841, 101.22057124546596, 98.26759883335659, 96.81935228620257, 95.82516806466239, 94.61079515729632, 93.83174460274833, 93.09202466692243, 92.48582785470145, 91.95739855085101, 91.47533743722099, 91.066162109375, 90.70411355154855, 90.37960161481585, 90.09082140241351, 89.83127920968192, 89.5987548828125, 89.39052472795758, 89.2011217389788, 89.03011975969586, 88.87562888009208, 88.7350605555943, 88.60729871477399, 88.49095698765346, 88.38487679617745, 88.28807394845145, 88.19950866699219, 88.11848885672433, 88.04427664620536, 87.97620500837054, 87.91372353690011, 87.85631888253349, 87.8035409109933, 87.7549547467913, 87.71020834786552, 87.66896057128906, 87.63091060093471, 87.5957761492048, 87.56330980573382, 87.53329140799386, 87.50550406319755, 87.47977665492466, 87.45592607770648, 87.43380410330636, 87.41326795305524, 87.39419228690011, 87.37645612444196, 87.35995374407086, 87.34458705357143, 87.33026994977679, 87.31692068917411, 87.30446079799107, 87.29282815115792, 87.28195517403739, 87.27178955078125, 87.26227351597377, 87.25336238316127, 87.24501691545758, 87.23718915666852, 87.22984095982143, 87.22294398716518, 87.21646554129464, 87.21037183489118, 87.20464215959821, 87.19925362723214, 87.19417681012835, 87.18938882010323, 87.18487439836774, 87.18062482561383, 87.17660740443638, 87.17280796595982, 87.16922324044364, 87.16583251953125, 87.16263362339565, 87.15959712437221, 87.15672302246094, 87.1540036882673, 87.15142059326172, 87.14897918701172, 87.1466554914202, 87.14445386614118, 87.14236341203961, 87.14037431989398, 87.13848114013672, 87.13668714250836, 87.13497815813336, 87.1333509172712, 87.13179779052734, 87.1303242274693, 87.12891605922154, 87.12757546561105, 87.12629154750279, 87.12507084437779, 87.12390245710101, 87.12279074532645, 87.12172372000558], "minibatch_train_losses": [344.64453125, 311.3924560546875, 259.9981994628906, 235.1912841796875, 203.93844604492188, 181.74029541015625, 155.93051147460938, 136.86273193359375, 128.20411682128906, 117.61225891113281, 111.2001953125, 105.63142395019531, 107.9684829711914, 109.31111145019531, 108.14452362060547, 110.62007904052734, 116.57440185546875, 113.65220642089844, 112.11312103271484, 117.7988052368164, 120.11639404296875, 116.96817016601562, 117.43417358398438, 119.54413604736328, 113.21072387695312, 107.51329040527344, 110.45146179199219, 109.33448791503906, 104.15699768066406, 104.51901245117188, 104.34297180175781, 100.6728515625, 96.90606689453125, 101.0712661743164, 100.80107116699219, 97.71356201171875, 100.01919555664062, 100.20481872558594, 99.2085189819336, 97.16079711914062, 101.31633758544922, 100.30633544921875, 97.30410766601562, 99.52597045898438, 99.25440979003906, 97.82991790771484, 95.2342758178711, 98.97801208496094, 97.63742065429688, 94.4323501586914, 96.50617980957031, 96.7354507446289, 94.89531707763672, 92.1083984375, 96.35872650146484, 96.09905242919922, 93.24847412109375, 95.12187957763672, 96.04057312011719, 93.83013916015625, 90.94978332519531, 95.2054443359375, 95.16513061523438, 92.30021667480469, 93.95039367675781, 94.91156005859375, 92.63165283203125, 89.88676452636719, 94.14558410644531, 93.80458068847656, 91.0028076171875, 92.84864044189453, 93.5467300415039, 91.69187927246094, 89.12657165527344, 93.42008972167969, 92.92906188964844, 90.21676635742188, 92.11270141601562, 92.6467514038086, 90.97805786132812, 88.38809204101562, 92.63204956054688, 92.17961883544922, 89.51446533203125, 91.33091735839844, 92.04322814941406, 90.23393249511719, 87.61259460449219, 91.9102783203125, 91.55986785888672, 88.95452880859375, 90.69099426269531, 91.53509521484375, 89.63450622558594, 86.9975357055664, 91.3355712890625, 91.02116394042969, 88.45722961425781, 90.1594467163086, 90.95780944824219, 89.13441467285156, 86.51897430419922, 90.86848449707031, 90.5085220336914, 87.97163391113281, 89.6898193359375, 90.45315551757812, 88.70177459716797, 86.110107421875, 90.466064453125, 90.06893920898438, 87.57391357421875, 89.26860046386719, 90.05043029785156, 88.30335998535156, 85.70372009277344, 90.07310485839844, 89.70092010498047, 87.24079132080078, 88.89768981933594, 89.71015930175781, 87.94966125488281, 85.33484649658203, 89.7302017211914, 89.37272644042969, 86.93170928955078, 88.56986236572266, 89.39439392089844, 87.64237976074219, 85.02777099609375, 89.43783569335938, 89.0687255859375, 86.65425109863281, 88.27641296386719, 89.0956802368164, 87.36796569824219, 84.75827026367188, 89.17925262451172, 88.79957580566406, 86.40676879882812, 88.0155029296875, 88.83696746826172, 87.12163543701172, 84.5060043334961, 88.94233703613281, 88.56166076660156, 86.18660736083984, 87.77989959716797, 88.61270141601562, 86.89897918701172, 84.27681732177734, 88.72654724121094, 88.34849548339844, 85.99149322509766, 87.56748962402344, 88.40702819824219, 86.69892883300781, 84.07373046875, 88.53702545166016, 88.15399169921875, 85.81149291992188, 87.37692260742188, 88.21797943115234, 86.5203857421875, 83.89208221435547, 88.36713409423828, 87.97814178466797, 85.64949798583984, 87.20465850830078, 88.04817199707031, 86.35799407958984, 83.72577667236328, 88.21155548095703, 87.82024383544922, 85.50454711914062, 87.04814147949219, 87.89695739746094, 86.21089935302734, 83.57377624511719, 88.07099151611328, 87.67684936523438, 85.37234497070312, 86.90644073486328, 87.75875854492188, 86.07801818847656, 83.43681335449219, 87.94429016113281, 87.54631042480469, 85.25233459472656, 86.77792358398438, 87.632080078125, 85.95751953125, 83.31268310546875, 87.82952117919922, 87.42735290527344, 85.14309692382812, 86.66085815429688, 87.51771545410156, 85.8480453491211, 83.198974609375, 87.72491455078125, 87.31929016113281, 85.04397583007812, 86.55429077148438, 87.41378784179688, 85.74837493896484, 83.09506225585938, 87.62963104248047, 87.22071838378906, 84.95365142822266, 86.45716094970703, 87.31874084472656, 85.65778350830078, 83.00054931640625, 87.54314422607422, 87.13044738769531, 84.87104797363281, 