{"train_losses": [354.30686732700894, 140.41771806989397, 107.86957659040179, 117.4331795828683, 105.42188807896206, 98.84286934988839, 98.83259800502232, 95.96914672851562, 94.34373365129743, 93.37874821254185, 92.2095217023577, 91.43356323242188, 90.69068145751953, 90.05735887799945, 89.51662990025112, 89.03536333356585, 88.61514391217914, 88.23838806152344, 87.90476771763393, 87.60684313092914, 87.3403799874442, 87.10036795479911, 86.88427625383649, 86.68954685756138, 86.51343972342355, 86.3538099016462, 86.20896584647042, 86.07741873604911, 85.95771789550781, 85.84864480154855, 85.74917384556362, 85.65838187081474, 85.5754154750279, 85.4995346069336, 85.43008858816964, 85.36648450578961, 85.30818176269531, 85.25470515659877, 85.20562308175224, 85.1605453491211, 85.11911010742188, 85.08100237165179, 85.04593222481864, 85.01363154820034, 84.98385511125836, 84.95639256068638, 84.93104553222656, 84.90762220110211, 84.88596561976841, 84.86592864990234, 84.84737287248883, 84.83016967773438, 84.81421225411552, 84.7993916102818, 84.7856205531529, 84.77280970982143, 84.76088605608258, 84.74977002825055, 84.73940822056362, 84.72972869873047, 84.72068895612445, 84.71223776681083, 84.70432390485492, 84.69691140311105, 84.68996320452008, 84.68344225202289, 84.67731693812779, 84.67156328473773, 84.66614750453404, 84.66105215890067, 84.656252179827, 84.65172358921596, 84.64745548793248, 84.64341953822544, 84.63960484095982, 84.63600376674107, 84.63259560721261, 84.62936837332589, 84.62630462646484, 84.62340218680245, 84.62064906529018, 84.61803654261998, 84.6155537196568, 84.61318860735211, 84.61094229561942, 84.60880497523716, 84.60676901681083, 84.60482679094586, 84.6029772077288, 84.60121045793805, 84.59952109200614, 84.59791237967355, 84.59637560163226, 84.59489985874721, 84.59348951067243, 84.59214237758091, 84.59084756033761, 84.58960832868304, 84.58842250279018, 84.58728354317802, 84.58619253976005], "test_losses": [353.44676426478793, 141.80426679338728, 110.6050524030413, 120.3316890171596, 108.03812299455915, 101.20346941266742, 101.03406524658203, 98.26825714111328, 96.85176849365234, 95.92304338727679, 94.69468579973493, 93.9053464617048, 93.18021501813617, 92.58206067766461, 92.05941336495536, 91.56584930419922, 91.14770616803851, 90.78416551862445, 90.4550312587193, 90.15890829903739, 89.89347294398716, 89.65594809395927, 89.44295719691685, 89.24887193952289, 89.0732923235212, 88.91467939104352, 88.7704587663923, 88.63912091936383, 88.51938847133091, 88.4103535243443, 88.31074850899833, 88.21961539132255, 88.13627624511719, 88.05995178222656, 87.989992414202, 87.92580740792411, 87.86689213344029, 87.81277792794364, 87.76302773611886, 87.7172611781529, 87.67513711111886, 87.6363274710519, 87.60055215018136, 87.56754738943917, 87.53707994733539, 87.50892966134208, 87.48289707728794, 87.4588154384068, 87.43650817871094, 87.41583360944476, 87.39665113176618, 87.37884303501674, 87.36229814801898, 87.34690638950893, 87.33257729666573, 87.31922912597656, 87.30678449358258, 87.295168195452, 87.28431919642857, 87.27417319161552, 87.26468222481864, 87.25579398018974, 87.2474615914481, 87.2396469116211, 87.23231070382255, 87.22541809082031, 87.21893746512276, 87.21283830915179, 87.20709773472377, 87.20168849400112, 87.19658442905971, 87.19176810128349, 87.18721989222935, 87.18292345319476, 87.1788580758231, 87.17501286097935, 87.17137145996094, 87.1679197038923, 87.16465323311942, 87.1615480695452, 87.15859985351562, 87.15580313546317, 87.15314265659877, 87.15061623709542, 87.14821188790458, 87.1459208897182, 87.14374106270927, 87.14166150774274, 87.13968113490513, 87.13778795514789, 87.135984148298, 87.13425772530692, 87.13261195591518, 87.13103812081474, 87.12953077043805, 87.12808554513114, 87.126706804548, 87.12538473946708, 87.12411608014789, 87.12290300641742, 87.12173897879464], "minibatch_train_losses": [354.923095703125, 312.3187255859375, 261.9384765625, 239.29290771484375, 194.86204528808594, 182.845458984375, 160.23800659179688, 135.88404846191406, 129.9550018310547, 114.58416748046875, 115.77687072753906, 106.03369903564453, 111.11363220214844, 108.90472412109375, 99.48124694824219, 111.12344360351562, 110.12078094482422, 117.22654724121094, 116.75379943847656, 121.00494384765625, 120.02200317382812, 107.6704330444336, 117.600341796875, 113.55484008789062, 117.08892059326172, 112.28321075439453, 113.82665252685547, 110.37736511230469, 96.51161193847656, 104.69207763671875, 99.55291748046875, 104.45811462402344, 98.72683715820312, 103.79317474365234, 101.9009780883789, 91.36625671386719, 100.3924789428711, 95.92079162597656, 102.7804183959961, 96.7086181640625, 103.35517883300781, 101.77103424072266, 91.84083557128906, 100.4417724609375, 95.10014343261719, 101.66105651855469, 95.06730651855469, 101.0027084350586, 99.19010925292969, 88.51614379882812, 97.3612289428711, 92.41158294677734, 98.72918701171875, 93.1978988647461, 98.81596374511719, 97.35271453857422, 86.43074035644531, 95.72762298583984, 91.51644897460938, 97.60382843017578, 92.637451171875, 97.91969299316406, 96.45704650878906, 85.37433624267578, 94.70516204833984, 90.39892578125, 96.51966857910156, 91.29893493652344, 96.64244079589844, 95.23743438720703, 84.36759185791016, 93.7506332397461, 89.240234375, 95.56074523925781, 90.11226654052734, 95.7617416381836, 94.4491958618164, 83.75314331054688, 93.03105926513672, 88.46898651123047, 94.81304931640625, 89.31844329833984, 95.0222396850586, 93.74149322509766, 82.9591293334961, 92.26144409179688, 87.77526092529297, 94.11307525634766, 88.75247192382812, 94.3272705078125, 93.09326171875, 82.21377563476562, 91.64385223388672, 87.23591613769531, 93.50656127929688, 88.25962829589844, 93.74771118164062, 92.55316925048828, 81.66847229003906, 91.12055969238281, 86.71246337890625, 92.98726654052734, 87.69451141357422, 93.23894500732422, 92.08319091796875, 81.22959899902344, 90.6671142578125, 86.22126770019531, 92.55972290039062, 87.20396423339844, 92.79637145996094, 91.66390991210938, 80.81812286376953, 90.26889038085938, 85.8205795288086, 92.15339660644531, 86.8260498046875, 92.39366149902344, 91.28681945800781, 80.41925811767578, 89.89826965332031, 85.47491455078125, 91.79370880126953, 86.49668884277344, 92.04066467285156, 90.96025085449219, 80.07359313964844, 89.56939697265625, 85.15309143066406, 91.48319244384766, 86.1800537109375, 91.72746276855469, 90.66323852539062, 79.78108215332031, 89.28703308105469, 84.86300659179688, 91.20307159423828, 85.88953399658203, 91.44432830810547, 90.39713287353516, 79.51927185058594, 89.03221893310547, 84.60493469238281, 90.95286560058594, 85.63797760009766, 91.19112396240234, 90.15943145751953, 79.27458190917969, 88.79779815673828, 84.37520599365234, 90.72749328613281, 85.41844940185547, 90.96405029296875, 89.94392395019531, 79.05372619628906, 88.58843994140625, 84.16838073730469, 90.52416229248047, 85.21635437011719, 90.75797271728516, 89.7493896484375, 78.85970306396484, 88.40166473388672, 83.97897338867188, 90.34255981445312, 85.03038024902344, 90.572509765625, 89.57328796386719, 78.68424987792969, 88.23223876953125, 83.80790710449219, 90.17803955078125, 84.86506652832031, 90.40463256835938, 89.41346740722656, 78.52313995361328, 88.07807159423828, 83.65406799316406, 90.0285415649414, 84.71726989746094, 90.2518310546875, 89.26813507080078, 78.37694549560547, 87.93855285644531, 83.51396942138672, 89.89339447021484, 84.58197021484375, 90.11338806152344, 89.13593292236328, 78.24542999267578, 87.81219482421875, 83.38593292236328, 89.77086639404297, 84.45860290527344, 89.98738861083984, 89.01543426513672, 78.12574768066406, 87.6973876953125, 83.26960754394531, 89.65933227539062, 84.34739685058594, 89.87246704101562, 88.90546417236328, 78.01627349853516, 87.59261322021484, 83.16376495361328, 89.55770111083984, 84.24658203125, 89.76774597167969, 88.80506896972656, 77.91661834716797, 87.49722290039062, 83.06694030761719, 89.46522521972656, 84.15450286865234, 89.672119140625, 88.7132568359375, 77.82601928710938, 