{"testproblem": "mnist_mlp", "batch_size": 128, "num_epochs": 100, "random_seed": 42, "weight_decay": null, "optimizer_hyperparams": {"lr": 0.00039810717055349735}, "train_losses": [2.3034798334806394, 0.1716670403495813, 0.09332357721928602, 0.06550589366218983, 0.04217733125178478, 0.03546633920035301, 0.02348847182181019, 0.01795063917644513, 0.011846085652135886, 0.012131129128810687, 0.01022521991473742, 0.006674430130097346, 0.005432986940902013, 0.00719063604871432, 0.004539365593630534, 0.0034682841446155156, 0.0043052309789718725, 0.003016492184729148, 0.0023555681825830387, 0.00022541674283834605, 0.0001033502989090406, 0.013879700993689207, 0.005359960051301198, 0.003442473208101896, 0.00760229423833199, 0.0015485014241093244, 0.0015617513742584449, 0.01670663173382099, 0.006911766428786974, 0.0005229379599675154, 0.0008979500868381598, 0.005984772665378375, 0.003728156097424336, 0.0007856130504455322, 0.005708510127778237, 0.0040719291577354455, 8.045017528228271e-05, 2.2693990896909665e-05, 1.3990232195609655e-05, 1.1883437251433348e-05, 9.910131876285259e-06, 6.387249017373109e-06, 4.969728298676319e-06, 2.455778228930938e-06, 8.825117196792211e-07, 6.84498212276361e-07, 5.501012007395426e-07, 4.672851317968124e-07, 3.908689205463116e-07, 3.801228908392099e-07, 2.2676510688586112e-07, 2.3278288352183807e-07, 2.1126694404161893e-07, 1.2322114064143255e-07, 1.1056470565306834e-07, 8.749656188182341e-08, 0.003305617099006971, 0.00195374588171641, 0.0010861540452027933, 0.0003565555104078391, 1.893660578972254e-05, 1.0497199419217232e-05, 8.277117441862058e-06, 4.518490571242112e-06, 2.403862965412629e-06, 1.538162812208518e-06, 1.037827669045864e-06, 1.2420022334807959e-06, 6.186369902048356e-07, 5.543996126223833e-07, 3.7439167499542236e-07, 3.903435590939644e-07, 2.9262632895738653e-07, 2.0355368271852151e-07, 2.1500417437308874e-07, 1.2809267410865198e-07, 1.1825408691014999e-07, 7.288196148016514e-08, 8.147878524584648e-08, 1.5701050870120525e-05, 0.0032058992208196567, 0.0026886684533495167, 0.000113614715444736, 0.0023698662288295915, 0.0020232221159415366, 0.0006034480264553657, 0.001992771831842569, 0.0030988181033768714, 0.0005637601686593813, 0.0005325336630145708, 0.006289483048021793, 0.0033705773023076546, 0.00023905111429018853, 7.281313912990766e-05, 0.0003898758441209793, 0.0010568277719311225, 0.0021574212811314142, 0.0013805038462846708, 0.000318503747574794, 0.00047281737893055647, 3.68385360791133e-05], "test_losses": [2.3034419279832106, 0.16983712201890272, 0.1062138407992629, 0.08792334558585516, 0.07645142775697586, 0.06613572722730729, 0.06424437943272866, 0.07656475803695428, 0.07279168665170288, 0.07191705806419635, 0.07059787015597789, 0.07751650822898135, 0.07802390242711855, 0.08939510665069787, 0.08198087153813013, 0.08013092162899482, 0.078914859236624, 0.09461554684318028, 0.09030880427990969, 0.08633221456637749, 0.08450598178956753, 0.11296384232357526, 0.08858764928598435, 0.08255832116955365, 0.10211122000160125, 0.08750840799453166, 0.08741115502869853, 0.12841995351780683, 0.09059703500511554, 0.08992858942693625, 0.09734677543672614, 0.10948169842744485, 0.09210252778556867, 0.0982266577342764, 0.10399706427676556, 0.1021730156424336, 0.09631494084038796, 0.09569187199649139, 0.09719920428230977, 0.09850659242902811, 0.10008178751629132, 0.10168137802527501, 0.10502996099873996, 0.11358012275722547, 0.12195177440746473, 0.12848148545107016, 0.13217722677076474, 0.13534047791304496, 0.13810127472075132, 0.14159003318024752, 0.14250217743504506, 0.14412343186827806, 0.14568266162696558, 0.14712076815657127, 0.14918146416162834, 0.15054032961145425, 0.08649692507699513, 0.09254070316465238, 0.0932469432695936, 0.09249872446824343, 0.09399053170226324, 0.09748281120585325, 0.10248790433009465, 0.1091078668832779, 0.11494673096025601, 0.11939909239896597, 0.12235677218398987, 0.12596297280815166, 0.12690268022318682, 0.12987850350924793, 0.13258457508606789, 0.13419272889120457, 0.13598661107990223, 0.13883543093330586, 0.14142830111086369, 0.14303232113329264, 0.1443923877265591, 0.14670905743080837, 0.1484293760970617, 0.14689998452862105, 0.08361457479305756, 0.08824759158186424, 0.08663270990244853, 0.09779407158016394, 0.09878479005195774, 0.09348872750519942, 0.09763353425436296, 0.09091485351419602, 0.09141306169569874, 0.09582814564689612, 0.11680796620650934, 0.08873641432430117, 0.09218180656003264, 0.0944006195029196, 0.09312524092503083, 0.09860171876752223, 0.0971281934195222, 0.10109142319132121, 0.10245438056209913, 0.09620995558081911, 0.09750512091872784], "train_accuracies": [0.08543669871794872, 0.9508213141025641, 0.9709535256410257, 0.9809695512820513, 0.98828125, 0.9899839743589743, 0.9927884615384616, 0.9941907051282052, 0.996895032051282, 0.9961939102564102, 0.99609375, 0.9983974358974359, 0.9982972756410257, 0.9970953525641025, 0.9986979166666666, 0.9986979166666666, 0.9984975961538461, 0.9989983974358975, 0.9992988782051282, 1.0, 1.0, 0.9956931089743589, 0.9983974358974359, 0.9988982371794872, 0.9977964743589743, 0.9993990384615384, 0.9995993589743589, 0.9942908653846154, 0.9979967948717948, 0.9998998397435898, 0.9998998397435898, 0.9990985576923077, 0.9987980769230769, 0.9996995192307693, 0.9980969551282052, 0.9985977564102564, 1.0, 1.0, 1.0, 1.0, 1.0, 1.0, 1.0, 1.0, 1.0, 1.0, 1.0, 1.0, 1.0, 1.0, 1.0, 1.0, 1.0, 1.0, 1.0, 1.0, 0.9990985576923077, 0.9993990384615384, 0.9995993589743589, 0.9998998397435898, 1.0, 1.0, 1.0, 1.0, 1.0, 1.0, 1.0, 1.0, 1.0, 1.0, 1.0, 1.0, 1.0, 1.0, 1.0, 1.0, 1.0, 1.0, 1.0, 1.0, 0.9989983974358975, 0.9989983974358975, 1.0, 0.9990985576923077, 0.9995993589743589, 0.9997996794871795, 0.9993990384615384, 0.9989983974358975, 0.9997996794871795, 0.9998998397435898, 0.9983974358974359, 0.9985977564102564, 1.0, 1.0, 0.9998998397435898, 0.9994991987179487, 0.9989983974358975, 0.9994991987179487, 0.9998998397435898, 0.9998998397435898, 1.0], "test_accuracies": [0.08383413461538461, 0.9482171474358975, 0.9659455128205128, 0.9716546474358975, 0.975761217948718, 0.9793669871794872, 0.9810697115384616, 0.9771634615384616, 0.979667467948718, 0.9807692307692307, 0.9825721153846154, 0.9807692307692307, 0.9807692307692307, 0.9786658653846154, 0.9813701923076923, 0.9828725961538461, 0.9823717948717948, 0.9805689102564102, 0.9819711538461539, 0.9845753205128205, 0.9841746794871795, 0.9778645833333334, 0.981270032051282, 0.9827724358974359, 0.9794671474358975, 0.9829727564102564, 0.9830729166666666, 0.9759615384615384, 0.9824719551282052, 0.9831730769230769, 0.9817708333333334, 0.9816706730769231, 0.9825721153846154, 0.9830729166666666, 0.9805689102564102, 0.9822716346153846, 0.9836738782051282, 0.9847756410256411, 0.9847756410256411, 0.9846754807692307, 0.9847756410256411, 0.9848758012820513, 0.9846754807692307, 0.9850761217948718, 0.9846754807692307, 0.9848758012820513, 0.9847756410256411, 0.9848758012820513, 0.9849759615384616, 0.9850761217948718, 0.9849759615384616, 0.9849759615384616, 0.9849759615384616, 0.9849759615384616, 0.9849759615384616, 0.9847756410256411, 0.9832732371794872, 0.9832732371794872, 0.9842748397435898, 0.9853766025641025, 0.9853766025641025, 0.9857772435897436, 0.9857772435897436, 0.9854767628205128, 0.9855769230769231, 0.9853766025641025, 0.9850761217948718, 0.9852764423076923, 0.9849759615384616, 0.9850761217948718, 0.9849759615384616, 0.985176282051282, 0.9852764423076923, 0.985176282051282, 0.985176282051282, 0.9850761217948718, 0.985176282051282, 0.985176282051282, 0.9849759615384616, 0.9846754807692307, 0.9840745192307693, 0.9822716346153846, 0.9857772435897436, 0.9844751602564102, 0.9832732371794872, 0.984375, 0.9839743589743589, 0.9844751602564102, 0.9850761217948718, 0.9846754807692307, 0.9793669871794872, 0.9821714743589743, 0.9833733974358975, 0.9848758012820513, 0.9852764423076923, 0.984375, 0.9830729166666666, 0.9831730769230769, 0.9833733974358975, 0.9847756410256411, 0.9853766025641025],