{"testproblem": "fmnist_mlp", "batch_size": 128, "num_epochs": 100, "random_seed": 42, "weight_decay": null, "optimizer_hyperparams": {"lr": 0.06309573444801936, "momentum": 0.99}, "train_losses": [2.3021158377329507, 1.5985110692488842, 2.3317250227316833, 2.3109799103859143, 2.3110206707929954, 2.310305512868441, 2.320159505575131, 2.3149213240696835, 2.3085365906739845, 2.309015610279181, 2.312226185431847, 2.3082821369171143, 2.315775541158823, 2.31054734878051, 2.3121462724147697, 2.309476913549961, 2.312292685875526, 2.318246896450336, 2.319100254621261, 2.307270022538992, 2.309195252565237, 2.3108164377701588, 2.3197103371986976, 2.3085711124615793, 2.304603894551595, 2.3118209410936403, 2.3275785537866445, 2.3202627438765306, 2.309140819769639, 2.307934519572136, 2.310781567524641, 2.3153485426535974, 2.3070878157248864, 2.3095061901288156, 2.3172800877155404, 2.3123294512430825, 2.3145420184502234, 2.3107257256141076, 2.3110453532292294, 2.3240457009046507, 2.311128616333008, 2.3092070940213327, 2.3081398652150082, 2.326731963035388, 2.3175624792392435, 2.3104741665033193, 2.3202178142009635, 2.307487441943242, 2.3126064966886473, 2.3086350300373177, 2.312410920094221, 2.306478347533788, 2.316695363093645, 2.310609193948599, 2.3087984965397763, 2.3126966769878683, 2.3138229969220285, 2.3172682493160934, 2.3154434301914315, 2.323969156314165, 2.310383277061658, 2.313615254866771, 2.319520204495161, 2.321017222526746, 2.316472188020364, 2.310521205266317, 2.3156051207811403, 2.31715036661197, 2.312200543208, 2.305526996270204, 2.3144482313058314, 2.315704880616604, 2.309600062859364, 2.3108683488307853, 2.307903360097836, 2.3233204835500474, 2.3115092577078404, 2.3145414162904787, 2.3063570902897763, 2.3193307473109317, 2.3201928291565332, 2.3090722958246865, 2.319080092968085, 2.3167517338043604, 2.3104057128612814, 2.3084139212583885, 2.3097629913916955, 2.318626935665424, 2.3095143941732554, 2.322000503540039, 2.306437905018146, 2.309391351846548, 2.3071799828455997, 2.317173074453305, 2.3174797816154284, 2.31681389380724, 2.3080943639461813, 2.3123725897226577, 2.3238162046823745, 2.3132598858613234, 2.3200113009183836], "test_losses": [2.3022368321051965, 1.6034311545200837, 2.3336841754424267, 2.310371132997366, 2.3106738267800746, 2.312039479231223, 2.319098243346581, 2.313227980564802, 2.3081578321945972, 2.308285560363378, 2.3120137544778676, 2.3090377006775293, 2.3170250898752456, 2.311263686571366, 2.3116993812414317, 2.306993545630039, 2.3128395875295005, 2.320095875324347, 2.3181988306534596, 2.307472608028314, 2.3100567353077426, 2.311859681056096, 2.319600542386373, 2.306466784232702, 2.305455525716146, 2.312298093086634, 2.3253107223755274, 2.3185512713896923, 2.3100104882166934, 2.307941525410383, 2.3119617975675144, 2.3159015667744174, 2.3076727268023367, 2.3097507709111924, 2.3175426691006393, 2.3135897043423777, 2.3139093900338197, 2.3101748869969296, 2.3141291997371574, 2.324861596792172, 2.3127228846916785, 2.3097887528248324, 2.3078548388603406, 2.327583309931633, 2.320051514185392, 2.3102598709937854, 2.3191587252494617, 2.3072960712970834, 2.311337874485896, 2.3087065403278055, 2.3139287416751566, 2.305579906854874, 2.3165598710378013, 2.3113962014516196, 2.306598675556672, 2.3127204393729186, 2.313151341218215, 2.316150432977921, 2.3164581671739235, 2.323274077513279, 2.309191884138645, 2.313550518109248, 2.319411027125823, 2.3235472471286087, 2.3164915518882947, 2.309041445071881, 2.315237928659488, 2.3165036011964846, 2.310639182726542, 2.305325095470135, 2.3137544179574037, 2.317334520511138, 2.3078323297011547, 2.313534614367363, 2.308828904078557, 2.3206179631062045, 2.3102412040417013, 2.3135710587868323, 2.306498286051628, 2.3176051469949575, 2.317215335674775, 2.309147895910801, 2.320226571498773, 2.3151772113946767, 2.3102712631225586, 2.3077381879855423, 2.309720739340171, 2.3204831985326915, 2.3090906020922537, 2.3198718229929605, 2.30723129480313, 2.3106201031269173, 2.3076897462209067, 2.3163692951202393, 2.3183149160482945, 2.3165331864968324, 2.3075785514635916, 2.312767282510415, 2.328006726044875, 2.312135638334812, 2.319597702759963], "train_accuracies": [0.10817307692307693, 0.3644831730769231, 0.1045673076923077, 0.09845753205128205, 0.10056089743589744, 0.10346554487179487, 0.09665464743589744, 0.09805689102564102, 0.09935897435897435, 0.09565304487179487, 0.10266426282051282, 0.10186298076923077, 0.09615384615384616, 0.1015625, 0.09585336538461539, 0.10166266025641026, 0.10176282051282051, 0.10276442307692307, 0.09815705128205128, 0.10056089743589744, 0.10336538461538461, 0.10266426282051282, 0.10566907051282051, 0.09425080128205128, 0.10216346153846154, 0.09705528846153846, 0.09725560897435898, 0.0946514423076923, 0.1015625, 0.10216346153846154, 0.09905849358974358, 0.10016025641025642, 0.10266426282051282, 0.09965945512820513, 0.10176282051282051, 0.09745592948717949, 0.10086137820512821, 0.10136217948717949, 0.1038661858974359, 0.10336538461538461, 0.1006610576923077, 0.10276442307692307, 0.10126201923076923, 0.09785657051282051, 0.10476762820512821, 0.0985576923076923, 0.10236378205128205, 0.09705528846153846, 0.10026041666666667, 0.10076121794871795, 0.10606971153846154, 0.10046073717948718, 0.0985576923076923, 0.10346554487179487, 0.09905849358974358, 0.09875801282051282, 0.09815705128205128, 0.10126201923076923, 0.09815705128205128, 0.09975961538461539, 0.10026041666666667, 0.09725560897435898, 0.0967548076923077, 0.09985977564102565, 0.10356570512820513, 0.09815705128205128, 0.10056089743589744, 0.09955929487179487, 0.09645432692307693, 0.09695512820512821, 0.10236378205128205, 0.10346554487179487, 0.09895833333333333, 0.1031650641025641, 0.10616987179487179, 0.09825721153846154, 0.10476762820512821, 0.10106169871794872, 0.09985977564102565, 0.0953525641025641, 0.09885817307692307, 0.09825721153846154, 0.09895833333333333, 0.09865785256410256, 0.10096153846153846, 0.09585336538461539, 0.10056089743589744, 0.10166266025641026, 0.09885817307692307, 0.09975961538461539, 0.10206330128205128, 0.10226362179487179, 0.10236378205128205, 0.09705528846153846, 0.10396634615384616, 0.0960536858974359, 0.09735576923076923, 0.10226362179487179, 0.1031650641025641, 0.1031650641025641, 0.09975961538461539],