{"train_losses": [353.9337594168527, 343.94546944754467, 318.8239964076451, 282.91660853794644, 241.52430289132255, 200.04437909807478, 163.21424647739954, 134.54797145298548, 116.0176751273019, 107.9913809640067, 109.4009530203683, 118.08550916399274, 131.2384512765067, 145.88172694614954, 159.29740033830916, 169.362553187779, 174.75425284249442, 175.01428004673548, 170.48470197405135, 162.14141191755022, 151.36364092145647, 139.68108694893974, 128.53714207240515, 119.09919084821429, 112.13586534772601, 107.96855817522321, 106.49321528843471, 107.25886753627232, 109.58334132603237, 112.68431200299945, 115.80462210518974, 118.31509726388114, 119.783449445452, 120.00461796351841, 118.99401419503349, 116.9502705165318, 114.19747052873883, 111.11825779506138, 108.08888680594308, 105.4252689906529, 103.34607805524554, 101.95578874860492, 101.24686976841518, 101.11806052071708, 101.4034674508231, 101.90668378557477, 102.43412017822266, 102.82281276157924, 102.95949990408761, 102.7894788469587, 102.31552124023438, 101.58847154889789, 100.69225420270648, 99.72624097551618, 98.78807394845145, 97.95931025913784, 97.29561070033482, 96.822265625, 96.53481619698661, 96.40401894705636, 96.3836669921875, 96.41979108537946, 96.45959363664899, 96.45890154157367, 96.38724299839565, 96.2301995413644, 95.98903002057757, 95.67813110351562, 95.32094029017857, 94.94516427176339, 94.57814352852958, 94.242919921875, 93.95558711460659, 93.72399030412946, 93.54785265241351, 93.42000688825335, 93.32842908586774, 93.25865609305245, 93.19614083426339, 93.12826429094586, 93.0457284109933, 92.9432841709682, 92.81975773402623, 92.67750331333706, 92.52145821707589, 92.35801042829242, 92.19386073521206, 92.03502219063895, 91.88614872523716, 91.75011771065849, 91.62796129499164, 91.51908002580915, 91.42161233084542, 91.33293151855469, 91.2501242501395, 91.17042650495257, 91.09154728480748, 91.01183210100446, 90.93035561697823, 90.84683118547711, 90.76149422781808], "test_losses": [353.44676426478793, 343.52945382254467, 318.5919930594308, 282.9664393833705, 241.93554905482702, 200.87635367257255, 164.50492204938615, 136.31383405412947, 118.25447518484933, 110.67570168631417, 112.49242401123047, 121.52957371303013, 134.96954345703125, 149.82665361676897, 163.3788582938058, 173.50255475725447, 178.87732587541853, 179.0504433768136, 174.37193080357142, 165.8276628766741, 154.8083714076451, 142.8561532156808, 131.42718287876673, 121.70142146519252, 114.45942905970982, 110.03341347830636, 108.32865033830915, 108.90173993791852, 111.07613372802734, 114.07306344168526, 117.13687569754464, 119.63787732805524, 121.1414304460798, 121.43846348353794, 120.53901018415179, 118.63523428780692, 116.04401179722377, 113.14034707205636, 110.2927747453962, 107.80969565255302, 105.90281786237445, 104.67035021100726, 104.0994894845145, 104.0847909109933, 104.45738547188895, 105.01910945347377, 105.57588740757534, 105.96541268484933, 106.07618059430804, 105.85618046351841, 105.31163351876395, 104.49745287214007, 103.50200544084821, 102.42931801932198, 101.38167354038784, 100.44510323660714, 99.6793964930943, 99.11348506382534, 98.74596078055245, 98.54994092668805, 98.48088073730469, 98.4857155936105, 98.51181248256138, 98.51448931012835, 98.4621331351144, 98.33863176618304, 98.14312744140625, 97.88754381452289, 97.5926535470145, 97.28340148925781, 96.98435974121094, 96.71593911307198, 96.49182019914899, 96.31773049490792, 96.19161987304688, 96.1049554007394, 96.04479326520648, 95.99615587506976, 95.94442749023438, 95.8773171561105, 95.78622109549386, 95.66688864571708, 95.51939392089844, 95.34752982003349, 95.15779113769531, 94.95817565917969, 94.75696999686105, 94.5617185320173, 94.37844630650112, 94.21125139508929, 94.06217738560268, 93.93139539446149, 93.81757572719029, 93.71836853027344, 93.63089207240513, 93.55219050816127, 93.47957611083984, 93.41083090645927, 93.34430585588727, 93.27890014648438, 93.21397835867745], "minibatch_train_losses": [369.72540283203125, 362.28155517578125, 360.066162109375, 350.49017333984375, 358.79815673828125, 332.85113525390625, 323.3076477050781, 359.5052490234375, 349.6578063964844, 345.2701110839844, 333.6858215332031, 339.262939453125, 312.48101806640625, 300.9140930175781, 333.77716064453125, 322.0941467285156, 316.29913330078125, 303.53448486328125, 306.56036376953125, 280.4939270019531, 267.51263427734375, 296.9324951171875, 284.17327880859375, 277.88177490234375, 264.8885192871094, 265.7430114746094, 241.9213409423828, 228.23985290527344, 254.32379150390625, 241.31532287597656, 235.454833984375, 223.1802215576172, 222.32862854003906, 202.1197967529297, 188.43789672851562, 211.40478515625, 198.92559814453125, 194.3226318359375, 183.59481811523438, 181.4846649169922, 165.97915649414062, 152.8814697265625, 172.97247314453125, 161.6580352783203, 158.947021484375, 150.38804626464844, 147.3704833984375, 137.3011474609375, 125.18665313720703, 142.60137939453125, 132.8822479248047, 132.448974609375, 126.42382049560547, 122.70755004882812, 118.41202545166016, 107.4598159790039, 122.3232192993164, 114.39924621582031, 116.3631362915039, 112.96681213378906, 108.60618591308594, 110.03182220458984, 100.20295715332031, 112.56277465820312, 106.41244506835938, 110.64447021484375, 109.72419738769531, 104.63793182373047, 111.3843994140625, 102.45468139648438, 112.30438232421875, 107.72257995605469, 113.89212036132812, 115.09700012207031, 109.11012268066406, 120.50019073486328, 112.11518096923828, 119.43399047851562, 116.08920288085938, 123.72955322265625, 126.57743835449219, 119.47650146484375, 134.64349365234375, 126.38499450683594, 131.18507385253906, 128.68515014648438, 137.26670837402344, 141.2171630859375, 132.8079833984375, 150.7880859375, 142.2412567138672, 144.61219787597656, 142.56800842285156, 151.5682373046875, 156.09107971191406, 146.24981689453125, 166.06797790527344, 156.8795928955078, 157.02194213867188, 155.10052490234375, 164.0621795654297, 168.6932830810547, 157.40301513671875, 178.1445770263672, 168.06546020507812, 166.30783081054688, 164.26861572265625, 172.84002685546875, 177.2190704345703, 164.5879364013672, 185.45028686523438, 174.35812377929688, 171.1551055908203, 168.86691284179688, 176.82208251953125, 180.7099609375, 166.96966552734375, 187.2921600341797, 175.1941375732422, 171.1058807373047, 168.5447998046875, 175.78366088867188, 179.06072998046875, 164.54721069335938, 183.82069396972656, 170.83848571777344, 166.49525451660156, 163.72642517089844, 170.25848388671875, 172.90719604492188, 158.0278778076172, 175.88711547851562, 162.22840881347656, 158.28553771972656, 155.43406677246094, 161.35052490234375, 163.42739868164062, 148.6205291748047, 164.82504272460938, 150.7476348876953, 147.83663940429688, 145.05319213867188, 150.493408203125, 152.0964813232422, 137.78878784179688, 152.19737243652344, 137.9717254638672, 136.65423583984375, 134.08126831054688, 139.1991729736328, 140.43617248535156, 127.00452423095703, 139.5491180419922, 125.42455291748047, 126.1540298461914, 123.89749145507812, 128.83285522460938, 129.79507446289062, 117.53642272949219, 128.19924926757812, 114.37801361083984, 117.4731674194336, 115.58325958251953, 120.44109344482422, 121.18573760986328, 110.29837036132812, 119.09530639648438, 105.71684265136719, 111.34864807128906, 109.8111343383789, 114.65101623535156, 115.19336700439453, 105.7703628540039, 112.7415542602539, 99.87747192382812, 108.06993103027344, 106.80815887451172, 111.64321899414062, 111.95843505859375, 103.99247741699219, 109.19985961914062, 96.85871887207031, 107.50167846679688, 106.38774871826172, 111.19195556640625, 111.22457885742188, 104.62226867675781, 108.15231323242188, 96.29193878173828, 109.16326904296875, 108.03562927246094, 112.75688171386719, 112.43547821044922, 107.03790283203125, 109.00724029541016, 97.5516357421875, 112.34539031982422, 111.02963256835938, 115.60556030273438, 114.85955810546875, 110.4658203125, 111.02723693847656, 99.8849868774414, 116.24162292480469, 114.57148742675781, 118.9452133178711, 