{"testproblem": "fmnist_mlp", "batch_size": 128, "num_epochs": 100, "random_seed": 42, "weight_decay": null, "optimizer_hyperparams": {"lr": 0.003981071705534973}, "train_losses": [2.3021158377329507, 0.4135653158793083, 0.356127615349415, 0.30330516608097613, 0.30084387270303875, 0.2516993163869931, 0.2721097400555244, 0.2574010821871268, 0.25651444838597226, 0.26818281182876, 0.22651971055146974, 0.24713419511532173, 0.24829490253558525, 0.231954014645173, 0.2223763824082338, 0.22762312224278083, 0.2284694119141652, 0.19671168541296935, 0.18673815129277033, 0.20132346651875055, 0.1962619447746338, 0.17932243912647933, 0.19185107650283056, 0.18601506060132614, 0.20114219331970581, 0.19398963862122634, 0.17134103713891444, 0.18889804671590144, 0.1864118211162396, 0.17568661243869707, 0.15280244384820646, 0.17117564838666183, 0.14695527394994712, 0.15442999452352524, 0.13154866369679952, 0.14324470370625839, 0.15683828437557587, 0.14297001646497312, 0.13097479304250997, 0.14842245942698076, 0.14516131828228632, 0.13941564926734337, 0.1252277575624295, 0.1419654966164858, 0.12867124455097395, 0.10746053778208219, 0.11648742563258378, 0.1275935644427171, 0.11516853775351475, 0.11649613063304852, 0.12450543461510769, 0.10859786418194954, 0.12609072578832126, 0.15390079425504574, 0.15740253967352402, 0.11149119428144051, 0.1349851303280164, 0.10520562250167131, 0.10377802704580319, 0.11270838154432102, 0.1125091836334039, 0.10059165094907467, 0.09752804217621303, 0.12658218633479032, 0.12489256869332913, 0.10070728214505391, 0.12374706074404411, 0.08286153415265755, 0.11920646506433304, 0.16444161519981348, 0.11607993188767861, 0.12037568028347614, 0.09035282868605393, 0.10005149527046925, 0.09760275058066234, 0.10876712219741864, 0.11602187815767068, 0.08367983593295018, 0.10498520182684445, 0.13145810965066537, 0.14041159593333036, 0.15835273533295363, 0.08748249817066468, 0.09170418411779863, 0.09737326486561543, 0.07583790709479497, 0.07653800312143105, 0.10104047743460307, 0.10458414748502083, 0.088041192254959, 0.07167274438035794, 0.08355153968127874, 0.08799215984077026, 0.12182189973118977, 0.07602448699374993, 0.07378759703192955, 0.11504544150561859, 0.08888919145250931, 0.08740113150232877, 0.09939953393470018, 0.10837476775766565], "test_losses": [2.3022368321051965, 0.4426922450462977, 0.41217417250841093, 0.36811936035370213, 0.36394519320665264, 0.3438291998627858, 0.36046285201341677, 0.3494236047069232, 0.36485810042955935, 0.37093742994161755, 0.3447708735863368, 0.35074451317389804, 0.3534186218793576, 0.35513159212393636, 0.3538499101996422, 0.3782545691117262, 0.3839867346179791, 0.35120698389334554, 0.3663733337934201, 0.36989604567105955, 0.3746078127087691, 0.368266088840289, 0.40091346758298385, 0.3969610430873357, 0.3979331898765686, 0.41958867682096285, 0.38550422818232805, 0.4114011000746336, 0.4295922529238921, 0.42737451787942493, 0.4442461058497429, 0.40256580786827284, 0.4141595771488471, 0.41065167864927876, 0.40702532403744185, 0.4385205644827623, 0.45963638323621875, 0.4703044344981511, 0.46528293402531207, 0.4449340760325774, 0.4594611561833284, 0.4455521039855786, 0.4479062335613446, 0.4879431875470357, 0.5076900669015371, 0.48299665997425717, 0.523043766617775, 0.5135069092114767, 0.4997619526126446, 0.4747458707827788, 0.48220756974739903, 0.5365315671914663, 0.5891984853989038, 0.5024099296484238, 0.5327950603304765, 0.5834752019399252, 0.5518805188819383, 0.5792773260902135, 0.5777619570875779, 0.5866587347327135, 0.6394515624031042, 0.6111281088147408, 0.6156227684173828, 0.6661612456425642, 0.5832206022280914, 0.6453931113848319, 0.6504514419879669, 0.5775411751789924, 0.6286132540076207, 0.6770590897171925, 0.6549536387125651, 0.6156743119160334, 0.6068501023527904, 0.6248239960808021, 0.6892689315554423, 0.5892810506316332, 0.5991476193452493, 0.631974689471416, 0.7020168696076442, 0.7626315110769027, 0.9007267997815058, 0.7027596995616571, 0.723273458580176, 0.7003196460696367, 0.7349564205759611, 0.7209986688999029, 0.667694835517651, 0.688967225070183, 0.6896700998529409, 0.7182742739335085, 0.6795587511016772, 0.6869406740252788, 0.7124465335256014, 0.6654904666237342, 0.7147853576984161, 0.7098931278555821, 0.7194917559241637, 0.7099103736571777, 0.7884146305613029, 0.9366090546051661, 0.7590331100882628], "train_accuracies": [0.10817307692307693, 0.8497596153846154, 0.8774038461538461, 0.8865184294871795, 0.8873197115384616, 0.9055488782051282, 0.9041466346153846, 0.9041466346153846, 0.9076522435897436, 0.890625, 0.9152644230769231, 0.9033453525641025, 0.9028445512820513, 0.9083533653846154, 0.9159655448717948, 0.9135616987179487, 0.9164663461538461, 0.9262820512820513, 0.9273838141025641, 0.9220753205128205, 0.9259815705128205, 0.9345953525641025, 0.9276842948717948, 0.9275841346153846, 0.9237780448717948, 0.9242788461538461, 0.9356971153846154, 0.9290865384615384, 0.9256810897435898, 0.9346955128205128, 0.9386017628205128, 0.9338942307692307, 0.9426081730769231, 0.9386017628205128, 0.9489182692307693, 0.9453125, 0.9420072115384616, 0.9474158653846154, 0.9513221153846154, 0.9491185897435898, 0.9472155448717948, 0.9463141025641025, 0.9516225961538461, 0.946113782051282, 0.9515224358974359, 0.9571314102564102, 0.9561298076923077, 0.9501201923076923, 0.9568309294871795, 0.9557291666666666, 0.9561298076923077, 0.9585336538461539, 0.9581330128205128, 0.9431089743589743, 0.9440104166666666, 0.9559294871794872, 0.9491185897435898, 0.9619391025641025, 0.9610376602564102, 0.9588341346153846, 0.9587339743589743, 0.961738782051282, 0.9629407051282052, 0.9572315705128205, 0.9538261217948718, 0.9618389423076923, 0.9557291666666666, 0.9702524038461539, 0.9604366987179487, 0.9437099358974359, 0.9568309294871795, 0.9630408653846154, 0.967948717948718, 0.9629407051282052, 0.9658453525641025, 0.9609375, 0.9595352564102564, 0.9678485576923077, 0.9610376602564102, 0.9551282051282052, 0.9557291666666666, 0.9458133012820513, 0.9661458333333334, 0.9639423076923077, 0.9639423076923077, 0.9698517628205128, 0.9713541666666666, 0.9635416666666666, 0.9614383012820513, 0.9665464743589743, 0.9716546474358975, 0.9677483974358975, 0.9701522435897436, 0.9552283653846154, 0.9717548076923077, 0.9712540064102564, 0.9622395833333334, 0.9688501602564102, 0.9691506410256411, 0.9685496794871795, 0.9698517628205128],