{"train_losses": [353.9337594168527, 353.7227085658482, 353.51192365373885, 353.3011954171317, 353.0905456542969, 352.8799612862723, 352.6695251464844, 352.4591849190848, 352.24896240234375, 352.0388663155692, 351.8289097377232, 351.6190883091518, 351.40940638950894, 351.1998508998326, 350.9904479980469, 350.7811758858817, 350.57203892299106, 350.3630676269531, 350.15417916434154, 349.9454345703125, 349.7368469238281, 349.5283682686942, 349.3200465611049, 349.11185564313615, 348.90382167271207, 348.69590541294644, 348.48814610072543, 348.28053501674106, 348.0730503627232, 347.8656747000558, 347.65846470424106, 347.4513724190848, 347.2444545200893, 347.0376892089844, 346.8310328892299, 346.6245335170201, 346.4181649344308, 346.2119140625, 346.00582013811385, 345.79984392438615, 345.5940202985491, 345.38831874302457, 345.1827479771205, 344.97731236049106, 344.7720206124442, 344.56688145228793, 344.3618818010603, 344.1570085797991, 343.9522792271205, 343.74766758510043, 343.54319545200894, 343.338875906808, 343.1346653529576, 342.9305943080357, 342.7266627720424, 342.52288818359375, 342.3192356654576, 342.115731375558, 341.912344796317, 341.7091151646205, 341.50599888392856, 341.3030351911272, 341.10018048967635, 340.89747837611606, 340.6948765345982, 340.49243600027904, 340.29012625558033, 340.08792550223217, 339.88590349469865, 339.6839817592076, 339.4822082519531, 339.2805393763951, 339.0790274483817, 338.8776375906808, 338.6763916015625, 338.47525460379467, 338.2742614746094, 338.07338169642856, 337.8726719447545, 337.6720668247768, 337.4716142926897, 337.2712838309152, 337.0711103166853, 336.8710457938058, 336.6711164202009, 336.4713047572545, 336.2716326032366, 336.07208251953125, 335.87266758510043, 335.6733965192522, 335.4742213657924, 335.2752249581473, 335.0763201032366, 334.8775721958705, 334.67892020089283, 334.4804120744978, 334.2820347377232, 334.0837881905692, 333.88565935407365, 333.68766130719865, 333.4897896902902], "test_losses": [353.44676426478793, 353.23741367885043, 353.02828107561385, 352.81920950753346, 352.6102207728795, 352.40132795061385, 352.1925354003906, 351.98386928013394, 351.7753252301897, 351.56689889090404, 351.3586120605469, 351.1504429408482, 350.9424089704241, 350.73453630719865, 350.5267987932478, 350.31919642857144, 350.1117204938616, 349.9043927873884, 349.69718279157365, 349.4901035853795, 349.28314208984375, 349.0763375418527, 348.86968994140625, 348.6631644112723, 348.456787109375, 348.2505449567522, 348.04442923409596, 347.83843994140625, 347.6326206752232, 347.4269234793527, 347.2213657924107, 347.0159345354353, 346.8106602260045, 346.6055385044643, 346.4005344935826, 346.19569614955356, 345.99097115652904, 345.78639003208707, 345.58191353934154, 345.3776157924107, 345.17344447544644, 344.9693865094866, 344.7654593331473, 344.5616716657366, 344.35802786690846, 344.154532296317, 343.951163155692, 343.74793788364957, 343.5448564801897, 343.3418971470424, 343.1390686035156, 342.93638392857144, 342.7338082449777, 342.5313720703125, 342.3290797642299, 342.12694004603793, 341.92494419642856, 341.7230791364397, 341.5213317871094, 341.3197326660156, 341.1182599748884, 340.9169137137277, 340.71570260184154, 340.5146222795759, 340.31368146623885, 340.1128670828683, 339.9121834891183, 339.7116394042969, 339.51123046875, 339.3109348842076, 339.11077880859375, 338.9107578822545, 338.7108721051897, 338.5111171177455, 338.31148856026783, 338.1119864327567, 337.91261073521207, 337.71337454659596, 337.51426914760043, 337.3153163364955, 337.11646815708707, 336.9177812848772, 336.71919904436385, 336.5207737513951, 336.3224618094308, 336.12427193777904, 335.9262215750558, 335.72828892299106, 335.5304870605469, 335.3328377859933, 335.1353018624442, 334.9378967285156, 334.74061802455356, 334.54347446986606, 334.3464617047991, 334.1495622907366, 333.9528023856027, 333.7561558314732, 333.5596487862723, 333.363272530692, 333.1670183454241], "minibatch_train_losses": [369.72540283203125, 362.6321105957031, 361.1304931640625, 352.6015625, 362.4195861816406, 337.95635986328125, 330.4451599121094, 369.5091247558594, 362.41619873046875, 360.9189147949219, 352.39190673828125, 362.20477294921875, 337.75250244140625, 330.24090576171875, 369.2930908203125, 362.2005920410156, 360.70745849609375, 352.182373046875, 361.99005126953125, 337.5487060546875, 330.0367431640625, 369.0771179199219, 361.985107421875, 360.49603271484375, 351.97283935546875, 361.7753601074219, 337.34490966796875, 329.83258056640625, 368.8612060546875, 361.7696838378906, 360.2847595214844, 351.763427734375, 361.560791015625, 337.14129638671875, 329.6285705566406, 368.6453857421875, 361.5543212890625, 360.07354736328125, 351.5541076660156, 361.3463439941406, 336.937744140625, 329.42462158203125, 368.4297180175781, 361.339111328125, 359.86248779296875, 351.34490966796875, 361.1319885253906, 336.73431396484375, 329.2208557128906, 368.214111328125, 361.12396240234375, 359.6514892578125, 351.13580322265625, 360.917724609375, 336.531005859375, 329.01715087890625, 367.9986572265625, 360.9089660644531, 359.4406433105469, 350.92681884765625, 360.70361328125, 336.32781982421875, 328.8135986328125, 367.7833251953125, 360.69415283203125, 359.2298889160156, 350.718017578125, 360.4896240234375, 336.124755859375, 328.6101379394531, 367.56805419921875, 360.4794006347656, 359.019287109375, 350.5093078613281, 360.2757568359375, 335.921875, 328.4068603515625, 367.3530578613281, 360.2647705078125, 358.808837890625, 350.30072021484375, 360.0620422363281, 335.71905517578125, 328.2037048339844, 367.13812255859375, 360.0503234863281, 358.5985107421875, 350.09234619140625, 359.8484802246094, 335.51641845703125, 328.00067138671875, 366.9233093261719, 359.83599853515625, 358.3882751464844, 349.884033203125, 359.6350402832031, 335.31390380859375, 327.79779052734375, 366.70867919921875, 359.621826171875, 358.1782531738281, 349.6759033203125, 359.4217529296875, 335.1115417480469, 327.5950622558594, 366.494140625, 359.40771484375, 357.96832275390625, 349.4678955078125, 359.2085876464844, 334.9093322753906, 327.3924560546875, 366.27978515625, 359.19384765625, 357.758544921875, 349.260009765625, 358.99554443359375, 334.70721435546875, 327.1899719238281, 366.0655517578125, 358.9800720214844, 357.5489501953125, 349.0522766113281, 358.78265380859375, 334.5052795410156, 326.9876403808594, 365.8514404296875, 358.76641845703125, 357.33941650390625, 348.84466552734375, 358.56988525390625, 334.3034362792969, 326.78546142578125, 365.637451171875, 358.5528869628906, 357.1300048828125, 348.63720703125, 358.35723876953125, 334.1017150878906, 326.5833435058594, 365.42364501953125, 358.3395080566406, 356.9207763671875, 348.4298400878906, 358.144775390625, 333.900146484375, 326.38140869140625, 365.2099304199219, 358.12628173828125, 356.7116394042969, 348.22265625, 357.932373046875, 333.69873046875, 326.1795959472656, 364.99639892578125, 357.9131774902344, 356.5026550292969, 348.015625, 357.72015380859375, 333.4974670410156, 325.9779357910156, 364.782958984375, 357.7001953125, 356.2938232421875, 347.80865478515625, 357.50811767578125, 333.29632568359375, 325.77642822265625, 364.5697021484375, 357.48736572265625, 356.0850830078125, 347.60186767578125, 357.29620361328125, 333.0953369140625, 325.5750427246094, 364.3565673828125, 357.27471923828125, 355.8765563964844, 347.395263671875, 357.08441162109375, 332.8944396972656, 325.3738098144531, 364.1435546875, 357.06219482421875, 355.66815185546875, 347.18878173828125, 356.87274169921875, 332.6937255859375, 325.1726989746094, 363.9307556152344, 356.84979248046875, 355.4598693847656, 346.982421875, 356.6612243652344, 332.4931335449219, 324.97174072265625, 363.718017578125, 356.6375427246094, 355.251708984375, 346.7761535644531, 356.4498291015625, 332.29266357421875, 324.7708740234375, 363.50543212890625, 356.4253845214844, 355.043701171875, 346.570068359375, 356.2386169433594, 332.09234619140625, 324.5701904296875, 363.29302978515625, 356.21337890625, 354.8358154296875, 