{"train_losses": [353.9337594168527, 296.98511178152904, 253.2586887904576, 219.64063371930803, 193.75838579450334, 173.80259704589844, 158.3921857561384, 146.47188459123885, 137.23465837751115, 130.06263732910156, 124.48226056780133, 120.13018580845424, 116.72732107979911, 114.05902426583427, 111.96001761300224, 110.3028804234096, 108.98925236293248, 107.94308253696987, 107.10551452636719, 106.43091365269252, 105.8838620867048, 105.43681335449219, 105.0683114188058, 104.76163591657367, 104.50372205461774, 104.28434208461216, 104.09547642299107, 103.9308351789202, 103.78547014508929, 103.65547616141183, 103.53778621128627, 103.42995888846261, 103.330075945173, 103.2365951538086, 103.14831215994698, 103.0642558506557, 102.98364911760602, 102.9058816092355, 102.83045741489956, 102.75697980608258, 102.68512507847377, 102.61464473179409, 102.54532514299665, 102.4770028250558, 102.4095458984375, 102.34283556256976, 102.27678789411273, 102.2113287789481, 102.14640481131417, 102.0819582257952, 102.01795523507255, 101.95436205182757, 101.89114706856864, 101.8282972063337, 101.76578739711216, 101.70360456194196, 101.64173453194755, 101.58016858782086, 101.5188980102539, 101.45791299002511, 101.39720371791294, 101.33677564348493, 101.276611328125, 101.21671622140067, 101.1570794241769, 101.0977031162807, 101.03858293805804, 100.97971670968192, 100.92109898158482, 100.86273302350726, 100.80461011614118, 100.74674224853516, 100.68910653250558, 100.63171822684151, 100.57456861223493, 100.51765768868583, 100.46098218645368, 100.40454755510602, 100.34834616524833, 100.29237910679409, 100.2366474696568, 100.18114362444196, 100.12586975097656, 100.07082802908761, 100.01601082938058, 99.961423601423, 99.90706525530133, 99.85292271205357, 99.79900905064174, 99.74532209123883, 99.69185311453683, 99.63860539027623, 99.58557673863002, 99.53276715959821, 99.4801744733538, 99.42780412946429, 99.37563868931362, 99.32369450160435, 99.27196720668248, 99.22044917515346, 99.1691414969308], "test_losses": [353.44676426478793, 296.9173801967076, 253.55022539411272, 220.23995099748885, 194.62127467564173, 174.8911416190011, 159.67383684430803, 147.91873822893416, 138.8227800641741, 131.7715105329241, 126.29430498395648, 122.03034210205078, 118.70269557407924, 116.09857177734375, 114.05429186139789, 112.44380405970982, 111.16991424560547, 110.15757860456195, 109.3488017490932, 108.69868796212333, 108.17245265415737, 107.74308558872768, 107.38960375104632, 107.0956780569894, 106.84857613699776, 106.63836342947823, 106.457275390625, 106.29922921316964, 106.15945216587612, 106.0342036655971, 105.9205322265625, 105.81612505231585, 105.71914454868862, 105.62814549037388, 105.54197474888393, 105.45972878592355, 105.38068062918526, 105.30426025390625, 105.23000662667411, 105.1575459071568, 105.08659362792969, 105.01691327776227, 104.94831848144531, 104.88064357212612, 104.81378391810826, 104.74762398856026, 104.68210165841239, 104.61713300432477, 104.55267224993024, 104.48867906842914, 104.42511858258929, 104.36195155552456, 104.29916381835938, 104.23672703334263, 104.1746346609933, 104.1128659929548, 104.05141013009208, 103.99025617327008, 103.92939976283482, 103.86883108956474, 103.8085447038923, 103.74853515625, 103.6887926374163, 103.6293225969587, 103.5701174054827, 103.51117052350726, 103.45248304094586, 103.39405059814453, 103.33586883544922, 103.27794102260044, 103.22025844029018, 103.16282544817243, 103.10563659667969, 103.04868970598493, 102.99198804582868, 102.93552071707589, 102.87929316929409, 102.82330213274274, 102.76754869733539, 102.71203177315849, 102.65674482073102, 102.60169001988002, 102.54686628069196, 102.49227251325335, 102.43790871756417, 102.38376835414341, 102.32985469273159, 102.27616446358817, 102.22269984654018, 102.16945321219308, 102.11643436976841, 102.06363133021763, 102.01104845319476, 101.95868573869977, 101.90653664725167, 101.85460553850446, 101.80289241245815, 101.75138745989118, 101.7000972202846, 101.6490227835519, 101.59815652029855],