{"train_losses": [353.9337594168527, 338.2795976911272, 323.62715802873885, 309.91126796177457, 297.0710972377232, 285.04981776646207, 273.79430716378346, 263.2549482073103, 253.38537815638952, 244.14229692731584, 235.48519243512834, 227.3762468610491, 219.78010995047433, 212.66373116629464, 205.9962441580636, 199.7487574986049, 193.89428492954798, 188.4076145717076, 183.26514325823103, 178.444828578404, 173.92606462751115, 169.6895490373884, 165.71728515625, 161.99239240373885, 158.49911281040735, 155.22269330705916, 152.14934866768974, 149.26617649623327, 146.56111798967635, 144.02286638532365, 141.64087568010603, 139.4052505493164, 137.30674961635046, 135.33673204694475, 133.48708125523157, 131.75022888183594, 130.11908176967077, 128.58699798583984, 127.14776502336774, 125.79556165422711, 124.52495465959821, 123.33082689557757, 122.2084241594587, 121.15326254708427, 120.16115025111607, 119.22817884172711, 118.35067095075335, 117.52517918178013, 116.74849591936383, 116.01759120396206, 115.3296399797712, 114.68199375697544, 114.07217298235211, 113.49784524100167, 112.95683288574219, 112.44708578927177, 111.9666987827846, 111.51387350899833, 111.08692496163505, 110.68426949637276, 110.30443681989398, 109.94603620256696, 109.60775756835938, 109.28839765276227, 108.98679569789341, 108.70188685825893, 108.43265642438617, 108.17816925048828, 107.93753269740513, 107.70991734095982, 107.49453735351562, 107.29066903250558, 107.09761810302734, 106.91474151611328, 106.7414311000279, 106.57711356026786, 106.4212646484375, 106.27338082449776, 106.1329836164202, 105.99964141845703, 105.87293570382255, 105.75246211460659, 105.63787623814174, 105.52881295340401, 105.42496272495815, 105.32601383754185, 105.23168836321149, 105.14170510428292, 105.05582863943917, 104.9738050188337, 104.89541843959263, 104.8204596383231, 104.7487291608538, 104.68004390171596, 104.61422293526786, 104.55110822405133, 104.49054391043526, 104.43238721575055, 104.37649209158761, 104.32273646763393, 104.27100372314453], "test_losses": [353.44676426478793, 337.903311593192, 323.3573913574219, 309.74402291434154, 297.0024980817522, 285.07613263811385, 273.9119611467634, 263.4605015345982, 253.67549351283483, 244.5137656075614, 235.9349583217076, 227.90133666992188, 220.37766810825892, 213.33102199009485, 206.73062569754464, 200.5476793561663, 194.7552969796317, 189.32835606166296, 184.2433580671038, 179.47832815987724, 175.01273454938615, 170.82737295968192, 166.9043186732701, 163.22675432477678, 159.77900041852678, 156.54638017926897, 153.5151585170201, 150.67249407087053, 148.00639997209822, 145.50562177385603, 143.15966796875, 140.95870753696985, 138.89355250767298, 136.95558166503906, 135.13675580705916, 133.42955235072546, 131.82690647670202, 130.32223510742188, 128.90935625348772, 127.5824966430664, 126.3362535749163, 125.16555459158761, 124.065671648298, 123.03216007777623, 122.0608640398298, 121.14790453229632, 120.28963579450335, 119.48264530726841, 118.72373308454242, 118.00991930280414, 117.33839852469308, 116.70653533935547, 116.1118894304548, 115.55215236118862, 115.02515629359654, 114.5288816179548, 114.06144169398716, 113.62105560302734, 113.20606013706752, 112.81489889962333, 112.44610813685826, 112.0983145577567, 111.77023097446987, 111.46065848214286, 111.16847011021206, 110.89259883335659, 110.63205936976841, 110.3859143938337, 110.15328870500836, 109.9333735874721, 109.72539629255023, 109.52863202776227, 109.3424050467355, 109.16607992989677, 108.99906485421317, 108.8407963344029, 108.69075448172433, 108.54844556535993, 108.41341182163784, 108.28520965576172, 108.16343688964844, 108.04771205357143, 107.93767438616071, 107.83298710414341, 107.73333958217076, 107.63842119489398, 107.54796273367745, 107.46170043945312, 107.37938799176898, 107.30079214913505, 107.22569492885044, 107.15389033726284, 107.08519199916294, 107.01941353934151, 106.95638711111886, 106.89595249720982, 106.83795710972377, 106.78227233886719, 106.72875104631696, 106.6772689819336, 106.62771933419364],