{"testproblem": "mnist_mlp", "batch_size": 128, "num_epochs": 100, "random_seed": 42, "weight_decay": null, "optimizer_hyperparams": {"lr": 63.09573444801943}, "train_losses": [2.3034798334806394, 19.80740274527134, 41.01077705774552, 26.247210796062763, 27.156346981342022, 31.851372083028156, 43.719257159110825, 28.875787588266228, 18.937861271393604, 26.304848426427597, 26.720299867483284, 26.900359104841183, 30.859931310017902, 20.14283105654594, 26.793834172762356, 20.444734010940945, 20.822277753781048, 26.481294436332508, 22.844318732237205, 47.98712104406112, 49.04950420673077, 31.706091807438778, 31.866577075077938, 42.4865109370305, 40.50582323318873, 32.24379456348908, 14.19502836618668, 26.543219346266525, 34.077512252025116, 37.147303238893166, 20.27766430683625, 22.325234926663914, 26.857467773633125, 24.780652877611992, 34.859560990944885, 30.975825578738483, 32.75722672389104, 33.11823275150397, 25.691872327755657, 16.197300752003986, 29.997124769748787, 22.35124957255828, 36.57924246176695, 24.520195887638973, 30.21339582785582, 46.24259894933456, 33.617106877840484, 28.034956589723244, 42.48027170621432, 22.626200969402607, 36.05862703078832, 20.218206625718338, 32.504145573347046, 26.405121656564567, 27.463021058302658, 33.74862915430314, 29.980011793283317, 39.90680381579277, 44.74493349515475, 20.269305473718887, 39.599471850272934, 35.36323383526924, 23.758641242980957, 24.84673267755753, 22.25434643182999, 34.21930523407765, 26.657825959034454, 40.07465802706205, 22.731710287240837, 26.311904051364998, 28.52050558725993, 24.693833302228878, 23.769085321670925, 35.240271494938774, 34.21136437929594, 39.8107776152782, 24.704051555731358, 20.541796488639637, 23.436179870214218, 26.6482913677509, 33.654569332416244, 44.216363124358345, 22.48326037480281, 42.0495230845916, 19.820701501308342, 30.969712257385254, 19.426474302242962, 28.344228255443085, 45.18865986359425, 46.79159311147836, 43.482240163362945, 30.03535229120499, 29.89784475473257, 33.18029367006742, 34.98601346138196, 56.82357621804262, 23.059271029936962, 38.020262057964615, 33.47471758035513, 20.850627287840233, 12.524768438094702], "test_losses": [2.3034419279832106, 19.958832129454002, 40.677034280239006, 26.471131764925442, 27.343302800105167, 31.638164300184982, 42.91584435487405, 28.21625914940467, 19.046870133815666, 26.139649611253006, 27.16355443612123, 26.295948811066456, 30.78942054357284, 19.98468814752041, 27.066571186750362, 20.343554765750202, 20.450711323664738, 26.553561993134327, 22.65968557504507, 48.21229421175443, 49.14156238849346, 31.508875626784103, 31.829323450724285, 42.67024426582532, 40.63835413028033, 32.28500290406056, 14.323945901332758, 26.754288159883938, 33.82140880975968, 37.52539446415045, 20.52190132630177, 22.178584123269104, 26.365680670126892, 24.69852657807179, 34.54007481306027, 30.715666624215935, 32.47637340350029, 33.37011070740529, 26.47448688898331, 15.987070474869165, 30.011949368012257, 22.506200594779774, 36.71668028220152, 24.436521456791805, 29.745146384605995, 46.625580665392754, 33.11414051055908, 28.39301165556296, 43.5941704481076, 22.75185594803248, 35.63809309250269, 20.23902834378756, 31.538264323503544, 26.522190583057892, 27.391388452970066, 34.07748767657158, 30.35820667560284, 39.51290683257274, 44.95025918422601, 20.304157379346016, 39.22613657437838, 34.49890586657402, 23.593583155901005, 24.870942776019756, 22.223851888607708, 34.24698599790916, 26.43070837167593, 40.74486265427027, 22.823969388619446, 26.278716918749687, 28.322932487879044, 24.299196952428574, 23.821263239933895, 35.81668682587453, 34.518819246536644, 40.12589586698092, 24.87339107806866, 20.61504818842961, 23.41250759516007, 26.709378169133114, 32.7078549800775, 44.00431080353566, 22.351557291471043, 42.09815401908679, 20.020225182557716, 30.87874811123579, 19.487062723208698, 28.470177503732536, 45.62678390894181, 46.85787802476149, 43.200276986146584, 29.957452822954227, 30.016448143200996, 32.5607267281948, 35.281881479116585, 57.35672358977489, 22.735412915547688, 37.634869599953674, 33.562994467906464, 20.849377216436924, 12.503744149819399], "train_accuracies": [0.08543669871794872, 0.10036057692307693, 0.11117788461538461, 0.09895833333333333, 0.09905849358974358, 0.09885817307692307, 0.09835737179487179, 0.10236378205128205, 0.09875801282051282, 0.10536858974358974, 0.09385016025641026, 0.09725560897435898, 0.09665464743589744, 0.08854166666666667, 0.09955929487179487, 0.09785657051282051, 0.09264823717948718, 0.10086137820512821, 0.09695512820512821, 0.1045673076923077, 0.10957532051282051, 0.10416666666666667, 0.10046073717948718, 0.09865785256410256, 0.09955929487179487, 0.09515224358974358, 0.10496794871794872, 0.10226362179487179, 0.09485176282051282, 0.09865785256410256, 0.10376602564102565, 0.10116185897435898, 0.1045673076923077, 0.09895833333333333, 0.09585336538461539, 0.09785657051282051, 0.09875801282051282, 0.10076121794871795, 0.10767227564102565, 0.0907451923076923, 0.09735576923076923, 0.11258012820512821, 0.09164663461538461, 0.10086137820512821, 0.10096153846153846, 0.10306490384615384, 0.10927483974358974, 0.10016025641025642, 0.09274839743589744, 0.10076121794871795, 0.11468349358974358, 0.09735576923076923, 0.09595352564102565, 0.10096153846153846, 0.10216346153846154, 0.10566907051282051, 0.10136217948717949, 0.0928485576923077, 0.10036057692307693, 0.10366586538461539, 0.09785657051282051, 0.0960536858974359, 0.10506810897435898, 0.0946514423076923, 0.0967548076923077, 0.0928485576923077, 0.10106169871794872, 0.09825721153846154, 0.09815705128205128, 0.09725560897435898, 0.09084535256410256, 0.09865785256410256, 0.09745592948717949, 0.10216346153846154, 0.09895833333333333, 0.09014423076923077, 0.10446714743589744, 0.10466746794871795, 0.09975961538461539, 0.09885817307692307, 0.09795673076923077, 0.09194711538461539, 0.10216346153846154, 0.09615384615384616, 0.09885817307692307, 0.09575320512820513, 0.09084535256410256, 0.11368189102564102, 0.09965945512820513, 0.11137820512820513, 0.10767227564102565, 0.11348157051282051, 0.10346554487179487, 0.09895833333333333, 0.10056089743589744, 0.10136217948717949, 0.10216346153846154, 0.10196314102564102, 0.09304887820512821, 0.09745592948717949, 0.08904246794871795],