{"train_losses": [353.9337594168527, 324.51072910853793, 272.75236075265065, 284.31329345703125, 272.68990216936385, 259.09952872140065, 286.35594395228793, 286.2853437151228, 271.8589608328683, 278.767578125, 272.1190447126116, 267.56158447265625, 286.45617239815846, 289.7680010114397, 289.9306161063058, 305.56600516183033, 300.0294625418527, 287.7738952636719, 288.73507254464283, 276.94871303013394, 265.3240225655692, 269.9107099260603, 270.6649475097656, 269.6637747628348, 274.63708060128346, 271.5133623395647, 265.5187530517578, 268.5958687918527, 271.2332850864955, 275.40506417410717, 284.3690752301897, 285.68795340401783, 282.6691196986607, 281.83428955078125, 277.5021013532366, 272.6815163748605, 271.4562225341797, 269.3157871791295, 267.73905072893416, 270.11148943219865, 271.58362470354353, 271.3582959856306, 272.3267124720982, 272.06752232142856, 271.94426400320873, 274.62400817871094, 277.0261535644531, 278.23980712890625, 279.06619698660717, 277.9545593261719, 275.4109671456473, 273.5641544886998, 272.0131617954799, 270.53513881138394, 270.0015890938895, 269.2093244280134, 268.1090305873326, 268.2245112827846, 268.6947021484375, 268.7804282052176, 268.9214760916574, 268.59820338657926, 267.7963300432478, 267.26966857910156, 266.379159109933, 264.25838361467635, 261.4991782052176, 258.4905090332031, 255.48582458496094, 253.19903782435827, 251.24093191964286, 249.15599278041296, 247.39349365234375, 245.92927769252233, 244.70391845703125, 244.08604649135046, 243.80952671595983, 243.4099404471261, 243.02743312290735, 242.54908316476005, 241.72221156529017, 240.81594848632812, 239.7668958391462, 238.35917445591517, 236.87345668247767, 235.43212236676897, 234.1211918422154, 233.23175920758928, 232.64033726283483, 232.07751246861048, 231.65558079310827, 231.4652840750558, 231.48881312779017, 231.7828107561384, 232.1182904924665, 232.21455601283483, 232.16500418526786, 232.03112574986048, 231.7830527169364, 231.4744131905692, 231.03147452218192], "test_losses": [353.44676426478793, 324.3246547154018, 273.0786350795201, 285.4319981166295, 274.8903045654297, 262.53422110421315, 290.82581002371654, 291.17067173549106, 276.4200526646205, 282.6444527762277, 275.5097220284598, 270.82098170689176, 289.53759329659596, 292.1819850376674, 291.32188633510043, 306.2591334751674, 300.8959176199777, 289.5485142299107, 291.5235072544643, 280.4038303920201, 269.19447326660156, 274.3133544921875, 275.846435546875, 275.61224365234375, 280.98941911969865, 277.7938494001116, 271.4070260184152, 273.9964817592076, 276.18800571986606, 279.9953133719308, 288.66575404575894, 289.7341613769531, 286.505379813058, 285.57198224748885, 281.364737374442, 276.9124232700893, 276.1356288364955, 274.2830025809152, 272.73968505859375, 275.0309753417969, 276.5044250488281, 276.3731776646205, 277.33267647879467, 276.7938494001116, 276.19081333705356, 278.4419163295201, 280.650870186942, 281.8733912876674, 282.75235421316967, 281.64754377092635, 279.1136213030134, 277.3679722377232, 276.02076939174106, 274.7734919956752, 274.409903390067, 273.6844264439174, 272.55204336983815, 272.5678405761719, 272.9149911063058, 272.8905508858817, 272.93419974190846, 272.4927062988281, 271.53641183035717, 270.8679678780692, 269.9332035609654, 267.90049961635043, 265.3011387416295, 262.42543029785156, 259.4885995047433, 257.25181361607144, 255.38350350516183, 253.41510663713728, 251.7212633405413, 250.22483607700892, 248.89041137695312, 248.15674700055803, 247.80279323032923, 247.3556169782366, 246.9261736188616, 246.39468819754464, 245.52914210728235, 244.62181091308594, 243.61595589773995, 242.2857622419085, 240.891850062779, 239.53072902134485, 238.26680428641183, 237.38919939313615, 236.7946515764509, 236.2344927106585, 235.81712559291296, 235.60812377929688, 235.5753217424665, 235.79497855050224, 236.0757795061384, 236.1551775251116, 236.11022731236048, 235.97569710867745, 235.71702139718192, 235.4071524483817, 234.98811776297433], "minibatch_train_losses": [369.72540283203125, 123.6014175415039, 227.81666564941406, 411.0740966796875, 216.53488159179688, 136.96697998046875, 302.4654235839844, 340.54449462890625, 148.8367462158203, 245.2938690185547, 353.9708251953125, 189.70602416992188, 174.04820251464844, 302.7735290527344, 285.9961853027344, 141.1474609375, 265.60723876953125, 339.69091796875, 192.98541259765625, 172.06332397460938, 287.80340576171875, 295.66741943359375, 174.01890563964844, 243.084716796875, 308.7767333984375, 249.77011108398438, 196.18319702148438, 236.9803466796875, 285.7364196777344, 227.6536865234375, 241.36709594726562, 264.15740966796875, 257.00732421875, 212.3483428955078, 222.1979522705078, 276.03851318359375, 220.55413818359375, 222.22805786132812, 267.54901123046875, 258.18792724609375, 179.3778076171875, 203.62930297851562, 305.6784362792969, 217.63768005371094, 173.29403686523438, 262.2056579589844, 280.463134765625, 171.45069885253906, 176.42330932617188, 304.4753723144531, 224.23178100585938, 162.8371124267578, 246.90496826171875, 263.25750732421875, 169.8873291015625, 184.913330078125, 286.93536376953125, 192.80831909179688, 157.99981689453125, 257.0328369140625, 243.773193359375, 138.63418579101562, 184.3170623779297, 291.8409423828125, 179.550048828125, 136.496337890625, 251.99142456054688, 251.51951599121094, 135.6783447265625, 167.61102294921875, 285.7047424316406, 198.05364990234375, 144.03805541992188, 238.75506591796875, 245.66546630859375, 152.62850952148438, 174.36924743652344, 282.8384704589844, 199.71083068847656, 149.54293823242188, 248.9212188720703, 244.60906982421875, 146.2813720703125, 168.7665252685547, 302.30975341796875, 205.5607452392578, 126.84479522705078, 246.1300811767578, 262.2851257324219, 149.67266845703125, 145.45791625976562, 304.1996765136719, 220.4141845703125, 125.60658264160156, 238.25543212890625, 262.2406005859375, 159.48838806152344, 152.62704467773438, 302.0793151855469, 212.13241577148438, 137.53330993652344, 258.7402038574219, 262.26568603515625, 148.6382293701172, 166.14657592773438, 316.39654541015625, 207.81642150878906, 141.04156494140625, 269.9941101074219, 270.4019775390625, 150.75587463378906, 170.8116455078125, 311.31561279296875, 212.0894317626953, 163.44020080566406, 268.9281005859375, 256.75579833984375, 163.7334747314453, 190.50875854492188, 300.5152587890625, 202.91012573242188, 183.99496459960938, 278.3176574707031, 247.71836853027344, 167.3489227294922, 196.82325744628906, 302.40679931640625, 207.05691528320312, 183.36392211914062, 269.87286376953125, 255.93753051757812, 181.40963745117188, 181.14768981933594, 290.12884521484375, 222.79998779296875, 184.4491424560547, 247.9512939453125, 257.3082275390625, 192.91558837890625, 170.52195739746094, 277.08599853515625, 226.93394470214844, 178.68020629882812, 238.13034057617188, 265.3758239746094, 185.82376098632812, 157.04335021972656, 280.7298583984375, 234.39694213867188, 161.4141387939453, 228.26022338867188, 281.63739013671875, 180.53802490234375, 140.757568359375, 281.9726257324219, 242.3697509765625, 151.58453369140625, 219.66763305664062, 282.62213134765625, 175.3086700439453, 136.4827880859375, 282.41265869140625, 235.59397888183594, 141.46823120117188, 222.17330932617188, 277.61962890625, 162.74136352539062, 132.1491241455078, 288.2735290527344, 230.6287841796875, 126.44355773925781, 220.06475830078125, 276.80718994140625, 159.62095642089844, 124.54854583740234, 284.45947265625, 232.31224060058594, 123.07150268554688, 212.81112670898438, 269.69012451171875, 161.95672607421875, 126.6630859375, 276.74298095703125, 227.4411163330078, 124.48853302001953, 213.5476531982422, 264.8738708496094, 156.0338134765625, 128.64785766601562, 278.642822265625, 225.5581512451172, 120.86853790283203, 214.3517608642578, 268.7650146484375, 153.45986938476562, 126.15029907226562, 281.599609375, 229.78396606445312, 122.83927917480469, 215.8844451904297, 268.76251220703125, 154.83322143554688, 130.3634490966797, 286.93353271484375, 229.1256103515625, 125.14912414550781, 