{"train_losses": [355.5447910853795, 268.0471976143973, 136.6299067905971, 151.47894505092077, 201.88285391671317, 219.11334010532923, 181.35096304757255, 137.36012050083704, 163.68528311593192, 167.14062282017298, 134.49637603759766, 154.3611777169364, 169.96234784807478, 143.10860552106584, 118.16355569022042, 111.58744594029018, 134.47479901994978, 155.56786019461495, 128.9291490827288, 99.37790243966239, 109.76316615513393, 123.90847996303013, 125.09658486502511, 115.8588147844587, 98.76023319789341, 102.00016457693917, 111.21745954241071, 104.94019862583706, 105.55381120954242, 107.13769640241351, 99.23436192103794, 95.87171282087054, 96.69889722551618, 100.66365814208984, 104.05693599155971, 95.11596025739398, 87.70005253383091, 94.351560320173, 98.19052233014789, 95.40162222726005, 92.51614597865513, 89.08352988106864, 90.46126665387835, 92.13449096679688, 90.75474875313895, 91.69077954973493, 90.37222508021763, 87.52311597551618, 88.07554735456195, 89.87502833775112, 90.18840789794922, 88.2794429234096, 86.67779650006976, 86.62122562953404, 87.81034415108817, 88.36733136858258, 87.09916360037667, 86.74817330496651, 86.31804874965123, 85.86099570138114, 86.88655308314732, 86.79619598388672, 86.16558837890625, 85.8671155657087, 85.23066820417132, 85.68954576764789, 86.40305437360492, 85.87498910086495, 85.29822322300502, 85.07492501395089, 85.0696531023298, 85.6874269757952, 85.57890210832868, 84.90114920479911, 85.00094931466239, 84.99483598981585, 85.02128274100167, 85.09627314976284, 84.91609409877232, 85.00204358782086, 84.74931226457868, 84.59587751116071, 84.83592987060547, 84.94788469587054, 84.89158194405692, 84.47420828683036, 84.50045885358539, 84.78325980050224, 84.72792598179409, 84.69061715262276, 84.45775277273995, 84.51165771484375, 84.66951860700335, 84.50150081089565, 84.57274191720145, 84.54908534458706, 84.47313799176898, 84.5117928641183, 84.42274475097656, 84.50440761021206, 84.55970655168805], "test_losses": [353.44676426478793, 274.85666111537387, 136.37675040108817, 154.53569684709822, 206.77528817313058, 217.6800580705915, 188.71444702148438, 137.04263959612166, 167.27233232770647, 171.74654061453683, 134.3482938494001, 160.42655726841517, 170.4446520124163, 147.14395141601562, 121.03152792794364, 112.97470419747489, 139.48966108049666, 155.6464102608817, 133.4611053466797, 101.4844948904855, 111.51582772391183, 128.21807425362724, 125.9990234375, 119.97188241141183, 100.47031075613839, 105.22150530133929, 114.29837036132812, 106.4203861781529, 110.40221187046596, 107.95513698032924, 103.05419158935547, 99.07484218052456, 97.93918282645089, 105.35847582135882, 105.2359640938895, 98.65415518624442, 90.49838692801339, 96.18843187604632, 102.34129769461495, 96.56600189208984, 96.27879551478794, 91.70560128348214, 92.34551783970424, 96.18096596854073, 92.39190891810826, 94.95785413469586, 93.21888732910156, 89.88498796735492, 91.29853166852679, 92.2131849016462, 93.33101000104632, 90.68978663853237, 89.60225459507534, 89.39872741699219, 90.25684356689453, 91.49723706926618, 89.38640921456474, 89.831056867327, 88.80532945905414, 88.6034905569894, 89.89196232386998, 88.9832534790039, 89.57213592529297, 88.12290518624442, 88.07135881696429, 88.83874402727399, 88.4659652709961, 89.33312552315849, 87.64874267578125, 87.81271798270089, 88.20733424595424, 87.86494554792132, 88.8467516217913, 87.32796260288784, 87.74556078229632, 87.99297768729073, 87.32351466587612, 88.24315534319196, 87.40917096819196, 87.7197036743164, 87.71008409772601, 87.04754856654576, 87.78469630650112, 87.630124773298, 87.59702954973493, 87.28129468645368, 87.22111511230469, 87.53729030064174, 87.44127328055245, 87.51569148472377, 87.09245954241071, 87.34023066929409, 87.37617928641183, 87.20057133265904, 87.41622379847935, 87.12474822998047, 87.38220323835101, 87.13532475062779, 87.14115578787667, 87.41733115059989, 87.03777095249721], "minibatch_train_losses": [349.1550598144531, 288.0616455078125, 228.08932495117188, 143.74755859375, 110.09638977050781, 130.66184997558594, 186.24700927734375, 270.48468017578125, 324.1724548339844, 321.72137451171875, 279.52801513671875, 210.8380889892578, 153.05068969726562, 122.26689910888672, 131.8915557861328, 172.2006378173828, 253.10595703125, 276.91998291015625, 272.7777099609375, 243.4511260986328, 191.0746307373047, 150.8580322265625, 133.63265991210938, 148.96249389648438, 183.39071655273438, 228.39022827148438, 240.28384399414062, 224.7037811279297, 201.23269653320312, 165.65411376953125, 150.32009887695312, 143.94247436523438, 150.5, 190.92529296875, 215.51449584960938, 214.08963012695312, 195.0195770263672, 189.17527770996094, 148.34384155273438, 140.7301025390625, 138.04669189453125, 147.1732635498047, 184.51889038085938, 202.97222900390625, 200.98904418945312, 195.64114379882812, 174.20921325683594, 153.67962646484375, 139.49383544921875, 130.50057983398438, 140.12547302246094, 179.32101440429688, 182.05908203125, 181.75706481933594, 185.9735565185547, 170.90899658203125, 165.54110717773438, 151.28762817382812, 149.74713134765625, 142.39068603515625, 156.841796875, 155.61167907714844, 155.63755798339844, 164.77496337890625, 168.55392456054688, 176.84930419921875, 176.5137176513672, 156.97372436523438, 153.24710083007812, 141.94302368164062, 129.85470581054688, 131.28045654296875, 156.05670166015625, 156.39859008789062, 176.8865966796875, 176.9235076904297, 160.3055419921875, 157.8819580078125, 135.77099609375, 127.50625610351562, 125.24122619628906, 131.4326629638672, 150.91021728515625, 165.90835571289062, 162.08145141601562, 157.7943115234375, 157.4844970703125, 136.31271362304688, 120.53462219238281, 120.57362365722656, 122.1667709350586, 145.63714599609375, 155.83767700195312, 162.95611572265625, 147.36395263671875, 143.2188262939453, 124.86722564697266, 112.36946868896484, 114.9098892211914, 123.18194580078125, 154.13783264160156, 161.79861450195312, 146.36276245117188, 143.7009735107422, 125.7772216796875, 107.19877624511719, 105.73975372314453, 119.40376281738281, 128.98973083496094, 156.3013916015625, 157.11846923828125, 141.83026123046875, 137.71078491210938, 113.11427307128906, 107.63142395019531, 102.79689025878906, 110.23330688476562, 134.46434020996094, 152.63287353515625, 147.4773406982422, 140.6609649658203, 141.6211700439453, 115.97933959960938, 97.31873321533203, 100.00965881347656, 103.83607482910156, 131.4302978515625, 146.30079650878906, 150.67726135253906, 139.24041748046875, 134.7696533203125, 113.037353515625, 97.62496948242188, 96.29379272460938, 101.11093139648438, 134.70135498046875, 143.88909912109375, 135.29766845703125, 137.30996704101562, 123.4883804321289, 105.25538635253906, 100.17231750488281, 108.6522216796875, 108.84786224365234, 127.20610046386719, 131.598876953125, 122.3922348022461, 126.88868713378906, 111.70831298828125, 109.85478973388672, 104.2648696899414, 106.31108856201172, 117.40699005126953, 125.11128234863281, 118.29846954345703, 113.33983612060547, 122.38871765136719, 109.49905395507812, 100.45303344726562, 102.80538940429688, 101.48057556152344, 117.0130844116211, 123.22055053710938, 126.05644226074219, 112.99729919433594, 111.60577392578125, 103.56482696533203, 95.09175109863281, 96.76929473876953, 96.88526153564453, 120.8561019897461, 123.78236389160156, 117.04932403564453, 117.08258056640625, 107.77902221679688, 98.12586975097656, 95.5664291381836, 102.18489074707031, 101.30229949951172, 112.4498291015625, 113.35235595703125, 106.19537353515625, 112.57778930664062, 106.03567504882812, 112.3241195678711, 102.49951171875, 99.46002197265625, 105.84474182128906, 105.71844482421875, 100.42253875732422, 97.17886352539062, 111.45452880859375, 109.48399353027344, 109.28153228759766, 108.08599090576172, 100.6875, 105.34180450439453, 103.2584228515625, 103.38423156738281, 96.75312042236328, 101.33158874511719, 104.12372589111328, 103.00230407714844, 105.25564575195312, 101.6332015991211, 116.20556640625, 105.41098022460938, 96.21434783935547, 98.60105895996094, 