{"train_losses": [354.30686732700894, 266.0093994140625, 137.53350612095423, 151.78538295200892, 199.6427219935826, 218.2125200544085, 179.3927939278739, 137.6370893205915, 163.59301103864397, 167.0433589390346, 134.04917362758093, 151.88566371372767, 170.47515651157923, 143.18713596888952, 118.18797629220145, 111.42320469447544, 132.93402971540178, 155.92931038992745, 128.488529750279, 99.62293788364956, 109.98889923095703, 123.09117889404297, 125.25881522042411, 115.07215554373605, 99.29951695033482, 102.48819187709263, 110.48396955217633, 105.07799748011998, 105.19912283761161, 107.38863045828683, 99.49461364746094, 95.70637839181083, 96.78881181989398, 100.53623526436942, 104.16578129359654, 95.10384477887835, 88.08967917306083, 94.33574567522321, 98.06417955671039, 95.65070125034877, 92.30596051897321, 89.68242427280971, 90.39584677559989, 92.02847508021763, 91.23805018833706, 91.28259713309151, 90.97052655901227, 87.62402888706752, 87.86668504987445, 90.48652866908482, 89.85423496791294, 88.63607243129185, 86.96207972935268, 86.45897892543248, 88.30611746651786, 88.25283595493862, 87.27707890101841, 87.04601287841797, 86.31981113978794, 86.19595445905414, 86.90647561209542, 86.92362649100167, 86.44846452985492, 85.96028900146484, 85.41740199497768, 85.8761476789202, 86.5072261265346, 86.06552015032086, 85.52085331508091, 85.15208762032645, 85.3251724243164, 85.84367915562221, 85.65828922816685, 85.19767761230469, 85.07855769566127, 85.22448839460101, 85.20759800502232, 85.17039162772042, 85.21741594587054, 85.07144492013114, 84.98145621163505, 84.79669080461774, 84.9049562726702, 85.25258200509208, 84.96726335797992, 84.68590872628349, 84.72366877964565, 84.86242348807198, 85.0022212437221, 84.79820142473493, 84.6551513671875, 84.72537885393415, 84.77672903878349, 84.75405665806362, 84.6950454711914, 84.73659079415458, 84.69098118373326, 84.6300539289202, 84.64963967459542, 84.66451154436383, 84.71963282993862], "test_losses": [353.44676426478793, 271.1932373046875, 137.92086356026786, 154.51610674176897, 203.56278337751115, 217.8344486781529, 185.23526218959265, 137.9369179861886, 166.8039790562221, 171.07198224748885, 134.3171157836914, 157.06407383510046, 171.4487806047712, 146.32598005022322, 121.34026227678571, 112.58298165457589, 137.0669228690011, 156.94955008370536, 131.60115596226282, 102.1577900477818, 111.63830130440849, 126.34823717389789, 127.02491106305804, 117.97284480503627, 101.31646401541573, 105.4966539655413, 112.77001408168248, 107.24495806012835, 108.91078077043805, 108.52164241245815, 103.15738024030414, 98.13558197021484, 98.54564230782645, 104.47879791259766, 105.32389831542969, 98.51810237339565, 90.46949332101005, 96.16104343959263, 101.78838130405971, 96.81252942766461, 95.63602120535714, 92.17642974853516, 92.1075929914202, 95.64562443324498, 92.88789694649833, 94.10511997767857, 93.72605351039341, 89.69636862618583, 90.82849230085101, 92.74610137939453, 92.52959987095424, 91.09281485421317, 89.4903793334961, 89.0267355782645, 90.69624655587333, 90.91729082380023, 89.58633967808315, 89.75365447998047, 88.64115687779018, 88.77268436976841, 89.53937312534877, 89.11081041608539, 89.39646802629743, 88.14683641706195, 88.03072248186383, 88.62765393938336, 88.61490522112165, 89.04136439732143, 87.77003479003906, 87.7050301688058, 88.06178392682757, 88.01365552629743, 88.52526419503349, 87.47650909423828, 87.63254111153739, 87.88165501185826, 87.43672507149833, 87.97310529436383, 87.53522600446429, 87.60295758928571, 87.63443756103516, 87.10440281459263, 87.59899248395648, 87.69879804338727, 87.47110094342914, 87.27395193917411, 87.1868155343192, 87.42381613595145, 87.49859728131976, 87.34358978271484, 87.1443852015904, 87.26880427769252, 87.27348000662667, 87.26728166852679, 87.24131338936942, 87.17233712332589, 87.31246730259487, 87.05029623849052, 87.18323298863002, 87.26900046212333, 87.0713882446289], "minibatch_train_losses": [354.923095703125, 302.37255859375, 208.65463256835938, 145.2611846923828, 106.66387939453125, 134.8747100830078, 193.1638946533203, 251.43246459960938, 316.57012939453125, 322.1480407714844, 279.71783447265625, 216.708984375, 154.00436401367188, 128.20176696777344, 131.97232055664062, 183.2045440673828, 231.500244140625, 277.65386962890625, 259.8173522949219, 244.00755310058594, 193.9175262451172, 146.69175720214844, 141.95819091796875, 148.3765869140625, 186.42466735839844, 226.8563232421875, 241.95445251464844, 228.5858154296875, 186.44288635253906, 165.85504150390625, 140.81539916992188, 145.46432495117188, 153.30308532714844, 189.36231994628906, 219.82476806640625, 215.49488830566406, 203.54641723632812, 174.4678192138672, 153.77420043945312, 131.32110595703125, 142.81887817382812, 152.91592407226562, 168.47586059570312, 204.94485473632812, 200.60784912109375, 195.0908203125, 176.44334411621094, 154.48753356933594, 143.4075927734375, 130.15188598632812, 147.19998168945312, 160.5742950439453, 184.77764892578125, 177.0326385498047, 186.18287658691406, 179.7790985107422, 157.2451171875, 153.934326171875, 146.96424865722656, 146.20057678222656, 151.47186279296875, 158.8590850830078, 160.10980224609375, 156.35635375976562, 177.20591735839844, 167.0592041015625, 174.29092407226562, 156.60650634765625, 150.75753784179688, 144.8355712890625, 129.02935791015625, 136.91458129882812, 146.98403930664062, 166.35604858398438, 170.16497802734375, 179.8115692138672, 168.8413543701172, 141.9000244140625, 136.37005615234375, 122.01214599609375, 123.9706039428711, 135.03402709960938, 153.45455932617188, 169.31576538085938, 163.07296752929688, 167.36668395996094, 142.6060028076172, 137.45977783203125, 113.79171752929688, 121.21855163574219, 129.50039672851562, 136.49310302734375, 157.6802215576172, 160.50082397460938, 154.83714294433594, 138.81419372558594, 127.27460479736328, 118.42367553710938, 108.44757843017578, 131.02288818359375, 140.2775421142578, 156.76165771484375, 150.12350463867188, 143.29849243164062, 129.14454650878906, 105.15011596679688, 110.93058013916016, 114.50062561035156, 138.67245483398438, 146.14483642578125, 159.89276123046875, 147.849853515625, 124.83534240722656, 117.16316223144531, 99.69721984863281, 103.66162109375, 113.85968780517578, 136.48443603515625, 156.66729736328125, 147.69482421875, 148.01412963867188, 127.18437194824219, 115.1178970336914, 96.13314819335938, 101.46479034423828, 111.1467056274414, 121.26129150390625, 147.46351623535156, 149.31341552734375, 148.46250915527344, 126.85597229003906, 116.08799743652344, 101.12285614013672, 92.07962799072266, 112.31242370605469, 119.14521026611328, 139.12945556640625, 139.58578491210938, 138.10165405273438, 128.9608612060547, 101.62713623046875, 102.19286346435547, 103.78245544433594, 116.421875, 121.31979370117188, 133.252197265625, 129.12789916992188, 115.68598175048828, 116.92364501953125, 102.15763092041016, 107.49844360351562, 104.75946044921875, 119.84663391113281, 126.83905792236328, 117.98101806640625, 123.99716186523438, 109.51127624511719, 107.96066284179688, 100.64729309082031, 104.79806518554688, 110.08881378173828, 106.1099624633789, 121.25653076171875, 123.00148010253906, 122.83462524414062, 107.17162322998047, 105.1630630493164, 100.0806884765625, 92.54999542236328, 108.03553009033203, 106.44554138183594, 120.38053131103516, 116.64583587646484, 119.70205688476562, 112.382080078125, 94.201904296875, 101.16719055175781, 97.75840759277344, 106.21534729003906, 107.5946044921875, 114.35061645507812, 113.94657897949219, 102.26636505126953, 108.4383544921875, 103.62654113769531, 109.19314575195312, 99.45735931396484, 106.74014282226562, 109.0317153930664, 97.86467742919922, 107.63790893554688, 100.47123718261719, 106.71976470947266, 106.72933959960938, 112.09878540039062, 108.30390167236328, 96.53762817382812, 105.15995788574219, 99.28517150878906, 104.73117065429688, 97.0624771118164, 104.58126831054688, 108.5785140991211, 100.16470336914062, 108.88912200927734, 103.06758117675781, 106.94973754882812, 97.28556060791016,