{"testproblem": "fmnist_mlp", "batch_size": 128, "num_epochs": 100, "random_seed": 42, "weight_decay": null, "optimizer_hyperparams": {"lr": 10.0}, "train_losses": [2.3021158377329507, 2.3869959727311745, 5.918393899232913, 2.580008503718254, 2.717379392721714, 2.703380089539748, 4.57685160331237, 2.620286782582601, 2.4978155814684353, 2.751593290231167, 3.0815154436307077, 3.1605357176218276, 2.646386553079654, 2.522278376114674, 2.6338816911746292, 2.790001753049019, 2.6188712058923183, 2.928456865824186, 2.5022743970919876, 2.6709335369941516, 2.691825350125631, 2.585596637848096, 2.4585616221794715, 2.5796971321105957, 2.4849750445439267, 2.4697300776457176, 3.0023308870119925, 2.4222699526028757, 3.0762501863332896, 2.6754784156114626, 2.4518727553196444, 3.59809982470977, 3.271612314077524, 2.564510486064813, 2.497000367213518, 2.540586856695322, 2.6437043318381677, 5.370696874765249, 2.6155271407885428, 2.3811114659676185, 2.891594593341534, 3.1068095794090858, 2.513630469640096, 2.8916352284260287, 2.702324240635603, 2.408631917757866, 2.518900311910189, 2.6731095711390176, 3.740188253231538, 2.4958720879677014, 2.5566734748008924, 4.266991560275738, 2.7555104922025633, 2.665662713539906, 3.0721659110142636, 2.6139144805761485, 2.725095327083881, 2.621150310222919, 3.581160184664604, 3.1719589202831955, 2.492424873205332, 3.6162751148908567, 2.5641895135243735, 3.4918614198, 2.4860482827211037, 2.618123540511498, 2.506306602404668, 3.1202054787904787, 3.293693423271179, 2.697765133319757, 2.706369843238439, 2.6824902968528943, 2.703769549345359, 2.533489688848838, 2.8103453715642295, 2.643907849605267, 3.0212537753276334, 2.509260715582432, 2.7690740793179245, 2.913179339506687, 3.110407049839313, 2.419605151200906, 2.673718978197147, 2.8712517328751392, 2.686183972236438, 3.178888651040884, 2.593839862407782, 2.657432739551251, 6.046684943712675, 2.694961288036444, 3.347479163072048, 2.492111704288385, 2.527149567237267, 2.7190634990349793, 2.863925350018037, 2.7489446798960366, 2.5464218793771205, 2.515672102952615, 2.583987758709834, 3.1657277987553525, 2.878295687528757], "test_losses": [2.3022368321051965, 2.3820318839488883, 5.911541529190846, 2.578941699786064, 2.729497622220944, 2.6871317563912807, 4.559168491608057, 2.615854513950837, 2.501633405685425, 2.75213037393032, 3.074477733709873, 3.150259791276394, 2.66652084619571, 2.524660275532649, 2.616483893149938, 2.794452963731228, 2.6235226820676756, 2.9425046902436476, 2.496838459601769, 2.6716110614629893, 2.6978021493324866, 2.588531723389259, 2.4629840636864686, 2.575522545056465, 2.4874368600356274, 2.461693387765151, 3.0060247488510914, 2.4193807932046743, 3.070771963168413, 2.6768827254955587, 2.451399026772915, 3.6109863091737795, 3.2719437220157723, 2.5680881432997875, 2.500212846658169, 2.5393137534459433, 2.6418521343133388, 5.357584121899727, 2.6196842254736485, 2.380421589582394, 2.9083418051401773, 3.1283930173287025, 2.513641785352658, 2.892270782054999, 2.6956659066371427, 2.4078695437847037, 2.516413355484987, 2.6775677784895286, 3.72221411497165, 2.4960946303147535, 2.5552205611497927, 4.212359122740916, 2.7521604085579896, 2.659310188048925, 3.04870167756692, 2.6149228108234897, 2.746800551047692, 2.6041591198016434, 3.5685749359619923, 3.1833604146272707, 2.485013802846273, 3.6499115106387015, 2.570768808707213, 3.4721942375867796, 2.492178580699823, 2.609637792293842, 2.502753107975691, 3.111880797606248, 3.3298476353669777, 2.6966257095336914, 2.7252510633224096, 2.685690332681705, 2.7024219647431984, 2.525804660259149, 2.805748734718714, 2.650291057733389, 3.0651731307689962, 2.516945704435691, 2.77488942635365, 2.922147818100758, 3.1230692832897873, 2.4195832044650345, 2.6770216043178854, 2.8905398417741823, 2.686476591305855, 3.1714170407026243, 2.5970901281405716, 2.6667791666128697, 6.009474149117103, 2.6973357873085217, 3.308931922301268, 2.4931817207580957, 2.525794197351505, 2.723917475113502, 2.8631610381297574, 2.7357930006125035, 2.5500600154583273, 2.512880835777674, 2.5926690071057052, 3.139491252410106, 2.8860307381703305], "train_accuracies": [0.10817307692307693, 0.09685496794871795, 0.09695512820512821, 0.10056089743589744, 0.10106169871794872, 0.09705528846153846, 0.09625400641025642, 0.09845753205128205, 0.1031650641025641, 0.10196314102564102, 0.10146233974358974, 0.09965945512820513, 0.09655448717948718, 0.09875801282051282, 0.10206330128205128, 0.09425080128205128, 0.10186298076923077, 0.10286458333333333, 0.10266426282051282, 0.10026041666666667, 0.10857371794871795, 0.09735576923076923, 0.1031650641025641, 0.10416666666666667, 0.10236378205128205, 0.09735576923076923, 0.10396634615384616, 0.09755608974358974, 0.09955929487179487, 0.10036057692307693, 0.09785657051282051, 0.10016025641025642, 0.10096153846153846, 0.10266426282051282, 0.10136217948717949, 0.09785657051282051, 0.10416666666666667, 0.10166266025641026, 0.10106169871794872, 0.10366586538461539, 0.10466746794871795, 0.10006009615384616, 0.09865785256410256, 0.09835737179487179, 0.10036057692307693, 0.09725560897435898, 0.1024639423076923, 0.10046073717948718, 0.09875801282051282, 0.10116185897435898, 0.09915865384615384, 0.09445112179487179, 0.10136217948717949, 0.09625400641025642, 0.09845753205128205, 0.10176282051282051, 0.10416666666666667, 0.0946514423076923, 0.09725560897435898, 0.10657051282051282, 0.09445112179487179, 0.10056089743589744, 0.10166266025641026, 0.1015625, 0.10206330128205128, 0.10086137820512821, 0.09585336538461539, 0.09875801282051282, 0.0999599358974359, 0.09835737179487179, 0.10346554487179487, 0.10216346153846154, 0.09985977564102565, 0.09755608974358974, 0.10657051282051282, 0.09845753205128205, 0.09515224358974358, 0.10036057692307693, 0.10406650641025642, 0.10076121794871795, 0.10406650641025642, 0.09635416666666667, 0.0992588141025641, 0.09875801282051282, 0.10126201923076923, 0.09955929487179487, 0.10226362179487179, 0.10236378205128205, 0.10216346153846154, 0.0967548076923077, 0.09875801282051282, 0.10256410256410256, 0.10236378205128205, 0.10306490384615384, 0.10146233974358974, 0.09815705128205128, 0.10006009615384616, 0.1015625, 0.10476762820512821, 0.10076121794871795, 0.10216346153846154],