{"testproblem": "mnist_mlp", "batch_size": 128, "num_epochs": 100, "random_seed": 42, "weight_decay": null, "optimizer_hyperparams": {"lr": 15.848931924611142, "momentum": 0.99}, "train_losses": [2.3034798334806394, 82.2905502319336, 127.28999758989383, 98.44436674851637, 166.78863662328476, 94.39565991132687, 127.40896479288737, 83.325805859688, 74.0942864051232, 107.90869932908278, 116.72061078976363, 101.02563114655324, 99.71250954652444, 67.67007426726512, 102.70805818606645, 92.27102563320062, 80.78546827267378, 125.78212473942683, 92.56424048008063, 72.77346640366774, 153.30145165859125, 100.35034512250851, 69.12400891230656, 65.66564897390512, 126.40636952718098, 98.40350977579753, 87.80275706755809, 201.05987059764374, 95.95585055228992, 134.00038411067084, 58.17520239414313, 115.80540681496645, 105.66780618520883, 71.36071053529398, 107.3857153868064, 108.83487662290915, 97.21546319814829, 59.53752845372909, 147.9739538339468, 67.76358716915816, 92.78524897648738, 96.65685731936723, 137.82649524395282, 64.56158109811636, 125.8538684355907, 126.1434201949682, 43.03843581370818, 95.3398695725661, 88.72176175239758, 94.64772728161934, 80.66641861353165, 60.258483397655, 82.78863427577875, 160.75277220897186, 121.25527592194386, 132.88818095280573, 95.90523763803336, 111.96185948298528, 113.85724258422852, 131.04795289650943, 65.32820325020032, 122.66806969275841, 138.91385728884967, 112.74219366220328, 155.92214858226288, 104.42185886089618, 131.40545282608423, 163.8168539389586, 72.4128771072779, 57.812622657189, 99.76678359202849, 96.19347146841196, 127.08220760638898, 72.2291636344714, 60.82059684166541, 82.58854469886192, 85.09539970984825, 84.22436748406825, 114.58898798624675, 140.4615994966947, 79.49086815271622, 56.41312692104242, 94.88290170522836, 172.29079456818408, 94.23685514009915, 126.99821843856421, 77.14506770402957, 118.33551387297801, 108.12223669198843, 65.79395294189453, 82.32389733730218, 79.50776696816469, 152.74171056502905, 124.34923162215796, 117.91208971463718, 105.75025294377254, 61.30126273326385, 63.05234009180314, 95.22141119150015, 128.78481948070038, 114.60343982011844], "test_losses": [2.3034419279832106, 82.73195481911684, 127.45281014075645, 98.60104164710411, 167.72939946101263, 94.13250399858524, 128.22337360871143, 82.84433521368565, 74.87912432352702, 110.46329488509741, 116.68586985270183, 100.04006654788286, 98.61030911176633, 67.49337294162848, 102.83355194483048, 94.64551632220929, 81.92605532132663, 126.32967767959985, 93.60979921389848, 73.35724899096367, 154.085202730619, 100.7842037494366, 68.6380918942965, 65.66922344305577, 125.90724592942458, 98.60589061639247, 86.64616462511894, 200.60321553548178, 96.29388564672226, 134.45307247455304, 57.9376999781682, 114.65218783647586, 105.05386704664964, 72.15400725144606, 106.38196387657753, 106.69905178363507, 98.33722021640875, 59.51829269604805, 149.70092059404422, 66.48499405689729, 92.90001658904247, 95.93299249502329, 137.78113673283502, 65.18121929657765, 127.0407953506861, 125.70582609910231, 43.18318137144431, 96.01344025440706, 88.30408673408704, 95.065734178592, 80.4245477334047, 60.76256986764761, 83.10140282068497, 159.30714416503906, 120.31382272182367, 135.5512318733411, 96.71011743790064, 112.20424984662961, 113.08606817783453, 132.4574091006548, 64.99199886811085, 121.951905079377, 137.04162216186523, 111.5246698428423, 155.71070979191705, 103.66809189625276, 131.71964420416415, 163.99394734700522, 72.58279736836751, 57.54690385476137, 98.789064456255, 95.11925858717699, 126.20971943781926, 70.72558945875902, 60.42189324207795, 83.40984686827048, 84.98281645163512, 84.9356446877504, 114.69560368855794, 140.29428550524588, 81.62064087696565, 56.3178105476575, 94.83434559748723, 168.84788845746945, 95.18731180826823, 128.04922720102164, 77.26096598307292, 117.49564332228441, 107.71053715241261, 65.07729545006386, 82.18755800296098, 79.81541188557942, 152.04933792505508, 124.94870826525566, 118.00987145839593, 106.55649028680263, 62.0483475220509, 62.86548717205341, 94.12553405761719, 130.49943689199594, 116.29103059035081], "train_accuracies": [0.08543669871794872, 0.0992588141025641, 0.0960536858974359, 0.11117788461538461, 0.09915865384615384, 0.09585336538461539, 0.10767227564102565, 0.10837339743589744, 0.09334935897435898, 0.10266426282051282, 0.10306490384615384, 0.09725560897435898, 0.10216346153846154, 0.09935897435897435, 0.09895833333333333, 0.11017628205128205, 0.10406650641025642, 0.10476762820512821, 0.09695512820512821, 0.09975961538461539, 0.09635416666666667, 0.08794070512820513, 0.10797275641025642, 0.09865785256410256, 0.0907451923076923, 0.10426682692307693, 0.09865785256410256, 0.09935897435897435, 0.09545272435897435, 0.10236378205128205, 0.09645432692307693, 0.09455128205128205, 0.0992588141025641, 0.10446714743589744, 0.10196314102564102, 0.09785657051282051, 0.09875801282051282, 0.10687099358974358, 0.10586939102564102, 0.10406650641025642, 0.1123798076923077, 0.10006009615384616, 0.10126201923076923, 0.10086137820512821, 0.10286458333333333, 0.10406650641025642, 0.10927483974358974, 0.10627003205128205, 0.09274839743589744, 0.1006610576923077, 0.09104567307692307, 0.09405048076923077, 0.0967548076923077, 0.09815705128205128, 0.1038661858974359, 0.10677083333333333, 0.08974358974358974, 0.09795673076923077, 0.10306490384615384, 0.10556891025641026, 0.10306490384615384, 0.10106169871794872, 0.09645432692307693, 0.09865785256410256, 0.09825721153846154, 0.09805689102564102, 0.11708733974358974, 0.09364983974358974, 0.11227964743589744, 0.10076121794871795, 0.10206330128205128, 0.09785657051282051, 0.09905849358974358, 0.09905849358974358, 0.09895833333333333, 0.0960536858974359, 0.08934294871794872, 0.10907451923076923, 0.09835737179487179, 0.10416666666666667, 0.09044471153846154, 0.11338141025641026, 0.10356570512820513, 0.10226362179487179, 0.09885817307692307, 0.09194711538461539, 0.10036057692307693, 0.09565304487179487, 0.09565304487179487, 0.09775641025641026, 0.10096153846153846, 0.09755608974358974, 0.09905849358974358, 0.08623798076923077, 0.09154647435897435, 0.09314903846153846, 0.09665464743589744, 0.09945913461538461, 0.10877403846153846, 0.09385016025641026, 0.09705528846153846],