{"train_losses": [353.9337594168527, 353.5992954799107, 353.26534598214283, 352.9315926688058, 352.59810529436385, 352.26487513950894, 351.9319588797433, 351.599365234375, 351.267081124442, 350.9351370675223, 350.603524344308, 350.2722603934152, 349.94131905691967, 349.6107177734375, 349.2804652622768, 348.95059640066967, 348.6210501534598, 348.29185703822543, 347.9630039760045, 347.63450404575894, 347.3063746861049, 346.9785810198103, 346.651131766183, 346.3240182059152, 345.9972621372768, 345.67086356026783, 345.3448006766183, 345.0190865652902, 344.6937168666295, 344.3687090192522, 344.04404994419644, 343.71972220284596, 343.3957257952009, 343.07210431780135, 342.7488098144531, 342.42586408342635, 342.103271484375, 341.781014578683, 341.4591151646205, 341.1375427246094, 340.81629725864957, 340.4953918457031, 340.17484392438615, 339.8546404157366, 339.53480311802457, 339.2152622767857, 338.89607892717635, 338.5772225516183, 338.25872802734375, 337.94056919642856, 337.6227068219866, 337.305184500558, 336.988028390067, 336.67120361328125, 336.3547145298549, 336.0385524204799, 335.7227303641183, 335.40724400111606, 335.0921064104353, 334.77728271484375, 334.46280343191967, 334.1486293247768, 333.8348127092634, 333.5213056291853, 333.20814296177457, 332.89530290876115, 332.58279854910717, 332.2706211635045, 331.9587925502232, 331.6472647530692, 331.3360682896205, 331.0252031598772, 330.7146693638393, 330.4044451032366, 330.09456525530135, 329.78501674107144, 329.47576904296875, 329.16685267857144, 328.85828072684154, 328.55001395089283, 328.24208286830356, 327.93446568080356, 327.62718418666293, 327.32017735072543, 327.01354544503346, 326.7072056361607, 326.4011928013393, 326.0955156598772, 325.79015677315846, 325.48509434291293, 325.1803719656808, 324.8759547642299, 324.5718558175223, 324.268057686942, 323.964599609375, 323.6614510672433, 323.3586164202009, 323.0561043875558, 322.75389317103793, 322.45202200753346, 322.1504560198103], "test_losses": [353.44676426478793, 353.11495535714283, 352.7836390904018, 352.4525408063616, 352.12169974190846, 351.79110281808033, 351.4608415876116, 351.13087245396207, 350.8012433733259, 350.47192818777904, 350.14294869559154, 349.8143048967634, 349.4860098702567, 349.15804617745533, 348.83042689732144, 348.50316074916293, 348.17625645228793, 347.84969656808033, 347.5234680175781, 347.1975882393973, 346.872061593192, 346.54691423688615, 346.2220676967076, 345.8975830078125, 345.5734296526228, 345.2496555873326, 344.9261997767857, 344.6031188964844, 344.2803431919643, 343.9579380580357, 343.6358860560826, 343.3141653878348, 342.9927716936384, 342.67175728934154, 342.3510524204799, 342.0306963239397, 341.7107151576451, 341.39105224609375, 341.0717337472098, 340.75274658203125, 340.43409946986606, 340.1157793317522, 339.7978297642299, 339.4801984514509, 339.1629377092634, 338.8459908621652, 338.52937970842635, 338.2131086077009, 337.8971906389509, 337.5815996442522, 337.2663269042969, 336.9513724190848, 336.63677978515625, 336.3225402832031, 336.00860595703125, 335.6950204031808, 335.3817618233817, 335.068838936942, 334.75626046316967, 334.4439958844866, 334.13206699916293, 333.8204563685826, 333.50919451032365, 333.19824654715404, 332.88763427734375, 332.5773489815848, 332.2673819405692, 331.95775931222096, 331.6484680175781, 331.33948189871654, 331.0308401925223, 330.7225123814174, 330.4145071847098, 330.1068376813616, 329.7995038713728, 329.4924752371652, 329.1857648577009, 328.879385811942, 328.5733337402344, 328.26761300223217, 327.9622017996652, 327.6571132114955, 327.3523385184152, 327.0478820800781, 326.7437438964844, 326.43993704659596, 326.13643973214283, 325.83328683035717, 325.53043038504467, 325.2278965541295, 324.9256896972656, 324.62377493722096, 324.3222002301897, 324.0209045410156, 323.71995326450894, 323.41930716378346, 323.1189880371094, 322.81895664760043, 322.5192565917969, 322.2198922293527, 321.92081560407365], "minibatch_train_losses": [369.72540283203125, 362.61407470703125, 361.09503173828125, 352.5489196777344, 362.3476257324219, 337.87103271484375, 330.3426513671875, 369.38262939453125, 362.27197265625, 360.759765625, 352.2166748046875, 362.0072937011719, 337.5480041503906, 330.01904296875, 369.0404052734375, 361.930419921875, 360.4248046875, 351.88470458984375, 361.6671142578125, 337.2252197265625, 329.6956481933594, 368.6983337402344, 361.589111328125, 360.0900573730469, 351.552978515625, 361.3272399902344, 336.902587890625, 329.3724670410156, 368.35650634765625, 361.2480773925781, 359.75555419921875, 351.22149658203125, 360.9875793457031, 336.5802917480469, 329.049560546875, 368.01495361328125, 360.9073181152344, 359.42132568359375, 350.89031982421875, 360.64825439453125, 336.25830078125, 328.72698974609375, 367.6737365722656, 360.56683349609375, 359.0874328613281, 350.5594482421875, 360.3092041015625, 335.9366455078125, 328.40472412109375, 367.33282470703125, 360.2266845703125, 358.75384521484375, 350.2288818359375, 359.97052001953125, 335.615234375, 328.082763671875, 366.99224853515625, 359.8868713378906, 358.42059326171875, 349.898681640625, 359.63214111328125, 335.2942199707031, 327.7611083984375, 366.6519775390625, 359.54736328125, 358.087646484375, 349.56878662109375, 359.2940673828125, 334.9735107421875, 327.4398193359375, 366.31207275390625, 359.20819091796875, 357.75506591796875, 349.23919677734375, 358.95635986328125, 334.65313720703125, 327.118896484375, 365.97247314453125, 358.869384765625, 357.42279052734375, 348.9099426269531, 358.6190185546875, 334.3330993652344, 326.79827880859375, 365.63323974609375, 358.5308837890625, 357.0909118652344, 348.5810852050781, 358.281982421875, 334.0133972167969, 326.4779968261719, 365.29437255859375, 358.1927490234375, 356.7593078613281, 348.2525634765625, 357.94525146484375, 333.6940612792969, 326.1580810546875, 364.9558410644531, 357.8549499511719, 356.42803955078125, 347.92437744140625, 357.6089172363281, 333.37506103515625, 325.8385314941406, 364.61767578125, 357.5175476074219, 356.09716796875, 347.5965270996094, 357.27294921875, 333.0564270019531, 325.5193176269531, 364.27984619140625, 357.180419921875, 355.7666320800781, 347.26904296875, 356.9372863769531, 332.73809814453125, 325.200439453125, 363.9423828125, 356.84368896484375, 355.43646240234375, 346.94189453125, 356.60198974609375, 332.420166015625, 324.88189697265625, 363.605224609375, 356.50726318359375, 355.1065673828125, 346.6151123046875, 356.2670593261719, 332.1025695800781, 324.5636901855469, 363.2684326171875, 356.1712646484375, 354.777099609375, 346.2886962890625, 355.9324951171875, 331.7853088378906, 324.2458801269531, 362.93206787109375, 355.8355712890625, 354.44793701171875, 345.96258544921875, 355.5982360839844, 331.4684143066406, 323.92840576171875, 362.59600830078125, 355.500244140625, 354.119140625, 345.6368713378906, 355.26434326171875, 331.1518249511719, 323.6112365722656, 362.2602844238281, 355.16522216796875, 353.7906494140625, 345.31146240234375, 354.9307861328125, 330.83563232421875, 323.29443359375, 361.9249267578125, 354.83056640625, 353.4625549316406, 344.9864196777344, 354.59759521484375, 330.519775390625, 322.97796630859375, 361.5899353027344, 354.49627685546875, 353.1347961425781, 344.6617126464844, 354.2647399902344, 330.2042541503906, 322.661865234375, 361.2552795410156, 354.162353515625, 352.8074035644531, 344.33740234375, 353.9322814941406, 329.8890686035156, 322.34613037109375, 360.92095947265625, 353.8287658691406, 352.4803466796875, 344.0133972167969, 353.60009765625, 329.57427978515625, 322.03070068359375, 360.58697509765625, 353.4955139160156, 352.153564453125, 343.68975830078125, 353.26824951171875, 329.2597351074219, 321.71563720703125, 360.2533874511719, 353.16265869140625, 351.8271789550781, 343.366455078125, 352.93682861328125, 328.9455871582031, 321.40093994140625, 359.920166015625, 352.830078125, 351.50115966796875, 343.04345703125, 352.6056823730469, 328.6318359375, 321.0865478515625, 359.5872802734375, 352.4979248046875, 