{"testproblem": "fmnist_mlp", "batch_size": 128, "num_epochs": 100, "random_seed": 42, "weight_decay": null, "optimizer_hyperparams": {"lr": 3.9810717055349695e-05, "momentum": 0.99}, "train_losses": [2.3021158377329507, 2.2766252481020413, 2.2023798380142603, 1.921810316733825, 1.3771023735021934, 1.090540817150703, 0.9529895813037188, 0.8393521232482715, 0.7891293229200901, 0.7423909948422358, 0.7086820953931564, 0.6810481418401767, 0.643582746004447, 0.6348356753587723, 0.6197653439564582, 0.6078968334656495, 0.5753776018436139, 0.5848844613020237, 0.562140383781531, 0.5390324199046844, 0.5389518894446201, 0.531727236814988, 0.5147059861666117, 0.5303866985516671, 0.502504214262351, 0.4835106994097049, 0.4944591380846806, 0.4815642317900291, 0.4700008600186079, 0.45256322393050563, 0.4575634579627942, 0.46768567195305455, 0.43966004214225674, 0.45529098846973515, 0.4423410632671454, 0.433825793556678, 0.4427228772487396, 0.43335887751518154, 0.4238315247572385, 0.4118461419756596, 0.40924136417034346, 0.4194036557888373, 0.40774640383628696, 0.4145251917533385, 0.409894768626262, 0.39772653847168654, 0.39658408898573655, 0.40158767081224, 0.4046681313178478, 0.3857776207419542, 0.3834694497860395, 0.39285054134252745, 0.38640578167560774, 0.3804685607170447, 0.3771050154016568, 0.3725740004044313, 0.38151293763747585, 0.3753773604448025, 0.36833798503264403, 0.3770397569124515, 0.37039806235295075, 0.3562481645972301, 0.3518187384574841, 0.35621487826873094, 0.3695454463744775, 0.37372293094029796, 0.35292328149080276, 0.34844144987754333, 0.34637252604350066, 0.3595242685614488, 0.3478641901642848, 0.3412033663346217, 0.32701006589027554, 0.3408432832131019, 0.333066463470459, 0.3392524127012644, 0.3363501740953861, 0.3526403284989871, 0.3254982414535987, 0.3524242139015442, 0.33069155174188125, 0.3343988339870404, 0.3342169479299814, 0.3256967474634831, 0.30927861825777936, 0.3141103776601645, 0.34091820472326034, 0.3084160838371668, 0.3255159283677737, 0.31285441609529346, 0.3157754628322063, 0.30822093574664533, 0.3219914562427081, 0.31930897461298186, 0.31650565354487836, 0.30041046879994565, 0.3043852956631245, 0.29153281507583767, 0.28953773853106374, 0.29308737680698055, 0.30235230254057127], "test_losses": [2.3022368321051965, 2.2770554652580848, 2.2036684445845776, 1.927148427718725, 1.3828009137740502, 1.1103466412959955, 0.9575934509436289, 0.8588418226975661, 0.7983058201961029, 0.7521403989730737, 0.7233610237256075, 0.6946721806740149, 0.6734527685703375, 0.652226176781532, 0.6326360301329539, 0.6158675566697732, 0.6026258919483576, 0.5906917368754362, 0.579934298610076, 0.5687133589616189, 0.5600744546988071, 0.5492337999435571, 0.5489935064927126, 0.5334757982920377, 0.5259879701412641, 0.5208521603773801, 0.5127915071371274, 0.5101604079588865, 0.5043025238391681, 0.4989048265493833, 0.49741724324532044, 0.49149827620921993, 0.48446053648606324, 0.48740097689322937, 0.48617064303312546, 0.47055726173596507, 0.4737895329793294, 0.4699546366165846, 0.4617510560231331, 0.46231211492648494, 0.45571286517840165, 0.4592183029804474, 0.44955708736028427, 0.4475185909332373, 0.4443635562291512, 0.4429791225836827, 0.4402457017164964, 0.4414691638488036, 0.4368663124549083, 0.43276982525220287, 0.4319403358759024, 0.4309875304118181, 0.43100966341220415, 0.424206626147796, 0.4278409698834786, 0.42086992584742033, 0.4274734976964119, 0.4284525043689288, 0.4153471806874642, 0.4229286798299887, 0.4141110407236295, 0.4167917783443744, 0.40749584749723095, 0.4077255080143611, 0.4149636442844684, 0.41177861392498016, 0.40822896705223966, 0.4006360513277543, 0.4072491455918703, 0.4044052469424712, 0.3984884426761896, 0.39608182376011825, 0.3963850343074554, 0.3938774674748763, 0.39384842759523636, 0.3939966156314581, 0.39375135417167956, 0.3908743867889429, 0.38762644945811003, 0.3982069452221577, 0.38332285884863293, 0.38958678891261417, 0.3808178263596999, 0.3817138622204463, 0.38165331479066456, 0.37693746311542314, 0.39409098162865025, 0.376748678393853, 0.38011210507307297, 0.3713895191366856, 0.375110418177568, 0.37260995461390567, 0.3755943299486087, 0.37939597016725785, 0.3715320225709524, 0.36553407403138966, 0.3662112968472334, 0.36330916426884824, 0.3672825082754477, 0.3630737368112955, 0.36540601631769765], "train_accuracies": [0.10817307692307693, 0.2398838141025641, 0.26782852564102566, 0.48227163461538464, 0.48547676282051283, 0.6063701923076923, 0.6227964743589743, 0.6704727564102564, 0.6873998397435898, 0.7114383012820513, 0.7265625, 0.7501001602564102, 0.7584134615384616, 0.7694310897435898, 0.77734375, 0.7884615384615384, 0.8017828525641025, 0.7952724358974359, 0.8126001602564102, 0.8100961538461539, 0.8107972756410257, 0.8135016025641025, 0.8198116987179487, 0.8151041666666666, 0.8264222756410257, 0.8309294871794872, 0.8269230769230769, 0.8337339743589743, 0.835136217948718, 0.8432491987179487, 0.8395432692307693, 0.8342347756410257, 0.8478565705128205, 0.8357371794871795, 0.8439503205128205, 0.8491586538461539, 0.8481570512820513, 0.8459535256410257, 0.8524639423076923, 0.8578725961538461, 0.8567708333333334, 0.8538661858974359, 0.8581730769230769, 0.8567708333333334, 0.8574719551282052, 0.8615785256410257, 0.8618790064102564, 0.8622796474358975, 0.8605769230769231, 0.8720953525641025, 0.8685897435897436, 0.866386217948718, 0.8629807692307693, 0.8683894230769231, 0.8692908653846154, 0.8717948717948718, 0.8630809294871795, 0.8708934294871795, 0.874198717948718, 0.8683894230769231, 0.8730969551282052, 0.874198717948718, 0.8794070512820513, 0.8791065705128205, 0.8689903846153846, 0.8689903846153846, 0.8811097756410257, 0.8803084935897436, 0.8783052884615384, 0.8735977564102564, 0.8794070512820513, 0.8804086538461539, 0.8872195512820513, 0.8806089743589743, 0.8856169871794872, 0.8842147435897436, 0.8813100961538461, 0.8763020833333334, 0.883613782051282, 0.8803084935897436, 0.8852163461538461, 0.8822115384615384, 0.8840144230769231, 0.8886217948717948, 0.8885216346153846, 0.8891225961538461, 0.8807091346153846, 0.8954326923076923, 0.8844150641025641, 0.8924278846153846, 0.8884214743589743, 0.8956330128205128, 0.8868189102564102, 0.8863181089743589, 0.8903245192307693, 0.8957331730769231, 0.8948317307692307, 0.8971354166666666, 0.8978365384615384, 0.8965344551282052, 0.8938301282051282],