{"testproblem": "mnist_mlp", "batch_size": 128, "num_epochs": 100, "random_seed": 42, "weight_decay": null, "optimizer_hyperparams": {"lr": 0.01584893192461114}, "train_losses": [2.3034798334806394, 0.19763980930050215, 0.14482879820160377, 0.1595475197984622, 0.10538877527683209, 0.09822124111442229, 0.10008067422761367, 0.14136059625217548, 0.0961829593214087, 0.10217032235306807, 0.10247233046744114, 0.1038830219887388, 0.07615956243796226, 0.101257820876363, 0.12825447959729877, 0.07430570260979809, 0.08062663898827174, 0.08191367536066817, 0.06853234999550459, 0.08928628977483664, 0.08422310487964214, 0.06496237924035925, 0.0593087984344516, 0.06261460936795442, 0.06770452577620745, 0.05401436841258636, 0.11023746362815683, 0.0721468872581728, 0.0917677897721147, 0.05886210925065172, 0.07034185755615815, 0.08102774824230717, 0.048900073644920036, 0.04798738213064961, 0.06715355400378123, 0.12283157262330253, 0.06582977153504124, 0.07948377429961394, 0.06525039763595814, 0.08840956093552403, 0.05286421361737526, 0.06608688918491587, 0.07418302780924699, 0.03856036728486801, 0.057682390694912426, 0.07731474358110856, 0.04839536191847844, 0.03270253345656853, 0.03722001299357567, 0.04329669257052816, 0.20037085152207276, 0.054329188086856633, 0.052883694820010506, 0.052982053313499845, 0.037800729680710875, 0.033882237827548616, 0.07819384617062333, 0.033213729050774604, 0.056853706745478585, 0.03530473252519583, 0.03949449735526473, 0.04762711934745312, 0.14597206455297196, 0.05874190549963178, 0.11585409225275119, 0.04880419094115496, 0.03153904744734367, 0.07401613228452894, 0.045144823320114456, 0.13327044465889534, 0.12146879937977363, 0.05426449308362909, 0.08170566507256947, 0.03782710754193175, 0.03713048371271445, 0.029662419552317798, 0.027612081131873988, 0.09033239831049474, 0.04736054082138416, 0.06612719846172975, 0.05081008104846264, 0.10561083636891383, 0.02906599107126777, 0.023926122102122277, 0.028506029540529616, 0.048405641391395755, 0.07099581146851563, 0.023745875471295454, 0.03691841974758949, 0.06732610453111239, 0.030883336045707647, 0.03495878797884171, 0.04065412562340498, 0.07859468118598063, 0.4079409109380765, 0.10085426294841827, 0.03843151886637012, 0.09055449369435127, 0.049356090621306345, 0.08439191424837097, 0.07468326621426222], "test_losses": [2.3034419279832106, 0.19891203889766565, 0.1898387208676491, 0.19944882691384125, 0.15328707725096208, 0.13891501567111567, 0.13643240968052012, 0.19957614852449831, 0.16990114452365118, 0.1733601003025587, 0.1739340661189113, 0.17345105804120883, 0.1549654570288765, 0.17712406582461718, 0.2235611230851366, 0.18182582128793, 0.16327237366483763, 0.24590654697460243, 0.17814427050642478, 0.23467244212635052, 0.21303871773087826, 0.20296162273734808, 0.21986834409957132, 0.1640357735256354, 0.16615971526465353, 0.16886008342202657, 0.27735691942656654, 0.19750462548855025, 0.28837288961483115, 0.20490737097003522, 0.24017089596973398, 0.23025147327914453, 0.18929210148799497, 0.2233407335379758, 0.22245690654008052, 0.2795706692939767, 0.23073995939623088, 0.22291097787614816, 0.24844234632566953, 0.3007433134346054, 0.2224592508222812, 0.25913862734794235, 0.2809048065056021, 0.2078947566019801, 0.2652837667399301, 0.32858487015637833, 0.21624489920213819, 0.23443369538738176, 0.2622720568966216, 0.2428061485481568, 0.37166576877905005, 0.22949552918091798, 0.25677552453887004, 0.27278229558410555, 0.3936489500487462, 0.2333189126653358, 0.3002507974847387, 0.2612815217759747, 0.304689078245503, 0.2548806722729634, 0.237962123639404, 0.3157389424383067, 0.6081146768843516, 0.3170486065105368, 0.45332712250260204, 0.37714913157889474, 0.3280902202241123, 0.4632522535438721, 0.5841318462999203, 0.48497272366419053, 0.39620320377154994, 0.3734538117184853, 0.3402074253759705, 0.2999605612638287, 0.2807398586271283, 0.32245156416096366, 0.2771757930660477, 0.4316542942602283, 0.3222659906873909, 0.37208109778853565, 0.4381329013177982, 0.48049621799817455, 0.3126363801674392, 0.3055237673031978, 0.40950614681992775, 0.3745773176495463, 0.43596230768479216, 0.3602819508896806, 0.44963806588202715, 0.44228295234437937, 0.2957912117409974, 0.3611322500838492, 0.36846740125941163, 0.4054994818348533, 1.3659982461339006, 0.4529406673227174, 0.39442570517078424, 0.4660292447855075, 0.38385130574878973, 0.5837753813904829, 0.3682874908002141], "train_accuracies": [0.08543669871794872, 0.9433092948717948, 0.9577323717948718, 0.9555288461538461, 0.9729567307692307, 0.9755608974358975, 0.9746594551282052, 0.9674479166666666, 0.9768629807692307, 0.9755608974358975, 0.9763621794871795, 0.9754607371794872, 0.9825721153846154, 0.97265625, 0.9776642628205128, 0.983573717948718, 0.9789663461538461, 0.9820713141025641, 0.9845753205128205, 0.9803685897435898, 0.9817708333333334, 0.9853766025641025, 0.9863782051282052, 0.9852764423076923, 0.9833733974358975, 0.987479967948718, 0.9828725961538461, 0.9831730769230769, 0.9827724358974359, 0.9848758012820513, 0.9832732371794872, 0.9846754807692307, 0.9877804487179487, 0.9885817307692307, 0.9841746794871795, 0.9797676282051282, 0.9866786858974359, 0.9794671474358975, 0.9858774038461539, 0.9758613782051282, 0.9866786858974359, 0.9855769230769231, 0.9860777243589743, 0.9907852564102564, 0.9878806089743589, 0.9849759615384616, 0.9857772435897436, 0.9911858974358975, 0.991386217948718, 0.9886818910256411, 0.9672475961538461, 0.9867788461538461, 0.9900841346153846, 0.9878806089743589, 0.9895833333333334, 0.9901842948717948, 0.9895833333333334, 0.9915865384615384, 0.9895833333333334, 0.9906850961538461, 0.9912860576923077, 0.9884815705128205, 0.9831730769230769, 0.9861778846153846, 0.9833733974358975, 0.98828125, 0.9910857371794872, 0.9823717948717948, 0.9887820512820513, 0.9834735576923077, 0.9752604166666666, 0.9840745192307693, 0.9872796474358975, 0.9908854166666666, 0.9897836538461539, 0.9920873397435898, 0.9915865384615384, 0.9866786858974359, 0.9880809294871795, 0.9876802884615384, 0.9856770833333334, 0.9854767628205128, 0.9907852564102564, 0.9934895833333334, 0.9924879807692307, 0.9892828525641025, 0.98828125, 0.9936899038461539, 0.9903846153846154, 0.9856770833333334, 0.9916866987179487, 0.9932892628205128, 0.9895833333333334, 0.9834735576923077, 0.9751602564102564, 0.9722556089743589, 0.98828125, 0.9814703525641025, 0.985176282051282, 0.9826722756410257, 0.9810697115384616],