{"testproblem": "fmnist_mlp", "batch_size": 128, "num_epochs": 100, "random_seed": 42, "weight_decay": null, "optimizer_hyperparams": {"lr": 2.5118864315095822e-05, "momentum": 0.99}, "train_losses": [2.3021158377329507, 2.2865775181696963, 2.258960042244349, 2.196655508799431, 2.0471215645472207, 1.7107239824074965, 1.3791945500251575, 1.1745597368631608, 1.0539795817472997, 0.9621873444471604, 0.8908361288217398, 0.8313627800880334, 0.779773955925917, 0.7622893475569211, 0.7394234324112917, 0.7264978694610107, 0.6871347488501133, 0.6965414751798679, 0.6710621126187153, 0.6381631577626253, 0.6287554808152027, 0.6303213586409887, 0.6030584780069498, 0.6226018323348119, 0.5929408367627707, 0.5703984067226068, 0.580877036620409, 0.5646383517827743, 0.5519970548458588, 0.5359394091826218, 0.5341873107812344, 0.5388684826783645, 0.5155294281549943, 0.5263351018612201, 0.5069141143407577, 0.5089283505311379, 0.50685482720534, 0.4982879123626611, 0.49431106486381626, 0.4747074361030872, 0.479470051634006, 0.48158749899803066, 0.4739563587384346, 0.4795530144220743, 0.4791276936347668, 0.45854997138182324, 0.45561554149175304, 0.4604238604123776, 0.47132458900794005, 0.4470880428949992, 0.44006444093508595, 0.4558356270576135, 0.44196962966368747, 0.43785216067081845, 0.43072537237252945, 0.43488587744725055, 0.43011594162537503, 0.4239606696825761, 0.4224923050556427, 0.42833687861760456, 0.42883754311463773, 0.41270091556585753, 0.4119395816173309, 0.41110121172208053, 0.42242097090452146, 0.41987931117033345, 0.4027045774154174, 0.40450261991757613, 0.4005998640488356, 0.4104736332709973, 0.4012628426918617, 0.39654906246906674, 0.38206528566586667, 0.3964213029696391, 0.39080857084347653, 0.39474041549823224, 0.3835705963846965, 0.4065532688146982, 0.38034106485354596, 0.39897782221818584, 0.3886382757471158, 0.3807196964820226, 0.3967422139950288, 0.3805539130400389, 0.3634587037257659, 0.37346247163338536, 0.38630119615640396, 0.3659415371142901, 0.3786502958108217, 0.3758232960334191, 0.3748786094096991, 0.3652215831172772, 0.3794264942407608, 0.3731093983619641, 0.37824915979917234, 0.3634165244606825, 0.36567893375953037, 0.3528935662828959, 0.3494938461062236, 0.3524196873872708, 0.3594619182822032], "test_losses": [2.3022368321051965, 2.286851641459343, 2.259605505527594, 2.198201699134631, 2.046888748804728, 1.7177006556437566, 1.3798028169534144, 1.187992282402821, 1.061240559969193, 0.9673299071116325, 0.8987893110666519, 0.8463509526008215, 0.8055076576196231, 0.7748796351445026, 0.749517118319487, 0.7274465667895782, 0.7100859956863599, 0.6935559075612289, 0.680438790565882, 0.6626898103799576, 0.6496713062127432, 0.6399452223991736, 0.6307665293033307, 0.6172265269053288, 0.6095554549724628, 0.6007681722060229, 0.5931222679523321, 0.5863909331651834, 0.5783561693552213, 0.5737842875413406, 0.5646790877366678, 0.5586889378535442, 0.5557527182958065, 0.5494558757696396, 0.5462669947972665, 0.5402289808560641, 0.5329575114525281, 0.5288919164584234, 0.5242314770435675, 0.5213642173852676, 0.5163703931447787, 0.5113691202340982, 0.50668921149694, 0.5043140007899358, 0.5028753242431543, 0.49614994801007783, 0.493281045403236, 0.49028024535912734, 0.4938971874041435, 0.4862128075880882, 0.4837116450071335, 0.48460055123537016, 0.48011084894339245, 0.47553805663035464, 0.4724849401376186, 0.47616380338485426, 0.47178347408771515, 0.4699255369412593, 0.46410614787003934, 0.462587045553403, 0.4610553013208585, 0.460139410618024, 0.45514883521275645, 0.4552306097287398, 0.45624614717104495, 0.4526782845839476, 0.4489240600512578, 0.44629350228187364, 0.4466864111331793, 0.4452108801939549, 0.4425719861800854, 0.4417994030011006, 0.44365885586310655, 0.438541577794613, 0.4370162101128163, 0.4356522988050412, 0.433615444562374, 0.4323146056670409, 0.43134773541719484, 0.43025034226668185, 0.43016626170048344, 0.4263427240344194, 0.42791982816580015, 0.42587821644086105, 0.42562375236780214, 0.4224611730911793, 0.42141313507006717, 0.4191471151052377, 0.41816670141923123, 0.4174984823434781, 0.41885526134417606, 0.4144305474100969, 0.4173681445610829, 0.4143426032402577, 0.41401394265584457, 0.4094987100897691, 0.4103053567501215, 0.4089132879789059, 0.4074402913833276, 0.4056143926886412, 0.4066819552427683], "train_accuracies": [0.10817307692307693, 0.22956730769230768, 0.2685296474358974, 0.2809495192307692, 0.3821113782051282, 0.5126201923076923, 0.4986979166666667, 0.5864383012820513, 0.6211939102564102, 0.6328125, 0.6589543269230769, 0.6685697115384616, 0.6931089743589743, 0.7032251602564102, 0.7162459935897436, 0.7305689102564102, 0.7417868589743589, 0.7515024038461539, 0.7675280448717948, 0.7704326923076923, 0.772636217948718, 0.7764423076923077, 0.7918669871794872, 0.7808493589743589, 0.7917668269230769, 0.8023838141025641, 0.7950721153846154, 0.8060897435897436, 0.8079927884615384, 0.8174078525641025, 0.8159054487179487, 0.8139022435897436, 0.8225160256410257, 0.8141025641025641, 0.8207131410256411, 0.8220152243589743, 0.8218149038461539, 0.8241185897435898, 0.8277243589743589, 0.8356370192307693, 0.8295272435897436, 0.8322315705128205, 0.8366386217948718, 0.8319310897435898, 0.8335336538461539, 0.8409455128205128, 0.8417467948717948, 0.8376402243589743, 0.8345352564102564, 0.8479567307692307, 0.8509615384615384, 0.842948717948718, 0.8441506410256411, 0.8492588141025641, 0.854667467948718, 0.8475560897435898, 0.8461538461538461, 0.8541666666666666, 0.8528645833333334, 0.8505608974358975, 0.854667467948718, 0.8553685897435898, 0.8588741987179487, 0.8609775641025641, 0.8485576923076923, 0.8530649038461539, 0.8668870192307693, 0.8586738782051282, 0.8616786858974359, 0.8595753205128205, 0.8618790064102564, 0.8622796474358975, 0.8704927884615384, 0.8637820512820513, 0.8661858974358975, 0.8650841346153846, 0.8687900641025641, 0.8622796474358975, 0.8664863782051282, 0.8642828525641025, 0.866386217948718, 0.8674879807692307, 0.8628806089743589, 0.8682892628205128, 0.8721955128205128, 0.8695913461538461, 0.8682892628205128, 0.8747996794871795, 0.8682892628205128, 0.8743990384615384, 0.8673878205128205, 0.8767027243589743, 0.8665865384615384, 0.8706931089743589, 0.8705929487179487, 0.875, 0.8762019230769231, 0.878104967948718, 0.8799078525641025, 0.8762019230769231, 0.8738982371794872],