{"train_losses": [353.9337594168527, 202.90916006905692, 108.60101972307477, 93.04422977992466, 102.96741703578404, 94.05015454973493, 90.16231645856585, 92.29872567313058, 90.4800044468471, 90.88736615862165, 91.90531703404018, 92.30628422328404, 92.4940686907087, 92.79063524518695, 93.02114868164062, 92.9870115007673, 92.71120997837612, 92.36922127859933, 92.0292216709682, 91.69637734549386, 91.36950574602399, 91.07137625558036, 90.83565194266183, 90.68304225376674, 90.61566707066127, 90.6234621320452, 90.69100298200335, 90.8013937813895, 90.93886348179409, 91.09053802490234, 91.2468730381557, 91.40164293561664, 91.55157797677177, 91.69555773053851, 91.83368464878627, 91.96669006347656, 92.09548623221261, 92.22098977225167, 92.34396035330636, 92.46481432233539, 92.5835211617606, 92.69970049176898, 92.81276484898159, 92.92205156598773, 93.02691650390625, 93.12680053710938, 93.22127641950335, 93.31005205426898, 93.39298793247768, 93.47006116594586, 93.54134804861886, 93.60697937011719, 93.66709790910993, 93.72186170305524, 93.77141353062221, 93.81587873186383, 93.85535430908203, 93.8899165562221, 93.91964067731585, 93.94457244873047, 93.96475873674665, 93.98024204799107, 93.9910659790039, 93.99727848597935, 93.99892752511161, 93.99606759207589, 93.98877062116351, 93.97710636683873, 93.96116638183594, 93.94104875837054, 93.91686139787946, 93.88873400006976, 93.85679190499442, 93.82118552071708, 93.78205871582031, 93.7395760672433, 93.6938945225307, 93.64518192836216, 93.59361376081195, 93.53935895647321, 93.48258645193917, 93.42347063337054, 93.36216953822544, 93.29885428292411, 93.23367636544364, 93.16678183419364, 93.0983145577567, 93.02840641566685, 92.95718383789062, 92.88474927629743, 92.8112051827567, 92.73664093017578, 92.66112300327846, 92.58471788678851, 92.5074702671596, 92.4294204711914, 92.35057939801898, 92.27096448625836, 92.19056701660156, 92.10938262939453, 92.02737862723214], "test_losses": [353.44676426478793, 204.93051147460938, 110.4001715523856, 95.5463365827288, 105.89041137695312, 96.68892887660435, 92.46918596540179, 94.49912588936942, 92.67522430419922, 93.13890729631696, 94.17283085414341, 94.4963607788086, 94.58401816231864, 94.81465911865234, 95.00640324183873, 94.93980189732143, 94.6325182233538, 94.26327296665737, 93.90193503243583, 93.55207933698382, 93.21034785679409, 92.89905548095703, 92.65274265834263, 92.49221365792411, 92.41822487967355, 92.41925702776227, 92.47915649414062, 92.5806862967355, 92.70806012834821, 92.8488300868443, 92.99404471261161, 93.13805716378349, 93.27817208426339, 93.41366686139789, 93.5448477608817, 93.67249843052456, 93.79747990199498, 93.92059435163226, 94.0424564906529, 94.16333552769252, 94.28305925641742, 94.40116555350167, 94.51694052559989, 94.62963322230748, 94.73851994105748, 94.84295436314174, 94.94244275774274, 95.03663090297154, 95.12531389508929, 95.2083990914481, 95.28590502057757, 95.35789162772042, 95.42445373535156, 95.4856927054269, 95.54170989990234, 95.5925783429827, 95.63837541852679, 95.67913709368024, 95.7149178641183, 95.74574715750558, 95.77165222167969, 95.79266575404576, 95.80882590157645, 95.82017517089844, 95.82675497872489, 95.82862745012555, 95.82586451939174, 95.81854793003627, 95.80676378522601, 95.79063851492745, 95.77027675083706, 95.7458245413644, 95.71741703578404, 95.68522208077567, 95.64939226422992, 95.61010197230748, 95.56752450125558, 95.52184731619698, 95.4732426234654, 95.42190224783761, 95.36800166538784, 95.31172725132534, 95.25325121198382, 95.19274248395648, 95.13037436349052, 95.06629180908203, 95.0006572178432, 94.933595929827, 94.86524200439453, 94.79571206229073, 94.72510964529855, 94.65353175571987, 94.58104269845145, 94.50771658761161, 94.43360682896206, 94.35874285016742, 94.2831551688058, 94.20685468401227, 94.12984466552734, 94.05210440499442, 93.97362300327846], "minibatch_train_losses": [369.72540283203125, 219.2786865234375, 332.6518249511719, 239.76686096191406, 128.11485290527344, 143.76962280273438, 185.28184509277344, 213.55177307128906, 146.97279357910156, 111.80011749267578, 123.42555236816406, 135.99803161621094, 166.8148193359375, 128.92373657226562, 107.48092651367188, 99.99691009521484, 111.91163635253906, 125.36288452148438, 129.3404541015625, 105.49005126953125, 86.08544921875, 93.86241149902344, 107.73793029785156, 117.9415512084961, 111.5978775024414, 90.52949523925781, 94.40635681152344, 89.6107177734375, 109.37594604492188, 104.70420837402344, 100.78834533691406, 93.26702880859375, 88.19469451904297, 103.86644744873047, 91.2451400756836, 95.46315002441406, 92.22611999511719, 94.42462921142578, 93.95074462890625, 93.79620361328125, 95.83222961425781, 82.77397155761719, 93.76821899414062, 93.64443969726562, 96.80411529541016, 95.68605041503906, 88.83668518066406, 96.86076354980469, 83.15918731689453, 97.02192687988281, 96.61184692382812, 96.28581237792969, 92.36125183105469, 88.67874145507812, 100.45117950439453, 85.44515991210938, 93.3265609741211, 94.83012390136719, 96.9512710571289, 92.72186279296875, 89.58930206298828, 97.65694427490234, 85.17622375488281, 93.81416320800781, 94.7364501953125, 97.09321594238281, 93.29637145996094, 88.89226531982422, 97.38943481445312, 85.50341796875, 95.60480499267578, 94.9574966430664, 96.67132568359375, 93.72990417480469, 89.00019836425781, 98.04325866699219, 85.46745300292969, 95.71292114257812, 95.45892333984375, 96.6014633178711, 93.37678527832031, 89.24581146240234, 97.62157440185547, 85.67543029785156, 95.3514404296875, 95.36532592773438, 96.62711334228516, 93.4485855102539, 89.47525024414062, 96.67533874511719, 85.71231079101562, 95.54090881347656, 95.41451263427734, 96.87417602539062, 93.68406677246094, 89.32874298095703, 96.25923919677734, 85.89127349853516, 95.8304443359375, 95.4652328491211, 97.17677307128906, 93.81155395507812, 89.08161926269531, 96.13277435302734, 86.08139038085938, 95.7178955078125, 95.40730285644531, 97.46891784667969, 93.707763671875, 88.81755065917969, 95.92152404785156, 86.20626068115234, 95.2803726196289, 95.19688415527344, 97.73126220703125, 93.54120635986328, 88.54067993164062, 95.5799331665039, 86.20125579833984, 94.83274841308594, 94.97434997558594, 97.92835235595703, 93.36442565917969, 88.26628875732422, 95.29695129394531, 86.06195068359375, 94.4681396484375, 94.83085632324219, 98.04945373535156, 93.1487808227539, 88.016845703125, 95.14751434326172, 85.81320190429688, 94.1427001953125, 94.7704086303711, 98.08533477783203, 92.87052917480469, 87.82087707519531, 95.08433532714844, 85.47390747070312, 93.81912231445312, 94.77098083496094, 98.04682922363281, 92.55070495605469, 87.68934631347656, 95.04597473144531, 85.06840515136719, 93.51817321777344, 94.81608581542969, 97.95329284667969, 92.23794555664062, 87.62298583984375, 95.0092544555664, 84.6249008178711, 93.28378295898438, 94.90202331542969, 97.81944274902344, 91.97160339355469, 87.61761474609375, 94.97964477539062, 84.17013549804688, 93.140869140625, 95.02755737304688, 97.65626525878906, 91.76925659179688, 87.66412353515625, 94.96479797363281, 83.72505950927734, 93.08767700195312, 95.18464660644531, 97.47557067871094, 91.6330795288086, 87.75064086914062, 94.963623046875, 83.30400085449219, 93.10795593261719, 95.35863494873047, 97.29010772705078, 91.55857849121094, 87.86437225341797, 94.96908569335938, 82.91661071777344, 93.18234252929688, 95.53437042236328, 97.11054992675781, 91.53927612304688, 87.99234008789062, 94.97480773925781, 82.56834411621094, 93.29328918457031, 95.70093536376953, 96.94464111328125, 91.56706237792969, 88.12301635742188, 94.97929382324219, 82.2598648071289, 93.42655944824219, 95.85252380371094, 96.79690551757812, 91.63177490234375, 88.24812316894531, 94.98455810546875, 81.98780822753906, 93.57138061523438, 95.98757934570312, 96.6680679321289, 91.72240447998047, 88.36296081542969, 94.99288177490234, 81.74649810791016, 93.7197494506836, 96.10749053955078, 96.55610656738281, 91.82907104492188, 88.46605682373047, 95.00532531738281, 81.52944946289062, 93.86612701416016, 