{"testproblem": "fmnist_mlp", "batch_size": 128, "num_epochs": 100, "random_seed": 42, "weight_decay": null, "optimizer_hyperparams": {"lr": 0.0002511886431509582}, "train_losses": [2.3021158377329507, 0.46438838350467193, 0.3912930121788612, 0.34234462697536516, 0.3167691614765387, 0.2758378906127734, 0.273171817454008, 0.263429520603938, 0.2519181162500993, 0.24062700846638435, 0.21612534003380018, 0.22893154153074974, 0.21936906950596052, 0.21810525063520822, 0.20446692111018377, 0.19318863649207813, 0.1736425278851619, 0.16103081500683075, 0.1546598176161448, 0.15893465213668653, 0.15635548321864542, 0.13435436407916057, 0.13972509489991727, 0.1267710036287705, 0.13418481947901922, 0.13175790594556394, 0.11747389993606469, 0.11166507012855548, 0.11404230163838619, 0.10031736288697292, 0.10721437618709527, 0.10715292766690254, 0.08655902048429617, 0.08778121928947094, 0.07262686520623855, 0.059515620390765175, 0.07330211251974106, 0.057718185015404835, 0.06137828866784007, 0.0659820491161484, 0.05778659058687014, 0.045590158217610456, 0.055205610377761796, 0.05358340462239889, 0.05669961946132856, 0.04686670205914057, 0.048431591847195074, 0.05137657752642647, 0.04391106757789086, 0.030649710076455124, 0.06004266130427519, 0.03450202044004049, 0.039798690244937554, 0.03333292355856452, 0.03167124591672268, 0.03703399501645412, 0.045979195644553654, 0.044920879046026714, 0.032361081371513695, 0.023900107194024783, 0.03720104585712155, 0.05033179457323291, 0.03107564675454528, 0.028735497864918448, 0.03159684034733054, 0.04046823719564157, 0.02687707442479829, 0.03561957972124219, 0.025188290448381733, 0.04049816679878113, 0.03302783239632845, 0.0206750953832689, 0.020553308282381832, 0.030664608443681247, 0.025184717369624056, 0.015274258563295007, 0.028359176859689448, 0.018302786865462668, 0.02535992680499569, 0.01868099939579574, 0.03033893665848061, 0.01277622956639299, 0.024005246348679066, 0.03754429574697637, 0.018439191453254376, 0.025073838515732534, 0.01761440584101738, 0.01165260878415444, 0.015353780962192478, 0.022577747595138274, 0.010504959378009424, 0.026601258086231656, 0.022570201124136265, 0.026708993720463835, 0.03228143824097247, 0.018461856752251968, 0.0330048717218093, 0.015282459431686081, 0.024568927701180562, 0.015715054045311917, 0.024118129080400254], "test_losses": [2.3022368321051965, 0.4731903435328068, 0.42408367876823133, 0.3905243468590272, 0.3620764727775867, 0.35058909291640306, 0.343253415173445, 0.3342039650067305, 0.33726658213597077, 0.3309144207682365, 0.3181490836999355, 0.32435315140546894, 0.3247168876039676, 0.3370503788957229, 0.33503764905990696, 0.33188272095643556, 0.3275467098141328, 0.3204475201857396, 0.32430793325870466, 0.33450787743696797, 0.3482005523565488, 0.34275867083133793, 0.34638545318291736, 0.3412192714137909, 0.3701524446025873, 0.37901198348173726, 0.3774171335956989, 0.38912952481172025, 0.38355028247221923, 0.3895139130644309, 0.4179570567913545, 0.4202672785673386, 0.43609606531950146, 0.40881538066344386, 0.4128074544744614, 0.4145538866137847, 0.44957496760747373, 0.4365058323511711, 0.45663575445994353, 0.4922600969290122, 0.48731683156429195, 0.49093579118832564, 0.484535099986272, 0.5216851213421577, 0.5133141842790139, 0.5395189525607305, 0.4900037264212584, 0.520341636851812, 0.532314909574313, 0.5488996052971253, 0.5800802193773098, 0.5381646479169527, 0.5435215200369174, 0.5554195346358495, 0.5719947696496279, 0.6205904942292434, 0.6568089352968411, 0.6487041121492019, 0.5930833866198858, 0.6057839317199512, 0.6312381934661132, 0.629033006536655, 0.6169200134583008, 0.6765385852792324, 0.6077708441477555, 0.6649052580961814, 0.6663089104187794, 0.6927123159552232, 0.6371713091547673, 0.6991414657005897, 0.7034404327472051, 0.6730542129431015, 0.6721137521358637, 0.7100538970568241, 0.6975782095239713, 0.6910105676223071, 0.7857307948363133, 0.7170797322805111, 0.6912760807153506, 0.7307421198258033, 0.6982351388686743, 0.6995886266231537, 0.7095253784687091, 0.7636937621312264, 0.7473347483155055, 0.7393045931672438, 0.7349424404211533, 0.7354878450815494, 0.7544723672744555, 0.7528319217455692, 0.7636480144201181, 0.7254231155682833, 0.7627716284149733, 0.7891264248352784, 0.8166657437880834, 0.768949989324961, 0.7870264122119317, 0.7947322783561853, 0.8122974895896056, 0.7929898504263315, 0.7441962328858864], "train_accuracies": [0.10817307692307693, 0.8372395833333334, 0.8622796474358975, 0.8790064102564102, 0.8863181089743589, 0.8998397435897436, 0.9009415064102564, 0.8998397435897436, 0.9105568910256411, 0.9131610576923077, 0.9225761217948718, 0.9129607371794872, 0.9214743589743589, 0.9159655448717948, 0.9244791666666666, 0.9289863782051282, 0.9367988782051282, 0.9421073717948718, 0.9433092948717948, 0.9436097756410257, 0.9427083333333334, 0.9530248397435898, 0.9490184294871795, 0.9511217948717948, 0.9481169871794872, 0.9522235576923077, 0.9565304487179487, 0.9575320512820513, 0.9552283653846154, 0.9619391025641025, 0.9591346153846154, 0.9597355769230769, 0.9670472756410257, 0.9633413461538461, 0.9740584935897436, 0.9783653846153846, 0.9721554487179487, 0.9805689102564102, 0.9761618589743589, 0.9754607371794872, 0.9783653846153846, 0.983573717948718, 0.9782652243589743, 0.9802684294871795, 0.9803685897435898, 0.9841746794871795, 0.9823717948717948, 0.9792668269230769, 0.9844751602564102, 0.9885817307692307, 0.9781650641025641, 0.9879807692307693, 0.9867788461538461, 0.9870793269230769, 0.9893830128205128, 0.9852764423076923, 0.9834735576923077, 0.9825721153846154, 0.9883814102564102, 0.9915865384615384, 0.9857772435897436, 0.981270032051282, 0.9885817307692307, 0.9903846153846154, 0.9879807692307693, 0.9869791666666666, 0.9900841346153846, 0.9868790064102564, 0.9908854166666666, 0.9857772435897436, 0.9888822115384616, 0.9920873397435898, 0.9923878205128205, 0.9887820512820513, 0.9907852564102564, 0.9949919871794872, 0.9892828525641025, 0.9930889423076923, 0.9903846153846154, 0.9927884615384616, 0.9891826923076923, 0.99609375, 0.9915865384615384, 0.9860777243589743, 0.9946915064102564, 0.9903846153846154, 0.9937900641025641, 0.9959935897435898, 0.9943910256410257, 0.9931891025641025, 0.9967948717948718, 0.9904847756410257, 0.9928886217948718, 0.991386217948718, 0.9881810897435898, 0.9925881410256411, 0.9877804487179487, 0.9953926282051282, 0.9910857371794872, 0.9941907051282052, 0.9911858974358975],