{"train_losses": [353.9337594168527, 352.32446725027904, 350.7257603236607, 349.1375950404576, 347.5598624093192, 345.99253627232144, 344.43550763811385, 342.8887416294643, 341.3521466936384, 339.8256530761719, 338.30919974190846, 336.8027125767299, 335.306161063058, 333.8194100516183, 332.3424726213728, 330.8752223423549, 329.4176330566406, 327.96961757114957, 326.53112357003346, 325.1020812988281, 323.6824035644531, 322.2720685686384, 320.8710283551897, 319.47916085379467, 318.096426827567, 316.7227870396205, 315.358154296875, 314.0024850027902, 312.6557181222098, 311.3177969796317, 309.9886387416295, 308.66820853097096, 307.3564758300781, 306.05330548967635, 304.7587193080357, 303.4726039341518, 302.1949157714844, 300.9256025041853, 299.6646292550223, 298.4119175502232, 297.1674325125558, 295.9310738699777, 294.7028372628348, 293.482657296317, 292.2704554966518, 291.0662057059152, 289.8698468889509, 288.6813267299107, 287.5005798339844, 286.3275887625558, 285.16226632254467, 284.00457763671875, 282.85445295061385, 281.7118617466518, 280.5767168317522, 279.4490487234933, 278.3287658691406, 277.21578543526783, 276.1100769042969, 275.01161411830356, 273.9203142438616, 272.836172921317, 271.75909205845426, 270.6890890938895, 269.62606375558033, 268.5700116838728, 267.5208173479353, 266.47850036621094, 265.44299970354353, 264.4142586844308, 263.3922380719866, 262.3768768310547, 261.3681640625, 260.3660430908203, 259.3704572405134, 258.381358555385, 257.3987274169922, 256.42251368931363, 255.45268031529017, 254.4891575404576, 253.53191920689173, 252.58092389787947, 251.63614109584265, 250.69752066476005, 249.76502772739954, 248.8385947091239, 247.91822378976005, 247.00382559640067, 246.09540230887276, 245.19288199288505, 244.29626682826452, 243.40548052106584, 242.520503452846, 241.6412811279297, 240.76778956821985, 239.89998299734933, 239.03783307756697, 238.1812983921596, 237.33032008579798, 236.4849112374442, 235.6449911934989], "test_losses": [353.44676426478793, 351.84871564592635, 350.26122610909596, 348.68419102260043, 347.1175842285156, 345.56131853376115, 344.0153241838728, 342.4795183454241, 340.95387050083707, 339.43826729910717, 337.93267822265625, 336.43701171875, 334.95121111188615, 333.4752284458705, 332.00897216796875, 330.5523768833705, 329.1053902762277, 327.6679425920759, 326.23997715541293, 324.82142857142856, 323.4122096470424, 322.0122855050223, 320.6216081891741, 319.24007742745533, 317.8676191057478, 316.5042245047433, 315.14981515066967, 313.8042994907924, 312.46766880580356, 311.1398446219308, 309.8207571847098, 308.51035853794644, 307.2085745675223, 305.91536603655135, 304.6306675502232, 303.3544137137277, 302.08656093052457, 300.82704380580356, 299.5758274623326, 298.3328116280692, 297.09800502232144, 295.87130301339283, 294.6526663643973, 293.44203404017856, 292.2393711635045, 291.0446254185268, 289.8577226911272, 288.6786368233817, 287.50726318359375, 286.34361049107144, 285.1876002720424, 284.0391845703125, 282.89831107003346, 281.7649230957031, 280.6389596121652, 279.52042061941967, 278.4092363630022, 277.3053240094866, 276.2086443219866, 275.1191842215402, 274.03684779575894, 272.96163068498885, 271.89345005580356, 270.8323015485491, 269.7780979701451, 268.73082842145647, 267.6904078892299, 266.6568036760603, 265.63000052315846, 264.6099068777902, 263.59650748116627, 262.58975001743863, 261.589601789202, 260.59601048060824, 259.608895438058, 258.62825884137834, 257.65406581333707, 256.6862487792969, 255.72477286202567, 254.76958574567522, 253.8206503731864, 252.87793186732702, 251.94137355259485, 251.01095363071985, 250.08663068498885, 249.16834150041853, 248.2560795375279, 247.34976632254464, 246.4493865966797, 245.55488804408483, 244.66625104631697, 243.78342764718192, 242.90637425013952, 242.03504943847656, 241.16941397530692, 240.30945042201452, 239.4551021030971, 238.60634068080358, 237.7631094796317, 236.9254106794085, 236.09317016601562], "minibatch_train_losses": [369.72540283203125, 362.4222412109375, 360.71612548828125, 351.9928283691406, 361.58953857421875, 336.9790344238281, 329.279052734375, 368.0791320800781, 360.7805480957031, 359.095947265625, 350.39788818359375, 359.9490966796875, 335.4365234375, 327.73193359375, 366.44354248046875, 359.1495361328125, 357.48638916015625, 348.8135070800781, 358.31927490234375, 333.90435791015625, 326.19512939453125, 364.818603515625, 357.5291748046875, 355.88739013671875, 347.23956298828125, 356.7001037597656, 332.3824462890625, 324.66864013671875, 363.2041931152344, 355.9193420410156, 354.29888916015625, 345.6760559082031, 355.0914611816406, 330.87078857421875, 323.15234375, 361.60028076171875, 354.3200378417969, 352.72076416015625, 344.1228942871094, 353.4932861328125, 329.36920166015625, 321.64617919921875, 360.0068054199219, 352.7311706542969, 351.15301513671875, 342.58001708984375, 351.905517578125, 327.87774658203125, 320.1500549316406, 358.4237060546875, 351.152587890625, 349.5955505371094, 341.0472717285156, 350.3280944824219, 326.3962707519531, 318.6639404296875, 356.850830078125, 349.58441162109375, 348.0482482910156, 339.5246887207031, 348.76092529296875, 324.9247131347656, 317.18780517578125, 355.2882080078125, 348.0263671875, 346.5111389160156, 338.0121765136719, 347.20391845703125, 323.4630126953125, 315.72149658203125, 353.7357177734375, 346.47845458984375, 344.98406982421875, 336.5096435546875, 345.6570739746094, 322.0111083984375, 314.26495361328125, 352.19329833984375, 344.940673828125, 343.467041015625, 335.0170593261719, 344.1202697753906, 320.5689697265625, 312.8182067871094, 350.660888671875, 343.41290283203125, 341.9599304199219, 333.5343017578125, 342.593505859375, 319.136474609375, 311.381103515625, 349.138427734375, 341.89508056640625, 340.462646484375, 332.0614013671875, 341.0766296386719, 317.713623046875, 309.95361328125, 347.6258544921875, 340.38714599609375, 338.9752197265625, 330.59820556640625, 339.5696105957031, 316.30029296875, 308.53564453125, 346.123046875, 338.8890075683594, 337.49755859375, 329.1446533203125, 338.0723876953125, 314.89642333984375, 307.12713623046875, 344.63006591796875, 337.40057373046875, 336.0295104980469, 327.7007141113281, 336.5849304199219, 313.501953125, 305.72808837890625, 343.1466979980469, 335.92193603515625, 334.57110595703125, 326.26629638671875, 335.10711669921875, 312.1168212890625, 304.33831787109375, 341.6729736328125, 334.4528503417969, 333.12225341796875, 324.84136962890625, 333.6388854980469, 310.7409973144531, 302.9578857421875, 340.20880126953125, 332.99334716796875, 331.6828918457031, 323.42584228515625, 332.18017578125, 309.3743591308594, 301.5866394042969, 338.754150390625, 331.5433044433594, 330.2529296875, 322.0196533203125, 330.73095703125, 308.01690673828125, 300.22454833984375, 337.3088684082031, 330.10272216796875, 328.83233642578125, 320.62274169921875, 329.29119873046875, 306.6685485839844, 298.87158203125, 335.87298583984375, 328.6715087890625, 327.4210205078125, 319.23504638671875, 327.8607177734375, 305.3292236328125, 297.52764892578125, 334.4464111328125, 327.24957275390625, 326.01898193359375, 317.8565368652344, 326.4395751953125, 303.9988708496094, 296.1926574707031, 333.0290832519531, 325.8369140625, 324.6260681152344, 316.48712158203125, 325.0276184082031, 302.67742919921875, 294.8666076660156, 331.62091064453125, 324.43341064453125, 323.2422790527344, 315.1267395019531, 323.62481689453125, 301.36480712890625, 293.54937744140625, 330.2218322753906, 323.03900146484375, 321.8675537109375, 313.7752685546875, 322.23114013671875, 300.06103515625, 292.240966796875, 328.83184814453125, 321.6537170410156, 320.50177001953125, 312.4327697753906, 320.84649658203125, 298.7659606933594, 290.9412841796875, 327.45086669921875, 320.27740478515625, 319.14495849609375, 311.0991516113281, 319.4708557128906, 297.47955322265625, 289.6502685546875, 326.07879638671875, 318.9100341796875, 317.7969970703125, 309.7742919921875, 318.1041259765625, 296.2017822265625, 288.3678894042969, 324.7156066894531,