{"train_losses": [353.9337594168527, 327.7134268624442, 285.1161368233817, 244.6286904471261, 225.26883370535714, 214.46318926130022, 198.17909240722656, 170.8814958844866, 144.2340044294085, 127.81708199637276, 124.63989584786552, 121.95963941301618, 116.35683005196708, 106.63879503522601, 101.86961800711495, 104.78921399797711, 110.2252437046596, 113.5920889718192, 110.41145760672433, 107.34334237234933, 107.89767783028739, 113.62856837681362, 119.64964512416294, 121.32425907679966, 118.79592895507812, 116.09516906738281, 115.73248835972377, 117.74202619280133, 117.49167197091239, 114.35816410609654, 109.06135668073382, 104.83539690290179, 102.99571881975446, 101.24342019217355, 99.10751342773438, 95.22846221923828, 92.57880510602679, 91.19150216238839, 91.36542510986328, 91.19202641078404, 90.29800742013114, 88.90836007254464, 88.5781718662807, 88.75282723563058, 89.86651393345424, 89.71516636439732, 89.52421569824219, 88.65782819475446, 88.66214643205915, 89.03900582449776, 89.39863695417132, 89.40176391601562, 88.89192199707031, 88.4915291922433, 88.46194131033761, 88.48921748570034, 88.41925157819476, 87.93099539620536, 87.23750741141183, 86.97642626081195, 86.53856222970145, 86.66483851841518, 86.0510733468192, 85.89170292445591, 85.35431780133929, 85.42612675258091, 85.32960728236607, 85.47713034493583, 85.23755427769252, 85.30438341413226, 85.05300903320312, 85.33612823486328, 85.19659423828125, 85.38191877092633, 85.18764931815011, 85.17324938092914, 85.12934221540179, 85.12386648995536, 85.1814716884068, 85.10102081298828, 85.07557787214007, 84.97941153390067, 85.00098528180804, 84.9473637172154, 84.9963858468192, 84.83488464355469, 84.88304029192243, 84.6855948311942, 84.8086406162807, 84.63829803466797, 84.74054064069476, 84.57580021449498, 84.6445083618164, 84.54700251988002, 84.62518419538226, 84.55580793108258, 84.61460767473493, 84.5315420968192, 84.59440067836216, 84.52860804966518, 84.591552734375], "test_losses": [353.44676426478793, 332.85286603655135, 284.9771728515625, 249.76124572753906, 225.37638636997767, 219.6295449393136, 198.7017081124442, 175.6810586111886, 145.49483816964286, 131.74889918736048, 126.78313555036273, 124.89820425851005, 119.1114000592913, 108.96519688197544, 104.75778525216239, 106.97971997942243, 113.07070486886161, 115.71192278180804, 113.54251207624164, 109.06379154750279, 111.73571014404297, 114.74630083356585, 124.14898790631976, 122.11056300571987, 123.4275643484933, 117.02843475341797, 120.02940695626395, 118.98949105398995, 121.47356850760323, 115.68024117606026, 113.04659707205636, 106.00265938895089, 107.10099247523716, 102.39820425851005, 103.07694026402065, 96.74615151541573, 96.09486280168805, 93.2650865827288, 94.39070129394531, 93.670163835798, 93.04122815813336, 91.53282710484096, 91.20314025878906, 91.44919695172992, 92.3379374912807, 92.60351126534599, 91.73130798339844, 91.84443882533482, 90.60494123186383, 92.47384643554688, 91.20975058419364, 92.92981284005302, 90.71548570905414, 91.98249925885882, 90.35660988943917, 91.89742497035435, 90.3675558907645, 91.26655033656529, 89.21177782331195, 90.25175040108817, 88.55102212088448, 89.86185782296317, 88.16206359863281, 88.96114022391183, 87.64015742710659, 88.3204323904855, 87.82671901157924, 88.1951882498605, 87.90816279820034, 87.89879281180245, 87.81643894740513, 87.86253247942243, 88.0038310459682, 87.84424373081752, 88.05624062674386, 87.53628540039062, 88.09506225585938, 87.38296508789062, 88.2267336164202, 87.32005528041294, 88.12579999651227, 87.24432918003627, 87.99223000662667, 87.29141998291016, 87.92655181884766, 87.22732652936664, 87.78531428745815, 87.09218379429409, 87.68897029331752, 87.07320949009487, 87.56171308244977, 87.08416639055524, 87.37112971714565, 87.14967346191406, 87.26618303571429, 87.22815595354352, 87.21166338239398, 87.2349363054548, 87.17810821533203, 87.24752262660435, 87.16088540213448], "minibatch_train_losses": [369.72540283203125, 275.8328857421875, 166.48533630371094, 110.35348510742188, 137.79791259765625, 256.2513427734375, 327.7705078125, 318.28521728515625, 256.19146728515625, 180.1444091796875, 134.25457763671875, 144.71295166015625, 198.8008270263672, 246.2434539794922, 298.80224609375, 248.3756103515625, 183.2729034423828, 138.44940185546875, 149.41091918945312, 215.5413055419922, 252.055908203125, 239.33482360839844, 202.07626342773438, 165.42738342285156, 153.63369750976562, 161.239501953125, 191.5262908935547, 204.02340698242188, 234.17686462402344, 196.00079345703125, 161.63751220703125, 135.206298828125, 147.92408752441406, 199.51165771484375, 222.05731201171875, 213.33517456054688, 187.08050537109375, 160.95486450195312, 155.46237182617188, 154.65379333496094, 162.23187255859375, 168.55519104003906, 204.65074157714844, 193.37893676757812, 187.9479522705078, 163.24627685546875, 147.58319091796875, 169.66094970703125, 167.00369262695312, 170.30056762695312, 179.108642578125, 186.47454833984375, 196.01673889160156, 182.79287719726562, 147.1907196044922, 126.20724487304688, 151.83108520507812, 159.01284790039062, 190.74755859375, 192.38296508789062, 174.400390625, 176.48849487304688, 138.01898193359375, 125.50775146484375, 141.4232177734375, 168.08212280273438, 197.73773193359375, 194.0875701904297, 153.64756774902344, 122.8869857788086, 133.66104125976562, 131.90963745117188, 165.19871520996094, 172.98109436035156, 162.57034301757812, 164.15467834472656, 126.30511474609375, 119.5420150756836, 138.60491943359375, 162.85215759277344, 185.24826049804688, 170.26084899902344, 134.94424438476562, 107.18586730957031, 123.87125396728516, 131.02227783203125, 168.02206420898438, 171.2646484375, 155.39892578125, 139.20558166503906, 102.42174530029297, 107.2506103515625, 135.47584533691406, 166.56297302246094, 190.3495635986328, 167.63131713867188, 135.37554931640625, 96.92715454101562, 105.4670181274414, 115.71952819824219, 158.11630249023438, 167.28533935546875, 158.8372039794922, 138.3874053955078, 104.80298614501953, 109.3106918334961, 125.82806396484375, 147.5898895263672, 169.26007080078125, 153.46334838867188, 137.9698944091797, 105.71652221679688, 110.63035583496094, 114.85252380371094, 145.0072479248047, 145.66119384765625, 135.9058380126953, 123.76972198486328, 104.7138671875, 119.9384994506836, 131.00799560546875, 140.64950561523438, 148.9812774658203, 131.34793090820312, 120.2930908203125, 99.16060638427734, 110.28352355957031, 117.75774383544922, 142.9615936279297, 138.83412170410156, 122.51689147949219, 112.22396850585938, 94.48335266113281, 113.03767395019531, 123.48472595214844, 132.82553100585938, 139.71640014648438, 127.41570281982422, 119.60987854003906, 102.69168853759766, 108.85601806640625, 108.71995544433594, 126.67268371582031, 125.72184753417969, 117.30880737304688, 116.636474609375, 102.76100158691406, 118.24504089355469, 118.48805236816406, 118.94786071777344, 120.83145141601562, 114.04525756835938, 121.1580581665039, 115.03987121582031, 121.05523681640625, 112.33697509765625, 116.3034439086914, 109.13653564453125, 104.44381713867188, 108.01304626464844, 105.12347412109375, 126.25534057617188, 123.01142883300781, 117.66168212890625, 111.88536071777344, 100.12329864501953, 115.18130493164062, 111.3971176147461, 119.17583465576172, 112.3375473022461, 113.25241088867188, 105.05723571777344, 102.68525695800781, 101.95619201660156, 101.6959228515625, 122.47541809082031, 114.57587432861328, 109.59203338623047, 105.70072174072266, 96.340576171875, 118.0809326171875, 111.55142211914062, 114.77132415771484, 106.13623046875, 103.7017822265625, 96.78213500976562, 98.92860412597656, 101.89437866210938, 104.99722290039062, 125.07354736328125, 110.10301971435547, 101.32401275634766, 95.42200469970703, 88.99424743652344, 113.82440948486328, 111.39503479003906, 116.40996551513672, 109.27165222167969, 104.22351837158203, 94.73008728027344, 91.96656799316406, 96.48715209960938, 98.09780883789062, 121.0874252319336, 109.05990600585938, 103.6162109375, 96.98558044433594, 90.28312683105469, 