{"train_losses": [353.9337594168527, 91564.16517857143, 1100466.9107142857, 1166487.732142857, 643634.0803571428, 129143.89508928571, 5573.477957589285, 70335.03683035714, 22652.224609375, 3749.813302176339, 9383.65220424107, 361.3224661690848, 2270.159912109375, 346.03043038504467, 446.7009538922991, 353.1872340611049, 97.80056326729911, 134.3506862095424, 117.0560782296317, 90.66097368512835, 91.14747619628906, 93.94893101283482, 93.01528494698661, 91.25289372035435, 89.96967533656529, 89.60988943917411, 90.5551016671317, 99.47362736293248, 154.5237557547433, 297.73895263671875, 172.39076450892858, 239.0832999093192, 1063.9720284598213, 855.5332554408482, 506.4237322126116, 274.7302464076451, 346.6282741001674, 1000.7647792271206, 1644.8788364955358, 406.96055821010043, 478.51212419782365, 95.54847499302456, 341.1234828404018, 3104.933175223214, 778.9286324637277, 929.3346296037946, 793.4501429966518, 811.6365356445312, 911.0782383510044, 791.306413922991, 268.3219451904297, 148.71418108258928, 95.69057246616909, 371.0700901576451, 2494.3453194754466, 8128.879115513393, 4966.716866629465, 2961.5718819754466, 1872.638392857143, 1163.3058384486608, 543.6500592912946, 124.67954472133091, 167.92925371442522, 91.85243661063058, 212.57567269461495, 568.72314453125, 8004.608328683035, 2440.950265066964, 2233.2032296316966, 1444.3323277064733, 870.9897373744419, 307.25671822684154, 127.98665945870536, 385.77474539620533, 104.62036786760602, 110.36718423025948, 348.91514369419644, 2956.8890206473216, 31179.635602678572, 12811.63755580357, 7541.383440290178, 4488.414132254465, 2665.3758370535716, 1730.1101771763392, 1222.1697649274554, 784.8062482561384, 330.9093235560826, 147.3206569126674, 169.1120322091239, 116.4385746547154, 140.14393397739954, 187.26957048688615, 706.396466936384, 10863.62904575893, 30779.751116071428, 12767.440708705357, 2722.7777273995534, 124.88240923200335, 396.3570992606027, 576.705339704241, 324.45770263671875], "test_losses": [353.44676426478793, 91633.97209821429, 1100354.5714285714, 1166550.232142857, 643607.7232142857, 129170.95647321429, 5578.231236049107, 70319.22209821429, 22659.507254464286, 3755.268484933036, 9381.128487723214, 362.1819152832031, 2274.087646484375, 348.3707972935268, 446.33186994280135, 352.9978288922991, 99.78728703090123, 136.6907730102539, 118.82917785644531, 92.95095498221261, 93.3319593157087, 96.23615264892578, 95.1905016217913, 93.54387991768974, 92.18620082310268, 91.78682817731585, 92.54899052211216, 100.88375854492188, 154.58914184570312, 296.0767517089844, 172.2060546875, 244.67546953473772, 1057.5535888671875, 865.0639038085938, 513.8861868722098, 272.9110325404576, 344.04371425083707, 1010.5493600027902, 1636.1102643694196, 404.0233590262277, 485.59618704659596, 96.63561139787946, 338.7230486188616, 3121.03955078125, 773.7903965541294, 923.4736066545759, 788.2564697265625, 806.3665771484375, 905.3384312220982, 786.1673845563616, 266.68261282784596, 152.67047119140625, 98.7101811000279, 369.75387137276783, 2510.3399483816966, 8110.257882254465, 4953.433872767857, 2952.439871651786, 1866.6079799107142, 1159.7449951171875, 542.8688703264509, 127.77119554792132, 174.05717250279017, 95.34574672154018, 213.1698477608817, 577.5951538085938, 7985.149065290178, 2457.5099748883927, 2248.4748186383927, 1457.0536063058037, 881.4065987723214, 314.05973161969865, 129.11885615757532, 383.8118591308594, 107.6234632219587, 113.5519049508231, 347.13688005719865, 2973.446951729911, 31133.62862723214, 12782.0703125, 7519.320591517857, 4471.676967075893, 2653.0916922433034, 1721.1629987444196, 1215.1482979910713, 779.9257376534598, 329.46021815708707, 150.09644426618303, 173.77455139160156, 118.26717158726284, 142.98978751046317, 193.4281964983259, 703.1321759905134, 10897.091796875, 30729.79129464286, 12735.166434151786, 2709.9962332589284, 126.30469185965401, 405.402099609375, 586.966064453125, 331.9571097237723], "minibatch_train_losses": [369.72540283203125, 15697590.0, 1102911.875, 3420084.5, 8907040.0, 6887368.0, 2180040.5, 91625.671875, 1677594.875, 4024177.5, 4211975.0, 2382547.25, 506068.625, 101386.8203125, 1101275.25, 2169686.5, 2184954.75, 1237185.0, 260302.78125, 43039.875, 576792.25, 1165456.25, 1190585.875, 672364.0, 132686.609375, 27312.4296875, 337257.625, 658331.375, 644415.75, 331213.28125, 45164.2109375, 34268.3359375, 236533.953125, 390360.90625, 326414.375, 128814.4765625, 5330.8525390625, 53592.9765625, 179555.75, 224171.59375, 139565.71875, 28798.265625, 5492.9638671875, 71038.234375, 129159.515625, 108384.609375, 38043.015625, 469.04083251953125, 26715.67578125, 70567.03125, 72077.4453125, 32578.65625, 1868.31982421875, 10971.294921875, 38854.828125, 44904.484375, 22500.26171875, 1881.48828125, 5612.8017578125, 22563.84765625, 27253.431640625, 13609.75, 1058.16552734375, 3690.701171875, 14225.04296875, 16222.87109375, 7415.6181640625, 347.93170166015625, 3190.33251953125, 9462.150390625, 9477.947265625, 3442.71435546875, 165.1112823486328, 3077.274169921875, 6397.19677734375, 5115.08984375, 1187.5357666015625, 379.83575439453125, 2894.8984375, 4150.2490234375, 2235.0927734375, 244.57757568359375, 807.8084106445312, 2426.67041015625, 2227.9501953125, 746.9201049804688, 169.4219512939453, 1004.2141723632812, 1702.557373046875, 988.028076171875, 167.78846740722656, 331.96697998046875, 965.2374877929688, 987.8653564453125, 352.2881164550781, 129.96914672851562, 505.64984130859375, 694.6888427734375, 463.0758361816406, 115.98672485351562, 276.3629150390625, 544.37109375, 389.35223388671875, 178.30377197265625, 131.22439575195312, 367.4940185546875, 373.92376708984375, 164.71902465820312, 138.54652404785156, 230.24562072753906, 294.60174560546875, 172.58370971679688, 99.07083892822266, 176.67662048339844, 214.96981811523438, 154.053955078125, 103.37646484375, 138.33200073242188, 164.4521484375, 129.27297973632812, 91.53790283203125, 112.25614166259766, 138.53268432617188, 121.73027801513672, 91.92117309570312, 93.11015319824219, 112.95035552978516, 102.6313705444336, 98.66253662109375, 108.34187316894531, 106.87670135498047, 99.68049621582031, 84.71626281738281, 91.12228393554688, 92.17430877685547, 101.00311279296875, 99.20274353027344, 89.24739074707031, 93.91468811035156, 84.1795883178711, 94.5777587890625, 85.40206146240234, 98.69573974609375, 105.38442993164062, 87.947021484375, 90.29556274414062, 81.67729187011719, 98.36461639404297, 87.46806335449219, 92.40518188476562, 100.98725891113281, 90.9216079711914, 92.50643920898438, 78.50164031982422, 97.13055419921875, 89.871826171875, 94.30020141601562, 102.18601989746094, 92.77818298339844, 93.94951629638672, 78.169189453125, 94.92778015136719, 90.39823913574219, 95.0386962890625, 100.79685974121094, 92.22579193115234, 94.90010833740234, 78.03705596923828, 93.29951477050781, 89.20824432373047, 96.11378479003906, 103.8628921508789, 96.20459747314453, 97.38999938964844, 78.55856323242188, 92.79981994628906, 88.80085754394531, 99.37973022460938, 112.02772521972656, 105.67201232910156, 103.97271728515625, 81.5344009399414, 93.6337890625, 88.35210418701172, 102.54217529296875, 124.46147155761719, 124.98678588867188, 123.49508666992188, 96.64784240722656, 101.98500061035156, 87.79212188720703, 98.63055419921875, 132.54307556152344, 153.70162963867188, 170.60397338867188, 153.8781280517578, 155.68609619140625, 117.56216430664062, 91.9664306640625, 104.21089172363281, 136.12957763671875, 193.58255004882812, 235.74850463867188, 297.1679382324219, 285.76226806640625, 226.17189025878906, 155.7884521484375, 99.59709167480469, 91.2166748046875, 98.81036376953125, 173.76519775390625, 233.4081268310547, 275.29718017578125, 290.7188415527344, 285.6471252441406, 291.674560546875, 259.8714599609375, 247.34307861328125, 230.7300262451172, 265.14056396484375, 335.06689453125, 409.069091796875, 537.3265380859375, 733.8297119140625, 1058.697998046875, 1403.764404296875, 1716.6419677734375, 1934.5697021484375, 2007.483154296875, 1871.274658203125, 