{"testproblem": "mnist_mlp", "batch_size": 128, "num_epochs": 100, "random_seed": 42, "weight_decay": null, "optimizer_hyperparams": {"lr": 0.001, "momentum": 0.99}, "train_losses": [2.3034798334806394, 0.5765622636446586, 0.24444047552652848, 0.1604304052889347, 0.11141187554368606, 0.09375548630188672, 0.06372846610462055, 0.05038371323966063, 0.04045691821151055, 0.027715307087279283, 0.021530736787005875, 0.017949718958101213, 0.01700675442146185, 0.010388541536835523, 0.01172589391278915, 0.007447227692374816, 0.003959155426575587, 0.00314785248767107, 0.0036327091929240106, 0.001975040118663739, 0.0021802308754279064, 0.0017093712320694556, 0.001310499098438483, 0.001230280129955365, 0.0010327596981555987, 0.0009783213623823263, 0.000942487460680497, 0.000810713101273928, 0.0007976873849446957, 0.0007262029326879061, 0.0005948019142334277, 0.0005789541472227145, 0.0005747777624772146, 0.000557546479961811, 0.00047967382348500763, 0.0004593219894629258, 0.00043376898154234275, 0.00042582255525466724, 0.00042298297660473065, 0.0003425777913668217, 0.00041039178195672156, 0.0003524247365884292, 0.0003296190825028297, 0.0003354461051714726, 0.0003069073248368043, 0.00028904393697396305, 0.00030099772489987884, 0.00031311695392315206, 0.0002823909505819663, 0.0002715963010604565, 0.0002648107325419402, 0.00025249883914605167, 0.0002488975341503437, 0.0002374041538972121, 0.0002389395466217628, 0.00022703055769969255, 0.00020019920208515265, 0.00021841314931710562, 0.00020186841869965577, 0.0001980310831314478, 0.00020803788151496495, 0.0001848255021449847, 0.00019469417822666658, 0.00019941994777092567, 0.00018831906028282948, 0.00016951599182226718, 0.00016874628953444652, 0.00016558093902392266, 0.00015289575243607545, 0.000158645117130035, 0.00015075371051445985, 0.00015420915606694343, 0.00015148969414906623, 0.0001433979815397507, 0.00014641164587094233, 0.00014626521330613358, 0.0001448984138476543, 0.00013354172309239706, 0.00013579571476349464, 0.00012664105265568465, 0.00012644638235752398, 0.0001323124728141687, 0.00012413947246013544, 0.00011483245553114475, 0.0001175336730785859, 0.00011660703099690951, 0.0001197987451003148, 0.00010188506581844427, 0.00010711709276223794, 0.00012049718927114438, 0.00010412578017283708, 0.00011110172057763125, 0.0001015166441599528, 0.00011042180733802992, 0.00010910047552524469, 9.773127161539518e-05, 9.339255018111986e-05, 0.00010781601453438784, 9.532024463017781e-05, 8.869295318921407e-05, 9.605030600841228e-05], "test_losses": [2.3034419279832106, 0.5656755028817898, 0.2385525970886915, 0.1595258871332193, 0.12676595299480817, 0.10113409414696388, 0.08572324556417954, 0.08694322724850514, 0.06892114954117017, 0.06745406990058911, 0.06699356326881127, 0.06867904829768798, 0.06781217365119702, 0.06382893938093613, 0.06886818902328229, 0.06790738731909257, 0.06644510305844821, 0.06737577547438633, 0.06901663692238239, 0.06949094214882606, 0.0705525304357975, 0.0716909443338712, 0.07206321908877446, 0.07266448208918938, 0.07336023349601489, 0.07265472101668517, 0.07296521622592057, 0.07456275075674057, 0.07519743835123685, 0.07557265321986797, 0.07675843719297494, 0.07667128641444904, 0.07677886649393119, 0.0773009934868568, 0.07757286479075749, 0.07822855184666622, 0.07896008485784897, 0.07874445330638152, 0.07898955863828842, 0.0796755431458736, 0.08037077000316901, 0.08081949134476674, 0.08111192462727046, 0.08095536013253224, 0.08178008003876759, 0.08160455572681549, 0.08222756873911773, 0.08220936353198993, 0.08237631638080646, 0.08293411231193787, 0.0828009037157664, 0.08320208385777779, 0.08342332063386074, 0.08373976331681778, 0.0840896137822897, 0.08437461043015504, 0.08454940859705974, 0.08483708797930142, 0.08486839713385472, 0.08508598427168834, 0.08540883736732678, 0.08551453894529587, 0.08588269462761207, 0.08586044022097038, 0.08621155857466735, 0.08647762549420197, 0.08684880931216937, 0.08664945809122844, 0.08684711526028621, 0.0871268234287317, 0.08720933808348118, 0.08751231317336743, 0.08757702858211139, 0.08787123137750687, 0.08825908720684357, 0.08819171165426572, 0.08837375259743287, 0.08848639572851169, 0.0887044109404087, 0.08879223795464405, 0.08884226793471055, 0.08913450038585907, 0.08938756671089393, 0.08945226616775379, 0.08946633133559655, 0.08979110200053607, 0.08972050268680622, 0.0898876503492013, 0.09007038539036727, 0.09027498659606163, 0.09045213551666492, 0.09045331495312545, 0.09061322728983867, 0.09088240325068817, 0.09087385891530758, 0.09106976877993499, 0.091059612778899, 0.09131399370156802, 0.09129121140218698, 0.09164049500265183, 0.0916200933070519], "train_accuracies": [0.08543669871794872, 0.8397435897435898, 0.9301883012820513, 0.9547275641025641, 0.9670472756410257, 0.9749599358974359, 0.984375, 0.9844751602564102, 0.989082532051282, 0.9926883012820513, 0.9949919871794872, 0.9945913461538461, 0.9951923076923077, 0.9978966346153846, 0.9981971153846154, 0.9989983974358975, 0.9996995192307693, 0.9998998397435898, 0.9996995192307693, 1.0, 0.9998998397435898, 1.0, 1.0, 1.0, 1.0, 1.0, 1.0, 1.0, 1.0, 1.0, 1.0, 1.0, 1.0, 1.0, 1.0, 1.0, 1.0, 1.0, 1.0, 1.0, 1.0, 1.0, 1.0, 1.0, 1.0, 1.0, 1.0, 1.0, 1.0, 1.0, 1.0, 1.0, 1.0, 1.0, 1.0, 1.0, 1.0, 1.0, 1.0, 1.0, 1.0, 1.0, 1.0, 1.0, 1.0, 1.0, 1.0, 1.0, 1.0, 1.0, 1.0, 1.0, 1.0, 1.0, 1.0, 1.0, 1.0, 1.0, 1.0, 1.0, 1.0, 1.0, 1.0, 1.0, 1.0, 1.0, 1.0, 1.0, 1.0, 1.0, 1.0, 1.0, 1.0, 1.0, 1.0, 1.0, 1.0, 1.0, 1.0, 1.0, 1.0], "test_accuracies": [0.08383413461538461, 0.8416466346153846, 0.9292868589743589, 0.9535256410256411, 0.9613381410256411, 0.969551282051282, 0.9735576923076923, 0.9716546474358975, 0.9788661858974359, 0.9780649038461539, 0.9798677884615384, 0.9785657051282052, 0.9788661858974359, 0.9799679487179487, 0.9807692307692307, 0.9810697115384616, 0.9809695512820513, 0.9814703525641025, 0.9809695512820513, 0.9806690705128205, 0.9814703525641025, 0.9811698717948718, 0.9813701923076923, 0.9815705128205128, 0.9816706730769231, 0.9820713141025641, 0.9823717948717948, 0.9815705128205128, 0.9817708333333334, 0.9819711538461539, 0.9817708333333334, 0.9815705128205128, 0.9818709935897436, 0.9820713141025641, 0.9818709935897436, 0.9816706730769231, 0.9815705128205128, 0.9815705128205128, 0.9819711538461539, 0.9819711538461539, 0.9818709935897436, 0.9814703525641025, 0.9816706730769231, 0.9818709935897436, 0.9817708333333334, 0.9818709935897436, 0.9817708333333334, 0.9819711538461539, 0.9821714743589743, 0.9818709935897436, 0.9818709935897436, 0.9818709935897436, 0.9818709935897436, 0.9821714743589743, 0.9817708333333334, 0.9819711538461539, 0.9817708333333334, 0.9819711538461539, 0.9821714743589743, 0.9816706730769231, 0.9818709935897436, 0.9818709935897436, 0.9816706730769231, 0.9820713141025641, 0.9816706730769231, 0.9818709935897436, 0.9817708333333334, 0.9819711538461539, 0.9819711538461539, 0.9816706730769231, 0.9817708333333334, 0.9818709935897436, 0.9819711538461539, 0.9818709935897436, 0.9818709935897436, 0.9819711538461539, 0.9819711538461539, 0.9819711538461539, 0.9818709935897436, 0.9817708333333334, 0.9820713141025641, 0.9818709935897436, 0.9817708333333334, 0.9820713141025641, 0.9818709935897436, 0.9821714743589743, 0.9822716346153846, 0.9821714743589743, 0.9821714743589743, 0.9821714743589743, 0.9819711538461539, 0.9821714743589743, 0.9819711538461539, 0.9819711538461539, 0.9822716346153846, 0.9817708333333334, 0.9820713141025641, 0.9820713141025641, 0.9821714743589743, 0.9820713141025641, 0.9820713141025641], "analyzable_training_params": {"lr_sched_epochs": null, "lr_sched_factors": null}}