{"testproblem": "mnist_mlp", "batch_size": 128, "num_epochs": 100, "random_seed": 42, "weight_decay": null, "optimizer_hyperparams": {"lr": 0.15848931924611143}, "train_losses": [2.3034798334806394, 2.3152744067020907, 2.3070775851225243, 2.3156124781339598, 2.3079118453539333, 2.311280437004872, 2.3121472688821645, 2.308319498331119, 2.328056378242297, 2.308398133669144, 2.308193708077455, 2.31499100342775, 2.30627642533718, 2.3048311349673147, 2.3074076114556727, 2.3054591172780747, 2.3083203541926847, 2.307064404854408, 2.3058392573625612, 2.313527437356802, 2.306864680388035, 2.3115222668036437, 2.3099413101489725, 2.306801572824136, 2.3104348243811192, 2.309180663182185, 2.310934448853517, 2.3094955132557797, 2.304132363735101, 2.306908910091107, 2.317887483498989, 2.323497487948491, 2.3134649961422653, 2.3106701343487472, 2.312285432448754, 2.304599193426279, 2.3062054621867643, 2.3076638258420505, 2.305229067802429, 2.3077902916150217, 2.3162994323632655, 2.310618042945862, 2.3238634299009275, 2.327365395350334, 2.31217374251439, 2.3096266251343947, 2.310191408181802, 2.3134885201087365, 2.3161204105768447, 2.3129616792385397, 2.313779219602927, 2.313935182033441, 2.3101631830900144, 2.3097394827084665, 2.304848108536158, 2.308725879742549, 2.322591320062295, 2.309567338381058, 2.306181305494064, 2.307037215966445, 2.319380534000886, 2.308870997184362, 2.3122055469415126, 2.3152161714358206, 2.3074185267472878, 2.3270549468505077, 2.3075668689532156, 2.321459079400087, 2.310743224926484, 2.316356646708953, 2.3100300385401797, 2.304394190128033, 2.313560018172631, 2.3026846524996634, 2.3028986545709462, 2.3143611687880297, 2.305372880055354, 2.3164949936744494, 2.313358019559811, 2.3091815954599624, 2.3102116462511892, 2.308206408451765, 2.30927643714807, 2.3142009545595217, 2.306611975034078, 2.3105422930839734, 2.3089708578892245, 2.3053961228101683, 2.3178599920028296, 2.304869758777129, 2.306952708806747, 2.3125249391947036, 2.319522322752537, 2.3058647987170096, 2.3150538420065856, 2.3122736490689793, 2.313935386828887, 2.3142959674199424, 2.308369281964424, 2.3090422428571262, 2.3061211628791614], "test_losses": [2.3034419279832106, 2.319808635956202, 2.3068641882676344, 2.3137793846619434, 2.308582250888531, 2.314406630320427, 2.3120552943303037, 2.311512283789806, 2.3259090949327517, 2.3105480334697623, 2.310248980155358, 2.3128587252054458, 2.3067731582201443, 2.3080601539367285, 2.309877789937533, 2.307756857994275, 2.3129072861793714, 2.3095984061559043, 2.3045385434077335, 2.317350540405665, 2.306267484640464, 2.3117306232452393, 2.3117280250940566, 2.3065278346721945, 2.3134120916708922, 2.3139514311766014, 2.31512188911438, 2.3092016256772556, 2.3052854232299023, 2.307097633679708, 2.31972689812, 2.3230269933358216, 2.3116401739609547, 2.312977032783704, 2.313370793293684, 2.3068684950853005, 2.308313082426022, 2.3097250858942666, 2.3071829080581665, 2.308068030919784, 2.3179931946289845, 2.3105337956012826, 2.3240485527576547, 2.3223196268081665, 2.310127799327557, 2.315079386417682, 2.311483749976525, 2.3133938832160754, 2.3196208354754324, 2.314267451946552, 2.3111352889965744, 2.3146371871997147, 2.309566173797999, 2.3112594531132626, 2.3056442187382626, 2.309436348768381, 2.3233918990844336, 2.3134397635093102, 2.3074325995567517, 2.3078692662410245, 2.319140911102295, 2.3116652751580262, 2.3103516682600365, 2.314551185338925, 2.3061947853137283, 2.3227877647448807, 2.311806859114231, 2.3244517094049697, 2.3124081049209986, 2.318014789850284, 2.31301058561374, 2.3058028649061155, 2.312729156934298, 2.305159773582067, 2.3043299791140432, 2.31700315230932, 2.307608277369768, 2.3163655201594033, 2.3140359352796507, 2.309486801807697, 2.310744352829762, 2.309553705728971, 2.310381388052916, 2.316714421296731, 2.309143228408618, 2.312243483005426, 2.31234479867495, 2.3082718207285953, 2.3201464659128432, 2.30591766956525, 2.306061035547501, 2.3147322428532138, 2.3198046072935448, 2.3074715565412474, 2.3153265989743748, 2.3130098031117368, 2.3127711155475716, 2.3151424695283938, 2.309830610568707, 2.311252847695962, 2.307672081849514], "train_accuracies": [0.08543669871794872, 0.10506810897435898, 0.11117788461538461, 0.09745592948717949, 0.09955929487179487, 0.1045673076923077, 0.09505208333333333, 0.09915865384615384, 0.10056089743589744, 0.11217948717948718, 0.10306490384615384, 0.10957532051282051, 0.10216346153846154, 0.10196314102564102, 0.11298076923076923, 0.10466746794871795, 0.10827323717948718, 0.09585336538461539, 0.10486778846153846, 0.09895833333333333, 0.09795673076923077, 0.10977564102564102, 0.1148838141025641, 0.09775641025641026, 0.09705528846153846, 0.12049278846153846, 0.11448317307692307, 0.10026041666666667, 0.09985977564102565, 0.09765625, 0.10376602564102565, 0.11408253205128205, 0.09775641025641026, 0.10506810897435898, 0.10416666666666667, 0.10667067307692307, 0.09725560897435898, 0.11177884615384616, 0.10116185897435898, 0.10196314102564102, 0.11247996794871795, 0.10236378205128205, 0.1015625, 0.10767227564102565, 0.11217948717948718, 0.10146233974358974, 0.10136217948717949, 0.0985576923076923, 0.0992588141025641, 0.10897435897435898, 0.09505208333333333, 0.09835737179487179, 0.09845753205128205, 0.09815705128205128, 0.09835737179487179, 0.11217948717948718, 0.10546875, 0.09805689102564102, 0.09865785256410256, 0.11007612179487179, 0.11318108974358974, 0.0960536858974359, 0.09935897435897435, 0.10697115384615384, 0.10807291666666667, 0.09445112179487179, 0.10997596153846154, 0.10086137820512821, 0.09915865384615384, 0.09885817307692307, 0.10286458333333333, 0.10797275641025642, 0.09745592948717949, 0.11207932692307693, 0.10016025641025642, 0.11278044871794872, 0.11468349358974358, 0.09044471153846154, 0.10146233974358974, 0.11227964743589744, 0.10356570512820513, 0.11338141025641026, 0.10216346153846154, 0.10226362179487179, 0.10827323717948718, 0.10166266025641026, 0.10486778846153846, 0.11368189102564102, 0.09965945512820513, 0.11137820512820513, 0.11268028846153846, 0.09615384615384616, 0.10356570512820513, 0.09895833333333333, 0.11498397435897435, 0.10266426282051282, 0.09705528846153846, 0.11448317307692307, 0.09765625, 0.11708733974358974, 0.10006009615384616],