{"testproblem": "mnist_mlp", "batch_size": 128, "num_epochs": 100, "random_seed": 42, "weight_decay": null, "optimizer_hyperparams": {"lr": 1.584893192461114}, "train_losses": [2.3034798334806394, 2.3530434492306833, 2.40371241630652, 2.321747749279707, 2.4084999836408176, 2.3863446101164207, 2.3399960841888037, 2.343527775544387, 2.339968834167872, 2.3524636060763626, 2.3529968231152267, 2.340392219714629, 2.3524369918383083, 2.4072717825571694, 2.3523134207114196, 2.54784300388434, 2.3800432682037354, 2.327887645134559, 2.392930975327125, 2.347347546846439, 2.3583112893960414, 2.3439998565576015, 2.3959057942414894, 2.3534356019435783, 2.344777654378842, 2.347808899023594, 2.353948623706133, 2.361894592260703, 2.3219192578242374, 2.3461887500224967, 2.4096712240805993, 2.3358054344470682, 2.3332779774299035, 2.3780038142815614, 2.354532015629304, 2.3566477329303055, 2.357744742662479, 2.3721369321529684, 2.3573219837286534, 2.437674140318846, 2.3747931015797152, 2.3934010634055505, 2.3449606956579747, 2.3392767997888417, 2.3522497721207447, 2.327485212912926, 2.3678601063214817, 2.3952799638112388, 2.357875035359309, 2.365748882293701, 2.3982454446645884, 2.322443888737605, 2.3382061567061987, 2.3586421685341077, 2.4019301518415794, 2.326712510524652, 2.344424327214559, 2.38116825849582, 2.3705988969558325, 2.412380340771797, 2.3881676686115756, 2.3318341359114036, 2.3873511858475513, 2.4410349252896433, 2.3732183071283193, 2.3469769190519285, 2.414145093697768, 2.3841123275267773, 2.391333821492317, 2.359651437172523, 2.363350590070089, 2.436528734671764, 2.3696601665936985, 2.3578485739536776, 2.344649758094396, 2.359137397546035, 2.3828240633010864, 2.4244271914164224, 2.3529449181678967, 2.37367568566249, 2.354821055363386, 2.339384506910275, 2.392882200387808, 2.3496189147998123, 2.366385756394802, 2.3374997774759927, 2.3543057563977365, 2.3335714645874805, 2.346841796850547, 2.313235729168623, 2.3775537197406473, 2.3495208024978638, 2.3305955941860494, 2.335941256620945, 2.3386466014079557, 2.4231010522597876, 2.368771412433722, 2.3695823504374576, 2.3389100294846754, 2.419826483115172, 2.3511985693222437], "test_losses": [2.3034419279832106, 2.356672931940128, 2.3994381641730285, 2.3251125629131613, 2.4104011089373856, 2.3859990376692553, 2.341444269204751, 2.3436567263725476, 2.3379155489114614, 2.3520720035601883, 2.3520707136545425, 2.341395894686381, 2.3522738371139917, 2.4123253241563454, 2.351214732879247, 2.5391617860549536, 2.3842804859846067, 2.3307295059546447, 2.379901479452084, 2.346909929544498, 2.360132575035095, 2.3491048843432694, 2.399696056659405, 2.3489144918246145, 2.3420460927180753, 2.3448858841871605, 2.357451597849528, 2.3677885165581336, 2.320341101059547, 2.345589252618643, 2.411802059564835, 2.335098770948557, 2.3367809729698377, 2.375043037610176, 2.3509736978090725, 2.3557321475102353, 2.3625608132435727, 2.37269533597506, 2.3537062039742103, 2.425672601430844, 2.373967754535186, 2.3984009608244286, 2.3458164227314486, 2.333868995690957, 2.3516436417897544, 2.3295691991463685, 2.3649988235571446, 2.387588164745233, 2.3569454504893375, 2.3658813757774158, 2.396101740690378, 2.320303168052282, 2.3434485838963437, 2.3618213824736767, 2.409623677913959, 2.327533553808163, 2.3495246324783716, 2.3766307739111094, 2.3665532240500817, 2.4124221832324295, 2.392312847650968, 2.3353778979717155, 2.391594788967035, 2.441787193983029, 2.3637405175429125, 2.349036066960066, 2.4115996544177714, 2.3813791213891444, 2.3883668795610085, 2.3597945219431167, 2.3653298983207116, 2.4247026565747385, 2.373422677700336, 2.3644102475582023, 2.3453618807670398, 2.3624855402188425, 2.382412341924814, 2.4276165809386816, 2.3544472731076755, 2.369872463055146, 2.352179310260675, 2.339908187205975, 2.386447487733303, 2.345303651614067, 2.3669668313784475, 2.3367187212675047, 2.355600736080072, 2.3324672472782626, 2.349867200240111, 2.317516687588814, 2.377371839987926, 2.353666161879515, 2.3315992844410434, 2.334951171508202, 2.3346668481826782, 2.4155762042754736, 2.364082648203923, 2.3703100375640087, 2.3357804066095595, 2.418437089675512, 2.3507105570573072], "train_accuracies": [0.08543669871794872, 0.10036057692307693, 0.09885817307692307, 0.10136217948717949, 0.10256410256410256, 0.09885817307692307, 0.09835737179487179, 0.09915865384615384, 0.10046073717948718, 0.11217948717948718, 0.09705528846153846, 0.09545272435897435, 0.10216346153846154, 0.11338141025641026, 0.09955929487179487, 0.11017628205128205, 0.10036057692307693, 0.10476762820512821, 0.10486778846153846, 0.09975961538461539, 0.10186298076923077, 0.10416666666666667, 0.10046073717948718, 0.09865785256410256, 0.09705528846153846, 0.09745592948717949, 0.10496794871794872, 0.10226362179487179, 0.09985977564102565, 0.11278044871794872, 0.09695512820512821, 0.1006610576923077, 0.1045673076923077, 0.09875801282051282, 0.09835737179487179, 0.10897435897435898, 0.10186298076923077, 0.09685496794871795, 0.09685496794871795, 0.0907451923076923, 0.09835737179487179, 0.10346554487179487, 0.10126201923076923, 0.10767227564102565, 0.10036057692307693, 0.09014423076923077, 0.09705528846153846, 0.08994391025641026, 0.09575320512820513, 0.09935897435897435, 0.10116185897435898, 0.10376602564102565, 0.09845753205128205, 0.11147836538461539, 0.10326522435897435, 0.0967548076923077, 0.10006009615384616, 0.1063701923076923, 0.09905849358974358, 0.09505208333333333, 0.11318108974358974, 0.11568509615384616, 0.10506810897435898, 0.10667067307692307, 0.0967548076923077, 0.10486778846153846, 0.09775641025641026, 0.09845753205128205, 0.09314903846153846, 0.10266426282051282, 0.09805689102564102, 0.09334935897435898, 0.09745592948717949, 0.09955929487179487, 0.10276442307692307, 0.09805689102564102, 0.09445112179487179, 0.09044471153846154, 0.09975961538461539, 0.09625400641025642, 0.10787259615384616, 0.09665464743589744, 0.09575320512820513, 0.09625400641025642, 0.09595352564102565, 0.09705528846153846, 0.09955929487179487, 0.08854166666666667, 0.10326522435897435, 0.10647035256410256, 0.10767227564102565, 0.10416666666666667, 0.11398237179487179, 0.11197916666666667, 0.09905849358974358, 0.11057692307692307, 0.09695512820512821, 0.11438301282051282, 0.09955929487179487, 0.09775641025641026, 0.09865785256410256],