{"testproblem": "fmnist_mlp", "batch_size": 128, "num_epochs": 100, "random_seed": 42, "weight_decay": null, "optimizer_hyperparams": {"lr": 15.848931924611142}, "train_losses": [2.3021158377329507, 2.658990976137993, 3.9857768339988513, 3.2239407362082066, 7.73694326938727, 4.970971682132819, 5.981731170263046, 3.6652634204962316, 3.3344417015711465, 4.885484102444771, 2.483619818320641, 7.292250235875447, 2.797452856332828, 4.745994897989126, 2.793542030530098, 2.7011012541942105, 3.089101562133202, 5.5136007101107865, 2.8600809085063443, 2.845479442523076, 2.5874518431149998, 2.654376815526913, 2.986127780033992, 2.7782640823951135, 2.3918217909641757, 2.734604230293861, 2.933026680579552, 2.884164510629116, 9.311291303390112, 4.598066274936382, 2.5866438853435025, 2.920710395544003, 11.266127256246714, 4.000956917420412, 2.7482763070326586, 2.64968086205996, 2.6079395581514406, 3.5129268077703624, 4.619832592132764, 3.171567981059735, 2.382414692487472, 2.6552697939750476, 4.970371227998, 3.036586486376249, 3.831283926963806, 8.484358549118042, 4.150791388291579, 9.101685444513956, 2.718288543896797, 3.038985197360699, 3.567319310628451, 10.910367794525929, 8.5432866475521, 3.185080509919387, 13.792284794342823, 3.554759844755515, 2.9764819022936697, 2.7340880999198327, 3.084838573749249, 2.7567326441789284, 3.7976943101638403, 9.975068813715225, 2.590735157330831, 5.134219939892109, 5.459369476024921, 3.3150376417698006, 4.280846372628823, 2.8281962902117996, 2.815600948456006, 2.953764414175963, 8.872131745020548, 2.488835939994225, 2.469402346855555, 3.8236520412640695, 6.312449803719153, 2.889435798693926, 3.408283539307423, 3.423065702120463, 2.553660411101121, 4.77072550700261, 2.9373226288037424, 2.482454244907086, 5.21155903278253, 2.7724973544096336, 12.224654698983217, 5.139781762392093, 7.315139110271748, 3.916842717390794, 2.8216872673768263, 3.002135839217748, 7.046514529448289, 4.682373853830191, 3.057617019384335, 2.5058159216856346, 2.823432977382953, 2.7549134706839538, 5.665001789728801, 2.5618523481564646, 3.2847363306925845, 2.5182213141367984, 3.112426601923429], "test_losses": [2.3022368321051965, 2.653955557407477, 3.989949263059176, 3.2334003968116565, 7.723958088801457, 5.015444663854746, 5.966599360490457, 3.6736709490800514, 3.3395362419959826, 4.876615090247912, 2.47937709857256, 7.319182493747809, 2.8084342754804172, 4.731746508524968, 2.7888264808899317, 2.709060311317444, 3.1017803259384937, 5.493147795016949, 2.8650565514197717, 2.847666486715659, 2.6035809975404005, 2.6677132722658987, 2.9825518131256104, 2.7769689621069493, 2.3916093416703053, 2.7295240500034432, 2.9421515678748107, 2.8890374104181924, 9.313047800308619, 4.64436368453197, 2.6015130617679696, 2.91352872359447, 11.23923249122424, 4.014920610647935, 2.743665459828499, 2.6475569101480336, 2.606170259989225, 3.5203641928159275, 4.606815811915276, 3.1876387412731466, 2.385635923116635, 2.6619055974177823, 4.9552498658498125, 3.0332631086691833, 3.8239483680480566, 8.492686008795713, 4.12549155492049, 9.113008303520006, 2.7106950221917567, 3.027898751772367, 3.5853222761398706, 10.773215905213968, 8.514183765802628, 3.170840483445388, 13.458714485168457, 3.547191641269586, 3.0009302298227944, 2.7169554202984543, 3.084307218209291, 2.745708914903494, 3.874446254510146, 9.85538320052318, 2.592215501345121, 5.11347622749133, 5.453791165963198, 3.293656116876847, 4.267408945621589, 2.816536377637814, 2.829754908879598, 2.944448938736549, 8.878199283893291, 2.4898798557428212, 2.469164084165524, 3.8474825681784215, 6.3074547694279595, 2.874848338273855, 3.4123511681189904, 3.4326475308491635, 2.55177051287431, 4.80857357612023, 2.955472078078832, 2.489660773521815, 5.198178590872349, 2.7850539745428624, 12.16883180080316, 5.169165501227746, 7.290723959604899, 3.911796600390703, 2.8197775651247072, 3.010122681275392, 7.107034512055226, 4.666751751532922, 3.05612907348535, 2.5125971054419494, 2.8194210345928488, 2.748396011499258, 5.67784431653145, 2.5577232654278097, 3.3037897654068775, 2.522211389663892, 3.1260330860431376], "train_accuracies": [0.10817307692307693, 0.1031650641025641, 0.1006610576923077, 0.09705528846153846, 0.10116185897435898, 0.10366586538461539, 0.0992588141025641, 0.1045673076923077, 0.10426682692307693, 0.10016025641025642, 0.09655448717948718, 0.09825721153846154, 0.10196314102564102, 0.10076121794871795, 0.10206330128205128, 0.09425080128205128, 0.1031650641025641, 0.10276442307692307, 0.10296474358974358, 0.10016025641025642, 0.1084735576923077, 0.10136217948717949, 0.09425080128205128, 0.09765625, 0.0985576923076923, 0.09765625, 0.10206330128205128, 0.10276442307692307, 0.09895833333333333, 0.10396634615384616, 0.09905849358974358, 0.09765625, 0.09875801282051282, 0.10166266025641026, 0.10126201923076923, 0.09545272435897435, 0.10416666666666667, 0.09525240384615384, 0.0967548076923077, 0.10116185897435898, 0.1045673076923077, 0.10136217948717949, 0.09845753205128205, 0.09705528846153846, 0.09975961538461539, 0.10136217948717949, 0.10326522435897435, 0.10036057692307693, 0.10006009615384616, 0.10276442307692307, 0.09895833333333333, 0.09455128205128205, 0.10206330128205128, 0.09805689102564102, 0.09685496794871795, 0.09895833333333333, 0.10416666666666667, 0.09595352564102565, 0.09865785256410256, 0.10276442307692307, 0.10426682692307693, 0.10176282051282051, 0.10166266025641026, 0.09985977564102565, 0.10366586538461539, 0.09825721153846154, 0.10216346153846154, 0.10006009615384616, 0.09985977564102565, 0.09965945512820513, 0.10356570512820513, 0.10376602564102565, 0.09915865384615384, 0.10056089743589744, 0.10657051282051282, 0.09835737179487179, 0.09785657051282051, 0.10096153846153846, 0.09915865384615384, 0.10176282051282051, 0.1038661858974359, 0.10076121794871795, 0.10056089743589744, 0.09865785256410256, 0.10116185897435898, 0.10046073717948718, 0.09845753205128205, 0.09895833333333333, 0.09825721153846154, 0.0967548076923077, 0.10737179487179487, 0.10106169871794872, 0.09735576923076923, 0.10306490384615384, 0.10136217948717949, 0.09815705128205128, 0.10036057692307693, 0.09695512820512821, 0.10346554487179487, 0.1006610576923077, 0.10186298076923077],