{"testproblem": "mnist_mlp", "batch_size": 128, "num_epochs": 100, "random_seed": 42, "weight_decay": null, "optimizer_hyperparams": {"lr": 39.81071705534978}, "train_losses": [2.3034798334806394, 14.806965791262114, 17.976727155538704, 14.366639332893568, 21.14387588011913, 20.48336858015794, 11.520218091133314, 28.280325473883213, 20.92426962730212, 13.680475760728886, 19.071706246107052, 12.174324109004093, 19.12612591034327, 13.668784178220308, 8.498934886394403, 16.077136773329514, 14.512923705272186, 16.82270663823837, 15.790808861072247, 7.1239325144352055, 14.32451311747233, 20.924056566678562, 12.835431062258207, 12.003416636051275, 16.927286527095696, 11.516903400421143, 11.852404362116104, 10.83145661231799, 14.427729973426231, 18.22250328308497, 20.701899479597042, 18.1363712702042, 25.100560017121143, 14.203822343777388, 13.447827265812801, 16.64725572634966, 12.663287248366919, 16.643430978823933, 19.424194702735313, 18.980301490196815, 25.919618900005634, 19.281074756231064, 18.52241196999183, 7.675039682632837, 15.887287164345766, 16.985666421743538, 13.311539258712378, 13.038907405657646, 16.320433066441463, 11.754485546014248, 16.187907182253323, 22.815695615915153, 6.995164033694145, 11.096685690757555, 9.827071263239933, 23.613920089526054, 17.358561748113388, 14.174118861173971, 24.18713408250075, 13.129710454207201, 12.94313881947444, 20.104668812874035, 13.514720880068266, 12.588557756864107, 18.397047152886024, 11.338300191439115, 14.172054963234144, 11.805492621201735, 26.575784927759415, 19.891367900065887, 19.175988564124474, 13.25921196815295, 22.611478976714306, 17.734588696406437, 19.750590446667793, 20.265507233448517, 18.16686494533832, 16.816193336095566, 9.968940037947435, 11.428853903061304, 6.936020551583706, 6.4139032914088325, 17.80776724448571, 8.455837445381361, 16.141590546338985, 19.818718298887596, 19.48045591207651, 14.348092629359318, 15.008953693585518, 11.840142959203476, 19.184364930177345, 14.686105960454697, 15.077035194788223, 16.09165969261756, 14.251299955906012, 12.142814049353966, 18.258335137978577, 17.57289981842041, 7.387695049628233, 12.2221433199369, 19.62964938237117], "test_losses": [2.3034419279832106, 35660.59414774332, 35663.79061195178, 35660.311741132005, 35666.99589550801, 35666.35062682323, 35657.456467457305, 35674.32086284344, 35666.91166525621, 35659.44880080834, 35665.009461500704, 35658.06859768354, 35665.147413596125, 35659.575136343636, 35654.46370159051, 35662.21650340007, 35660.497769747024, 35662.96563078807, 35661.54180814058, 35653.0599528276, 35660.320301777276, 35666.803054247146, 35658.52000204722, 35657.95382735668, 35662.8986089902, 35657.5701867128, 35658.245728786176, 35656.88300160872, 35660.36738533851, 35664.124117508916, 35666.681746164955, 35663.861931715255, 35671.05138069544, 35660.18758920523, 35659.41608624581, 35662.705280414, 35658.551660904515, 35662.55831767351, 35665.409921487175, 35664.70852106046, 35672.04989042038, 35665.36125201445, 35664.73837951513, 35653.583628966255, 35661.79450069329, 35663.11070905587, 35659.21911721352, 35658.85772454433, 35662.197867845876, 35657.901465134746, 35662.17648233512, 35668.87029109857, 35653.04852423301, 35657.08977486537, 35655.73845003813, 35669.555509444996, 35663.31977721972, 35659.83416492511, 35670.41933832413, 35658.916304429375, 35658.84983380636, 35666.16176287333, 35659.366527960854, 35658.524231947384, 35664.39264962612, 35657.39105282074, 35660.01051557981, 35657.94603867408, 35672.52563667297, 35665.90602702361, 35665.44834672488, 35659.19277017545, 35668.40354322776, 35663.85409474984, 35665.82135256743, 35666.28532282511, 35664.061348792835, 35662.707910659985, 35655.786478005924, 35657.39380448904, 35652.92416510215, 35652.404279818904, 35663.39108693294, 35654.43610953062, 35662.22431289233, 35665.6910905838, 35665.54892923893, 35660.21236386666, 35660.933670679726, 35657.763701683434, 35665.167564172014, 35660.693465208395, 35660.83497969309, 35662.065540435986, 35660.02649958929, 35658.27427708797, 35664.3343648666, 35663.547701652235, 35653.386253803204, 35658.0824579459, 35665.38627822582], "train_accuracies": [0.08543669871794872, 0.09765625, 0.09885817307692307, 0.09865785256410256, 0.10256410256410256, 0.09174679487179487, 0.10727163461538461, 0.10236378205128205, 0.09875801282051282, 0.11217948717948718, 0.10106169871794872, 0.09795673076923077, 0.10336538461538461, 0.09405048076923077, 0.11288060897435898, 0.10466746794871795, 0.10817307692307693, 0.09795673076923077, 0.10486778846153846, 0.09895833333333333, 0.11388221153846154, 0.08794070512820513, 0.09945913461538461, 0.09334935897435898, 0.09705528846153846, 0.12049278846153846, 0.10086137820512821, 0.09875801282051282, 0.09485176282051282, 0.11278044871794872, 0.10576923076923077, 0.10526842948717949, 0.08573717948717949, 0.11247996794871795, 0.09364983974358974, 0.10757211538461539, 0.09795673076923077, 0.1116786858974359, 0.0907451923076923, 0.10406650641025642, 0.10496794871794872, 0.09625400641025642, 0.11758814102564102, 0.09965945512820513, 0.10096153846153846, 0.10576923076923077, 0.09725560897435898, 0.09845753205128205, 0.09945913461538461, 0.10016025641025642, 0.10356570512820513, 0.09835737179487179, 0.10206330128205128, 0.10326522435897435, 0.09385016025641026, 0.09965945512820513, 0.09775641025641026, 0.09705528846153846, 0.10306490384615384, 0.09505208333333333, 0.09695512820512821, 0.1015625, 0.09715544871794872, 0.10106169871794872, 0.1045673076923077, 0.1031650641025641, 0.09775641025641026, 0.09865785256410256, 0.09835737179487179, 0.09765625, 0.09805689102564102, 0.09865785256410256, 0.09745592948717949, 0.0914463141025641, 0.09124599358974358, 0.09985977564102565, 0.09445112179487179, 0.09044471153846154, 0.09264823717948718, 0.0967548076923077, 0.09795673076923077, 0.10627003205128205, 0.09575320512820513, 0.09885817307692307, 0.09595352564102565, 0.10036057692307693, 0.10476762820512821, 0.09845753205128205, 0.10947516025641026, 0.09935897435897435, 0.0953525641025641, 0.10877403846153846, 0.09885817307692307, 0.1031650641025641, 0.11498397435897435, 0.10817307692307693, 0.09244791666666667, 0.08653846153846154, 0.09134615384615384, 0.1006610576923077, 0.09795673076923077],