{"train_losses": [353.9337594168527, 353.84967041015625, 353.7656685965402, 353.681649344308, 353.59767368861606, 353.51368495396207, 353.429696219308, 353.3457510811942, 353.26180594308033, 353.1778869628906, 353.093985421317, 353.0100882393973, 352.9262433733259, 352.8424072265625, 352.75858415876115, 352.6747785295759, 352.5909859793527, 352.5072239467076, 352.4234880719866, 352.3397652762277, 352.2560729980469, 352.17240251813615, 352.08874075753346, 352.005126953125, 351.92152622767856, 351.8379385811942, 351.754385811942, 351.6708548409598, 351.5873282296317, 351.5038321358817, 351.4203578404018, 351.336905343192, 351.2534746442522, 351.1700657435826, 351.08667428152904, 351.0033176967076, 350.9199654715402, 350.8366394042969, 350.7533438546317, 350.6700657435826, 350.58680507114957, 350.50357927594865, 350.4203665597098, 350.33717564174106, 350.2540065220424, 350.17086356026783, 350.0877380371094, 350.00465175083707, 349.9215741838728, 349.8385227748326, 349.75548880440846, 349.67248099190846, 349.5894993373326, 349.5065176827567, 349.42357090541293, 349.3406502859933, 349.2577471051897, 349.1748613630022, 349.09200613839283, 349.00915091378346, 348.9263262067522, 348.8435363769531, 348.76075962611606, 348.67801339285717, 348.5952933175223, 348.51259068080356, 348.42991420200894, 348.3472420828683, 348.2646004813058, 348.18199375697543, 348.09940447126115, 348.01685006277904, 347.9342782156808, 347.85177176339283, 347.7692609514509, 347.68678065708707, 347.6043047223772, 347.5218505859375, 347.43943568638394, 347.35703822544644, 347.27465384347096, 347.1923043387277, 347.1099548339844, 347.0276402064732, 346.9453342982701, 346.8630632672991, 346.78079659598217, 346.69856916155135, 346.6163330078125, 346.5341360909598, 346.45196533203125, 346.36981201171875, 346.2876979282924, 346.2055969238281, 346.1235089983259, 346.0414385114397, 345.95938546316967, 345.8773629324777, 345.7953404017857, 345.71336146763394, 345.6313999720982], "test_losses": [353.44676426478793, 353.3633597237723, 353.2800074986049, 353.1966814313616, 353.11334228515625, 353.030020577567, 352.94671630859375, 352.8634251185826, 352.78013828822543, 352.6968732561384, 352.6136561802455, 352.53043474469865, 352.4472351074219, 352.3640659877232, 352.2808925083705, 352.19775390625, 352.11464146205356, 352.0315420968192, 351.9484601702009, 351.8654000418527, 351.7823747907366, 351.6993626185826, 351.6163809640067, 351.5334167480469, 351.4504830496652, 351.36757114955356, 351.28466796875, 351.2018040248326, 351.11893572126115, 351.03611973353793, 350.9532950265067, 350.87050083705356, 350.78773280552457, 350.7049865722656, 350.6222708565848, 350.53956386021207, 350.4568873814174, 350.3742239815848, 350.2915823800223, 350.20897129603793, 350.1263732910156, 350.0437970842634, 349.9612383161272, 349.87872314453125, 349.7962166922433, 349.7137451171875, 349.6312953404018, 349.5488499232701, 349.46643502371654, 349.38403756277904, 349.30167497907365, 349.2193298339844, 349.13700212751115, 349.054696219308, 348.97240774972096, 348.890145438058, 348.80789620535717, 348.7256600516183, 348.6434762137277, 348.56128365652904, 348.4791346958705, 348.3969944545201, 348.3148760114397, 348.2327880859375, 348.15071759905135, 348.0686776297433, 347.9866681780134, 347.9046630859375, 347.8226754324777, 347.74070957728793, 347.65879603794644, 347.5768781389509, 347.4949951171875, 347.4131295340402, 347.3312770298549, 347.24945068359375, 347.1676548549107, 347.0858459472656, 347.0040980747768, 346.92235892159596, 346.8406241280692, 346.7589372907366, 346.67725917271207, 346.59558541434154, 346.5139465332031, 346.4323207310268, 346.3507341657366, 346.2691432407924, 346.1875784737723, 346.1060355050223, 346.0245099748884, 345.94303240094865, 345.86155482700894, 345.78011213030135, 345.69869123186385, 345.61727033342635, 345.535888671875, 345.45450265066967, 345.37315586635043, 345.2918134416853, 345.2105233328683], "minibatch_train_losses": [369.72540283203125, 362.65057373046875, 361.16693115234375, 352.65570068359375, 362.4935302734375, 338.04412841796875, 330.55059814453125, 369.63922119140625, 362.5645751953125, 361.0826416015625, 352.5721740722656, 362.407958984375, 337.962890625, 330.46923828125, 369.5531311035156, 362.4786682128906, 360.9984130859375, 352.4886474609375, 362.3223876953125, 337.88165283203125, 330.3878173828125, 369.467041015625, 362.3927307128906, 360.91412353515625, 352.4051208496094, 362.2367858886719, 337.8004150390625, 330.3064270019531, 369.3809509277344, 362.30682373046875, 360.829833984375, 352.3216247558594, 362.15118408203125, 337.71917724609375, 330.2250671386719, 369.29486083984375, 362.2209777832031, 360.74560546875, 352.2381286621094, 362.065673828125, 337.63800048828125, 330.1436767578125, 369.20880126953125, 362.13507080078125, 360.661376953125, 352.15460205078125, 361.9801330566406, 337.5567626953125, 330.06231689453125, 369.1227722167969, 362.0491943359375, 360.5771179199219, 352.0711364746094, 361.89459228515625, 337.4755859375, 329.98101806640625, 369.0367431640625, 361.96337890625, 360.492919921875, 351.9876708984375, 361.8090515136719, 337.3944396972656, 329.899658203125, 368.95074462890625, 361.8775634765625, 360.40875244140625, 351.90423583984375, 361.72357177734375, 337.31329345703125, 329.8183898925781, 368.86474609375, 361.791748046875, 360.3245849609375, 351.82086181640625, 361.63812255859375, 337.232177734375, 329.73712158203125, 368.77874755859375, 361.7059326171875, 360.24041748046875, 351.7374267578125, 361.55267333984375, 337.15106201171875, 329.6558837890625, 368.69281005859375, 361.62017822265625, 360.15631103515625, 351.6540832519531, 361.46722412109375, 337.07000732421875, 329.5746154785156, 368.60687255859375, 361.53436279296875, 360.07220458984375, 351.57073974609375, 361.3818054199219, 336.9889221191406, 329.493408203125, 368.5209655761719, 361.44866943359375, 359.9881286621094, 351.4874267578125, 361.29644775390625, 336.90789794921875, 329.4122009277344, 368.43505859375, 361.36297607421875, 359.904052734375, 351.4040832519531, 361.2110595703125, 336.8268737792969, 329.3310241699219, 368.34918212890625, 361.27728271484375, 359.8199768066406, 351.32080078125, 361.1257019042969, 336.7458801269531, 329.2498779296875, 368.26336669921875, 361.19158935546875, 359.7359924316406, 351.23748779296875, 361.0403747558594, 336.6648864746094, 329.16876220703125, 368.177490234375, 361.10595703125, 359.6519470214844, 351.15423583984375, 360.955078125, 336.58392333984375, 329.087646484375, 368.0917053222656, 361.0203552246094, 359.5679931640625, 351.0710144042969, 360.8697814941406, 336.50299072265625, 329.00653076171875, 368.00592041015625, 360.9346923828125, 359.4840087890625, 350.98779296875, 360.7845153808594, 336.4220886230469, 328.92547607421875, 367.9201354980469, 360.84912109375, 359.40008544921875, 350.90460205078125, 360.69927978515625, 336.3411865234375, 328.84442138671875, 367.83441162109375, 360.76361083984375, 359.316162109375, 350.82147216796875, 360.61407470703125, 336.26031494140625, 328.763427734375, 367.7486877441406, 360.67803955078125, 359.2322692871094, 350.73834228515625, 360.52886962890625, 336.1794738769531, 328.6824035644531, 367.6629943847656, 360.592529296875, 359.1484069824219, 350.65521240234375, 360.44366455078125, 336.09869384765625, 328.6014404296875, 367.57733154296875, 360.507080078125, 359.06451416015625, 350.5721435546875, 360.3585510253906, 336.01788330078125, 328.5205078125, 367.49169921875, 360.42156982421875, 358.980712890625, 350.48907470703125, 360.2734069824219, 335.9371032714844, 328.4395446777344, 367.40606689453125, 360.3361511230469, 358.89691162109375, 350.406005859375, 360.1883544921875, 335.8563232421875, 328.358642578125, 367.3204345703125, 360.25067138671875, 358.8131408691406, 350.32293701171875, 360.10321044921875, 335.77557373046875, 328.27777099609375, 367.23486328125, 360.165283203125, 358.7294006347656, 350.2399597167969, 360.0181579589844, 335.69488525390625, 328.1968994140625, 367.1493225097656, 