{"testproblem": "fmnist_mlp", "batch_size": 128, "num_epochs": 100, "random_seed": 42, "weight_decay": null, "optimizer_hyperparams": {"lr": 0.39810717055349776, "momentum": 0.99}, "train_losses": [2.3021158377329507, 2.3810329926319613, 2.4069983684099636, 2.396616850143824, 2.372486826701042, 2.358050068219503, 2.387236537077488, 2.4584676241263366, 2.3415861618824496, 2.3327318857877684, 2.3615135046151967, 2.3385527714704857, 2.4010413885116577, 2.4157381669068947, 2.363659666134761, 2.3964804838865232, 2.3403978531177225, 2.343629253216279, 2.39398721853892, 2.3395221141668467, 2.3854573231477003, 2.366929827592312, 2.3849430145361485, 2.337870839314583, 2.3693355383017125, 2.466924392260038, 2.372535051443638, 2.371080367993086, 2.367196636322217, 2.3535811625994167, 2.3825793877626076, 2.345788747836382, 2.3865377811285167, 2.3440712079023704, 2.3421090780160365, 2.3453813241078305, 2.3976012743436375, 2.376522855880933, 2.3760235554132705, 2.436613694215432, 2.3579472242257533, 2.362764055912311, 2.3648847188705053, 2.380308230717977, 2.3190042025003677, 2.364870318999657, 2.4175735742617874, 2.377196428103325, 2.3813468401248636, 2.334529895048875, 2.4053948536897316, 2.367368750083141, 2.4020859736662645, 2.3609581115918283, 2.427619891288953, 2.350753830029414, 2.3340027515704813, 2.359198817839989, 2.353941770700308, 2.3781814116698046, 2.3723250199586916, 2.3575667968163123, 2.4161693285673094, 2.381622996085729, 2.3749748651797953, 2.3811799440628443, 2.3946234660270886, 2.407103058619377, 2.41821058285542, 2.3866157164940467, 2.385618811998612, 2.367310193868784, 2.385140061378479, 2.4054420727949877, 2.40277714912708, 2.3645267486572266, 2.30952700590476, 2.355996773793147, 2.4123373887477775, 2.4444297827207127, 2.42019514242808, 2.33471435155624, 2.3516817398560352, 2.3515041638643313, 2.4241267381570277, 2.4235948018538647, 2.388160467147827, 2.3414170375237098, 2.3324109193606253, 2.3575935119237657, 2.3601169127684374, 2.352871054258102, 2.462671533609048, 2.352068381431775, 2.4128215312957764, 2.4654266039530435, 2.3521436666830993, 2.364794905369098, 2.338783404765985, 2.3883121624971047, 2.3527690202761917], "test_losses": [2.3022368321051965, 2.383265730662224, 2.407525380452474, 2.3922090591528478, 2.3706975013781815, 2.3646314999996085, 2.389947301302201, 2.4574819069642286, 2.3423581459583382, 2.3320883940427732, 2.356193001453693, 2.3443536208226132, 2.394842661344088, 2.412164012591044, 2.363546759654314, 2.4020809882726426, 2.3444609214098024, 2.341864151832385, 2.39419625661312, 2.341632515956194, 2.378053429799202, 2.363049015020713, 2.3801253269880247, 2.3389873107274375, 2.369915953049293, 2.457276640794216, 2.379738022119571, 2.3735434305973544, 2.36719012260437, 2.3549370735119552, 2.3731063420955953, 2.3424088893792567, 2.384964502774752, 2.345702886581421, 2.339232554802528, 2.3476772491748514, 2.394642655666058, 2.381379885551257, 2.37015315813896, 2.429879763187506, 2.354905421917255, 2.3641729935621605, 2.3706154211973534, 2.378103112563109, 2.3202889821468253, 2.367213799403264, 2.416521096840883, 2.3811569580665, 2.3855283749409213, 2.3318425906010165, 2.3989788935734677, 2.3686759655292215, 2.4034102910604234, 2.3573868672053018, 2.416124294965695, 2.3494053987356334, 2.336478801874014, 2.3644856673020582, 2.3538153782868996, 2.377111786451095, 2.3670874344996915, 2.365279393318372, 2.4130397729384594, 2.3853820317830796, 2.376500258078942, 2.379076282183329, 2.3863534193772535, 2.400319298108419, 2.419070240778801, 2.3853516242442985, 2.38604967105083, 2.367625945653671, 2.388357917467753, 2.4075673818588257, 2.407827976422432, 2.3696581583756666, 2.311787541096027, 2.359181184035081, 2.4121470053990683, 2.4424403722469625, 2.4202165053440976, 2.339647161654937, 2.3496568906001554, 2.3500428749964786, 2.422535193272126, 2.4177075104835706, 2.38624015221229, 2.341170066442245, 2.33031183328384, 2.358342182941926, 2.358127331122374, 2.350515197484921, 2.463049292564392, 2.3585595137033706, 2.4076218605041504, 2.4607976919565444, 2.353627336330903, 2.3666644279773417, 2.3360988268485436, 2.3923720854979296, 2.351167617700039], "train_accuracies": [0.10817307692307693, 0.10296474358974358, 0.0967548076923077, 0.09805689102564102, 0.0999599358974359, 0.10346554487179487, 0.09495192307692307, 0.09975961538461539, 0.09975961538461539, 0.10006009615384616, 0.09905849358974358, 0.10757211538461539, 0.1015625, 0.09685496794871795, 0.10206330128205128, 0.10406650641025642, 0.10176282051282051, 0.10036057692307693, 0.09765625, 0.10326522435897435, 0.09545272435897435, 0.09715544871794872, 0.10256410256410256, 0.10226362179487179, 0.10126201923076923, 0.09705528846153846, 0.10216346153846154, 0.1024639423076923, 0.09935897435897435, 0.09985977564102565, 0.0953525641025641, 0.10036057692307693, 0.10096153846153846, 0.10086137820512821, 0.09835737179487179, 0.09745592948717949, 0.0985576923076923, 0.09885817307692307, 0.09655448717948718, 0.09805689102564102, 0.09845753205128205, 0.10276442307692307, 0.09815705128205128, 0.09785657051282051, 0.10006009615384616, 0.10186298076923077, 0.09745592948717949, 0.10446714743589744, 0.09695512820512821, 0.1015625, 0.10046073717948718, 0.10346554487179487, 0.10647035256410256, 0.09795673076923077, 0.09475160256410256, 0.09865785256410256, 0.10036057692307693, 0.10256410256410256, 0.10186298076923077, 0.09795673076923077, 0.09665464743589744, 0.109375, 0.10076121794871795, 0.10356570512820513, 0.10126201923076923, 0.10346554487179487, 0.10076121794871795, 0.09985977564102565, 0.09985977564102565, 0.10516826923076923, 0.09825721153846154, 0.10166266025641026, 0.10426682692307693, 0.09985977564102565, 0.10616987179487179, 0.09825721153846154, 0.10476762820512821, 0.10206330128205128, 0.09775641025641026, 0.10136217948717949, 0.09985977564102565, 0.10366586538461539, 0.10026041666666667, 0.10086137820512821, 0.09945913461538461, 0.10226362179487179, 0.09695512820512821, 0.10236378205128205, 0.09985977564102565, 0.10076121794871795, 0.09865785256410256, 0.09625400641025642, 0.09885817307692307, 0.10556891025641026, 0.1024639423076923, 0.10036057692307693, 0.10306490384615384, 0.10226362179487179, 0.10006009615384616, 0.10266426282051282, 0.09845753205128205],