{"testproblem": "mnist_mlp", "batch_size": 128, "num_epochs": 100, "random_seed": 42, "weight_decay": null, "optimizer_hyperparams": {"lr": 0.006309573444801936}, "train_losses": [2.3034798334806394, 0.11374562262342526, 0.11173592500675184, 0.107185509820015, 0.07197755507121865, 0.0630803820796502, 0.0532006823624938, 0.03371163393155886, 0.042755432068728484, 0.055173180280969694, 0.05571947308878104, 0.037067655641107984, 0.03009749884502246, 0.02839050049153276, 0.030610944347408336, 0.039677097068096585, 0.021951050628931858, 0.028800560436092127, 0.024278451676647633, 0.02084611013579445, 0.026875502029911447, 0.04021204708335109, 0.028410466483388193, 0.027549877201612942, 0.02939060778142168, 0.020518184018631775, 0.02423956512640684, 0.010206758868522368, 0.05456247553229332, 0.03947187042407071, 0.032610773670081146, 0.0180677514976989, 0.01606500996515537, 0.016275481511958134, 0.015286859017438613, 0.025882560467251983, 0.008168912206131678, 0.016978853513510563, 0.019249495823318377, 0.03035644232892455, 0.025331866927444935, 0.017192823454164542, 0.027783736323890012, 0.048519349979380004, 0.025845823713984244, 0.02330286270723893, 0.01645990065895976, 0.018150148483423088, 0.021200728590767354, 0.017743789286424335, 0.012699652522897873, 0.01833975733890652, 0.0575616555288434, 0.021283073494067557, 0.017549818739868127, 0.014124709032237148, 0.01664528167505826, 0.014712984313985381, 0.029469010554468975, 0.04711125686000555, 0.006031556813141856, 0.021699620034688942, 0.026380230496542003, 0.07152736744580743, 0.08432462480432616, 0.02026608822723994, 0.016392317158767045, 0.009170546506841978, 0.0149624442251829, 0.021278142236555234, 0.010901658710701248, 0.017249328984270014, 0.05476769728538317, 0.015278340138208408, 0.017901796077449735, 0.021716121966258075, 0.027792259119451046, 0.0070622964308429985, 0.03101273089981614, 0.04074544368837124, 0.028637004216225483, 0.04732789587563811, 0.038876242123735257, 0.025910828095407058, 0.031814297852225795, 0.009321843130657306, 0.004294050152962789, 0.0113980659426978, 0.03898991923779249, 0.018963428739553843, 0.024597647778976422, 0.035170808458366454, 0.026931060525851373, 0.025816293134807777, 0.036695836876065306, 0.025222087087921608, 0.027637404926980916, 0.030733646777195808, 0.019771941615125306, 0.017149133022683553, 0.013769705147028733], "test_losses": [2.3034419279832106, 0.14038386243658188, 0.12899758327656832, 0.15845395178080368, 0.13345808220597413, 0.10388506562090837, 0.11793607418449262, 0.11668962161414899, 0.1306470625747282, 0.13493757974356413, 0.12026036294320455, 0.12810496361448598, 0.11705488059669733, 0.1562581522963368, 0.14520233092256463, 0.16608396247745708, 0.11545132549527364, 0.14505604401421854, 0.13414564782467026, 0.15444584620686677, 0.15721616084472492, 0.14759897662756535, 0.1661753469528869, 0.18622727584666932, 0.15282536914142278, 0.1522836468110864, 0.13848633104218885, 0.17238850117875978, 0.21617703709321526, 0.19661803930424726, 0.2003474320189502, 0.1608597107279377, 0.20693721250893596, 0.22941166936204985, 0.21649807813362434, 0.23176435235505685, 0.16298875457440049, 0.24444792731306875, 0.19299869515145054, 0.2724599367341934, 0.26274029628779644, 0.20145224729696146, 0.22156043076075804, 0.27698903969035316, 0.29540314207760954, 0.2895518501098148, 0.2796351672269595, 0.2950118027914029, 0.26642398062782985, 0.3155308913436527, 0.31850773004146343, 0.3106487926859886, 0.304210631773831, 0.2700079000578859, 0.3017475270212461, 0.3057909591230922, 0.25816902684835863, 0.3029026322616025, 0.2854221039332258, 0.4196241155821973, 0.24719840764569548, 0.3317746956570026, 0.3946244894431379, 0.26390280914851105, 0.45843819301957506, 0.3055431069209216, 0.2648553242309926, 0.2234462737941589, 0.26603693553270436, 0.34391612934474, 0.3317940460267262, 0.3271197052553105, 0.3129548989713956, 0.3142853177104814, 0.3164182750460429, 0.42470783319992894, 0.3531077065003606, 0.2913642964469126, 0.4635054351379856, 0.31775048037226766, 0.3702372513854733, 0.3691965690933359, 0.4357009642900756, 0.45667111361399293, 0.48072216597696144, 0.5192886972561096, 0.7260322243166275, 0.7675170550743738, 0.2948342810432689, 0.3420581912669616, 0.5521705389643708, 0.6807845005264076, 0.7360239207434157, 0.4456326497527651, 0.7112251820806892, 0.3427324200120683, 0.5529468602930697, 0.4660432392802949, 0.5330073685170367, 0.5065549404169314, 0.44690612721471834], "train_accuracies": [0.08543669871794872, 0.9652443910256411, 0.9689503205128205, 0.9696514423076923, 0.9791666666666666, 0.9817708333333334, 0.9862780448717948, 0.9902844551282052, 0.9886818910256411, 0.9883814102564102, 0.9855769230769231, 0.9901842948717948, 0.992988782051282, 0.9919871794871795, 0.9932892628205128, 0.9925881410256411, 0.9936899038461539, 0.9933894230769231, 0.9940905448717948, 0.9951923076923077, 0.9946915064102564, 0.9897836538461539, 0.9937900641025641, 0.9949919871794872, 0.9939903846153846, 0.9954927884615384, 0.9935897435897436, 0.9963942307692307, 0.9920873397435898, 0.9923878205128205, 0.9938902243589743, 0.9964943910256411, 0.9961939102564102, 0.9976963141025641, 0.9959935897435898, 0.9946915064102564, 0.9979967948717948, 0.9961939102564102, 0.9954927884615384, 0.9946915064102564, 0.9959935897435898, 0.9956931089743589, 0.9938902243589743, 0.9934895833333334, 0.9949919871794872, 0.9937900641025641, 0.9964943910256411, 0.9965945512820513, 0.9953926282051282, 0.9961939102564102, 0.9967948717948718, 0.99609375, 0.9928886217948718, 0.9947916666666666, 0.996895032051282, 0.9962940705128205, 0.9955929487179487, 0.9967948717948718, 0.9947916666666666, 0.9895833333333334, 0.9979967948717948, 0.996895032051282, 0.9961939102564102, 0.9933894230769231, 0.9931891025641025, 0.995292467948718, 0.9973958333333334, 0.9978966346153846, 0.99609375, 0.9954927884615384, 0.9958934294871795, 0.9958934294871795, 0.9943910256410257, 0.9974959935897436, 0.9970953525641025, 0.9967948717948718, 0.9940905448717948, 0.9975961538461539, 0.9945913461538461, 0.9937900641025641, 0.9948918269230769, 0.9914863782051282, 0.9948918269230769, 0.9928886217948718, 0.9959935897435898, 0.9975961538461539, 0.9988982371794872, 0.9972956730769231, 0.9915865384615384, 0.996895032051282, 0.9940905448717948, 0.9951923076923077, 0.9953926282051282, 0.9916866987179487, 0.9920873397435898, 0.9930889423076923, 0.9961939102564102, 0.9941907051282052, 0.99609375, 0.9967948717948718, 0.9967948717948718],