{"train_losses": [353.9337594168527, 1452.2494245256696, 12715.26841517857, 11789.934151785714, 5322.491001674107, 605.9307861328125, 417.8829432896205, 865.6972133091518, 156.7802254813058, 201.74986703055245, 136.4817112513951, 116.56955283028739, 99.26548549107143, 107.90625435965401, 109.13888658796039, 120.4286869594029, 125.67231859479632, 128.7920139857701, 131.1109575544085, 132.28795732770647, 132.98779296875, 133.24112701416016, 132.0938502720424, 128.91510663713728, 123.30644226074219, 115.51630292619977, 106.70469338553292, 98.83441925048828, 93.8087659563337, 92.0797871180943, 92.1715556553432, 92.59473637172154, 92.64437430245536, 91.6228496006557, 90.07639857700893, 88.53561619349888, 87.37138148716518, 87.09037453787667, 87.59930964878627, 87.9197758265904, 87.74222455705915, 87.7981447492327, 88.3530763898577, 88.83778381347656, 88.88448660714286, 88.55524662562779, 88.39722769601005, 88.53555079868862, 88.58074079241071, 88.36244092668805, 88.14549800327846, 88.41265760149274, 89.86314501081195, 92.87060546875, 96.9948959350586, 101.19012451171875, 104.17496599469867, 105.16305324009487, 104.0157220023019, 101.15861293247768, 97.4991433279855, 94.1538816179548, 91.78049686976841, 90.43063790457589, 89.94195447649274, 90.16081237792969, 90.89107186453683, 91.95016697474888, 93.32113211495536, 95.03315843854632, 96.9152363368443, 98.63620867047992, 99.93386840820312, 100.74586159842355, 101.16921670096261, 101.39368002755302, 101.67150551932198, 102.26890999930245, 103.36535317557198, 104.96321323939732, 106.90507398332868, 108.95193263462612, 110.84821101597377, 112.40603964669364, 113.5778067452567, 114.46422685895648, 115.27804674421039, 116.27483367919922, 117.67331913539341, 119.59627205984933, 122.0441142490932, 124.907712663923, 128.01303645542689, 131.17068372453963, 134.2061767578125, 136.96144104003906, 139.28023420061385, 141.0024653843471, 141.9879869733538, 142.16966029575892, 141.61654009137834], "test_losses": [353.44676426478793, 1466.357386997768, 12707.827706473214, 11793.929129464286, 5325.172154017857, 609.7807181222098, 420.2297581263951, 866.9209420340402, 159.0076860700335, 204.4136461530413, 138.58027866908483, 118.17024884905133, 100.86249215262276, 109.28986140659877, 109.94535827636719, 120.95695168631417, 126.10320608956474, 129.17080906459265, 131.5761478969029, 132.8754664829799, 133.69005257742745, 134.00955200195312, 132.88677106584822, 129.75540815080916, 124.26288168770927, 116.67414093017578, 108.10962459019252, 100.51263536725726, 95.7630593436105, 94.25915636335101, 94.44315665108817, 94.82580893380302, 94.81991250174386, 93.81052507672992, 92.26395416259766, 90.62938145228794, 89.35352216448102, 88.98652103969029, 89.41973440987724, 89.75262451171875, 89.66359165736607, 89.82748086111886, 90.4299545288086, 90.86249760219029, 90.81524331229073, 90.42145102364677, 90.2378169468471, 90.3968527657645, 90.55106026785714, 90.53355189732143, 90.58570534842355, 91.21139417375836, 93.09813363211495, 96.55386025565011, 101.06122589111328, 105.50368172781808, 108.57167489188058, 109.49165344238281, 108.19272068568638, 105.17587280273438, 101.38384464808873, 97.92034258161273, 95.41468266078404, 93.91106305803571, 93.2675061907087, 93.34052385602679, 93.91299765450614, 94.7794690813337, 95.93591417585101, 97.45116642543248, 99.1780776977539, 100.78238677978516, 101.99398476736886, 102.74957929338727, 103.14462716238839, 103.36048780168805, 103.63621956961495, 104.22703443254743, 105.30666896275112, 106.87391226632255, 108.77262224469867, 110.77332959856305, 112.63191877092633, 114.16967228480748, 115.34386444091797, 116.25343104771206, 117.10477120535714, 118.14596775599888, 119.58861868722099, 121.54889460972377, 124.02081298828125, 126.88934653145927, 129.9770006452288, 133.09464372907365, 136.07175772530692, 138.75669860839844, 141.00101143973214, 142.6532265799386, 143.58201817103796, 143.72801208496094, 143.16551426478796], "minibatch_train_losses": [369.72540283203125, 146306.265625, 11445.181640625, 32361.607421875, 82105.4453125, 61656.23046875, 18421.03125, 1457.970458984375, 17917.921875, 38679.53125, 37814.234375, 19373.908203125, 3439.831298828125, 2135.0712890625, 12806.259765625, 21409.859375, 19151.73828125, 9312.4453125, 1381.626708984375, 1418.0286865234375, 7356.400390625, 11682.0341796875, 10198.796875, 4642.447265625, 501.9613952636719, 1076.50732421875, 4493.259765625, 6667.388671875, 5396.4208984375, 2036.24365234375, 138.99732971191406, 1115.73681640625, 3156.789794921875, 3913.666259765625, 2453.357421875, 586.866943359375, 195.89613342285156, 1202.3052978515625, 2166.8310546875, 1988.39013671875, 812.3694458007812, 101.54476928710938, 400.0947265625, 1132.713134765625, 1319.2484130859375, 784.8721313476562, 176.42495727539062, 168.83367919921875, 589.9603881835938, 891.5065307617188, 607.470947265625, 186.2787628173828, 132.7978973388672, 372.9908447265625, 578.369140625, 412.55584716796875, 148.65855407714844, 115.00387573242188, 272.5126037597656, 366.45208740234375, 276.98046875, 113.55997467041016, 106.04713439941406, 192.0103759765625, 244.99588012695312, 194.25735473632812, 109.87271118164062, 107.13688659667969, 161.13131713867188, 178.0057830810547, 144.9075927734375, 96.88972473144531, 123.0047378540039, 157.682373046875, 143.78590393066406, 117.81277465820312, 90.05644226074219, 123.60673522949219, 145.0987548828125, 133.31861877441406, 92.4415512084961, 100.49946594238281, 125.8794174194336, 119.92863464355469, 98.20973205566406, 97.88246154785156, 123.05355834960938, 104.36543273925781, 111.03807067871094, 93.76482391357422, 97.20608520507812, 105.61268615722656, 99.8466796875, 121.11494445800781, 92.44831848144531, 110.52709197998047, 97.98875427246094, 93.98190307617188, 109.51263427734375, 92.54496765136719, 129.91268920898438, 97.62310791015625, 109.6272964477539, 100.29660034179688, 91.4095230102539, 121.939697265625, 92.25379180908203, 131.7494659423828, 99.11490631103516, 112.62980651855469, 108.56645965576172, 87.8811264038086, 126.19261169433594, 91.66688537597656, 135.9401092529297, 100.95499420166016, 110.87667083740234, 114.69737243652344, 87.17520904541016, 128.43075561523438, 87.49899291992188, 138.00550842285156, 103.91728210449219, 107.81700134277344, 117.73567962646484, 85.43896484375, 130.64529418945312, 84.80479431152344, 137.82284545898438, 106.6353759765625, 104.40767669677734, 120.62960052490234, 82.90394592285156, 132.2301025390625, 84.1414794921875, 136.83541870117188, 109.41775512695312, 101.1442642211914, 124.06149291992188, 80.15556335449219, 133.59197998046875, 84.9885025024414, 134.34983825683594, 113.0388412475586, 97.78114318847656, 127.35237884521484, 78.04280090332031, 134.2626953125, 86.9272232055664, 130.5953826904297, 117.63558959960938, 94.31327056884766, 129.98373413085938, 76.74652099609375, 133.3786163330078, 89.83563232421875, 125.14682006835938, 122.53870391845703, 90.68069458007812, 131.4859619140625, 76.39947509765625, 130.38711547851562, 93.50381469726562, 118.18359375, 127.14813232421875, 87.15882110595703, 131.11228942871094, 77.37831115722656, 125.10160827636719, 97.53329467773438, 110.12564086914062, 130.17138671875, 84.57058715820312, 127.82809448242188, 79.81611633300781, 117.7435073852539, 101.30911254882812, 102.02605438232422, 130.4036102294922, 83.9349365234375, 121.19246673583984, 83.26448059082031, 109.41850280761719, 103.47602844238281, 95.37918090820312, 126.85093688964844, 85.44754791259766, 112.04161071777344, 86.43611145019531, 102.0151596069336, 102.49226379394531, 91.47579956054688, 119.71404266357422, 87.91519165039062, 102.63105773925781, 87.47744750976562, 97.45362091064453, 98.05488586425781, 90.39755249023438, 111.19676208496094, 89.15548706054688, 95.79220581054688, 85.59134674072266, 96.11463165283203, 92.26537322998047, 90.76411437988281, 104.81011962890625, 88.01264190673828, 92.71249389648438, 82.67035675048828, 96.40348815917969, 88.25776672363281, 91.51072692871094, 102.5446548461914, 