{"testproblem": "mnist_mlp", "batch_size": 128, "num_epochs": 100, "random_seed": 42, "weight_decay": null, "optimizer_hyperparams": {"lr": 0.0001}, "train_losses": [2.3034798334806394, 0.31355532105916584, 0.2282549308087581, 0.17396179199791872, 0.1398800895191156, 0.12714324050988907, 0.10268246095914108, 0.07774675169434303, 0.0753724558565479, 0.0587354304555517, 0.047996557938555874, 0.04345703547677168, 0.04180703044701845, 0.03198805606613556, 0.0310472843881983, 0.022231506852385324, 0.01583902710953202, 0.015087776745741185, 0.01536089121005856, 0.011647621790568033, 0.01215373115757337, 0.008685467836375419, 0.006322155802104718, 0.00526695108662049, 0.003810164244033587, 0.003869457242007439, 0.0031231198316583266, 0.0031311456352854385, 0.003463775680686992, 0.0014579342678189278, 0.0029734776188165713, 0.002641220374080615, 0.0006646233825729444, 0.0004924793059054094, 0.00037919959196677577, 0.0004136303248695838, 0.00219065017807178, 0.003424050047611579, 0.0005014228324095408, 0.0002585352661135869, 0.00024176164506337582, 0.00016774404316376417, 0.00020042073745758107, 0.00014207376023897759, 0.01727817189664795, 0.0015308689326047897, 0.000304901924652931, 0.00021322408261207433, 0.00015873736582505397, 0.00012563818540328587, 0.00010136151925111428, 8.490939552967365e-05, 7.877365136757876e-05, 5.731297036012014e-05, 4.9968321736042315e-05, 4.386737083013241e-05, 3.341671365957994e-05, 3.7991441786289215e-05, 2.9359012842178345e-05, 0.008194546907758102, 0.0006275325535963743, 0.00012767773408156174, 9.292450088721055e-05, 7.879495238646482e-05, 6.391022067803603e-05, 4.686572803900792e-05, 4.052418546798902e-05, 3.870994521257205e-05, 2.8015997929450794e-05, 2.159235569146963e-05, 1.9163060455750197e-05, 1.693335481179066e-05, 1.3651672559670913e-05, 1.0724680928083566e-05, 9.675892308736458e-06, 8.081897902183044e-06, 7.411596389153065e-06, 0.009359062959750494, 0.00028505252721982123, 6.999579282143177e-05, 5.320946757610027e-05, 4.4280185531347226e-05, 3.702704532024188e-05, 2.9014614530098745e-05, 2.7441061460054836e-05, 2.134997302140945e-05, 2.0578933449891898e-05, 1.5774168647252598e-05, 1.2816001589481648e-05, 1.207906275223463e-05, 1.0376652845969567e-05, 8.427466337497417e-06, 6.395893601270823e-06, 6.245305904975305e-06, 4.9944441670026536e-06, 4.110332482900375e-06, 3.107895071689899e-06, 3.16200730128166e-06, 2.3562222337111448e-06, 1.8754806847144396e-06, 1.6539811323850583e-06], "test_losses": [2.3034419279832106, 0.2941054373693008, 0.2236978070667157, 0.173904283115497, 0.14588729674235368, 0.12982303362626296, 0.11472100869585307, 0.1011276778120261, 0.0965191626873536, 0.08517393773087324, 0.08046201329964858, 0.07680180518386456, 0.07429383488563009, 0.07139919470183742, 0.07627913522987793, 0.06845057795110804, 0.06774381665178598, 0.06895935334838353, 0.06949408104022343, 0.07146256812251149, 0.07121488483001788, 0.07608628959562151, 0.07408256730876672, 0.0746639513482268, 0.07669322526989839, 0.07957092794374777, 0.07828319986135913, 0.0858948690076478, 0.09218115758341856, 0.08357119161444597, 0.08792194250063637, 0.09102063671423075, 0.08506782706349324, 0.08643973452779345, 0.08628255331841035, 0.08842653055221607, 0.08874135182645077, 0.09353200592196141, 0.08668959766435318, 0.08831189430127732, 0.0885191545702326, 0.09052637759118508, 0.09566593820897815, 0.09305139172535676, 0.12993086057786757, 0.09919690794478624, 0.09005392976821615, 0.0901237093628599, 0.0923475016696522, 0.09369968886797626, 0.09462266630278184, 0.09639606106644258, 0.09872178753646903, 0.09975060120893595, 0.10102506501313585, 0.10288442452796377, 0.10499841713895783, 0.10714378618659118, 0.11036620936834086, 0.12795089753583455, 0.10630436683407961, 0.10508276863644521, 0.10541743300377558, 0.10599568832474641, 0.10696541491704874, 0.10806082377735621, 0.10891477293215501, 0.11109149157523344, 0.11098655860106914, 0.11285170112760404, 0.11398881169943473, 0.11585890556661746, 0.11642841290300474, 0.11815537438274194, 0.11923715684753962, 0.12125017498739254, 0.12269291465576643, 0.15951041349520287, 0.11873707370772862, 0.11146485707603204, 0.11171774918404527, 0.11261077289684461, 0.11291569825381231, 0.1136070161114614, 0.11403777800763074, 0.1156249238530365, 0.11621221370147303, 0.11759164084632619, 0.11844880546096903, 0.1203045806226631, 0.12141377702713586, 0.1227476648413218, 0.12467049354782854, 0.12589742133441645, 0.1272166535640374, 0.1297033696124951, 0.13051826850726053, 0.13204852154908273, 0.13339007700769565, 0.13622092281301051, 0.13805755451082802], "train_accuracies": [0.08543669871794872, 0.910957532051282, 0.9348958333333334, 0.9504206730769231, 0.9595352564102564, 0.9637419871794872, 0.9714543269230769, 0.9763621794871795, 0.9792668269230769, 0.9827724358974359, 0.9863782051282052, 0.9867788461538461, 0.989082532051282, 0.9915865384615384, 0.9922876602564102, 0.9951923076923077, 0.9965945512820513, 0.9959935897435898, 0.9965945512820513, 0.9970953525641025, 0.9973958333333334, 0.9982972756410257, 0.9987980769230769, 0.9993990384615384, 0.9995993589743589, 0.9993990384615384, 0.9996995192307693, 0.9996995192307693, 0.9995993589743589, 0.9998998397435898, 0.9994991987179487, 0.9993990384615384, 0.9998998397435898, 1.0, 1.0, 0.9998998397435898, 0.9996995192307693, 0.9988982371794872, 0.9998998397435898, 1.0, 1.0, 1.0, 1.0, 1.0, 0.9942908653846154, 0.9997996794871795, 1.0, 1.0, 1.0, 1.0, 1.0, 1.0, 1.0, 1.0, 1.0, 1.0, 1.0, 1.0, 1.0, 0.9975961538461539, 0.9997996794871795, 1.0, 1.0, 1.0, 1.0, 1.0, 1.0, 1.0, 1.0, 1.0, 1.0, 1.0, 1.0, 1.0, 1.0, 1.0, 1.0, 0.9977964743589743, 1.0, 1.0, 1.0, 1.0, 1.0, 1.0, 1.0, 1.0, 1.0, 1.0, 1.0, 1.0, 1.0, 1.0, 1.0, 1.0, 1.0, 1.0, 1.0, 1.0, 1.0, 1.0, 1.0], "test_accuracies": [0.08383413461538461, 0.9152644230769231, 0.9376001602564102, 0.9467147435897436, 0.9572315705128205, 0.9610376602564102, 0.9644431089743589, 0.9686498397435898, 0.9702524038461539, 0.9731570512820513, 0.9755608974358975, 0.9765625, 0.9754607371794872, 0.9775641025641025, 0.975761217948718, 0.9795673076923077, 0.9798677884615384, 0.9792668269230769, 0.9794671474358975, 0.9791666666666666, 0.9792668269230769, 0.9791666666666666, 0.979667467948718, 0.9793669871794872, 0.979667467948718, 0.9806690705128205, 0.9809695512820513, 0.9806690705128205, 0.9778645833333334, 0.981270032051282, 0.9793669871794872, 0.9793669871794872, 0.9802684294871795, 0.9810697115384616, 0.9814703525641025, 0.9817708333333334, 0.9801682692307693, 0.9784655448717948, 0.9811698717948718, 0.981270032051282, 0.9808693910256411, 0.9806690705128205, 0.9809695512820513, 0.9811698717948718, 0.9760616987179487, 0.9801682692307693, 0.9818709935897436, 0.9821714743589743, 0.9819711538461539, 0.9816706730769231, 0.9817708333333334, 0.9815705128205128, 0.9816706730769231, 0.9816706730769231, 0.9814703525641025, 0.9815705128205128, 0.9814703525641025, 0.9814703525641025, 0.9809695512820513, 0.9776642628205128, 0.9807692307692307, 0.9805689102564102, 0.98046875, 0.9801682692307693, 0.9801682692307693, 0.9803685897435898, 0.9806690705128205, 0.9801682692307693, 0.9801682692307693, 0.98046875, 0.98046875, 0.9801682692307693, 0.9808693910256411, 0.98046875, 0.98046875, 0.9805689102564102, 0.98046875, 0.9783653846153846, 0.9797676282051282, 0.9811698717948718, 0.9806690705128205, 0.9806690705128205, 0.9805689102564102, 0.9806690705128205, 0.9805689102564102, 0.98046875, 0.9809695512820513, 0.9810697115384616, 0.9810697115384616, 0.9809695512820513, 0.9811698717948718, 0.9811698717948718, 0.9809695512820513, 0.9809695512820513, 0.9810697115384616, 0.9806690705128205, 0.9813701923076923, 0.981270032051282, 0.9813701923076923, 0.9813701923076923, 0.9813701923076923], "analyzable_training_params": {"lr_sched_epochs": null, "lr_sched_factors": null}}