{"train_losses": [353.9337594168527, 265.847420828683, 136.87350245884485, 117.17213766915458, 203.21704973493303, 266.0261775425502, 227.1644243512835, 144.2030966622489, 116.65003749302456, 158.24034772600447, 197.3110111781529, 180.87248011997767, 135.15643964494978, 116.82870810372489, 136.71040562220983, 155.98128618512834, 145.07562255859375, 119.09539358956474, 109.87170846121651, 122.24101257324219, 132.8165566580636, 124.75094713483539, 107.85867527553013, 101.57822745186942, 109.14407348632812, 116.67566026960101, 113.24163055419922, 103.11103820800781, 97.30660901750836, 99.44390433175224, 103.7840576171875, 104.20330701555524, 100.5966557094029, 96.6537366594587, 94.86038208007812, 95.12706429617745, 96.28950500488281, 97.02645329066685, 96.09330422537667, 93.41197749546596, 90.90325709751674, 90.82108197893415, 92.86497715541294, 94.08650752476284, 92.39757537841797, 89.30932181222099, 88.09052385602679, 89.603273664202, 91.29935673304966, 90.63768332345145, 88.29236711774554, 86.99807957240513, 87.85311017717633, 89.09849330357143, 88.72791726248605, 87.12981741768974, 86.28620365687779, 86.95006997244698, 87.7667007446289, 87.31972285679409, 86.07023620605469, 85.58020128522601, 86.29763575962612, 87.01111820765904, 86.58423614501953, 85.47519356863839, 85.02965109688895, 85.65187726702008, 86.34804861886161, 86.12168448311942, 85.2462637765067, 84.79073769705636, 85.1874280657087, 85.76768602643695, 85.73390524727958, 85.16106523786273, 84.77140263148716, 84.94339207240513, 85.30704280308315, 85.33340345110211, 85.01583535330636, 84.77696990966797, 84.8570077078683, 85.04774366106305, 85.0451431274414, 84.8572256905692, 84.73401532854352, 84.79575020926339, 84.89593505859375, 84.85929870605469, 84.72125898088727, 84.65248107910156, 84.71414293561664, 84.79010663713727, 84.7600849696568, 84.65492684500558, 84.59661102294922, 84.6318849836077, 84.68663351876395, 84.67760140555245, 84.61465672084263], "test_losses": [353.44676426478793, 266.04544503348217, 138.60796683175224, 120.62351444789341, 207.86471557617188, 270.89819989885603, 231.2511269705636, 146.8615461077009, 117.84084647042411, 158.5133100237165, 197.55951581682478, 181.96576145717077, 137.5999537876674, 120.58374459402901, 141.23438589913505, 160.4613778250558, 148.75502014160156, 121.56143515450614, 111.19704328264508, 122.93173326764789, 133.5978066580636, 126.28087724958148, 110.48377881731305, 105.22040448869977, 113.35448673793248, 120.82476479666573, 116.76527840750558, 105.7162857055664, 99.06248910086495, 100.730710710798, 105.12988172258649, 106.07705470493862, 103.23829868861607, 100.00279562813895, 98.60208020891461, 98.82997458321708, 99.57579912458148, 99.70817129952567, 98.2260513305664, 95.2524163382394, 92.79437364850726, 93.0546373639788, 95.57533482142857, 97.21363067626953, 95.7275870186942, 92.57059151785714, 91.06376211983817, 92.2019784109933, 93.59194728306362, 92.8074220929827, 90.5555888584682, 89.51586369105748, 90.67147391183036, 92.13841247558594, 91.82547106061664, 90.10723767961774, 89.02367619105748, 89.43007223946708, 90.07517569405692, 89.60630689348493, 88.48566327776227, 88.21675327845982, 89.15575299944196, 90.00365230015346, 89.57459803989956, 88.33260999407086, 87.67925807407924, 88.10063825334821, 88.6779044015067, 88.45449938092914, 87.69564601353237, 87.41983250209263, 87.98832484654018, 88.66888427734375, 88.6311525617327, 87.95833478655133, 87.4159164428711, 87.44195338657924, 87.71885899135044, 87.74395206996373, 87.50306701660156, 87.38311767578125, 87.57621765136719, 87.83281925746373, 87.82921164376395, 87.58083670479911, 87.3668452671596, 87.34512220110211, 87.40010070800781, 87.36944253104073, 87.28023311070034, 87.2788565499442, 87.39734649658203, 87.4976065499442, 87.45270211356026, 87.30352238246373, 87.19329724993024, 87.19169071742466, 87.23960985456195, 87.25522831508091, 87.23646981375558], "minibatch_train_losses": [369.72540283203125, 358.8626708984375, 350.0813293457031, 331.24951171875, 326.69354248046875, 289.0926208496094, 264.22698974609375, 279.38232421875, 251.75686645507812, 231.0309600830078, 204.68328857421875, 188.94203186035156, 160.5628204345703, 136.98678588867188, 145.1033935546875, 126.5171127319336, 120.46749877929688, 112.47129821777344, 105.69835662841797, 111.4079818725586, 106.02374267578125, 118.85432434082031, 121.16525268554688, 137.3812713623047, 151.2672119140625, 152.82110595703125, 186.53668212890625, 190.54037475585938, 199.16262817382812, 208.8756866455078, 229.9302978515625, 246.22166442871094, 238.94869995117188, 274.09423828125, 267.1698303222656, 258.7093505859375, 257.9455261230469, 265.74310302734375, 268.140380859375, 244.1529541015625, 263.26446533203125, 239.9580535888672, 219.8555908203125, 208.73497009277344, 205.0391845703125, 197.63238525390625, 169.72010803222656, 176.39602661132812, 150.5481414794922, 139.92193603515625, 132.63592529296875, 131.9268798828125, 128.56761169433594, 114.4728775024414, 118.87063598632812, 104.28996276855469, 117.2701187133789, 121.17428588867188, 129.8314666748047, 134.0946044921875, 136.4434814453125, 138.7803955078125, 133.65225219726562, 164.00753784179688, 170.5557403564453, 180.49447631835938, 182.82342529296875, 189.37655639648438, 182.688232421875, 175.7571563720703, 206.89398193359375, 203.79946899414062, 205.64218139648438, 198.11270141601562, 198.29824829101562, 182.70144653320312, 169.32064819335938, 191.89205932617188, 178.13485717773438, 173.80096435546875, 160.851806640625, 155.8458251953125, 142.72088623046875, 129.0631866455078, 144.99664306640625, 130.03201293945312, 128.98873901367188, 121.22723388671875, 117.3802490234375, 118.06552124023438, 110.66734313964844, 123.45881652832031, 114.68074035644531, 121.32656860351562, 122.77924346923828, 120.6772232055664, 134.9764404296875, 131.62698364257812, 139.26255798339844, 135.16432189941406, 144.54617309570312, 149.93096923828125, 144.07273864746094, 162.2457275390625, 155.54640197753906, 154.92169189453125, 150.67469787597656, 156.263427734375, 159.4165802001953, 146.8714599609375, 160.54884338378906, 147.47415161132812, 141.9462127685547, 137.30027770996094, 138.95401000976562, 139.73062133789062, 124.79574584960938, 132.8828125, 117.38941955566406, 115.93890380859375, 114.65069580078125, 117.03639221191406, 118.69656372070312, 107.86083984375, 112.74223327636719, 99.58020782470703, 108.54605865478516, 111.6890640258789, 117.23358917236328, 120.01068115234375, 114.81474304199219, 116.8478012084961, 105.99969482421875, 123.8486099243164, 127.02922058105469, 133.4017333984375, 133.64434814453125, 130.4176483154297, 128.43209838867188, 116.87490844726562, 137.42221069335938, 135.35177612304688, 139.6636199951172, 134.91799926757812, 130.3010711669922, 125.80860900878906, 112.72258758544922, 131.4564208984375, 123.42276000976562, 126.33954620361328, 118.88349151611328, 113.2734603881836, 111.19921875, 99.17782592773438, 115.18187713623047, 104.8384780883789, 109.23050689697266, 103.65371704101562, 99.02430725097656, 103.3941650390625, 94.76163482666016, 107.98980712890625, 98.87934112548828, 105.64598083496094, 104.18317413330078, 100.48643493652344, 110.51118469238281, 104.27253723144531, 113.57317352294922, 106.4312515258789, 113.30899810791016, 114.66046905517578, 109.82160949707031, 120.9512710571289, 114.12490844726562, 118.82046508789062, 113.00355529785156, 117.43053436279297, 119.45242309570312, 112.29818725585938, 120.45645141601562, 111.43014526367188, 113.5969467163086, 109.37998962402344, 111.31897735595703, 113.38117980957031, 105.19461822509766, 109.32711029052734, 98.92196655273438, 102.72600555419922, 101.07614135742188, 102.57647705078125, 104.99365234375, 97.91110229492188, 99.1280517578125, 88.76377868652344, 97.37544250488281, 98.00096130371094, 100.802734375, 103.07538604736328, 97.76220703125, 97.46762084960938, 87.35948181152344, 100.8817138671875, 101.58468627929688, 105.90704345703125, 106.55056762695312, 101.92539978027344, 101.33045196533203, 