{"train_losses": [353.9337594168527, 316.37979997907365, 284.5828857421875, 257.64703587123324, 234.81735011509485, 215.4575674874442, 199.03119768415178, 185.08578491210938, 173.2395738874163, 163.1702924455915, 154.60584150041853, 147.316401890346, 141.10773359026228, 135.81565529959542, 131.30128914969308, 127.44713810511998, 124.15374973842076, 121.33689989362445, 118.92523738316127, 116.85828508649554, 115.0847396850586, 113.56109183175224, 112.25040653773716, 111.1213150024414, 110.14715358189174, 109.30526406424386, 108.5763680594308, 107.94407762799945, 107.39440482003349, 106.91544669015067, 106.49706595284599, 106.13061087472099, 105.80868530273438, 105.52498517717633, 105.2741208757673, 105.05148097446987, 104.85312325613839, 104.67567334856305, 104.51623426164899, 104.37233080182757, 104.24183000837054, 104.12291499546596, 104.0140141078404, 103.91377803257534, 103.821042742048, 103.73482513427734, 103.6542500087193, 103.5785903930664, 103.5071999686105, 103.43952396937779, 103.37510027204242, 103.3134994506836, 103.25437927246094, 103.19743020193917, 103.14237758091518, 103.08900015694755, 103.03708866664341, 102.98646872384208, 102.93700408935547, 102.88854653494698, 102.84099469866071, 102.7942363194057, 102.7481929234096, 102.7027816772461, 102.65795244489398, 102.61363111223493, 102.5697751726423, 102.52633884974888, 102.48328835623605, 102.44058445521763, 102.39819444928851, 102.35610634940011, 102.31428527832031, 102.27271488734654, 102.23137555803571, 102.19025639125279, 102.14934539794922, 102.10862295968192, 102.06808362688336, 102.0277121407645, 101.98751177106585, 101.94746507917132, 101.9075687953404, 101.86781964983258, 101.82821001325335, 101.78874206542969, 101.74940054757255, 101.71018654959542, 101.67110225132534, 101.63213784354073, 101.59328896658761, 101.55456215994698, 101.51595088413784, 101.47745295933315, 101.43906620570591, 101.40078953334263, 101.36262512207031, 101.32456534249442, 101.28661128452846, 101.24876403808594, 101.21102578299386], "test_losses": [353.44676426478793, 316.16392299107144, 284.61307198660717, 257.9005039760045, 235.27343096051897, 216.09746660505022, 199.83785792759485, 186.043701171875, 174.33464922223772, 164.38973999023438, 155.9380645751953, 148.7508501325335, 142.6348375592913, 137.42671639578683, 132.98843383789062, 129.2032023838588, 125.97223663330078, 123.2119140625, 120.85144151960101, 118.83081708635602, 117.09921155657086, 115.61351231166294, 114.337160382952, 113.23912702287946, 112.29305376325335, 111.476560320173, 110.7706277029855, 110.1590815952846, 109.62815529959542, 109.1661398751395, 108.76306043352399, 108.41041564941406, 108.10096304757255, 107.82852281842914, 107.5878176007952, 107.37434714181083, 107.18425968715123, 107.01427132742745, 106.86155918666294, 106.72372436523438, 106.59870147705078, 106.4847172328404, 106.38025774274554, 106.2840336390904, 106.19492013113839, 106.11195700509208, 106.0343246459961, 105.96131569998605, 105.89231436593192, 105.82680293491909, 105.76432691301618, 105.70449502127511, 105.64696938650948, 105.59146336146763, 105.53771863664899, 105.48552921840123, 105.43469783238002, 105.38506862095424, 105.33649117606026, 105.28885105678013, 105.24204799107143, 105.19597734723773, 105.15056937081474, 105.10574667794364, 105.06145913260323, 105.01764351981026, 104.97426169259208, 104.93126678466797, 104.88863045828683, 104.84632110595703, 104.80430821010044, 104.7625732421875, 104.72109549386161, 104.67984771728516, 104.63882991245815, 104.59801592145648, 104.55740138462612, 104.5169677734375, 104.47671508789062, 104.43662370954242, 104.39669581821987, 104.35692487444196, 104.31729561941964, 104.27781677246094, 104.23846980503627, 104.19926452636719, 104.16018785749164, 104.12123652866909, 104.08241162981305, 104.04370444161552, 104.005129132952, 103.96665954589844, 103.92831093924386, 103.89007132393974, 103.85195050920758, 103.8139408656529, 103.77604021344867, 103.73824637276786, 103.7005593436105, 103.66298566545758, 103.62550898960659],