{"testproblem": "fmnist_mlp", "batch_size": 128, "num_epochs": 100, "random_seed": 42, "weight_decay": null, "optimizer_hyperparams": {"lr": 0.001, "momentum": 0.99}, "train_losses": [2.3021158377329507, 0.7357018085626456, 0.4631902029116948, 0.4021955717068452, 0.3631714506027026, 0.34371142395031756, 0.3030569872412926, 0.29199758076514953, 0.2878632085063519, 0.2805465463644419, 0.254858628488504, 0.25331988491308993, 0.24818039131470215, 0.22784931365496072, 0.26072577711863393, 0.2259082379631507, 0.2162450502316157, 0.20213958964898035, 0.21089841215274271, 0.18527495287931883, 0.20514603818838412, 0.17495724300925547, 0.17748362437272683, 0.17791676616821533, 0.17322843817946237, 0.16768169680084938, 0.1865150427015928, 0.15412212249178153, 0.16544969499302217, 0.1556989120749327, 0.15355833505208677, 0.15898178078425237, 0.12597860348148224, 0.1376124681570591, 0.13175179069049847, 0.12151749346118706, 0.13813176741584754, 0.12600133639688677, 0.13720529163495088, 0.12704767420505866, 0.10784169912147216, 0.1193319402444057, 0.10505332687917428, 0.14172730890986246, 0.11185600603811252, 0.11787387700035022, 0.1144001757582793, 0.12037896087918526, 0.09251002231851602, 0.08445834850844665, 0.08448539769802338, 0.1074802408902309, 0.08059142171763457, 0.09540482543599911, 0.07777486603038433, 0.08380446210503578, 0.08949989796831058, 0.07497912463851464, 0.07015936019328925, 0.08490478748885485, 0.07126730647033606, 0.07150027939142325, 0.06722122234984851, 0.08089029917923304, 0.0667894184589386, 0.07189950003073765, 0.054981909692287445, 0.0624315892943205, 0.059077093903070844, 0.06179037933739332, 0.06781163415274559, 0.05408775687026672, 0.058527123947174124, 0.06456827009335542, 0.0556064637330098, 0.06282150067197971, 0.058355540180435546, 0.06243611189226309, 0.05571782225981737, 0.04623845463188795, 0.04339599036253416, 0.03983566069450134, 0.0536781416202967, 0.034874347014687, 0.03527802649216774, 0.0374651320087604, 0.030108190834140167, 0.029612978394979086, 0.037394858801212065, 0.03691628771141554, 0.027884148204555877, 0.04062689511248699, 0.04347442501248457, 0.03684868759069687, 0.04311522616980932, 0.028616520647819225, 0.024526179123383302, 0.02532138212177998, 0.03197678474661631, 0.028134266201120157, 0.02674028064864568], "test_losses": [2.3022368321051965, 0.742812414199878, 0.48942157282279086, 0.4429417092066545, 0.40282369156678516, 0.4037665237600987, 0.36193386159646207, 0.35320764283339184, 0.3632915105957251, 0.3562562826734323, 0.33749505438101596, 0.3417529351054094, 0.3326969456214171, 0.32065349167738205, 0.3558096627776439, 0.3232744399171609, 0.3343245897155542, 0.3209504743035023, 0.3415583610916749, 0.313960798848898, 0.325411027440658, 0.3187950415871082, 0.3303854824640812, 0.3235546801334772, 0.3261897399639472, 0.3341045985237146, 0.3524601587500328, 0.31536582246040684, 0.3291214324342899, 0.3322723144904161, 0.3525583042930334, 0.3447450330624214, 0.32307792798830914, 0.3370622912278542, 0.3476465737972504, 0.3367153574258853, 0.3666957301589159, 0.3476790392246002, 0.370674814360264, 0.3742785232189374, 0.3563392966603621, 0.3777340564590234, 0.3593439857165019, 0.399894359211127, 0.3509261558453242, 0.36664174411159295, 0.38485058148701984, 0.40787913172672957, 0.3830305120119682, 0.3723496859654402, 0.38354238581198913, 0.4301075345048538, 0.383632215933922, 0.39833419024944305, 0.4038544157758737, 0.41872472058121973, 0.418667489137405, 0.4333765479043508, 0.4392023598536467, 0.4223367323478063, 0.4282771554321815, 0.4271302467737442, 0.443963301105377, 0.44188491770854366, 0.4501793684485631, 0.45487508941919375, 0.45962566366562474, 0.46314085599703664, 0.4703974742919971, 0.49003839378173536, 0.4881038182438948, 0.46256495534609526, 0.48207500758461463, 0.48412788468293655, 0.4855067947736153, 0.5394442641200163, 0.4970334412959906, 0.5030609720792526, 0.524759747278996, 0.5222245158675389, 0.5087156834510657, 0.528999694264852, 0.5493007426460584, 0.5217787617674241, 0.5448011231537049, 0.5525951204964747, 0.5637733663121859, 0.5423275524607072, 0.5771437608278714, 0.5738145160751466, 0.5736649605708245, 0.5547992361661715, 0.5836746311531618, 0.57376651905286, 0.6033639055796158, 0.589331383506457, 0.5903944296714587, 0.6328936233543433, 0.6608024854690601, 0.6099009326635263, 0.6197777327436668], "train_accuracies": [0.10817307692307693, 0.7097355769230769, 0.8370392628205128, 0.8517628205128205, 0.8719951923076923, 0.8711939102564102, 0.890625, 0.8886217948717948, 0.8972355769230769, 0.8944310897435898, 0.9086538461538461, 0.9069511217948718, 0.9083533653846154, 0.9153645833333334, 0.9043469551282052, 0.9157652243589743, 0.9195713141025641, 0.92578125, 0.9193709935897436, 0.9294871794871795, 0.9239783653846154, 0.9370993589743589, 0.934395032051282, 0.9333934294871795, 0.9355969551282052, 0.9385016025641025, 0.9286858974358975, 0.9430088141025641, 0.9350961538461539, 0.9408052884615384, 0.9441105769230769, 0.9418068910256411, 0.9535256410256411, 0.9462139423076923, 0.9512219551282052, 0.9543269230769231, 0.9491185897435898, 0.953125, 0.950020032051282, 0.9493189102564102, 0.9591346153846154, 0.953926282051282, 0.9608373397435898, 0.9487179487179487, 0.9572315705128205, 0.9550280448717948, 0.9565304487179487, 0.9559294871794872, 0.9639423076923077, 0.9689503205128205, 0.9680488782051282, 0.9590344551282052, 0.9706530448717948, 0.9639423076923077, 0.9697516025641025, 0.9681490384615384, 0.9682491987179487, 0.9715544871794872, 0.9741586538461539, 0.9658453525641025, 0.9720552884615384, 0.9727564102564102, 0.9753605769230769, 0.9683493589743589, 0.9766626602564102, 0.9733573717948718, 0.9794671474358975, 0.9761618589743589, 0.9769631410256411, 0.9779647435897436, 0.9751602564102564, 0.9807692307692307, 0.9792668269230769, 0.9755608974358975, 0.9786658653846154, 0.9777644230769231, 0.9790665064102564, 0.977363782051282, 0.9776642628205128, 0.9828725961538461, 0.9844751602564102, 0.9849759615384616, 0.9797676282051282, 0.9872796474358975, 0.9869791666666666, 0.9845753205128205, 0.9893830128205128, 0.9903846153846154, 0.9870793269230769, 0.9862780448717948, 0.9900841346153846, 0.9847756410256411, 0.9848758012820513, 0.9854767628205128, 0.9828725961538461, 0.9893830128205128, 0.9915865384615384, 0.9905849358974359, 0.9899839743589743, 0.9910857371794872, 0.9899839743589743],