{"testproblem": "fmnist_mlp", "batch_size": 128, "num_epochs": 100, "random_seed": 42, "weight_decay": null, "optimizer_hyperparams": {"lr": 1.0}, "train_losses": [2.3021158377329507, 2.3237049885285206, 2.318114222624363, 2.342724051230993, 2.330082575480143, 2.3407346927202664, 2.3427475079511986, 2.355952345407926, 2.354598182898301, 2.3606980366584582, 2.3781465139144506, 2.336929975411831, 2.3527277891452494, 2.380024261963673, 2.3443181759271865, 2.3915528639768944, 2.326946729268783, 2.3611011933057737, 2.3513140984070606, 2.3198158618731375, 2.3478680910208287, 2.36151716648004, 2.330053164408757, 2.3691493517313247, 2.3353109848804965, 2.3278613090515137, 2.3264682231805263, 2.3650487263997397, 2.369154670299628, 2.3825037601666574, 2.3216024148158536, 2.340998209439791, 2.330441502424387, 2.3450548220903444, 2.369674468651796, 2.3191733115758653, 2.355334480603536, 2.3353039545890613, 2.3379375476103563, 2.3260662036064343, 2.3575921822816897, 2.325498577875969, 2.392847314859048, 2.3587447893925204, 2.3518370053707023, 2.3886856879943457, 2.3663715766026425, 2.361476332713396, 2.3854728448085294, 2.374359409014384, 2.361215386635218, 2.321936919138982, 2.3574602145415087, 2.338053198961111, 2.3287034584925723, 2.369090037468152, 2.339339412175692, 2.348146154330327, 2.374071854811448, 2.351374308268229, 2.3332714239756265, 2.321016256625836, 2.3623270285435214, 2.354484744561024, 2.3149393460689445, 2.351255340453906, 2.3420945895023837, 2.3272076967435007, 2.349899943058307, 2.336421489715576, 2.3345970587852674, 2.341720840869806, 2.3780292517099624, 2.3525649156325903, 2.323952983587216, 2.3487663696973753, 2.3504553513649182, 2.332883030940325, 2.393599659968645, 2.378410654190259, 2.3521019342618112, 2.336829744852506, 2.3453442469621315, 2.3694505722094803, 2.3361032406489053, 2.3384800048974843, 2.334583193827898, 2.327618067081158, 2.33644560055855, 2.361291121213864, 2.3317458293376823, 2.322247700813489, 2.3301669481473093, 2.3479547072679567, 2.361239268229558, 2.3265480261582594, 2.3820630739896727, 2.321931704496726, 2.342208351844396, 2.338461230962704, 2.3426314103297696], "test_losses": [2.3022368321051965, 2.323521858606583, 2.319545262899154, 2.34723669443375, 2.3277282348045936, 2.340302302287175, 2.347698061894148, 2.3541623934721336, 2.351390230350005, 2.358067955726232, 2.375532764654893, 2.336223911016415, 2.3554307558597665, 2.376744704368787, 2.3465903233259153, 2.3864153623580933, 2.3233654437920985, 2.357947196715917, 2.3485792630758042, 2.318102854948777, 2.344727635383606, 2.3595458513651137, 2.329313498276931, 2.370029021532108, 2.334512695288047, 2.331660429636637, 2.3249594492790027, 2.3643284913821097, 2.367614079744388, 2.3816112004793606, 2.3219387286748643, 2.3404225538938475, 2.3313127786685257, 2.344821281922169, 2.3636224942329602, 2.319834816150176, 2.3508027364046145, 2.3347610449179625, 2.341450477257753, 2.3237211795953603, 2.3590436654213147, 2.323144252483661, 2.3858079451781053, 2.360618579082, 2.3524549924410305, 2.38735883969527, 2.371165159421089, 2.3603729896056347, 2.387280855423365, 2.3839950469823985, 2.359614622898591, 2.3192990590364504, 2.3531266573147898, 2.336291349851168, 2.32718056287521, 2.3658854013834243, 2.3384599563403006, 2.344962722215897, 2.3771263422110143, 2.3526024451622596, 2.333195930872208, 2.318612019220988, 2.3594534122026882, 2.3565826538281565, 2.3173928566468067, 2.3474779526392617, 2.345487502905039, 2.3297235874029307, 2.346031283720946, 2.3396303837115946, 2.337007660132188, 2.344107196881221, 2.3765302162904005, 2.352723953051445, 2.3234535455703735, 2.3502015272776284, 2.352753617824652, 2.330908870085692, 2.3856467528220935, 2.376591367599292, 2.35066190132728, 2.336659712669177, 2.345066596300174, 2.366220257221124, 2.33529563439198, 2.33814667738401, 2.3390525518319545, 2.32997133792975, 2.3370687869878917, 2.3630513961498556, 2.3286626369525223, 2.3232655158409705, 2.331039923887986, 2.345416778173202, 2.361737242111793, 2.3225430036202455, 2.381186008453369, 2.322717174505576, 2.3391490074304433, 2.335559157224802, 2.3405644251750064], "train_accuracies": [0.10817307692307693, 0.10186298076923077, 0.10056089743589744, 0.10056089743589744, 0.10016025641025642, 0.10206330128205128, 0.10616987179487179, 0.09985977564102565, 0.09765625, 0.09805689102564102, 0.10016025641025642, 0.09785657051282051, 0.10006009615384616, 0.09965945512820513, 0.10166266025641026, 0.09425080128205128, 0.09555288461538461, 0.10056089743589744, 0.09805689102564102, 0.09695512820512821, 0.10336538461538461, 0.09935897435897435, 0.10286458333333333, 0.09385016025641026, 0.09975961538461539, 0.1024639423076923, 0.10196314102564102, 0.09725560897435898, 0.10416666666666667, 0.10226362179487179, 0.09905849358974358, 0.0967548076923077, 0.09875801282051282, 0.09975961538461539, 0.0946514423076923, 0.09905849358974358, 0.0985576923076923, 0.10346554487179487, 0.10586939102564102, 0.09575320512820513, 0.10186298076923077, 0.09965945512820513, 0.09845753205128205, 0.10236378205128205, 0.10006009615384616, 0.09515224358974358, 0.10236378205128205, 0.0953525641025641, 0.09835737179487179, 0.1038661858974359, 0.09865785256410256, 0.09425080128205128, 0.10196314102564102, 0.10036057692307693, 0.10116185897435898, 0.1038661858974359, 0.09645432692307693, 0.10096153846153846, 0.10076121794871795, 0.09575320512820513, 0.09725560897435898, 0.09745592948717949, 0.10126201923076923, 0.10657051282051282, 0.10176282051282051, 0.09685496794871795, 0.10176282051282051, 0.10046073717948718, 0.09815705128205128, 0.10276442307692307, 0.10356570512820513, 0.09935897435897435, 0.09685496794871795, 0.10076121794871795, 0.10076121794871795, 0.09655448717948718, 0.09735576923076923, 0.10206330128205128, 0.09615384615384616, 0.0953525641025641, 0.1006610576923077, 0.1006610576923077, 0.09955929487179487, 0.09875801282051282, 0.09885817307692307, 0.10226362179487179, 0.10687099358974358, 0.10166266025641026, 0.10186298076923077, 0.09845753205128205, 0.09825721153846154, 0.1006610576923077, 0.10116185897435898, 0.09825721153846154, 0.09835737179487179, 0.0967548076923077, 0.09985977564102565, 0.1038661858974359, 0.09575320512820513, 0.09625400641025642, 0.09795673076923077],