{"train_losses": [353.9337594168527, 107.58290100097656, 103.38894435337612, 102.24500492640904, 101.2605470929827, 100.34452492850167, 99.48751395089286, 98.68496813092914, 97.93304988316127, 97.22825840541294, 96.56735229492188, 95.94733537946429, 95.36540985107422, 94.81898934500558, 94.30568477085659, 93.82325090680804, 93.369626726423, 92.9428939819336, 92.54125649588448, 92.16305977957589, 91.80675942557198, 91.4709232875279, 91.1542227608817, 90.85540989467076, 90.57333592006138, 90.30692727225167, 90.05518341064453, 89.81717354910714, 89.59203556605748, 89.37896183558873, 89.17720249720982, 88.98605782645089, 88.80487060546875, 88.63303484235492, 88.46998705182757, 88.31519099644252, 88.16815839494977, 88.02842167445591, 87.8955557686942, 87.76915305001395, 87.64884621756417, 87.53427342006138, 87.42511095319476, 87.32105146135602, 87.22180502755302, 87.12710680280414, 87.03669847760882, 86.95034463065011, 86.86783054896763, 86.7889382498605, 86.71348026820591, 86.64127676827567, 86.57214791434151, 86.50593675885882, 86.44249398367745, 86.38167245047433, 86.3233413696289, 86.26737758091518, 86.21365574428013, 86.16207449776786, 86.11252158028739, 86.06489998953683, 86.0191181727818, 85.97508457728794, 85.93272072928292, 85.89194597516742, 85.85268729073661, 85.81487710135323, 85.77844129289899, 85.74332754952567, 85.70947265625, 85.67682102748326, 85.64531598772321, 85.6149161202567, 85.5855691092355, 85.5572280883789, 85.52985164097377, 85.50340270996094, 85.47783660888672, 85.453122820173, 85.42922646658761, 85.40610613141742, 85.3837400163923, 85.36209433419364, 85.34114401681083, 85.32085527692523, 85.30120740618024, 85.28217315673828, 85.26373291015625, 85.24586268833706, 85.22853524344308, 85.2117418561663, 85.19545309884208, 85.17965371268136, 85.16432734898159, 85.14945329938617, 85.13501957484654, 85.12100546700614, 85.10740552629743, 85.09419577462333, 85.08136640276227], "test_losses": [353.44676426478793, 109.76933288574219, 105.69032941545758, 104.5521981375558, 103.57395281110492, 102.66509573800224, 101.81524985177177, 101.01966312953404, 100.2744631086077, 99.57615661621094, 98.92151205880302, 98.30752563476562, 97.73142569405692, 97.19063677106585, 96.68274579729352, 96.20555659702846, 95.75698743547711, 95.33512769426618, 94.93819645472935, 94.56454140799386, 94.2126235961914, 93.88102068219867, 93.56839861188617, 93.27352360316685, 92.99525560651507, 92.73251015799386, 92.48431287493024, 92.24972316196987, 92.02788543701172, 91.81799643380302, 91.6193117414202, 91.4311283656529, 91.25280652727399, 91.08373914446149, 90.92335619245257, 90.77113996233258, 90.6265890938895, 90.48925345284599, 90.35870361328125, 90.23453739711216, 90.1163831438337, 90.00389535086495, 89.89674595424107, 89.79462432861328, 89.69725363595145, 89.60436248779297, 89.5157002040318, 89.43103136335101, 89.3501445225307, 89.27282278878349, 89.19888305664062, 89.12814004080636, 89.06042153494698, 88.99557277134487, 88.9334466116769, 88.87389264787946, 88.81678771972656, 88.76200539725167, 88.70943232945034, 88.65894862583706, 88.61045837402344, 88.56386239188058, 88.51907021658761, 88.47599356515067, 88.43455178397042, 88.39466966901507, 88.35627092633929, 88.3192879813058, 88.28365434919085, 88.24931117466518, 88.21620069231305, 88.18426949637276, 88.15345982142857, 88.12372807094029, 88.09502410888672, 88.0673076084682, 88.04053606305804, 88.01466369628906, 87.98965999058315, 87.96548679896763, 87.94210706438336, 87.91949026925224, 87.8976080758231, 87.87643214634487, 87.85592651367188, 87.83607373918805, 87.81684330531529, 87.7982177734375, 87.78016226632255, 87.76266806466239, 87.7457024710519, 87.72925458635602, 87.7133047921317, 87.69783020019531, 87.6828133719308, 87.66824013846261, 87.6540996006557, 87.64036669049945, 87.62702941894531, 87.61407797677177, 87.60149710518974], "minibatch_train_losses": [369.72540283203125, 233.374267578125, 171.1508026123047, 137.11294555664062, 121.71894836425781, 112.4607925415039, 99.94088745117188, 112.13497924804688, 105.52947235107422, 108.54257202148438, 107.1618423461914, 101.69932556152344, 105.88619232177734, 95.03289794921875, 106.50799560546875, 102.55894470214844, 106.76152038574219, 106.00348663330078, 100.06278228759766, 104.99850463867188, 93.93499755859375, 105.1640625, 101.45117950439453, 105.75537109375, 105.03826904296875, 99.00899505615234, 104.02963256835938, 92.9583511352539, 104.14924621582031, 100.46968078613281, 104.80056762695312, 104.1004409790039, 98.0660171508789, 103.08914184570312, 92.04924011230469, 103.2289810180664, 99.55440521240234, 103.89997863769531, 103.21568298339844, 97.19023132324219, 102.20240783691406, 91.19966125488281, 102.37213897705078, 98.69769287109375, 103.05508422851562, 102.38605499267578, 96.37157440185547, 101.37055969238281, 90.40470886230469, 101.57056427001953, 97.89509582519531, 102.26327514648438, 101.60877990722656, 95.6051254272461, 100.5906982421875, 89.66040802001953, 100.81974792480469, 97.14282989501953, 101.52110290527344, 100.88041687011719, 94.8870849609375, 99.85939025878906, 88.96321868896484, 100.11609649658203, 96.4374008178711, 100.82521057128906, 100.19766235351562, 94.21408081054688, 99.17337036132812, 88.30989074707031, 99.45631408691406, 95.77560424804688, 100.17243957519531, 99.557373046875, 93.58301544189453, 98.52954864501953, 87.6973876953125, 98.83741760253906, 95.1544418334961, 99.55986022949219, 98.95663452148438, 92.99103546142578, 97.92506408691406, 87.1229248046875, 98.25659942626953, 94.5711669921875, 98.98471069335938, 98.39276123046875, 92.43544006347656, 97.35724639892578, 86.58389282226562, 97.7112808227539, 94.0232162475586, 98.44448852539062, 97.86326599121094, 91.91377258300781, 96.82362365722656, 86.077880859375, 97.1990737915039, 93.50820922851562, 97.93681335449219, 97.36579895019531, 91.42377471923828, 96.32192993164062, 85.6026611328125, 96.71771240234375, 93.02392578125, 97.45951843261719, 96.89825439453125, 90.96324157714844, 95.85000610351562, 85.15614318847656, 96.26516723632812, 92.56831359863281, 97.01056671142578, 96.45857238769531, 90.53026580810547, 95.4058837890625, 84.73639678955078, 95.83950805664062, 92.13946533203125, 96.58807373046875, 96.044921875, 90.12297058105469, 94.98771667480469, 84.34162902832031, 95.43891143798828, 91.73564147949219, 96.19027709960938, 95.65556335449219, 89.73965454101562, 94.59381866455078, 83.97019958496094, 95.061767578125, 91.35514831542969, 95.81556701660156, 95.28890991210938, 89.37875366210938, 94.22257995605469, 83.62052917480469, 94.70650482177734, 90.99649047851562, 95.46241760253906, 94.94345092773438, 89.03875732421875, 93.87251281738281, 83.29120635986328, 94.3716812133789, 90.65821838378906, 95.12942504882812, 94.61780548095703, 88.71832275390625, 93.54228210449219, 82.98087310791016, 94.05598449707031, 90.33902740478516, 94.81529235839844, 94.31069946289062, 88.4161605834961, 93.23057556152344, 82.68830871582031, 93.7581787109375, 90.03768157958984, 94.51878356933594, 94.02090454101562, 88.13109588623047, 92.93621826171875, 82.41233825683594, 93.47709655761719, 89.75303649902344, 94.23877716064453, 93.7473373413086, 87.86202239990234, 92.65809631347656, 82.15190124511719, 93.211669921875, 89.48402404785156, 93.9742202758789, 93.48892211914062, 87.60791015625, 92.39521026611328, 81.90599060058594, 92.96089172363281, 89.22966003417969, 93.72412872314453, 93.24472045898438, 87.36781311035156, 92.14654541015625, 81.67369079589844, 92.72384643554688, 88.98899841308594, 93.48759460449219, 93.01382446289062, 87.14083862304688, 91.91126251220703, 81.4541244506836, 92.49964904785156, 88.76121520996094, 93.26375579833984, 92.79541015625, 86.92615509033203, 91.6884994506836, 81.2464828491211, 92.28752136230469, 88.54547119140625, 93.05182647705078, 92.58866882324219, 86.72301483154297, 91.47747802734375, 81.05001831054688, 92.08668518066406, 88.341064453125, 92.85108184814453, 92.39289093017578, 86.5306625366211, 91.27749633789062, 80.8640365600586, 91.89645385742188, 