{"train_losses": [353.9337594168527, 277.8564889090402, 218.17628914969308, 174.2361297607422, 144.02643476213728, 124.80370112827846, 113.66903250558036, 107.8917977469308, 105.1886237008231, 103.94771139962333, 103.24200657435826, 102.65507398332868, 102.06247384207589, 101.46095166887555, 100.87239401681083, 100.30949183872768, 99.77349090576172, 99.26064627511161, 98.76723371233258, 98.29120309012276, 97.83180127825055, 97.38873291015625, 96.96166665213448, 96.55016217912946, 96.15370832170758, 95.77178301130023, 95.40388488769531, 95.04953329903739, 94.70823778424945, 94.37952968052456, 94.06295013427734, 93.75804029192243, 93.464357648577, 93.1814695085798, 92.9089606148856, 92.64642660958427, 92.39347294398716, 92.14971596854073, 91.914794921875, 91.68835340227399, 91.47005789620536, 91.25957380022321, 91.05658721923828, 90.86079733712333, 90.67191314697266, 90.48966435023716, 90.31377192905971, 90.14399065290179, 89.98006439208984, 89.82176644461495, 89.66886683872768, 89.52115413120815, 89.37842450823102, 89.24047197614398, 89.10711451939174, 88.9781733921596, 88.8534654889788, 88.7328360421317, 88.61612592424665, 88.50317273821149, 88.39384460449219, 88.28800092424665, 88.1855000087193, 88.08622523716518, 87.99004799979073, 87.89685821533203, 87.8065436226981, 87.718996320452, 87.63411167689732, 87.55179595947266, 87.47195761544364, 87.39450400216239, 87.31934574672154, 87.2464130946568, 87.17561449323382, 87.1068845476423, 87.04014478410993, 86.97533089773995, 86.91236986432757, 86.85120609828404, 86.7917720249721, 86.73401968819755, 86.6778793334961, 86.62330736432757, 86.57024492536273, 86.51864950997489, 86.46846989222935, 86.41965920584542, 86.37217821393695, 86.32598223005023, 86.28102765764508, 86.23727525983539, 86.19469778878349, 86.15324946812221, 86.11289651053292, 86.07360512869698, 86.03534916469029, 85.99808938162667, 85.96180507114956, 85.92646135602679, 85.89202989850726], "test_losses": [353.44676426478793, 278.03074428013394, 218.95723615373885, 175.5242636544364, 145.70048086983817, 126.7480228969029, 115.78973061697823, 110.12162671770368, 107.48590414864677, 106.29084232875279, 105.6202621459961, 105.06003134591239, 104.48463984898159, 103.8913813999721, 103.30543845040458, 102.7437242780413, 102.21039363316127, 101.70248522077289, 101.21562194824219, 100.74685995919364, 100.29494258335659, 99.8594218662807, 99.43989889962333, 99.03575570242745, 98.64628492082868, 98.27088928222656, 97.9091044834682, 97.56057303292411, 97.22488948277065, 96.90162658691406, 96.59028952462333, 96.29043579101562, 96.0016108921596, 95.72339848109654, 95.45537785121373, 95.19715445382255, 94.94832829066685, 94.70853424072266, 94.47741154261998, 94.25460597446987, 94.03978838239398, 93.8326416015625, 93.63284846714565, 93.44012233189174, 93.25416782924107, 93.07471466064453, 92.90150669642857, 92.73428017752511, 92.57280731201172, 92.41684940883091, 92.26619175502232, 92.12062072753906, 91.9799336024693, 91.84393855503627, 91.71244376046317, 91.58528137207031, 91.4622802734375, 91.34327370779855, 91.22811344691685, 91.11664145333427, 91.00872475760323, 90.90422821044922, 90.80301557268415, 90.70496368408203, 90.60995919363839, 90.51788548060826, 90.42863137381417, 90.34209551130023, 90.25817762102399, 90.17678833007812, 90.09781973702567, 90.02120208740234, 89.94684055873326, 89.8746577671596, 89.80458177839007, 89.73653738839286, 89.67044939313617, 89.6062480381557, 89.54387991768974, 89.4832741873605, 89.42437744140625, 89.36711665562221, 89.31145913260323, 89.25733620779855, 89.20470646449498, 89.1535154070173, 89.10371943882534, 89.0552738734654, 89.00813293457031, 88.96226065499442, 88.91761888776507, 88.87415640694755, 88.83184923444476, 88.79065377371651, 88.7505373273577, 88.71147700718471, 88.67343139648438, 88.63636997767857, 88.6002687726702, 88.56509835379464, 88.53082602364677], "minibatch_train_losses": [369.72540283203125, 350.5669860839844, 337.68975830078125, 318.277099609375, 316.1290588378906, 284.0413513183594, 266.6587219238281, 291.6002197265625, 274.8579406738281, 266.0040283203125, 249.72164916992188, 247.81036376953125, 222.43807983398438, 207.2200927734375, 229.9534912109375, 215.66204833984375, 210.58563232421875, 197.47459411621094, 195.68812561035156, 176.8223114013672, 163.53799438476562, 184.17832946777344, 172.2129364013672, 170.33872985839844, 160.28512573242188, 158.36131286621094, 145.44117736816406, 133.6532745361328, 152.30538940429688, 142.4351348876953, 142.98960876464844, 135.73118591308594, 133.380126953125, 125.59597778320312, 114.80216217041016, 131.6160888671875, 123.5621337890625, 125.7885513305664, 120.91661071777344, 117.91381072998047, 114.31312561035156, 104.05021667480469, 119.23253631591797, 112.67982482910156, 115.95072937011719, 112.93101501464844, 109.1559829711914, 108.74392700195312, 98.63994598388672, 112.44047546386719, 107.04940795898438, 110.90292358398438, 109.15369415283203, 104.60655212402344, 106.45332336425781, 96.26190185546875, 108.96453857421875, 104.39939880371094, 108.54255676269531, 107.54597473144531, 102.34150695800781, 105.66857147216797, 95.28258514404297, 107.18878936767578, 103.14402770996094, 107.42601013183594, 106.8044662475586, 101.1296157836914, 105.34133911132812, 94.76600646972656, 106.16302490234375, 102.38676452636719, 106.74583435058594, 106.27298736572266, 100.32689666748047, 104.99661254882812, 94.29717254638672, 105.42701721191406, 101.74215698242188, 106.15392303466797, 105.7195053100586, 99.66645812988281, 104.50645446777344, 93.75921630859375, 104.80081176757812, 101.11013793945312, 105.55778503417969, 105.1185302734375, 99.06685638427734, 103.89956665039062, 93.16236114501953, 104.22799682617188, 100.49760437011719, 104.96458435058594, 104.50534057617188, 98.50935363769531, 103.24348449707031, 92.5467300415039, 103.6903076171875, 99.92176818847656, 104.39539337158203, 103.9098892211914, 97.98434448242188, 102.59294128417969, 91.94445037841797, 103.17655944824219, 99.38239288330078, 103.85726165771484, 103.34375762939453, 97.48051452636719, 101.97814178466797, 91.37258911132812, 102.67755126953125, 98.8680191040039, 103.34506225585938, 102.80714416503906, 96.9883041381836, 101.40885162353516, 90.83631134033203, 102.18719482421875, 98.367919921875, 102.850830078125, 102.29694366455078, 96.50318908691406, 100.88249969482422, 90.33375549316406, 101.70339965820312, 97.87774658203125, 102.36979675292969, 101.81022644042969, 96.02536010742188, 100.39129638671875, 89.86007690429688, 101.22724914550781, 97.39840698242188, 101.90138244628906, 101.34478759765625, 95.55754089355469, 99.92706298828125, 89.41010284423828, 100.76155090332031, 96.93264770507812, 101.44699096679688, 100.89844512939453, 95.1026840209961, 99.48356628417969, 88.97972106933594, 100.30929565429688, 96.48252868652344, 101.00796508789062, 100.46920013427734, 94.66291809082031, 99.05684661865234, 88.56598663330078, 99.87268829345703, 96.04883575439453, 100.5848388671875, 100.05548858642578, 94.23936462402344, 98.6446762084961, 88.16705322265625, 99.45278930664062, 95.63141632080078, 100.1773681640625, 99.65633392333984, 93.83226013183594, 98.24583435058594, 87.7818374633789, 99.04960632324219, 95.22977447509766, 99.78504180908203, 99.271240234375, 93.44129943847656, 97.85974884033203, 87.40984344482422, 98.66252136230469, 94.84326171875, 99.40730285644531, 98.89989471435547, 93.06576538085938, 97.48619079589844, 87.0509033203125, 98.29064178466797, 94.47116088867188, 99.04353332519531, 98.54202270507812, 92.70481872558594, 97.12519836425781, 86.7049560546875, 97.93307495117188, 94.11280822753906, 98.69316101074219, 98.197265625, 92.35758209228516, 96.77684020996094, 86.37188720703125, 97.5889663696289, 93.76759338378906, 98.35557556152344, 97.865234375, 92.02328491210938, 96.44105529785156, 86.05140686035156, 97.25759887695312, 93.43498229980469, 98.03025817871094, 97.5455322265625, 91.7013168334961, 96.11761474609375, 85.74312591552734, 96.93843078613281, 93.11449432373047, 