{"testproblem": "fmnist_mlp", "batch_size": 128, "num_epochs": 100, "random_seed": 42, "weight_decay": null, "optimizer_hyperparams": {"lr": 0.00015848931924611142, "momentum": 0.99}, "train_losses": [2.3021158377329507, 1.9911921116021962, 0.9258966743946075, 0.6892436016828586, 0.6185823976993561, 0.5770374150612415, 0.5178718169530233, 0.4935608231104337, 0.4667261758675942, 0.4498882973805452, 0.4340810577074687, 0.43224710608140016, 0.4163497403646127, 0.40505806719645476, 0.41585629013104314, 0.38834342933618105, 0.39966804591509014, 0.3971654631388493, 0.36000740623626953, 0.35055767133449894, 0.34995300208146757, 0.34441550649129427, 0.32947627894389325, 0.34547905509288496, 0.3527298460786159, 0.313065481873659, 0.31482508874092346, 0.31016155924552524, 0.3028952278769933, 0.2866654029259315, 0.2833059048041319, 0.3006699295380177, 0.263253893607702, 0.28063494177200854, 0.26388909763250595, 0.27051656272930974, 0.28556170008885556, 0.276580240099858, 0.26292745692607683, 0.23681293981961715, 0.24329116806769982, 0.24154718277546075, 0.23515759341609785, 0.2565559582450451, 0.24244928302673194, 0.22969207033897057, 0.21947192257413498, 0.22315476147028115, 0.21056281737028024, 0.19873365826713732, 0.2083344282821203, 0.221012148528527, 0.2128141491841047, 0.19395697814149734, 0.18833945156672063, 0.19182626520976043, 0.19071114187439284, 0.1717292947264818, 0.199012747941873, 0.16534154690228975, 0.16923088398881447, 0.16021628439044341, 0.15798242877309138, 0.17447446047877654, 0.18555011409215438, 0.15856737051254663, 0.15482200882755792, 0.2531677888563046, 0.13737559595551246, 0.15865955081505653, 0.14277572710162553, 0.13627109189446157, 0.16860819006195435, 0.1495956348685118, 0.13487093045543402, 0.12095113079517315, 0.13241625300202614, 0.1260791802062438, 0.12147083491660081, 0.11338512814388825, 0.12346723928856544, 0.11216404628104125, 0.13680776581168175, 0.1161516806922662, 0.10524199549586345, 0.09961638021736573, 0.11356708087409154, 0.09887915625213048, 0.11199094398090473, 0.0921249664746798, 0.11236813296683323, 0.11104032922631656, 0.09433733891600217, 0.08348829547564189, 0.11634029448032379, 0.1304824187491949, 0.09401749084011102, 0.07686376509567101, 0.07798606257599133, 0.09716092675733261, 0.09206569658066982], "test_losses": [2.3022368321051965, 1.9961324273011622, 0.9430075402443225, 0.7148098724010663, 0.6365716877656106, 0.6115337923551217, 0.5494277740900333, 0.5265865616309338, 0.5000719256125964, 0.491724567535596, 0.46846840931819034, 0.46022368814700687, 0.4603200348523947, 0.4401732140626663, 0.4448143194119136, 0.4200878347723912, 0.4384584254943408, 0.4340251764425865, 0.40624422904772634, 0.3982667997479439, 0.3888500518141649, 0.3969534287850062, 0.3868907378652157, 0.3831672945465797, 0.4008499815677985, 0.37696125434759337, 0.3700639559672429, 0.371932497773415, 0.36894679356079835, 0.3622508629774436, 0.35197553955591643, 0.35581228862970304, 0.34460477301707637, 0.3544060366275983, 0.3515880144177339, 0.34098149282045853, 0.36414343959245926, 0.35766853181979597, 0.3465079617423889, 0.3300135401196969, 0.3397584729469739, 0.33242699866875625, 0.3305359490406819, 0.34845452870313937, 0.33561723507367647, 0.3330153049184726, 0.33037397208122105, 0.3336370711525281, 0.31834104638069105, 0.32325405990466094, 0.3237442242411467, 0.3358550283771295, 0.3315920713238227, 0.32217609309233153, 0.3278838839286413, 0.32195857339180434, 0.32732541114091873, 0.318745015332332, 0.3408538716343733, 0.3215394127063262, 0.3227975800251349, 0.31572281951323533, 0.32324350376923877, 0.3380195584434729, 0.3559067780390764, 0.3181559825554872, 0.32366500871303755, 0.4213746577883378, 0.32177694810506624, 0.32873059732791704, 0.324145780541958, 0.32986918015357775, 0.372532384040264, 0.3456603768162238, 0.332027701040109, 0.3329348335854518, 0.3326895183477646, 0.32854936386530215, 0.3387205896851344, 0.32748391441045666, 0.33473219989966124, 0.3348882398926295, 0.36314830814416593, 0.3394068806217267, 0.34340056681480163, 0.3443971016468146, 0.36304076608174884, 0.36561493499156755, 0.36517071972290677, 0.3511657968927652, 0.37760948542601025, 0.3769666904058212, 0.357431302467982, 0.35207483134208584, 0.3996786158054303, 0.4161501864974315, 0.36993834873040515, 0.36505260796119005, 0.37146757543087006, 0.3847051236109856, 0.37955358872811], "train_accuracies": [0.10817307692307693, 0.3609775641025641, 0.6370192307692307, 0.7368790064102564, 0.7787459935897436, 0.7909655448717948, 0.8213141025641025, 0.827323717948718, 0.8370392628205128, 0.8433493589743589, 0.8521634615384616, 0.8505608974358975, 0.8525641025641025, 0.8582732371794872, 0.8550681089743589, 0.8684895833333334, 0.8574719551282052, 0.8602764423076923, 0.8754006410256411, 0.8746995192307693, 0.8745993589743589, 0.8776041666666666, 0.8847155448717948, 0.8751001602564102, 0.8777043269230769, 0.8927283653846154, 0.8878205128205128, 0.8925280448717948, 0.8899238782051282, 0.8998397435897436, 0.8975360576923077, 0.8891225961538461, 0.9045472756410257, 0.8965344551282052, 0.9030448717948718, 0.9020432692307693, 0.8969350961538461, 0.9008413461538461, 0.9080528846153846, 0.9168669871794872, 0.9128605769230769, 0.9131610576923077, 0.9151642628205128, 0.9059495192307693, 0.9158653846153846, 0.9181690705128205, 0.9200721153846154, 0.9182692307692307, 0.9250801282051282, 0.9285857371794872, 0.9254807692307693, 0.9243790064102564, 0.9224759615384616, 0.9292868589743589, 0.9357972756410257, 0.9298878205128205, 0.9320913461538461, 0.9387019230769231, 0.9275841346153846, 0.9410056089743589, 0.9443108974358975, 0.9465144230769231, 0.9425080128205128, 0.9339943910256411, 0.9328926282051282, 0.9488181089743589, 0.9463141025641025, 0.9095552884615384, 0.9544270833333334, 0.9449118589743589, 0.950020032051282, 0.9534254807692307, 0.9368990384615384, 0.948417467948718, 0.953926282051282, 0.9596354166666666, 0.9572315705128205, 0.9587339743589743, 0.9609375, 0.9635416666666666, 0.9588341346153846, 0.9630408653846154, 0.9517227564102564, 0.9602363782051282, 0.9653445512820513, 0.9674479166666666, 0.9612379807692307, 0.9654447115384616, 0.9620392628205128, 0.9702524038461539, 0.9614383012820513, 0.9611378205128205, 0.96875, 0.9715544871794872, 0.9590344551282052, 0.9518229166666666, 0.9686498397435898, 0.9748597756410257, 0.9736578525641025, 0.9663461538461539, 0.9701522435897436],