{"testproblem": "fmnist_mlp", "batch_size": 128, "num_epochs": 100, "random_seed": 42, "weight_decay": null, "optimizer_hyperparams": {"lr": 6.309573444801929e-05}, "train_losses": [2.3021158377329507, 0.6020244570114673, 0.4847625696506256, 0.43597781161467236, 0.4159830071223088, 0.3832699518937331, 0.37974947156050265, 0.37321438850500643, 0.36587146383065444, 0.3725273706592046, 0.3342371806502342, 0.3482138780065072, 0.32789117155166775, 0.3139140682342725, 0.323252804004229, 0.30244021060375065, 0.30798920855308193, 0.2880370347545697, 0.276145579914252, 0.28171412417521846, 0.2789969790058258, 0.26048443456872916, 0.26245699861110783, 0.267536682387193, 0.2687738331464621, 0.25345278321168363, 0.2404367358256609, 0.2402657409891104, 0.24157791412793672, 0.22299152039564574, 0.21900407435038152, 0.24734406211437324, 0.2123414172958105, 0.2279312482629067, 0.1960297755132883, 0.20875321462368354, 0.20263748749708518, 0.1903458158366191, 0.18906154206547982, 0.1840145172407994, 0.18947475814284423, 0.18469294619101745, 0.18574600513928977, 0.1771232409354968, 0.17448045819615707, 0.15535693290906075, 0.15712337520642158, 0.17874513127100775, 0.15022439098893067, 0.13874371607716268, 0.16151091781182167, 0.14476630435540125, 0.14180389065773058, 0.12835876051432046, 0.13095105109879604, 0.14525065494653505, 0.1356549808421196, 0.1259014160873798, 0.12060131481251656, 0.11382655274027433, 0.1393481268045994, 0.10643338583982907, 0.10429461911702767, 0.10400060707559952, 0.10878323357647811, 0.10684492319631271, 0.0933410947999129, 0.08809881977354869, 0.08563464120603524, 0.09524924475222062, 0.0926368654681704, 0.08382904751656148, 0.08281219917803238, 0.08205759066801804, 0.07607173535208671, 0.0660576188029387, 0.07710741732556087, 0.11294525565627293, 0.06180271635261866, 0.07125566937984565, 0.06532797164832935, 0.06382185679215652, 0.05267432484871302, 0.05865664558055309, 0.06101795352804355, 0.052768746056617834, 0.048323302959593445, 0.043588595488705695, 0.04972107046976303, 0.047793010440774455, 0.042667029974743344, 0.04595222271596774, 0.05059467343231424, 0.04916226231039335, 0.03820875152133596, 0.03951636043926462, 0.03630657519142215, 0.037315594438367926, 0.029881364248024348, 0.04211297179930485, 0.04012566120721973], "test_losses": [2.3022368321051965, 0.6068257544285212, 0.5092414693954663, 0.4749532915078677, 0.4478560051856897, 0.4347431017802312, 0.42048756529887515, 0.41460545972371715, 0.4131510431567828, 0.4184924291494565, 0.38128205293264145, 0.39235344930337024, 0.37977017767918414, 0.3657431124876707, 0.36841418135624665, 0.3566666593154271, 0.3627753211901738, 0.3518169942574623, 0.34117480653982896, 0.3444195433686941, 0.3366746615905028, 0.3354628109014951, 0.334576526704507, 0.3309333622455597, 0.34598554040376955, 0.3349730603587933, 0.3286502626843942, 0.3247368341455093, 0.33200230506750256, 0.3288558815152217, 0.3217173845340044, 0.338002299460081, 0.32805589108895034, 0.3334828399312802, 0.32187206680193925, 0.3168225414477862, 0.31908166924348247, 0.31583787873387337, 0.3169510947206082, 0.32164881378412247, 0.32545843720436096, 0.3226897246562518, 0.3298145026350633, 0.3226371442851348, 0.31836877323878116, 0.3189524784684181, 0.31749621224709046, 0.34321324336223114, 0.3242425175431447, 0.32000736032540983, 0.33999601789774037, 0.32288558246233523, 0.3342587248637126, 0.3224403116947565, 0.3356152835946817, 0.3425414541210884, 0.34458133406364, 0.34166740377744037, 0.34080361956969285, 0.3445627246147547, 0.3695062887974275, 0.3406071051573142, 0.35538871529010624, 0.35840376141743785, 0.3655251652384416, 0.36028550737179244, 0.35844382166098326, 0.35958322156698275, 0.368798587566767, 0.37351587663094205, 0.38421598573525745, 0.3889904771095667, 0.39041287891375714, 0.39078104228545457, 0.39368540659928936, 0.3970821494093308, 0.39984339017134446, 0.4591181828425481, 0.3897780132217285, 0.41179013061217773, 0.4211743731911366, 0.41995059756132275, 0.4153083131099359, 0.43079359237200177, 0.4505298334436539, 0.43197864905381816, 0.4378253101156308, 0.4499046626763466, 0.44254577236297804, 0.45453549921512604, 0.4596124998269937, 0.47612229237953824, 0.48799052891822964, 0.49244682586345917, 0.4746461955782695, 0.48913151102188307, 0.4909001514315605, 0.4946396285906816, 0.5016248210882529, 0.5158937369019557, 0.53560781899171], "train_accuracies": [0.10817307692307693, 0.7914663461538461, 0.8318309294871795, 0.8455528846153846, 0.8529647435897436, 0.8625801282051282, 0.867988782051282, 0.866386217948718, 0.8737980769230769, 0.8653846153846154, 0.8851161858974359, 0.8769030448717948, 0.8815104166666666, 0.8871193910256411, 0.8835136217948718, 0.8900240384615384, 0.8896233974358975, 0.8975360576923077, 0.9010416666666666, 0.8971354166666666, 0.8966346153846154, 0.9047475961538461, 0.9046474358974359, 0.9011418269230769, 0.9045472756410257, 0.9089543269230769, 0.9123597756410257, 0.9154647435897436, 0.9129607371794872, 0.9195713141025641, 0.9190705128205128, 0.9123597756410257, 0.9224759615384616, 0.9153645833333334, 0.9299879807692307, 0.9232772435897436, 0.9266826923076923, 0.9309895833333334, 0.9317908653846154, 0.9334935897435898, 0.9334935897435898, 0.9305889423076923, 0.9314903846153846, 0.9356971153846154, 0.9368990384615384, 0.9453125, 0.9451121794871795, 0.9301883012820513, 0.9459134615384616, 0.9525240384615384, 0.9413060897435898, 0.9513221153846154, 0.948417467948718, 0.9542267628205128, 0.9549278846153846, 0.9480168269230769, 0.9513221153846154, 0.9552283653846154, 0.9576322115384616, 0.9604366987179487, 0.9501201923076923, 0.9633413461538461, 0.9638421474358975, 0.9643429487179487, 0.9618389423076923, 0.9633413461538461, 0.969551282051282, 0.9716546474358975, 0.971854967948718, 0.9692508012820513, 0.9685496794871795, 0.9722556089743589, 0.9710536858974359, 0.9727564102564102, 0.9741586538461539, 0.977363782051282, 0.9749599358974359, 0.9586338141025641, 0.9803685897435898, 0.9766626602564102, 0.9778645833333334, 0.9785657051282052, 0.9841746794871795, 0.9802684294871795, 0.9800681089743589, 0.9825721153846154, 0.9858774038461539, 0.9862780448717948, 0.9831730769230769, 0.9848758012820513, 0.9873798076923077, 0.9857772435897436, 0.9818709935897436, 0.9825721153846154, 0.9879807692307693, 0.987479967948718, 0.9888822115384616, 0.987479967948718, 0.9911858974358975, 0.9852764423076923, 0.9856770833333334],