{"testproblem": "fmnist_mlp", "batch_size": 128, "num_epochs": 100, "random_seed": 42, "weight_decay": null, "optimizer_hyperparams": {"lr": 0.00015848931924611142}, "train_losses": [2.3021158377329507, 0.5237465913479145, 0.41464278866083193, 0.3690854689249626, 0.352376934618522, 0.31076293285840595, 0.31038308162719774, 0.2984456385557468, 0.2838622944859358, 0.28207655996084213, 0.25021392813859844, 0.26128571576032883, 0.2538531243036955, 0.24225041031455383, 0.22442685411526606, 0.2213946800583448, 0.21550668279329935, 0.19450667061102697, 0.1895166685183843, 0.1973459689089885, 0.18147856904528079, 0.1606635149472799, 0.16312042365853602, 0.1597412012708493, 0.16091459091657248, 0.15351769347221422, 0.13244692121560758, 0.1297985642002179, 0.14031296691451317, 0.11732303343999845, 0.1312221890936295, 0.1307977890739074, 0.09906282576803978, 0.11225902260496066, 0.08704049804080756, 0.07961759057182533, 0.07987036620481656, 0.07508328943871535, 0.08547754896183808, 0.08048432026631556, 0.06579681504995395, 0.05879057065034524, 0.06235982897954109, 0.06117756213419712, 0.08025571591674517, 0.05502072690675656, 0.07234864538678756, 0.051485415786886826, 0.05544872012419196, 0.04023238654749898, 0.07800536523931302, 0.040890481657324694, 0.0468959625905905, 0.0508970907674386, 0.04329168279535878, 0.11202257243582071, 0.036971413619959585, 0.03059946893690488, 0.03965825832281739, 0.028602572253499277, 0.03459999525847916, 0.048171825492038176, 0.03356859671214643, 0.027873361178745445, 0.02895559054106856, 0.04134100808117252, 0.031267048098528996, 0.025755423983821694, 0.034217635850207165, 0.04405181622132659, 0.026616736667421766, 0.03701377082138489, 0.016060991518688984, 0.0284237468149513, 0.028300789360983823, 0.01731235291570043, 0.024716294143731013, 0.024900540034883678, 0.027056232596246097, 0.019797012535258174, 0.029528118108805172, 0.01870782470378356, 0.014512429557119807, 0.02278587940889291, 0.017000622047374073, 0.014846281381323934, 0.04122362026753716, 0.020897244109222904, 0.02255923206655261, 0.022324108339559574, 0.013878248091667699, 0.022092437025350638, 0.022009666021077488, 0.01718783080100249, 0.026023274932343226, 0.025797272644316156, 0.02981296661071097, 0.03567556749121883, 0.02216525197936556, 0.028684883438146267, 0.031024513718409415], "test_losses": [2.3022368321051965, 0.5297626371567066, 0.44566787282625836, 0.4146366916023768, 0.39218163604919726, 0.37739702123097885, 0.3685011766277827, 0.356068023504355, 0.35487295878239167, 0.35101665078829497, 0.33222030160518795, 0.3396590189673962, 0.33772908590542966, 0.3311675517604901, 0.31985407093396556, 0.32822260585350865, 0.3285901720325152, 0.3129506141711504, 0.3161224763935957, 0.33105268673254895, 0.31783441931773454, 0.31826286036998797, 0.31905567244841504, 0.32251790242317396, 0.3307721528869409, 0.33880160863582903, 0.3284108145878865, 0.3400127071982775, 0.35089409045684034, 0.33912184385535044, 0.3629387859732677, 0.3648041255581073, 0.36472810317690557, 0.3692517324517935, 0.364057974364513, 0.3721412780384223, 0.3816855815358651, 0.3870945683656595, 0.4102539137387887, 0.4123757200745436, 0.40461448350777995, 0.42225098399779737, 0.4247650078091866, 0.44766382796642107, 0.4733191776352051, 0.4630033207627443, 0.4755417291934674, 0.4593028500676155, 0.48552734748675275, 0.4828987068090683, 0.5295761086237736, 0.49521391151043087, 0.5054492337199358, 0.5391622663308413, 0.5190778519862738, 0.6235688880850108, 0.5556136891245842, 0.526620358419724, 0.568303793668747, 0.5637060336959667, 0.5785868513660554, 0.5986466390582231, 0.5782654293072529, 0.5961276478110216, 0.5782443655607028, 0.6310615493701055, 0.6183835793382082, 0.6244409088140879, 0.6354355300084139, 0.6543373946960156, 0.6363524101101435, 0.6417008361373192, 0.6543149510637308, 0.666588904765936, 0.6474909404149423, 0.6682803357640902, 0.6638959692074702, 0.6536639775985327, 0.6599614161711472, 0.6567341698667942, 0.6730218250782062, 0.6630009189248085, 0.657194193930198, 0.6780115346878003, 0.7005830336457644, 0.6805460957380441, 0.7525048473706613, 0.697797437890982, 0.6706741622243172, 0.7213841745486627, 0.713969425799755, 0.7292434575083928, 0.7291340174583288, 0.7204598186489863, 0.7177883134438441, 0.7870523245670856, 0.758958332049541, 0.7694327850372363, 0.7802616277566323, 0.7868412104554665, 0.738255806076221], "train_accuracies": [0.10817307692307693, 0.8179086538461539, 0.8529647435897436, 0.8693910256410257, 0.8731971153846154, 0.8880208333333334, 0.8876201923076923, 0.8893229166666666, 0.8983373397435898, 0.8968349358974359, 0.9125600961538461, 0.903145032051282, 0.9096554487179487, 0.9085536858974359, 0.9192708333333334, 0.9205729166666666, 0.9200721153846154, 0.9308894230769231, 0.9329927884615384, 0.9268830128205128, 0.9346955128205128, 0.9436097756410257, 0.9388020833333334, 0.942207532051282, 0.9384014423076923, 0.9441105769230769, 0.9515224358974359, 0.9534254807692307, 0.9480168269230769, 0.9582331730769231, 0.9508213141025641, 0.9525240384615384, 0.9625400641025641, 0.9589342948717948, 0.9686498397435898, 0.9728565705128205, 0.97265625, 0.9739583333333334, 0.9691506410256411, 0.969551282051282, 0.9771634615384616, 0.9791666666666666, 0.9766626602564102, 0.9778645833333334, 0.9713541666666666, 0.9805689102564102, 0.9743589743589743, 0.9814703525641025, 0.979667467948718, 0.9866786858974359, 0.9698517628205128, 0.985176282051282, 0.9832732371794872, 0.98046875, 0.984375, 0.9612379807692307, 0.9872796474358975, 0.9895833333333334, 0.9848758012820513, 0.9907852564102564, 0.9873798076923077, 0.9814703525641025, 0.9876802884615384, 0.9894831730769231, 0.9896834935897436, 0.9849759615384616, 0.9886818910256411, 0.9907852564102564, 0.9858774038461539, 0.9830729166666666, 0.9906850961538461, 0.9859775641025641, 0.9941907051282052, 0.9900841346153846, 0.9885817307692307, 0.9947916666666666, 0.9910857371794872, 0.9899839743589743, 0.9895833333333334, 0.9936899038461539, 0.9893830128205128, 0.9935897435897436, 0.9957932692307693, 0.9919871794871795, 0.9941907051282052, 0.9948918269230769, 0.9859775641025641, 0.9915865384615384, 0.9908854166666666, 0.9916866987179487, 0.9949919871794872, 0.9914863782051282, 0.9923878205128205, 0.9936899038461539, 0.9905849358974359, 0.9912860576923077, 0.9883814102564102, 0.9892828525641025, 0.9910857371794872, 0.9910857371794872, 0.9883814102564102],