{"testproblem": "mnist_mlp", "batch_size": 128, "num_epochs": 100, "random_seed": 42, "weight_decay": null, "optimizer_hyperparams": {"lr": 0.01}, "train_losses": [2.3034798334806394, 0.130166748061012, 0.10413596031661981, 0.09041485355163996, 0.07543582648325425, 0.09935565397907527, 0.062224660689632096, 0.05713622127540219, 0.05414863367779897, 0.055271987445079364, 0.07791771146301658, 0.06492010062226118, 0.07489318590467939, 0.04954588752335463, 0.058472591440360516, 0.03707511436480742, 0.02748766056715678, 0.02685485636958709, 0.05392488399042915, 0.0758206767674822, 0.07784766140274513, 0.05037043131410311, 0.06055902084335685, 0.04322450049221516, 0.044865270013897084, 0.02492068090643256, 0.029600758117456466, 0.02681056847079442, 0.06329460722656968, 0.03529106340824793, 0.06378543883180007, 0.03128723079004349, 0.08410378338960119, 0.08557175034179519, 0.02891535156716903, 0.02261774670571471, 0.04526088561098545, 0.021147871557145547, 0.07925419601349112, 0.03539246184608111, 0.06063778636356195, 0.06101438173880944, 0.038311915699010476, 0.05179764967984878, 0.05190124766280254, 0.04252609750255942, 0.042248718130091824, 0.03815138185969912, 0.05154172376466867, 0.03979482567415406, 0.03157000641266887, 0.04304821103906784, 0.05612086169182872, 0.05485193335857147, 0.09655024266491334, 0.07597631062022768, 0.056070293443134196, 0.03778154195214693, 0.04080834911945157, 0.052535314100961655, 0.04491317350990497, 0.11045785448872127, 0.09986527053973614, 0.04164521507202433, 0.04760589432687713, 0.025610377558339864, 0.03623444622812363, 0.044957276553106613, 0.05982532106244411, 0.042398763414567865, 0.08865306516870475, 0.056826163154955096, 0.02959729694068814, 0.02977057736223707, 0.06320702023087786, 0.030574500871201355, 0.10607864339955342, 0.15369592848209998, 0.07318937317587626, 0.1308338495496756, 0.11476927711508977, 0.07264840163481541, 0.07116888088580126, 0.06807446635017793, 0.035477442726588405, 0.04841662710532546, 0.04053510403117308, 0.07503769121682033, 0.04087475819799762, 0.05272840259548945, 0.03566603577480866, 0.03610287100458757, 0.05115064743380898, 0.07141986300643438, 0.07600995247514966, 0.131152817621254, 0.062084168733025975, 0.04205187995177813, 0.10087634664840806, 0.12255534243125182, 0.06932197194785261], "test_losses": [2.3034419279832106, 0.14680079834010357, 0.13196270736173177, 0.13043505524117976, 0.14214980258391455, 0.13658593067278466, 0.1204883052298847, 0.1489641627487846, 0.11921174518572979, 0.13537988343682045, 0.16654856715542385, 0.16633707583428192, 0.20931772828006592, 0.15382894011548695, 0.1766169136031889, 0.17973390583378765, 0.17117049780268317, 0.14478094356421095, 0.1971559997719641, 0.2288611471438064, 0.2004832165936629, 0.21773709746029896, 0.2346795481056548, 0.1946916518589625, 0.21348022944174516, 0.19187142750105032, 0.23472772868206868, 0.23632149352954748, 0.2558388482206143, 0.20055652676054683, 0.260936210409571, 0.185762507829051, 0.35599199447255486, 0.387408764149325, 0.22373191205163798, 0.2282235793506679, 0.29828586381597394, 0.27159425826408923, 0.2573349279088852, 0.3141104041073376, 0.29532197390038234, 0.27738093716116285, 0.24030999696025482, 0.3639902925859086, 0.3125933016507098, 0.27913237367876065, 0.2939566252275537, 0.33331337126974875, 0.3165213645985111, 0.31475872752996975, 0.3548286784535799, 0.2539575456474454, 0.2736095737498731, 0.4276750595428241, 0.4664514189203962, 0.47269596529599184, 0.42145561376729834, 0.4026963127394899, 0.3290529034506434, 0.4363790542746966, 0.48996910873131877, 0.569222757521157, 0.7362236402069147, 0.3928176045107345, 0.502757827942379, 0.37560020513737047, 0.44044705817046076, 0.4135791410763676, 0.5466387355461334, 0.537815190350207, 0.5433697698112482, 0.5285174816799088, 0.42344171676832515, 0.402880902043902, 0.6347201122687414, 0.6103886497350266, 0.6733797640563586, 0.568092004252741, 0.5832772261391466, 1.0340797175199559, 0.6653969480584447, 0.5542553329888062, 0.7813335308709588, 0.5288400710679781, 0.5687937921820543, 0.7049537380345356, 0.6559391502195444, 0.7302941081758875, 0.66082628747114, 0.7237275275759972, 0.6328324402133242, 0.5701981379817693, 0.5588012734571328, 0.9381636989852175, 0.6034520360617301, 0.983190448835301, 0.5945802224107469, 0.8123991438068259, 0.9195058857066891, 0.5794064115780668, 0.6917111203552057], "train_accuracies": [0.08543669871794872, 0.9625400641025641, 0.971854967948718, 0.9752604166666666, 0.9805689102564102, 0.9736578525641025, 0.9840745192307693, 0.9829727564102564, 0.9852764423076923, 0.9853766025641025, 0.9798677884615384, 0.9837740384615384, 0.9816706730769231, 0.9862780448717948, 0.9866786858974359, 0.9915865384615384, 0.9942908653846154, 0.992988782051282, 0.9873798076923077, 0.9822716346153846, 0.9856770833333334, 0.9889823717948718, 0.9852764423076923, 0.9901842948717948, 0.9909855769230769, 0.9934895833333334, 0.9936899038461539, 0.9938902243589743, 0.9885817307692307, 0.9934895833333334, 0.9881810897435898, 0.9923878205128205, 0.9891826923076923, 0.9813701923076923, 0.9917868589743589, 0.9947916666666666, 0.9899839743589743, 0.9947916666666666, 0.9855769230769231, 0.9935897435897436, 0.9879807692307693, 0.9905849358974359, 0.9904847756410257, 0.9883814102564102, 0.9903846153846154, 0.9914863782051282, 0.9920873397435898, 0.9911858974358975, 0.9864783653846154, 0.9901842948717948, 0.9925881410256411, 0.9872796474358975, 0.9850761217948718, 0.9922876602564102, 0.9801682692307693, 0.9894831730769231, 0.9826722756410257, 0.9902844551282052, 0.98828125, 0.9871794871794872, 0.9893830128205128, 0.9854767628205128, 0.9799679487179487, 0.9898838141025641, 0.9903846153846154, 0.992988782051282, 0.9918870192307693, 0.9910857371794872, 0.9879807692307693, 0.9894831730769231, 0.9761618589743589, 0.9855769230769231, 0.9919871794871795, 0.9919871794871795, 0.9893830128205128, 0.9911858974358975, 0.9897836538461539, 0.9650440705128205, 0.9800681089743589, 0.9609375, 0.9750600961538461, 0.9794671474358975, 0.987479967948718, 0.9844751602564102, 0.9883814102564102, 0.9917868589743589, 0.9876802884615384, 0.9841746794871795, 0.9915865384615384, 0.9870793269230769, 0.991386217948718, 0.9880809294871795, 0.9899839743589743, 0.9787660256410257, 0.9731570512820513, 0.9857772435897436, 0.9777644230769231, 0.9873798076923077, 0.9846754807692307, 0.9618389423076923, 0.979667467948718],