{"train_losses": [353.9337594168527, 348.66300310407365, 343.4636710030692, 338.3376988002232, 333.2896466936384, 328.32259695870533, 323.43837193080356, 318.6376953125, 313.92061941964283, 309.28668212890625, 304.73514665876115, 300.26512363978793, 295.8756321498326, 291.5656215122768, 287.3340541294643, 283.1798749651228, 279.1019810267857, 275.0993913922991, 271.17099217006137, 267.3158046177455, 263.5327911376953, 259.8209032331194, 256.17918613978793, 252.60658046177454, 249.10215541294642, 245.66490827287947, 242.29385593959265, 238.9880589076451, 235.7465602329799, 232.5684313092913, 229.4527326311384, 226.3985334123884, 223.40493774414062, 220.4710235595703, 217.59590366908483, 214.77868870326452, 212.01849583217077, 209.31446184430803, 206.66573006766183, 204.07144818987166, 201.530757359096, 199.04285757882255, 196.6068856375558, 194.2220458984375, 191.88751438685827, 189.60250200544084, 187.3662109375, 185.17784772600447, 183.03665379115515, 180.94185965401786, 178.89269147600447, 176.88841683523995, 174.92827933175224, 173.01151820591517, 171.137446812221, 169.3053240094866, 167.51443699428015, 165.76407514299666, 164.0535409109933, 162.38214547293526, 160.74919782366072, 159.1540309361049, 157.59597996303015, 156.07437133789062, 154.58855329241072, 153.13787405831474, 151.72169930594308, 150.33939252580916, 148.9903302873884, 147.67388044084822, 146.38943481445312, 145.13638959612166, 143.91415187290735, 142.7221200125558, 141.55970873151506, 140.42633601597376, 139.32144492013114, 138.2444588797433, 137.19481113978796, 136.17196546282088, 135.17538234165735, 134.2044950212751, 133.25879233224052, 132.33775547572546, 131.4408438546317, 130.56756373814173, 129.71738869803292, 128.88985116141183, 128.08443668910436, 127.30066571916852, 126.53806958879743, 125.79616437639508, 125.0744879586356, 124.37258911132812, 123.69001007080078, 123.02629634312221, 122.38102177211216, 121.75375148228237, 121.14406149727958, 120.55153220040458, 119.97574615478516], "test_losses": [353.44676426478793, 348.2179478236607, 343.0604989188058, 337.9760480608259, 332.96917724609375, 328.0429905482701, 323.19921875, 318.43863351004467, 313.7611868722098, 309.1664777483259, 304.65372576032365, 300.22204153878346, 295.87042236328125, 291.59781319754467, 287.40321132114957, 283.28553553989957, 279.2436959402902, 275.2766592843192, 271.38338579450334, 267.56285095214844, 263.8140345982143, 260.1358904157366, 256.52742876325334, 252.98765781947546, 249.51559012276786, 246.1102578299386, 242.7706756591797, 239.4958997453962, 236.28499494280135, 233.1370108468192, 230.05103193010603, 227.02613612583704, 224.06139918736048, 221.1559317452567, 218.30884660993303, 215.5192587716239, 212.7862832205636, 210.10907854352678, 207.48677498953683, 204.91853768484933, 202.40350777762276, 199.9408939906529, 197.52982875279017, 195.1695316859654, 192.85917009626115, 190.59797886439733, 188.3851579938616, 186.21993146623885, 184.1015167236328, 182.02915954589844, 180.00211225237166, 178.01962062290735, 176.08093479701452, 174.18531799316406, 172.33208792550224, 170.5204794747489, 168.7498016357422, 167.0193590436663, 165.3284454345703, 163.67637416294642, 162.06245858328683, 160.48605346679688, 158.94648088727678, 157.44307599748885, 155.97518266950334, 154.54217093331474, 153.1433868408203, 151.77821132114954, 150.44602966308594, 149.14619663783483, 147.87813241141183, 146.6412135532924, 145.43485586983817, 144.2584686279297, 143.11146763392858, 141.99326869419642, 140.90332249232702, 139.8410426548549, 138.80589076450892, 137.7973153250558, 136.81477573939733, 135.85772923060827, 134.9256548200335, 134.0180206298828, 133.13431440080916, 132.27403913225447, 131.43667057582311, 130.6217280796596, 129.82872009277344, 129.05715942382812, 128.30658503941126, 127.57650538853237, 126.8664779663086, 126.17604064941406, 125.50474221365792, 124.85213361467633, 124.21778433663505, 123.60126713344029, 123.00216129847935, 122.4200417654855, 121.85450744628906], "minibatch_train_losses": [369.72540283203125, 361.8902587890625, 359.6708068847656, 350.4352722167969, 359.46258544921875, 334.45269775390625, 326.23944091796875, 364.32318115234375, 356.50714111328125, 354.4046630859375, 345.2266845703125, 354.13372802734375, 329.40777587890625, 321.1947326660156, 358.99273681640625, 351.19720458984375, 349.20855712890625, 340.0884704589844, 348.8755798339844, 324.43438720703125, 316.22216796875, 353.7359619140625, 345.96185302734375, 344.0870361328125, 335.0257568359375, 343.6934509277344, 319.53753662109375, 311.32666015625, 348.55767822265625, 340.8052673339844, 339.0440368652344, 330.04254150390625, 338.59112548828125, 314.7207336425781, 306.5113830566406, 343.461181640625, 335.7303466796875, 334.0823059082031, 325.141357421875, 333.5709228515625, 309.9859619140625, 301.7783203125, 338.4483642578125, 330.73883056640625, 329.2032165527344, 320.3235168457031, 328.634033203125, 305.3341979980469, 297.128173828125, 333.52001953125, 325.831298828125, 324.4073486328125, 315.5894470214844, 323.78082275390625, 300.765625, 292.56109619140625, 328.6761474609375, 321.0079345703125, 319.69451904296875, 310.93890380859375, 319.01104736328125, 296.27978515625, 288.0765380859375, 323.9163818359375, 316.26824951171875, 315.064208984375, 306.371337890625, 314.3240966796875, 291.8760681152344, 283.6737976074219, 319.2398986816406, 311.6114807128906, 310.51556396484375, 301.8858642578125, 309.71917724609375, 287.55352783203125, 279.3518981933594, 314.6458435058594, 307.036865234375, 306.0477600097656, 297.481689453125, 305.1952819824219, 283.3111877441406, 275.10986328125, 310.1331787109375, 302.54339599609375, 301.65972900390625, 293.1576232910156, 300.75152587890625, 279.14794921875, 270.94659423828125, 305.70086669921875, 298.130126953125, 297.35052490234375, 288.9127197265625, 296.3867492675781, 275.06280517578125, 266.8609619140625, 301.34783935546875, 293.7960205078125, 293.1189880371094, 284.7459411621094, 292.1000671386719, 271.0545959472656, 262.8519287109375, 297.0730285644531, 289.5400390625, 288.9642028808594, 280.65618896484375, 287.89031982421875, 267.122314453125, 258.9184265136719, 292.87530517578125, 285.3611755371094, 284.885009765625, 276.64239501953125, 283.756591796875, 263.26483154296875, 255.05929565429688, 288.75372314453125, 281.2584533691406, 280.88043212890625, 272.7035217285156, 279.69781494140625, 259.4811096191406, 251.2735137939453, 284.70709228515625, 277.23077392578125, 276.9494323730469, 268.83856201171875, 275.712890625, 255.77005004882812, 247.5600128173828, 280.73443603515625, 273.2771911621094, 273.0909423828125, 265.04644775390625, 271.8009033203125, 252.13070678710938, 243.91775512695312, 276.8347473144531, 269.3966979980469, 269.3040771484375, 261.326171875, 267.9608154296875, 248.56195068359375, 240.34567260742188, 273.00689697265625, 265.5882568359375, 265.58770751953125, 257.6767272949219, 264.191650390625, 245.0627899169922, 236.8427734375, 269.25, 261.85089111328125, 261.94085693359375, 254.09707641601562, 260.4924011230469, 241.63217163085938, 233.4080352783203, 265.56298828125, 258.1836242675781, 258.362548828125, 250.5862274169922, 256.8620910644531, 238.26913452148438, 230.04043579101562, 261.9448547363281, 254.58551025390625, 254.8518829345703, 247.14324951171875, 253.2997589111328, 234.97268676757812, 226.73902893066406, 258.3946533203125, 251.05548095703125, 251.40777587890625, 243.76710510253906, 249.80447387695312, 231.7418212890625, 223.50277709960938, 254.91139221191406, 247.59268188476562, 248.0293731689453, 240.4568634033203, 246.37521362304688, 228.57557678222656, 220.33074951171875, 251.49407958984375, 244.1960906982422, 244.71566772460938, 237.21151733398438, 243.0111083984375, 225.4729766845703, 217.2219696044922, 248.14181518554688, 240.8647918701172, 241.46575927734375, 234.0301513671875, 239.711181640625, 222.43310546875, 214.175537109375, 244.85365295410156, 237.59783935546875, 238.27871704101562, 230.91184997558594, 236.4745635986328, 