{"testproblem": "fmnist_mlp", "batch_size": 128, "num_epochs": 100, "random_seed": 42, "weight_decay": null, "optimizer_hyperparams": {"lr": 1.584893192461114e-05}, "train_losses": [2.3021158377329507, 0.9484824744554666, 0.7170508954769526, 0.6121360040627993, 0.5654715326351997, 0.5179719653649207, 0.5022608893804061, 0.4778257069679407, 0.4702440660733443, 0.45475751811113113, 0.4430576673684976, 0.4456244986026715, 0.426801289885472, 0.42593237337393636, 0.42696668666142684, 0.419998084123318, 0.4126949226244902, 0.40756444671215153, 0.3960247826881898, 0.3927353146748665, 0.3963519797111169, 0.3933928782741229, 0.3807502717543871, 0.4007406104833652, 0.3894759741349098, 0.3681095997110391, 0.3819020037085582, 0.36900900648190427, 0.3708198601618791, 0.3470050503428166, 0.3534654906162849, 0.3673630803823471, 0.34427046355528707, 0.35046904247540694, 0.3383357119865907, 0.34469841993772066, 0.3438221966991058, 0.33882836634532, 0.3415650125497427, 0.32509290197720897, 0.32754531789284486, 0.32931876048827785, 0.325317426942862, 0.332850667146536, 0.33432496262666506, 0.3172049302703295, 0.3194657862186432, 0.3153832923525419, 0.31930044541756314, 0.30609402920191103, 0.31177461051788086, 0.3160926648057424, 0.3107884558729636, 0.3129193209684812, 0.2975618193546931, 0.30658253989158535, 0.304383084942133, 0.29403919994066924, 0.29763317795900196, 0.2933157008045759, 0.303674412270387, 0.28304024289051694, 0.2872594310305057, 0.28737378158630467, 0.2911305316747763, 0.295513018201559, 0.2815003303381113, 0.28882936655710906, 0.27771973380675685, 0.2930994274524542, 0.28200409504083485, 0.2745909719513013, 0.26050983846951753, 0.2748167723035201, 0.27449699262013805, 0.271019170490595, 0.2654327203830083, 0.2784139726024408, 0.2658682700533133, 0.2771222633429063, 0.2691584554238197, 0.2643696014315654, 0.2716778614200078, 0.26582343513384843, 0.25185016189248133, 0.26144810307484406, 0.26091016886325985, 0.24470388335295212, 0.26409962200201476, 0.24815767010053, 0.25662978853170687, 0.2525140618284543, 0.2573036375718239, 0.2466334675749143, 0.25448842690541196, 0.24898832539717355, 0.2496678808178657, 0.24286326278860754, 0.23769539890763086, 0.24883662718228805, 0.24826519038432684], "test_losses": [2.3022368321051965, 0.9600999370599405, 0.7324465161714798, 0.6399582624435425, 0.5850388896770966, 0.5533147377845569, 0.5276626382882779, 0.5097042730985544, 0.4974283308554918, 0.49101555538483155, 0.47576379508544236, 0.46884920199712116, 0.46336014301348954, 0.4580362996993921, 0.45358589100532043, 0.44446980227262545, 0.44433493950428105, 0.43698711081957203, 0.433629830296223, 0.4288218390101042, 0.4256700575351715, 0.4254290589537376, 0.42286486503405446, 0.41641074132460815, 0.4202083421823306, 0.41269129533798266, 0.4140802304714154, 0.4088886108918068, 0.411792047894918, 0.40272312859694165, 0.39836523166069615, 0.40229020688014155, 0.39886966481422764, 0.39329361800964063, 0.39251576631497115, 0.3902377440379216, 0.38731441417565715, 0.3887369873432013, 0.3868072271729127, 0.3832966528641872, 0.3822232786661539, 0.3796846345067024, 0.3772370192484978, 0.3771606974112682, 0.37686020575272733, 0.37340051814531666, 0.3760216793952844, 0.3722669002719415, 0.3687768360743156, 0.3679297585517932, 0.3686475006815715, 0.36570571267451996, 0.36814629057279, 0.3656165553973271, 0.36320096254348755, 0.3658065757690332, 0.3631098958162161, 0.36180315376856387, 0.3589781776834757, 0.356850813023555, 0.36395997496751636, 0.35618331990180874, 0.35897966073109555, 0.3531152651860164, 0.35400604762327975, 0.35126849111074054, 0.3506264394292465, 0.3560860953651942, 0.35103894693729204, 0.35689527579607105, 0.34834855107160717, 0.34776860017042893, 0.34608153712290984, 0.34503657542742217, 0.34584997498836273, 0.34420657864747906, 0.3434844863338348, 0.3410693783408556, 0.34374548418399614, 0.3437980463107427, 0.3403664580904521, 0.33926459631094563, 0.33981318389758086, 0.3412436865843259, 0.34198142683658844, 0.34422550274011415, 0.3377140938089444, 0.3398097201417654, 0.3399008069282923, 0.3349282248662068, 0.3379056726892789, 0.3366072410956407, 0.33521142506446594, 0.3333796677299035, 0.3370000198483467, 0.33918740791388047, 0.33390700626067626, 0.3363838318066719, 0.33611613741287816, 0.3428898163330861, 0.33492831580149823], "train_accuracies": [0.10817307692307693, 0.6471354166666666, 0.7404847756410257, 0.7834535256410257, 0.8041866987179487, 0.8222155448717948, 0.8282251602564102, 0.8310296474358975, 0.8371394230769231, 0.8436498397435898, 0.8513621794871795, 0.8459535256410257, 0.8488581730769231, 0.8497596153846154, 0.8517628205128205, 0.8547676282051282, 0.8564703525641025, 0.8561698717948718, 0.8628806089743589, 0.8616786858974359, 0.8586738782051282, 0.8602764423076923, 0.8675881410256411, 0.8529647435897436, 0.8662860576923077, 0.8694911858974359, 0.866386217948718, 0.8725961538461539, 0.8689903846153846, 0.8732972756410257, 0.8724959935897436, 0.8698918269230769, 0.8767027243589743, 0.8740985576923077, 0.8770032051282052, 0.8792067307692307, 0.8790064102564102, 0.8818108974358975, 0.8807091346153846, 0.8848157051282052, 0.8835136217948718, 0.8826121794871795, 0.8832131410256411, 0.8817107371794872, 0.8811097756410257, 0.885917467948718, 0.8835136217948718, 0.88671875, 0.8857171474358975, 0.8940304487179487, 0.8910256410256411, 0.889823717948718, 0.8884214743589743, 0.8873197115384616, 0.8967347756410257, 0.889823717948718, 0.8874198717948718, 0.8946314102564102, 0.8958333333333334, 0.8944310897435898, 0.8913261217948718, 0.8993389423076923, 0.8950320512820513, 0.8956330128205128, 0.895332532051282, 0.8932291666666666, 0.8990384615384616, 0.8968349358974359, 0.8990384615384616, 0.8940304487179487, 0.8997395833333334, 0.9021434294871795, 0.9074519230769231, 0.903145032051282, 0.9011418269230769, 0.9028445512820513, 0.9053485576923077, 0.8998397435897436, 0.9049479166666666, 0.9024439102564102, 0.9047475961538461, 0.9065504807692307, 0.9041466346153846, 0.9051482371794872, 0.9091546474358975, 0.9028445512820513, 0.9064503205128205, 0.9122596153846154, 0.9042467948717948, 0.9103565705128205, 0.9071514423076923, 0.9110576923076923, 0.9064503205128205, 0.9077524038461539, 0.9082532051282052, 0.9100560897435898, 0.909354967948718, 0.9127604166666666, 0.9159655448717948, 0.9094551282051282, 0.9126602564102564],