{"testproblem": "mnist_mlp", "batch_size": 128, "num_epochs": 100, "random_seed": 42, "weight_decay": null, "optimizer_hyperparams": {"lr": 0.00039810717055349735, "momentum": 0.99}, "train_losses": [2.3034798334806394, 1.819922917928451, 0.4203361351138506, 0.3096579532974806, 0.2514939336822583, 0.21126571278541517, 0.1712555145032895, 0.1395291222784764, 0.12395647626656753, 0.10135226763593845, 0.08662111713336064, 0.07262526037028202, 0.06926239172044472, 0.059374856571547494, 0.05672146396663708, 0.050185620331038266, 0.03705263761087106, 0.03547578424406357, 0.03362709159652392, 0.026518872795769803, 0.02777947220378197, 0.02527327883319977, 0.019488726384364642, 0.01740234120725057, 0.013770227105571674, 0.015157838614705281, 0.012327536582373656, 0.01004756910678668, 0.009657802657248119, 0.00928857516592894, 0.0070817126199985165, 0.006957534748392227, 0.005764494673945965, 0.006833723626839809, 0.0054186615519798715, 0.004309441225650983, 0.003958514485603724, 0.004054124347674541, 0.0037590537506800433, 0.0027571380233917483, 0.0031771502242638515, 0.0026584297227553832, 0.0023616402863692013, 0.002350170117540237, 0.002133465969027617, 0.0019021504200421846, 0.0019272247759195475, 0.001957699226645323, 0.001882771603189982, 0.0016603804647158354, 0.0015903136286980067, 0.0015033949166536331, 0.0014895172073290898, 0.0013965426060633783, 0.0013470351218413084, 0.0012800883119687056, 0.0011511649458836287, 0.0011380199247445816, 0.0010940322222617955, 0.0010464385342903626, 0.0010718472588520783, 0.0009617266269066395, 0.0009751818978633636, 0.0010429881990720064, 0.0009621769571915651, 0.0008569114769880588, 0.0008195252754749396, 0.0008029182178851885, 0.0007557692245031014, 0.0007382252086431552, 0.0007126952211062113, 0.0007356517494488985, 0.0006982663598580238, 0.0006610176120048914, 0.0006600675196983876, 0.0006692190773976155, 0.0006797415419266775, 0.0006117848440622672, 0.0006092324948463684, 0.0005688851651472923, 0.0005707309032097841, 0.0005795848675263234, 0.000548800501303795, 0.0005154302104925498, 0.0005129356510364092, 0.0005109173556168874, 0.0005159559540259532, 0.0004463010969070288, 0.00046960608317301824, 0.0005177061718243819, 0.0004378410103993538, 0.0004721399492178208, 0.0004266371998267296, 0.00045961614411610825, 0.00044795235571188806, 0.00041032520433266956, 0.0003947565475335488, 0.00045234175064624887, 0.0004002389330894519, 0.0003722490599522224, 0.0003953653459365551], "test_losses": [2.3034419279832106, 1.810636268212245, 0.4032952926861934, 0.29571302024981916, 0.24234714239644697, 0.19788607138280684, 0.16790528394854987, 0.14815486361009952, 0.12855726494812048, 0.11678119782262887, 0.10770445851943432, 0.0999833956026496, 0.09178512426427542, 0.08675035330443046, 0.08307580344187908, 0.08133742619210328, 0.07607707495872791, 0.07832721353341372, 0.07272764140119155, 0.07190961770426768, 0.07178133267622727, 0.07336709543298452, 0.07166511899767777, 0.0720782045704814, 0.06849868772312617, 0.06798595970926377, 0.06668289982451078, 0.06710493736542188, 0.06678448920735182, 0.06949293871338551, 0.06793795841244551, 0.06824606298827209, 0.06779528602671164, 0.0708623263411797, 0.07122250037411085, 0.07057012390727416, 0.07119505570676082, 0.0713895595131012, 0.07031197079385702, 0.07208811668440318, 0.07220566929437411, 0.07147991633377014, 0.07286829830935368, 0.07249884445888874, 0.07387622577162126, 0.07276956175859922, 0.07381013797548337, 0.07367921876124083, 0.07436338391823646, 0.07427880924959214, 0.0741683633472675, 0.07508328234633574, 0.07579272744269708, 0.07627327912128888, 0.07623919952087678, 0.07591037108347966, 0.07690150176103298, 0.0770721055376224, 0.07634147294820884, 0.07741196952664699, 0.07724177983040229, 0.07726843951222225, 0.07840407620637845, 0.07885965938942555, 0.07872984985797069, 0.0790372743533972, 0.07969253228451961, 0.07931193413260655, 0.07942414269424401, 0.07990931447308797, 0.08021057196534596, 0.08067892654201923, 0.08011386777536991, 0.0807604533739579, 0.08101402910856101, 0.08103958111351882, 0.08136659254057285, 0.08172446274413513, 0.0816685878791106, 0.08193362781252617, 0.0818430508654087, 0.0824527688897573, 0.08258745890970413, 0.08255492146007526, 0.08235904158881077, 0.08297511968666162, 0.08272403927567677, 0.08334163418756081, 0.08346758754207538, 0.0838503920688079, 0.08370479755103588, 0.0834826204734735, 0.08405685033171605, 0.08399213186632364, 0.08418483010087258, 0.08466132658605392, 0.08428382314741611, 0.0849112880249054, 0.08459213853646548, 0.0850598116715749, 0.08505753972209416], "train_accuracies": [0.08543669871794872, 0.5341546474358975, 0.8807091346153846, 0.9113581730769231, 0.9272836538461539, 0.940604967948718, 0.9520232371794872, 0.9602363782051282, 0.9629407051282052, 0.9711538461538461, 0.977363782051282, 0.9797676282051282, 0.9807692307692307, 0.9840745192307693, 0.9849759615384616, 0.9864783653846154, 0.9908854166666666, 0.9905849358974359, 0.992988782051282, 0.9935897435897436, 0.9932892628205128, 0.9937900641025641, 0.99609375, 0.9963942307692307, 0.9981971153846154, 0.9970953525641025, 0.9977964743589743, 0.9988982371794872, 0.9987980769230769, 0.9987980769230769, 0.9993990384615384, 0.9992988782051282, 0.9997996794871795, 0.9990985576923077, 0.9996995192307693, 0.9996995192307693, 0.9996995192307693, 0.9997996794871795, 0.9998998397435898, 1.0, 0.9997996794871795, 1.0, 1.0, 1.0, 1.0, 1.0, 1.0, 1.0, 1.0, 1.0, 1.0, 1.0, 1.0, 1.0, 1.0, 1.0, 1.0, 1.0, 1.0, 1.0, 1.0, 1.0, 1.0, 1.0, 1.0, 1.0, 1.0, 1.0, 1.0, 1.0, 1.0, 1.0, 1.0, 1.0, 1.0, 1.0, 1.0, 1.0, 1.0, 1.0, 1.0, 1.0, 1.0, 1.0, 1.0, 1.0, 1.0, 1.0, 1.0, 1.0, 1.0, 1.0, 1.0, 1.0, 1.0, 1.0, 1.0, 1.0, 1.0, 1.0, 1.0], "test_accuracies": [0.08383413461538461, 0.5329527243589743, 0.882011217948718, 0.9133613782051282, 0.9298878205128205, 0.9417067307692307, 0.9493189102564102, 0.9547275641025641, 0.9588341346153846, 0.9644431089743589, 0.9662459935897436, 0.9697516025641025, 0.9699519230769231, 0.9733573717948718, 0.9747596153846154, 0.9747596153846154, 0.9775641025641025, 0.9747596153846154, 0.9768629807692307, 0.9770633012820513, 0.9785657051282052, 0.9771634615384616, 0.9780649038461539, 0.9784655448717948, 0.9793669871794872, 0.9788661858974359, 0.9793669871794872, 0.9793669871794872, 0.9800681089743589, 0.9797676282051282, 0.9807692307692307, 0.9810697115384616, 0.98046875, 0.9795673076923077, 0.9790665064102564, 0.9800681089743589, 0.9805689102564102, 0.9801682692307693, 0.9802684294871795, 0.98046875, 0.9800681089743589, 0.9807692307692307, 0.9798677884615384, 0.9808693910256411, 0.9795673076923077, 0.9808693910256411, 0.9808693910256411, 0.9809695512820513, 0.9810697115384616, 0.9809695512820513, 0.981270032051282, 0.9807692307692307, 0.9807692307692307, 0.9811698717948718, 0.9811698717948718, 0.9808693910256411, 0.9807692307692307, 0.9810697115384616, 0.98046875, 0.9809695512820513, 0.9809695512820513, 0.9814703525641025, 0.9807692307692307, 0.9811698717948718, 0.9808693910256411, 0.98046875, 0.9808693910256411, 0.9809695512820513, 0.9807692307692307, 0.9805689102564102, 0.9808693910256411, 0.9810697115384616, 0.9810697115384616, 0.9807692307692307, 0.9813701923076923, 0.9808693910256411, 0.9811698717948718, 0.9807692307692307, 0.9807692307692307, 0.9807692307692307, 0.9806690705128205, 0.9807692307692307, 0.9807692307692307, 0.9809695512820513, 0.9810697115384616, 0.9808693910256411, 0.9811698717948718, 0.9809695512820513, 0.9808693910256411, 0.9809695512820513, 0.9806690705128205, 0.9810697115384616, 0.98046875, 0.9809695512820513, 0.9808693910256411, 0.9807692307692307, 0.9810697115384616, 0.9810697115384616, 0.9811698717948718, 0.9809695512820513, 0.9807692307692307], "analyzable_training_params": {"lr_sched_epochs": null, "lr_sched_factors": null}}