{"train_losses": [353.9337594168527, 329.3630676269531, 272.3562534877232, 203.6097194126674, 145.07378278459822, 112.37765066964286, 110.43858337402344, 133.3168498447963, 167.77402823311942, 198.79632132393974, 214.91490391322546, 211.53498186383928, 191.42846897670202, 162.64439174107142, 134.94223022460938, 116.19738115583148, 110.01754760742188, 115.20200674874442, 126.94024222237724, 139.05998338971818, 146.37842886788505, 146.32422528948103, 139.3838827950614, 128.408695765904, 117.21089826311383, 109.05810873849052, 105.61215427943638, 106.6128670828683, 110.29559217180524, 114.27314976283482, 116.49230630057198, 115.91211482456752, 112.70782252720424, 108.00560760498047, 103.31959206717355, 99.94141714913505, 98.50868007114956, 98.87789699009487, 100.29817853655133, 101.77499498639789, 102.46310424804688, 101.94375828334263, 100.30598994663784, 98.0348401750837, 95.77752358572823, 94.09037453787667, 93.25885227748326, 93.24185725620815, 93.73879786900112, 94.33511243547711, 94.66193280901227, 94.51205771309989, 93.88006373814174, 92.92666407993862, 91.89382062639508, 91.00909859793526, 90.4140134538923, 90.13580867222377, 90.1029532296317, 90.18971906389508, 90.26809692382812, 90.24789864676339, 90.09444754464286, 89.82375771658761, 89.48295593261719, 89.12682560511998, 88.79969024658203, 88.52706364222935, 88.31635066441127, 88.1627927507673, 88.05585261753627, 87.983154296875, 87.93136378696987, 87.88572692871094, 87.83030373709542, 87.75032152448382, 87.63630131312779, 87.48814610072544, 87.31694793701172, 87.14289964948382, 86.98956516810826, 86.87622615269252, 86.81113542829242, 86.78843252999442, 86.78989628383091, 86.79109736851284, 86.76968056815011, 86.71277945382255, 86.62086704799107, 86.50684574672154, 86.39085824148995, 86.29290771484375, 86.22604261125836, 86.19241441999164, 86.1834945678711, 86.18392726353237, 86.17745535714286, 86.15259443010602, 86.10604967389789, 86.04292733328683, 85.97398158482143], "test_losses": [353.44676426478793, 329.0532967703683, 272.4952915736607, 204.40462820870536, 146.65013994489397, 114.77202388218471, 113.60062735421317, 137.12008013044084, 172.033695765904, 203.29205322265625, 219.4155033656529, 215.82278878348214, 195.3207789829799, 166.00996834891183, 137.71163504464286, 118.36631992885044, 111.64348493303571, 116.3947034563337, 127.84761919294085, 139.85094560895647, 147.22466823032923, 147.38277762276786, 140.78226143973214, 130.2337602887835, 119.50255366734096, 111.80799756731305, 108.76725006103516, 110.08329336983817, 113.9656491960798, 118.01421792166573, 120.17630004882812, 119.42403084891183, 115.95632062639508, 110.93057032993862, 105.89618791852679, 102.18047332763672, 100.45351082938058, 100.59815543038505, 101.88152313232422, 103.3174819946289, 104.05937085832868, 103.67795017787388, 102.24425179617745, 100.22003609793526, 98.22654942103794, 96.79413495744977, 96.1847904750279, 96.33854457310268, 96.94210270472935, 97.5751451764788, 97.87013026646206, 97.62766919817243, 96.8554447719029, 95.73096030099052, 94.51477813720703, 93.4529778616769, 92.70372663225446, 92.30755288260323, 92.20183345249721, 92.26480320521763, 92.36742510114398, 92.41395241873605, 92.36045837402344, 92.21121433803013, 92.00035858154297, 91.76983533586774, 91.552488054548, 91.36470685686383, 91.20786830357143, 91.0746089390346, 90.95521763392857, 90.8412366594587, 90.72575378417969, 90.60208783830915, 90.46314239501953, 90.30282919747489, 90.11936623709542, 89.91868046351841, 89.71573856898716, 89.53228868756976, 89.39111328125, 89.30865042550224, 89.28869737897601, 89.31985909598214, 89.37796565464565, 89.43283299037388, 89.45709555489677, 89.43407331194196, 89.36189596993583, 89.25272587367466, 89.12752532958984, 89.00845227922711, 88.91175188337054, 88.84339359828404, 88.79886191231864, 88.76661573137555, 88.73360443115234, 88.69066619873047, 88.63580649239677, 88.57433319091797, 88.51616668701172], "minibatch_train_losses": [369.72540283203125, 361.70562744140625, 358.3713684082031, 347.1862487792969, 353.20526123046875, 325.06298828125, 312.5445556640625, 344.5749206542969, 330.84759521484375, 322.5098876953125, 306.87725830078125, 306.82171630859375, 277.47735595703125, 261.00531005859375, 286.07757568359375, 269.3052673339844, 259.1773376464844, 242.52841186523438, 238.37042236328125, 212.9708709716797, 195.5433349609375, 215.10678100585938, 198.67312622070312, 190.3855438232422, 176.37472534179688, 170.533447265625, 153.6194610595703, 138.08111572265625, 153.83453369140625, 140.65013122558594, 137.05319213867188, 128.3948516845703, 122.68309783935547, 117.05252838134766, 105.11055755615234, 118.13597106933594, 109.767822265625, 112.127685546875, 109.86963653564453, 104.87452697753906, 111.01546478271484, 102.78555297851562, 113.1780014038086, 109.55340576171875, 117.36021423339844, 120.78014373779297, 115.83082580566406, 132.0404052734375, 126.20703125, 133.2545166015625, 132.95779418945312, 144.32818603515625, 151.40321350097656, 145.04942321777344, 168.1185302734375, 162.57040405273438, 165.32772827148438, 166.30111694335938, 178.75918579101562, 186.9722442626953, 177.72586059570312, 203.90676879882812, 196.56353759765625, 194.5381317138672, 194.886474609375, 206.20950317382812, 213.37655639648438, 200.40817260742188, 226.33416748046875, 215.85476684570312, 209.51611328125, 208.12185668945312, 216.9620819091797, 221.80386352539062, 205.34326171875, 228.63888549804688, 214.7855224609375, 205.70703125, 202.47120666503906, 208.5831298828125, 210.89398193359375, 192.21990966796875, 211.6854248046875, 195.26817321777344, 185.864990234375, 181.54644775390625, 185.60975646972656, 186.036865234375, 167.1004180908203, 182.51385498046875, 164.99493408203125, 157.9684600830078, 153.73797607421875, 156.90573120117188, 156.48239135742188, 139.331298828125, 151.02842712402344, 133.970458984375, 131.66307067871094, 128.5716094970703, 131.9459228515625, 131.58544921875, 117.80270385742188, 126.23868560791016, 110.80694580078125, 114.67875671386719, 113.24032592773438, 117.47062683105469, 117.60698699951172, 107.94570922851562, 113.40478515625, 100.082763671875, 110.45986938476562, 110.48091888427734, 115.60464477539062, 116.08485412597656, 110.39032745361328, 112.92129516601562, 101.50093078613281, 117.63843536376953, 118.32059478759766, 123.86198425292969, 124.08885192871094, 121.49081420898438, 121.04461669921875, 110.84834289550781, 131.24620056152344, 131.49075317382812, 136.73895263671875, 135.97415161132812, 135.24539184570312, 131.91510009765625, 122.1337890625, 144.9743194580078, 143.75714111328125, 148.09402465820312, 145.786865234375, 145.72698974609375, 139.9635467529297, 129.97308349609375, 153.53396606445312, 150.21466064453125, 153.36427307128906, 149.38270568847656, 149.1015625, 141.8032989501953, 131.35247802734375, 154.28427124023438, 148.75579833984375, 150.87564086914062, 145.5674591064453, 144.59921264648438, 137.03317260742188, 126.258544921875, 147.68182373046875, 140.33555603027344, 141.93759155273438, 136.02029418945312, 134.2694091796875, 127.84963989257812, 117.14138793945312, 136.5869903564453, 128.1339569091797, 129.88626098632812, 124.22439575195312, 121.80191802978516, 117.80195617675781, 107.59385681152344, 124.8565673828125, 116.08761596679688, 118.5825424194336, 113.9412612915039, 110.97727966308594, 110.2708740234375, 100.84304809570312, 115.83214569091797, 107.40571594238281, 110.97976684570312, 107.83907318115234, 104.34849548339844, 107.25592041015625, 98.62055206298828, 111.27088928222656, 103.5914306640625, 108.25198364257812, 106.7324447631836, 102.57695007324219, 108.85258483886719, 100.75214385986328, 111.02020263671875, 104.2275390625, 109.696044921875, 109.60099792480469, 104.54564666748047, 113.49462890625, 105.49786376953125, 113.42573547363281, 107.47282409667969, 113.31282806396484, 114.25215911865234, 108.07903289794922, 118.75337219238281, 110.40160369873047, 116.20425415039062, 110.97412872314453, 116.74812316894531, 118.28753662109375, 110.91192626953125, 