{"train_losses": [353.9337594168527, 353.80057198660717, 353.66748046875, 353.53442818777904, 353.4013889857701, 353.26841517857144, 353.1354500906808, 353.00254603794644, 352.8696855817522, 352.7368643624442, 352.60409109933033, 352.4713701520647, 352.33871023995533, 352.2060852050781, 352.07352556501115, 351.9410095214844, 351.8085719517299, 351.67616489955356, 351.54381888253346, 351.41153390066967, 351.27929251534596, 351.14711216517856, 351.0149841308594, 350.88292149135043, 350.7509068080357, 350.61893572126115, 350.487051827567, 350.35520717075894, 350.2234104701451, 350.09167044503346, 349.95999581473217, 349.828369140625, 349.6967991420201, 349.5652640206473, 349.4337942940848, 349.30237252371654, 349.1710117885045, 349.0396946498326, 348.908447265625, 348.77726091657365, 348.64612252371654, 348.51504952566967, 348.38402012416293, 348.25304739815846, 348.1221269880022, 347.9912588936942, 347.8604431152344, 347.7296840122768, 347.59899466378346, 347.4683358328683, 347.3377598353795, 347.2072056361607, 347.0767342703683, 346.94630650111606, 346.8159484863281, 346.68563406808033, 346.5553937639509, 346.42518833705356, 346.2950657435826, 346.1649693080357, 346.03492954799106, 345.90494210379467, 345.7750156947545, 345.6451503208705, 345.5153067452567, 345.38553728376115, 345.25579833984375, 345.1261204310826, 344.9965253557478, 344.8669695172991, 344.7374572753906, 344.6080017089844, 344.4785810198103, 344.34923880440846, 344.2199271065848, 344.09068080357144, 343.96148681640625, 343.8323320661272, 343.70324271065846, 343.5741969517299, 343.4452165876116, 343.31630161830356, 343.1874302455357, 343.05859810965404, 342.9298400878906, 342.80114310128346, 342.67248971121654, 342.5439017159598, 342.4153485979353, 342.28686087472096, 342.15841238839283, 342.03001185825894, 341.9016549246652, 341.7733459472656, 341.6450980050223, 341.5168892996652, 341.3887459891183, 341.26065935407365, 341.1325988769531, 341.00460379464283, 340.8766566685268], "test_losses": [353.44676426478793, 353.3146318708147, 353.182608468192, 353.0505894252232, 352.91861833844865, 352.78670392717635, 352.6548069545201, 352.5229274204799, 352.391122000558, 352.25936453683033, 352.1276419503348, 351.9959498814174, 351.86434500558033, 351.7327793666295, 351.6012704031808, 351.46981375558033, 351.33841814313615, 351.20707048688615, 351.0757838657924, 350.9445495605469, 350.81335013253346, 350.6822204589844, 350.5511387416295, 350.42013113839283, 350.2891627720424, 350.1582467215402, 350.0273960658482, 349.8966064453125, 349.765860421317, 349.63517107282365, 349.5045427594866, 349.3739536830357, 349.24344308035717, 349.11295427594865, 348.98253086635043, 348.8521641322545, 348.72184099469865, 348.59158761160717, 348.4613778250558, 348.3312290736607, 348.2011500767299, 348.0711103166853, 347.9411315917969, 347.8112095424107, 347.6813223702567, 347.55150059291293, 347.42174857003346, 347.2920227050781, 347.16237095424106, 347.0327627999442, 346.9032244001116, 346.7737295968192, 346.644295828683, 346.5149143763951, 346.38558088030135, 346.2563258579799, 346.1271057128906, 345.9979509626116, 345.8688659667969, 345.7398158482143, 345.61082676478793, 345.4818812779018, 345.3530055454799, 345.22415597098217, 345.09537615094865, 344.9666312081473, 344.83792550223217, 344.7093069893973, 344.5807364327567, 344.45220947265625, 344.3237522670201, 344.19530814034596, 344.06695556640625, 343.9386422293527, 343.8103812081473, 343.6821768624442, 343.5540117536272, 343.4258946010045, 343.29783412388394, 343.16981724330356, 343.04188319614957, 342.9140101841518, 342.78616768973217, 342.6583775111607, 342.5306658063616, 342.40298897879467, 342.27537318638394, 342.1478184291295, 342.02030290876115, 341.8928484235491, 341.7654288155692, 341.63805716378346, 341.51075526646207, 341.3834664481027, 341.25623866489957, 341.12908935546875, 341.00195748465404, 340.87489536830356, 340.74788556780135, 340.6209150041853, 340.49401419503346], "minibatch_train_losses": [369.72540283203125, 362.6434020996094, 361.15283203125, 352.634765625, 362.4649658203125, 338.01019287109375, 330.50982666015625, 369.58892822265625, 362.5072021484375, 361.019287109375, 352.50244140625, 362.3293762207031, 337.8814697265625, 330.380859375, 369.4525451660156, 362.37109375, 360.88580322265625, 352.3701171875, 362.19378662109375, 337.7528076171875, 330.251953125, 369.316162109375, 362.23504638671875, 360.7523193359375, 352.23785400390625, 362.0582275390625, 337.6241149902344, 330.123046875, 369.1798095703125, 362.09893798828125, 360.618896484375, 352.1055908203125, 361.9227294921875, 337.4955139160156, 329.99420166015625, 369.04351806640625, 361.96295166015625, 360.4854736328125, 351.9733581542969, 361.7872314453125, 337.366943359375, 329.8653869628906, 368.9072570800781, 361.8269958496094, 360.35211181640625, 351.8411865234375, 361.65179443359375, 337.2384033203125, 329.736572265625, 368.77099609375, 361.6910400390625, 360.2188415527344, 351.70904541015625, 361.5164489746094, 337.1098937988281, 329.60784912109375, 368.6348571777344, 361.5551452636719, 360.08551025390625, 351.57696533203125, 361.381103515625, 336.9814453125, 329.4791564941406, 368.49871826171875, 361.4193115234375, 359.9523010253906, 351.4449462890625, 361.2457580566406, 336.85302734375, 329.3504943847656, 368.36260986328125, 361.2835388183594, 359.819091796875, 351.31292724609375, 361.11053466796875, 336.72467041015625, 329.221923828125, 368.22662353515625, 361.1477966308594, 359.68597412109375, 351.1809997558594, 360.975341796875, 336.59637451171875, 329.0933532714844, 368.09063720703125, 361.0120849609375, 359.5528564453125, 351.0491027832031, 360.8402099609375, 336.4681396484375, 328.9648742675781, 367.9546813964844, 360.87646484375, 359.41986083984375, 350.9172668457031, 360.705078125, 336.3399353027344, 328.83642578125, 367.8188171386719, 360.7408752441406, 359.2868347167969, 350.7854919433594, 360.570068359375, 336.2117919921875, 328.70806884765625, 367.6829528808594, 360.6053466796875, 359.1539306640625, 350.6537780761719, 360.4350891113281, 336.0837097167969, 328.5797119140625, 367.5472412109375, 360.4698791503906, 359.0210876464844, 350.5220947265625, 360.3001708984375, 335.9556884765625, 328.4514465332031, 367.4114990234375, 360.3344421386719, 358.88824462890625, 350.3905029296875, 360.165283203125, 335.8277282714844, 328.3232421875, 367.27587890625, 360.1990966796875, 358.7555236816406, 350.2589111328125, 360.03045654296875, 335.69976806640625, 328.195068359375, 367.1402587890625, 360.0637512207031, 358.622802734375, 350.1274108886719, 359.895751953125, 335.5718994140625, 328.06695556640625, 367.00469970703125, 359.92852783203125, 358.4901428222656, 349.9959716796875, 359.760986328125, 335.4441223144531, 327.93890380859375, 366.8692626953125, 359.7933349609375, 358.3575439453125, 349.86456298828125, 359.6263732910156, 335.31634521484375, 327.8109130859375, 366.7337951660156, 359.6581726074219, 358.2249755859375, 349.73321533203125, 359.49176025390625, 335.18865966796875, 327.6829833984375, 366.5984191894531, 359.5230712890625, 358.092529296875, 349.6019287109375, 359.35723876953125, 335.06097412109375, 327.5550537109375, 366.463134765625, 359.3880310058594, 357.9601135253906, 349.470703125, 359.22271728515625, 334.9333801269531, 327.42724609375, 366.32781982421875, 359.2530517578125, 357.82769775390625, 349.33953857421875, 359.08831787109375, 334.80584716796875, 327.2994689941406, 366.192626953125, 359.1181640625, 357.69537353515625, 349.2084045410156, 358.95391845703125, 334.6783752441406, 327.1717529296875, 366.0574951171875, 358.9832763671875, 357.5631408691406, 349.0773620605469, 358.8196105957031, 334.55096435546875, 327.0440673828125, 365.92236328125, 358.84844970703125, 357.430908203125, 348.94635009765625, 358.68536376953125, 334.423583984375, 326.91644287109375, 365.787353515625, 358.71368408203125, 357.29876708984375, 348.81536865234375, 358.5511474609375, 334.2962646484375, 326.78887939453125, 365.65234375, 358.5789794921875, 357.16668701171875,