{"testproblem": "mnist_mlp", "batch_size": 128, "num_epochs": 100, "random_seed": 42, "weight_decay": null, "optimizer_hyperparams": {"lr": 3.9810717055349776}, "train_losses": [2.3034798334806394, 2.3647267879583898, 2.503611148932041, 2.4258365019773827, 2.3959171221806455, 2.4449310272167892, 2.4179876920504446, 2.424762349862319, 2.4840347583477316, 2.382456666383988, 2.603221046618926, 2.368505652134235, 2.494381449161432, 2.4839396446179123, 2.47813888390859, 2.4305058259230394, 2.388027988947355, 2.4175709730539565, 2.455134024986854, 2.464758032407516, 2.424308914404649, 2.480944682390262, 2.4009609650342894, 2.3583553784932847, 2.5124253309690037, 2.4350611491081042, 2.5529535672603507, 2.3513774688427267, 2.542852704341595, 2.378618653003986, 2.420695353776981, 2.5631455213595657, 2.498455735353323, 2.4485594156460886, 2.5341857855136576, 2.4428911484204807, 2.4184642816201234, 2.35735460733756, 2.549316180058015, 2.442171322993743, 2.6116822316096377, 2.431263514054127, 2.4336399267881346, 2.4361554384231567, 2.5134638364498434, 2.5384167555050974, 2.5570420240744567, 2.326389743731572, 2.446899313193101, 2.3584521305866732, 2.4100860479550485, 2.3881551027297974, 2.422676376807384, 2.354066093762716, 2.3641718473189917, 2.458991512274131, 2.505562907610184, 2.4075661225196643, 2.4424932522651477, 2.5736028169974303, 2.424438375693101, 2.5238472590079675, 2.468774810815469, 2.4672268537374644, 2.416537935917194, 2.3998597921469274, 2.443474375284635, 2.418585581657214, 2.3874053924511642, 2.5040997236202927, 2.5009411909641366, 2.5016091603499193, 2.5200919768749137, 2.405186026524275, 2.4813088453733005, 2.3410218954086304, 2.411942640940348, 2.3304811991178074, 2.3790868306771302, 2.3626670195506168, 2.438856207407438, 2.362727926327632, 2.554692097199269, 2.450471804692195, 2.4359627350782738, 2.4135656479077463, 2.396280383452391, 2.600861818362505, 2.495027890572181, 2.3846339598680153, 2.3557739288378983, 2.41868793964386, 2.6278268557328444, 2.4055679944845347, 2.534534671367743, 2.362359869174468, 2.5610227584838867, 2.5156442477152896, 2.5038633988453793, 2.381885745586493, 2.559809446334839], "test_losses": [2.3034419279832106, 310.7907592180448, 2.494447350502014, 2.424330335396987, 2.3982918079082785, 2.4520342350006104, 2.416346177076682, 2.422192640793629, 2.4958353287134414, 2.3817820243346386, 2.6049846471884313, 2.3772417337466507, 2.4939211790378275, 2.4704112639793983, 2.476575182034419, 2.4293373242402687, 2.390036329244956, 2.408304960299761, 2.449212303528419, 2.4610202648700814, 2.4278698609425473, 2.4798692220296616, 2.4019270707399416, 2.3599896339269786, 2.516529000722445, 2.431528430718642, 2.545314825498141, 2.346149349823976, 2.5407109749622836, 2.3718734215467405, 2.4192869632672043, 2.546511072378892, 2.4997683824637, 2.441870845281161, 2.530729306049836, 2.4528524722808447, 2.41790872048109, 2.359185808744186, 2.546743396000984, 2.4405892323224974, 2.615753552852533, 2.429375565969027, 2.4296239339388332, 2.4355127658599462, 2.5046894550323486, 2.520030981455094, 2.557874309710967, 2.3255198857723136, 2.444769162398118, 2.355650388277494, 2.404859964664166, 2.383427754426614, 2.4261980668092384, 2.35214185103392, 2.355449697910211, 2.453123933229691, 2.5075823618815494, 2.404545646447402, 2.43882950146993, 2.5618784641608214, 2.4226455168846326, 2.5163649198336477, 2.4613742247605934, 2.469451075945145, 2.4130365206645084, 2.392045721029624, 2.441689216173612, 2.412758613244081, 2.3945095325127626, 2.512026921296731, 2.515217738273816, 2.486399036187392, 2.5156759207065287, 2.402463457523248, 2.482029431905502, 2.339195523506556, 2.412022214669448, 2.3275791376064987, 2.3785747350790563, 2.365232464594719, 2.4243419353778544, 2.3623135762336926, 2.550499757130941, 2.459856757750878, 2.442850265747462, 2.4081287445166173, 2.3936493549591455, 2.608996791717334, 2.4864255831791806, 2.395848069435511, 2.3483931651482215, 2.424359694505349, 2.615752489138872, 2.4072708380527987, 2.532408451422667, 2.3690501145827465, 2.5451660125683517, 2.515825195190234, 2.5166813410245457, 2.387292137512794, 2.5608286429674196], "train_accuracies": [0.08543669871794872, 0.09655448717948718, 0.0960536858974359, 0.10747195512820513, 0.10256410256410256, 0.09174679487179487, 0.10767227564102565, 0.09635416666666667, 0.09334935897435898, 0.11217948717948718, 0.10306490384615384, 0.11107772435897435, 0.10096153846153846, 0.09405048076923077, 0.10146233974358974, 0.09785657051282051, 0.09264823717948718, 0.08553685897435898, 0.10486778846153846, 0.08844150641025642, 0.11388221153846154, 0.09715544871794872, 0.09875801282051282, 0.09715544871794872, 0.09725560897435898, 0.09745592948717949, 0.10086137820512821, 0.09505208333333333, 0.09775641025641026, 0.09965945512820513, 0.09895833333333333, 0.09455128205128205, 0.09975961538461539, 0.09795673076923077, 0.10056089743589744, 0.10757211538461539, 0.09875801282051282, 0.10236378205128205, 0.10987580128205128, 0.10196314102564102, 0.09835737179487179, 0.09645432692307693, 0.09805689102564102, 0.10346554487179487, 0.11207932692307693, 0.09234775641025642, 0.09705528846153846, 0.10927483974358974, 0.09895833333333333, 0.10016025641025642, 0.09505208333333333, 0.11047676282051282, 0.09274839743589744, 0.11147836538461539, 0.09545272435897435, 0.0967548076923077, 0.09825721153846154, 0.09715544871794872, 0.09965945512820513, 0.09505208333333333, 0.09695512820512821, 0.09645432692307693, 0.09715544871794872, 0.09094551282051282, 0.0967548076923077, 0.0928485576923077, 0.09645432692307693, 0.09395032051282051, 0.09705528846153846, 0.09755608974358974, 0.10286458333333333, 0.09915865384615384, 0.10616987179487179, 0.11197916666666667, 0.09735576923076923, 0.11278044871794872, 0.09445112179487179, 0.09314903846153846, 0.09975961538461539, 0.10016025641025642, 0.10797275641025642, 0.1045673076923077, 0.10356570512820513, 0.09845753205128205, 0.09915865384615384, 0.1024639423076923, 0.09955929487179487, 0.10446714743589744, 0.0953525641025641, 0.10647035256410256, 0.0953525641025641, 0.10416666666666667, 0.09845753205128205, 0.1031650641025641, 0.09905849358974358, 0.10817307692307693, 0.09695512820512821, 0.09655448717948718, 0.10436698717948718, 0.09775641025641026, 0.09635416666666667],