{"testproblem": "fmnist_mlp", "batch_size": 128, "num_epochs": 100, "random_seed": 42, "weight_decay": null, "optimizer_hyperparams": {"lr": 100.0}, "train_losses": [2.3021158377329507, 1237099747955.3555, 67.97014480982071, 68.97239616589668, 41.93451866736779, 45.46884135710887, 52.225727325830704, 76.2517328506861, 66.08542530353253, 76.96202165652544, 72.76333774664464, 65.14709824782152, 78.67594733605019, 66.12412726573454, 68.7539206284743, 62.37838715773363, 39.878683774899216, 41.117074526273285, 38.29902492425381, 48.5191403902494, 58.14664420103416, 44.06358963403947, 59.7197746863732, 63.00385289314465, 42.408355223826874, 46.64458485138722, 57.728278380173904, 57.286305989974586, 68.43118110069862, 50.57079667311449, 49.459405556703224, 55.88701678545047, 47.50735214429024, 75.14109200697679, 42.028780325865135, 83.51516958383414, 69.11695719987918, 59.67590151077662, 59.75027808164939, 53.23218037531926, 52.571957123585236, 50.75395755278758, 68.5996087881235, 60.68733254457131, 62.127860436072716, 77.96720573229668, 37.27475939041529, 33.473419042734, 68.63100731678499, 64.6819453117175, 87.84581971779848, 21.59753215007293, 44.9712466215476, 40.11136857057229, 60.73794100834773, 74.56526100941194, 62.15481542929625, 64.81206551576273, 58.13263570345365, 55.68196952037322, 51.88769404093424, 53.30882908747746, 25.053775151570637, 67.74629465738933, 68.19449987166968, 32.69585719475379, 50.329025170741936, 59.07361201750926, 65.33890870901254, 50.43401331779285, 36.24282470116248, 51.58425917992225, 74.9416876572829, 57.77082154689691, 47.29943754734137, 65.4085754492344, 34.394982191232536, 50.2219473031851, 54.058399298252205, 62.391965670463364, 49.144027123084435, 37.77779334630721, 42.50247471149151, 80.24544437115009, 46.130744689550156, 67.14555799044095, 62.58008922674717, 61.2737538264348, 75.93772032322028, 62.93808320852426, 32.587720626439804, 65.80213101704915, 54.98659329536633, 54.5660289862217, 47.925299864548904, 63.82328801277356, 67.19273141714243, 71.41041745894995, 38.31880452082707, 57.48328037751027, 43.445408063057144], "test_losses": [2.3022368321051965, 1173080392148.92, 67.16300641573392, 69.20779487414238, 41.386373715522964, 46.3265514862843, 52.05683986957256, 76.13001657143617, 65.57325773972731, 76.52143302330605, 72.39977215497922, 64.202697460468, 79.17113328591371, 66.40219228695601, 69.35187398470364, 63.58209800720215, 39.58890611697466, 41.411762041923325, 38.20427385965983, 48.61067678989508, 57.50725452716534, 44.397220073602135, 59.2371100401267, 61.64769568810096, 42.3915765224359, 46.75798034667969, 57.481344369741585, 57.105763997787086, 68.39975024492313, 50.05728046710674, 48.824342776567505, 56.40243637867463, 47.35629399617513, 76.03241333594688, 41.47343667348226, 83.6833249605619, 69.58801553188226, 60.39754769740961, 58.22436611468975, 52.86058019980406, 52.464050977658005, 50.73792178814228, 69.24786078624236, 60.07961214505709, 61.58866491073217, 76.80323322002704, 37.22739562010154, 32.780580569536255, 68.98617583054762, 64.37033946697528, 88.13331232315454, 21.68234013288449, 45.647766895783256, 40.235824095897186, 59.934479640080376, 74.96357991145207, 62.20549485622308, 64.47345337500938, 58.36236166342711, 54.885661736512795, 51.49230438623673, 53.223568060459236, 24.744846710791954, 67.06924076569386, 67.67159080505371, 32.7024899996244, 49.81512279999562, 59.22311283991887, 65.47231253599509, 50.2231090252216, 36.71094212165246, 51.45322256821852, 75.61034867702386, 57.66370822221805, 47.29799818381285, 66.54361270024226, 34.56442510164701, 49.75133524185572, 54.74800413082807, 62.95526377360026, 48.78649090497922, 37.94273136823605, 42.25817729265262, 79.31975956452199, 46.17702635740623, 67.18346336560371, 61.917972075633514, 61.174379935631386, 75.60587961245805, 63.83659416589982, 32.8875397168673, 66.05144769717485, 54.999087407038765, 55.06448867993477, 47.777894142346504, 64.1427905253875, 67.44419440245017, 72.15813309107071, 37.72771045489189, 57.16105823027782, 43.64454176487067], "train_accuracies": [0.10817307692307693, 0.09865785256410256, 0.09825721153846154, 0.09695512820512821, 0.09905849358974358, 0.10657051282051282, 0.09915865384615384, 0.09665464743589744, 0.09865785256410256, 0.09565304487179487, 0.10266426282051282, 0.09785657051282051, 0.09415064102564102, 0.09845753205128205, 0.10166266025641026, 0.10396634615384616, 0.09915865384615384, 0.10236378205128205, 0.09885817307692307, 0.10326522435897435, 0.10576923076923077, 0.09955929487179487, 0.10256410256410256, 0.09425080128205128, 0.10046073717948718, 0.10256410256410256, 0.0985576923076923, 0.1024639423076923, 0.1015625, 0.09815705128205128, 0.10917467948717949, 0.10036057692307693, 0.09875801282051282, 0.10086137820512821, 0.09955929487179487, 0.09865785256410256, 0.10406650641025642, 0.09885817307692307, 0.09655448717948718, 0.10286458333333333, 0.10446714743589744, 0.09515224358974358, 0.10096153846153846, 0.10166266025641026, 0.10006009615384616, 0.09695512820512821, 0.10036057692307693, 0.10086137820512821, 0.10296474358974358, 0.09835737179487179, 0.10046073717948718, 0.10186298076923077, 0.10196314102564102, 0.10406650641025642, 0.09735576923076923, 0.10376602564102565, 0.09645432692307693, 0.10096153846153846, 0.09685496794871795, 0.09555288461538461, 0.09745592948717949, 0.09625400641025642, 0.09565304487179487, 0.0953525641025641, 0.10146233974358974, 0.09715544871794872, 0.10076121794871795, 0.10076121794871795, 0.09865785256410256, 0.09955929487179487, 0.10116185897435898, 0.10346554487179487, 0.09815705128205128, 0.09745592948717949, 0.09875801282051282, 0.10616987179487179, 0.09865785256410256, 0.09695512820512821, 0.10136217948717949, 0.1015625, 0.1006610576923077, 0.10366586538461539, 0.10046073717948718, 0.09785657051282051, 0.10226362179487179, 0.10226362179487179, 0.09715544871794872, 0.10046073717948718, 0.09905849358974358, 0.10516826923076923, 0.10697115384615384, 0.10416666666666667, 0.10236378205128205, 0.10556891025641026, 0.09785657051282051, 0.10046073717948718, 0.10306490384615384, 0.10226362179487179, 0.09865785256410256, 0.09685496794871795, 0.09845753205128205],