{"testproblem": "fmnist_mlp", "batch_size": 128, "num_epochs": 100, "random_seed": 42, "weight_decay": null, "optimizer_hyperparams": {"lr": 0.25118864315095824}, "train_losses": [2.3021158377329507, 11.27030820112962, 2.3105703378335023, 2.3108219030575876, 2.3126146487700634, 2.3145253658294678, 2.31959238419166, 2.3201926243610873, 2.3118922343620887, 2.3284523150859733, 2.312795055218232, 2.320557334484198, 2.320486839000995, 2.3245061299739738, 2.317934375542861, 2.318712164194156, 2.3226108092528124, 2.30898563678448, 2.319642825004382, 2.322753988779508, 2.311520759875958, 2.309349396289923, 2.3121598897836146, 2.312589474213429, 2.320166600056184, 2.319356163342794, 2.3137505451838174, 2.3138665602757382, 2.3218635228964, 2.3305074190482116, 2.3098457746016674, 2.319655247223683, 2.327058400863256, 2.3126518451250515, 2.3213146221943393, 2.326070962808071, 2.3184285286145334, 2.319538510762728, 2.3148828408656974, 2.3211163710325193, 2.3159646132053475, 2.3110284285667615, 2.3148680252906604, 2.33121408866002, 2.326573139581925, 2.3127210323627176, 2.3077631302368946, 2.31553438382271, 2.3053019107916417, 2.31227956368373, 2.3216341856198435, 2.3082075852614183, 2.304701805114746, 2.3150399709359193, 2.3186706610215015, 2.3204127641824575, 2.3169101690634704, 2.3124534900371847, 2.308223155828623, 2.3091594928350205, 2.307003155732766, 2.316462587087582, 2.324113280345232, 2.3103941128804135, 2.3145266282252774, 2.3182399486884093, 2.3171527691376514, 2.312351401035602, 2.3243772372221336, 2.310769891127562, 2.319996769611652, 2.3116304752154226, 2.306715176655696, 2.3144624538910694, 2.3122003353559055, 2.3146690863829393, 2.3217686781516442, 2.310303272345127, 2.312676258576222, 2.316990072910602, 2.317015167994377, 2.3218256724186435, 2.3066080472408195, 2.3161188455728383, 2.320024704321837, 2.33313721876878, 2.311238487561544, 2.3251429215455666, 2.3214869376940603, 2.3074511900926247, 2.3157488871843386, 2.315594440851456, 2.309072855191353, 2.312244231884296, 2.323515555797479, 2.312654580825414, 2.3066295843857985, 2.305197162505908, 2.309835207767976, 2.312300367233081, 2.317247830904447], "test_losses": [2.3022368321051965, 11.90812730177855, 2.3160445384490185, 2.3155428568522134, 2.3162815968195596, 2.3208716863240952, 2.32441840110681, 2.3246423311722584, 2.3156539782499657, 2.33165212166615, 2.3175120567664123, 2.3231981625923743, 2.326170028784336, 2.3272004219201894, 2.323199207966144, 2.3200812553748107, 2.3257064880468907, 2.312707152122106, 2.3217706771997304, 2.326340947395716, 2.3144829028692, 2.3143876668734427, 2.315421706590897, 2.315280394676404, 2.325490560287084, 2.322319846886855, 2.320022002244607, 2.318164877402477, 2.3282126096578746, 2.3335504837525196, 2.31720546575693, 2.3252792816895704, 2.331831898444738, 2.317662862630991, 2.3231594623663487, 2.3327618837356567, 2.3229533219948792, 2.3239608452870297, 2.318863266553634, 2.3268438699917917, 2.321222831041385, 2.3166400836064267, 2.3196928470562668, 2.334778999670958, 2.329314968524835, 2.3173430118805323, 2.3115028723692284, 2.3206773843520727, 2.3109516638975878, 2.31899242523389, 2.3232396168586535, 2.3136759537916918, 2.309798934520819, 2.318913600383661, 2.323939574070466, 2.3241863953761563, 2.3218500247368445, 2.320066815767533, 2.3137990755912585, 2.3143311127638206, 2.311475169964326, 2.317902445793152, 2.325860692904546, 2.31534577638675, 2.3195172303762193, 2.3235387221360817, 2.319036942261916, 2.318473803691375, 2.3257626509055114, 2.3150691863818045, 2.322085392780793, 2.3159779585324802, 2.3106413774001293, 2.3199401115759826, 2.316977213590573, 2.3221403849430575, 2.3259625893372755, 2.3146863870131664, 2.3153579051678, 2.319613517859043, 2.322625511731857, 2.3285929331412683, 2.3107269605000815, 2.3206409491025486, 2.323461101605342, 2.336630044839321, 2.316329460877639, 2.330729365348816, 2.325512565099276, 2.3134938386770396, 2.32137821882199, 2.321020875221644, 2.313144867236798, 2.3153194066805716, 2.3267984115160427, 2.3172982197541456, 2.312272493655865, 2.311149630791102, 2.315167961976467, 2.3179673170432067, 2.320335485996344], "train_accuracies": [0.10817307692307693, 0.09885817307692307, 0.1045673076923077, 0.10056089743589744, 0.10326522435897435, 0.10256410256410256, 0.10006009615384616, 0.09975961538461539, 0.09975961538461539, 0.09895833333333333, 0.10346554487179487, 0.10006009615384616, 0.09615384615384616, 0.09845753205128205, 0.10166266025641026, 0.09425080128205128, 0.09915865384615384, 0.10056089743589744, 0.09765625, 0.0992588141025641, 0.09715544871794872, 0.0992588141025641, 0.09915865384615384, 0.1024639423076923, 0.10126201923076923, 0.09745592948717949, 0.10196314102564102, 0.09725560897435898, 0.10416666666666667, 0.09985977564102565, 0.09905849358974358, 0.10036057692307693, 0.10096153846153846, 0.1015625, 0.09955929487179487, 0.09745592948717949, 0.0985576923076923, 0.09885817307692307, 0.09505208333333333, 0.09965945512820513, 0.09775641025641026, 0.10116185897435898, 0.10126201923076923, 0.09785657051282051, 0.1015625, 0.10106169871794872, 0.10196314102564102, 0.10036057692307693, 0.10346554487179487, 0.1024639423076923, 0.09725560897435898, 0.10306490384615384, 0.10647035256410256, 0.09985977564102565, 0.0967548076923077, 0.09865785256410256, 0.10036057692307693, 0.10256410256410256, 0.10186298076923077, 0.10076121794871795, 0.09725560897435898, 0.09725560897435898, 0.10076121794871795, 0.09735576923076923, 0.10356570512820513, 0.09715544871794872, 0.10056089743589744, 0.0985576923076923, 0.09715544871794872, 0.10276442307692307, 0.09555288461538461, 0.09935897435897435, 0.10046073717948718, 0.09985977564102565, 0.09775641025641026, 0.10616987179487179, 0.09735576923076923, 0.10096153846153846, 0.09885817307692307, 0.1015625, 0.09885817307692307, 0.10366586538461539, 0.09595352564102565, 0.09785657051282051, 0.09935897435897435, 0.09955929487179487, 0.10206330128205128, 0.10046073717948718, 0.09815705128205128, 0.10516826923076923, 0.10206330128205128, 0.10126201923076923, 0.09575320512820513, 0.09955929487179487, 0.09815705128205128, 0.10306490384615384, 0.09985977564102565, 0.10296474358974358, 0.1031650641025641, 0.1031650641025641, 0.09845753205128205],