{"train_losses": [353.9337594168527, 350.60070364815846, 347.29679216657365, 344.02199009486606, 340.7781459263393, 337.56666782924106, 334.3884800502232, 331.24403163364957, 328.133553641183, 325.0569981166295, 322.01428658621654, 319.0052010672433, 316.02953665597096, 313.08704049246654, 310.17745535714283, 307.3004935128348, 304.4558628627232, 301.64329310825894, 298.8625270298549, 296.11327689034596, 293.39527675083707, 290.70823451450894, 288.05189732142856, 285.4259774344308, 282.8302481515067, 280.26441737583707, 277.7282191685268, 275.2214050292969, 272.74368722098217, 270.2948434012277, 267.8745901925223, 265.48267691476, 263.11885942731584, 260.78289576939176, 258.4745091029576, 256.19348580496654, 253.9395468575614, 251.71245465959822, 249.5119912283761, 247.33788190569197, 245.18993486676897, 243.067866734096, 240.9714573451451, 238.90046909877233, 236.85469709123885, 234.83387320382255, 232.83776637486048, 230.8661847795759, 228.9188733782087, 226.99561636788505, 225.09618486676897, 223.2203608921596, 221.36791774204798, 219.53865923200334, 217.73233250209265, 215.948734828404, 214.18766348702567, 212.44889177594865, 210.73221261160714, 209.03741019112724, 207.3642839704241, 205.71260724748885, 204.0822012765067, 202.4728524344308, 200.8843514578683, 199.3165065220424, 197.76910400390625, 196.241947719029, 194.7348393031529, 193.24759347098214, 191.7799813406808, 190.33183942522322, 188.90296936035156, 187.49317060198103, 186.1022665841239, 184.7300545828683, 183.37635149274553, 182.0409676688058, 180.7237287248884, 179.4244341169085, 178.14292689732142, 176.87901306152344, 175.63248988560267, 174.40320914132255, 173.19097246442522, 171.99562508719308, 170.81698172433036, 169.65484401157923, 168.50907461983817, 167.37948172433036, 166.26590183803015, 165.16814749581474, 164.08606610979353, 163.01949855259485, 161.96826825823103, 160.9322030203683, 159.91115025111608, 158.90494210379464, 157.91342163085938, 156.93641226632255, 155.97377232142858], "test_losses": [353.44676426478793, 350.14017595563615, 346.8627232142857, 343.6142098563058, 340.3965366908482, 337.21107264927457, 334.0587724958147, 330.9400634765625, 327.8551330566406, 324.80398995535717, 321.78650338309154, 318.80247715541293, 315.8517107282366, 312.93392508370533, 310.0488804408482, 307.19627162388394, 304.37584141322543, 301.5872715541295, 298.83033534458707, 296.104736328125, 293.41021728515625, 290.7464861188616, 288.1132594517299, 285.5102844238281, 282.9373081752232, 280.39406040736606, 277.8802751813616, 275.3957039969308, 272.9400329589844, 270.5130637032645, 268.11449105399, 265.7440948486328, 263.401620047433, 261.0868181501116, 258.7994362967355, 256.5392107282366, 254.30590602329798, 252.0992911202567, 249.9191175188337, 247.76512581961495, 245.63711983816964, 243.53482273646765, 241.45801871163505, 239.40646144321985, 237.3799591064453, 235.3782239641462, 233.40105983189173, 231.4482421875, 229.51952907017298, 227.61470685686385, 225.73355320521765, 223.87583705357142, 222.04135131835938, 220.22987365722656, 218.44117736816406, 216.6750749860491, 214.9313201904297, 213.20970589773995, 211.5100381033761, 209.8321031842913, 208.1756875174386, 206.54056876046317, 204.92657034737724, 203.33347865513392, 201.76109749930245, 200.209224155971, 198.67764500209265, 197.16617257254464, 195.67461722237724, 194.20275660923548, 192.7504141671317, 191.31740243094308, 189.90351213727678, 188.50856454031808, 187.13237653459822, 185.7747519356864, 184.4354989188058, 183.1144278390067, 181.81138392857142, 180.52615356445312, 179.25858415876115, 178.00846426827567, 176.77563258579798, 175.55990164620536, 174.36110360281808, 173.17905752999442, 172.0135999407087, 170.86453465053015, 169.7317156110491, 168.61495317731584, 167.51409258161272, 166.4289311000279, 165.35933358328683, 164.30513436453683, 163.26615469796317, 162.2422354561942, 161.23322187151228, 160.23892647879464, 159.25921848842077, 158.29391043526786, 157.34286499023438], "minibatch_train_losses": [369.72540283203125, 362.1752624511719, 360.23126220703125, 351.2666320800781, 360.59686279296875, 335.7957763671875, 327.85076904296875, 366.30938720703125, 358.7691345214844, 356.89678955078125, 347.9661865234375, 357.21826171875, 332.5940246582031, 324.64678955078125, 362.922607421875, 355.3930358886719, 353.59014892578125, 344.6935119628906, 353.86761474609375, 329.4205322265625, 321.4713439941406, 359.56500244140625, 352.046630859375, 350.3131408691406, 341.45086669921875, 350.54718017578125, 326.2774658203125, 318.32647705078125, 356.2386169433594, 348.7315673828125, 347.0674133300781, 338.2398681640625, 347.258544921875, 323.16632080078125, 315.21368408203125, 352.94488525390625, 345.4491271972656, 343.85418701171875, 335.0617980957031, 344.0028076171875, 320.088134765625, 312.13397216796875, 349.68475341796875, 342.2001953125, 340.67425537109375, 331.917236328125, 340.7806701660156, 317.04345703125, 309.08770751953125, 346.4587707519531, 338.98516845703125, 337.5279541015625, 328.80657958984375, 337.59246826171875, 314.03253173828125, 306.0751953125, 343.26708984375, 335.8043212890625, 334.41546630859375, 325.72991943359375, 334.43817138671875, 311.0553894042969, 303.096435546875, 340.10968017578125, 332.6575622558594, 331.336669921875, 322.6872253417969, 331.31781005859375, 308.1119384765625, 300.1512756347656, 336.98651123046875, 329.5447998046875, 328.29150390625, 319.6783447265625, 328.23114013671875, 305.20196533203125, 297.2395324707031, 333.8973388671875, 326.4659423828125, 325.2796936035156, 316.7030334472656, 325.1780090332031, 302.32525634765625, 294.3609619140625, 330.84197998046875, 323.4206237792969, 322.3010559082031, 313.7610778808594, 322.1581726074219, 299.4815673828125, 291.51531982421875, 327.82012939453125, 320.4087219238281, 319.3553466796875, 310.8521728515625, 319.1714172363281, 296.670654296875, 288.70233154296875, 324.8315734863281, 317.42999267578125, 316.44232177734375, 307.9761962890625, 316.2174072265625, 293.8922119140625, 285.92169189453125, 321.8759765625, 314.48406982421875, 313.5616455078125, 305.1326904296875, 313.29595947265625, 291.1458740234375, 283.173095703125, 318.95306396484375, 311.57080078125, 310.7130432128906, 302.3214416503906, 310.40667724609375, 288.4315185546875, 280.456298828125, 316.06256103515625, 308.6898193359375, 307.89630126953125, 299.542236328125, 307.5494079589844, 285.74871826171875, 277.7710266113281, 313.2042236328125, 305.8409423828125, 305.1111145019531, 296.794677734375, 304.72381591796875, 283.0972900390625, 275.116943359375, 310.377685546875, 303.02386474609375, 302.35723876953125, 294.07861328125, 301.9296875, 280.4769287109375, 272.4937744140625, 307.582763671875, 300.23834228515625, 299.6343078613281, 291.3937072753906, 299.1666564941406, 277.8873291015625, 269.9012756347656, 304.819091796875, 297.48406982421875, 296.9421691894531, 288.7397155761719, 296.4345397949219, 275.3282165527344, 267.339111328125, 302.0865173339844, 294.7608337402344, 294.28045654296875, 286.1163024902344, 293.7330322265625, 272.79931640625, 264.80706787109375, 299.3846130371094, 292.068359375, 291.64898681640625, 283.5233154296875, 291.06195068359375, 270.3004150390625, 262.3048400878906, 296.7132263183594, 289.4063720703125, 289.04742431640625, 280.9603271484375, 288.4208984375, 267.8311767578125, 259.8321533203125, 294.07208251953125, 286.7746276855469, 286.4756164550781, 278.42724609375, 285.8097839355469, 265.391357421875, 257.3887634277344, 291.46087646484375, 284.1728515625, 283.9332275390625, 275.9237365722656, 283.22821044921875, 262.980712890625, 254.9744110107422, 288.8793029785156, 281.600830078125, 281.41998291015625, 273.44952392578125, 280.67596435546875, 260.59893798828125, 252.58877563476562, 286.3271789550781, 279.05828857421875, 278.93560791015625, 271.00433349609375, 278.1528015136719, 258.24578857421875, 250.23162841796875, 283.8042297363281, 276.5449523925781, 276.47991943359375, 268.5879211425781, 275.6584777832031, 255.9209442138672, 