{"testproblem": "mnist_mlp", "batch_size": 128, "num_epochs": 100, "random_seed": 42, "weight_decay": null, "optimizer_hyperparams": {"lr": 0.025118864315095822}, "train_losses": [2.3034798334806394, 0.21783346033249146, 0.222595398242657, 0.3252308691541354, 0.1624356827292687, 0.19795813296849912, 0.18852622969410357, 0.1622295988102754, 0.14361402970284987, 0.1644569988338611, 0.126893501681013, 0.16684000065120366, 0.1518347001133057, 0.16922921104690966, 0.16807230604955783, 0.13694380641652223, 0.1536291508624951, 0.12660603418659705, 0.12193172118172814, 0.15194200141689715, 0.13747490909046087, 0.13256817986854377, 0.1920635864043083, 0.19162291063903233, 0.17307051056279585, 0.14952581624190012, 0.15688319186656138, 0.14198069207561323, 0.1290055842926869, 0.14897980956503978, 0.12596594943450048, 0.12280017526772542, 0.11107104789847747, 0.3641655033406539, 0.1561835010846456, 0.16308356544528252, 0.21670991621720484, 0.14435823022937164, 0.1630139354711924, 0.12439720526051062, 0.1531576459797529, 0.258474144893579, 0.1896301689915932, 0.13978382183286625, 0.16285319454394853, 0.11325713602873759, 0.14543668252344316, 0.16483820769458246, 0.11114437584407054, 0.09607924812306197, 0.11630133871371165, 0.161679335607168, 0.14367258878281483, 0.15674198523927957, 0.1651191743902671, 0.1411073774767992, 0.28006386909729397, 0.17845828644931316, 0.24396236546528646, 0.26875645332993603, 0.21728310437920767, 0.21265957067505672, 0.22573353655827352, 0.32244402012572837, 0.20506957053947142, 0.1703165229409933, 0.18711009449683702, 1.2616724142661462, 0.5048789041928756, 0.5348657621787145, 0.5153207989075245, 0.4926595389842987, 0.49540585164840406, 0.5733843346436819, 0.3732331849825688, 0.35729634628081935, 0.3974855385529689, 0.5315424043398637, 0.5282458666807566, 0.5452499099266834, 0.534502122264642, 0.5528092510425128, 0.5546507525902528, 0.5321552837506319, 0.5323111208585593, 0.57061346524801, 0.5039642414985559, 0.5064245573221109, 0.4797402452199887, 0.6948010260478045, 0.5136372492863581, 0.6941347481348575, 0.4607830666578733, 0.7671175660231174, 0.6817063291867574, 0.8223733336497576, 0.7944235641222733, 0.7730002250426855, 0.7004333100257776, 0.7672446767489115, 1.1306535326517546], "test_losses": [2.3034419279832106, 0.23918912335275075, 0.25626500667287755, 0.3439727497693056, 0.22934004456664508, 0.22901382345037583, 0.25190729946375656, 0.22727862184341902, 0.2182672705549078, 0.24363495495456916, 0.21062825283465478, 0.2596876510681632, 0.22721880910774836, 0.2195067727842774, 0.21606799145826164, 0.2576086129157398, 0.21822639447278702, 0.24574268695253593, 0.21574572103623396, 0.2286613640638116, 0.21652171498116773, 0.2148854648694396, 0.26887169224807084, 0.33691669279375136, 0.2830501376197506, 0.25274495290926635, 0.28200138751895, 0.273722250539905, 0.21554673317437753, 0.27831792592620236, 0.23723140886674324, 0.24962981204048562, 0.22574007780983663, 0.4930227423230043, 0.3261405785735219, 0.325064318612791, 0.34553311225504446, 0.3728711422628317, 0.3226829470636753, 0.49301382930328447, 0.2658641881858691, 0.4277889167603392, 0.3612332790851211, 0.36187478565634823, 0.3032917338781632, 0.25055599016829944, 0.38298251169423264, 0.36859076004475355, 0.2804670649795578, 0.326872441619157, 0.3153439967487103, 0.34159060400456953, 0.41313340111325186, 0.39590406002333534, 0.4135049483619439, 0.426331581070255, 0.5072562117607166, 0.3812430009054832, 0.6327373644766899, 0.4060094755333968, 0.44943141497862643, 0.4766535364712278, 0.40750918718866813, 0.5633567553013563, 0.3725682590395594, 0.35299957438539237, 0.417881994197766, 1.4094706796682799, 0.6963213277168763, 0.8054403620652664, 0.7441969422193674, 0.762840422682273, 0.6614312223899059, 0.7050361717358614, 0.6004669058781403, 0.6237624142414484, 0.6561872615264013, 0.771175592373579, 0.6541422116450775, 0.8700331113277338, 0.8496101999130005, 0.7632447676016734, 0.8040331689975201, 0.800898701716692, 0.681226019675915, 0.8666761830831186, 0.8448131244916183, 0.7222677992704587, 0.7064474278535599, 0.8518481204907099, 0.6603960880102255, 0.9000035474697748, 0.6878256110044626, 1.007534500115957, 0.9142923450622803, 1.0174788595774236, 1.06714305969385, 1.087547249518908, 0.9709371775388718, 0.9509889326798611, 1.3983301734312987], "train_accuracies": [0.08543669871794872, 0.9417067307692307, 0.9379006410256411, 0.9161658653846154, 0.9610376602564102, 0.948417467948718, 0.9571314102564102, 0.9585336538461539, 0.9631410256410257, 0.9635416666666666, 0.9697516025641025, 0.9595352564102564, 0.9627403846153846, 0.9596354166666666, 0.9560296474358975, 0.9674479166666666, 0.9630408653846154, 0.9677483974358975, 0.9690504807692307, 0.9641426282051282, 0.9649439102564102, 0.9657451923076923, 0.9506209935897436, 0.9586338141025641, 0.9532251602564102, 0.964042467948718, 0.9670472756410257, 0.9635416666666666, 0.9655448717948718, 0.9607371794871795, 0.9692508012820513, 0.9688501602564102, 0.9707532051282052, 0.9373998397435898, 0.9678485576923077, 0.952323717948718, 0.9454126602564102, 0.9629407051282052, 0.9613381410256411, 0.9670472756410257, 0.9571314102564102, 0.9323918269230769, 0.9529246794871795, 0.9636418269230769, 0.9573317307692307, 0.9674479166666666, 0.9631410256410257, 0.9567307692307693, 0.9650440705128205, 0.9728565705128205, 0.9649439102564102, 0.9465144230769231, 0.9665464743589743, 0.9564302884615384, 0.9621394230769231, 0.9582331730769231, 0.9354967948717948, 0.9488181089743589, 0.9477163461538461, 0.9099559294871795, 0.9494190705128205, 0.9574318910256411, 0.9419070512820513, 0.9318910256410257, 0.9429086538461539, 0.9479166666666666, 0.9522235576923077, 0.6458333333333334, 0.7596153846153846, 0.7515024038461539, 0.7546073717948718, 0.760917467948718, 0.7548076923076923, 0.7880608974358975, 0.8550681089743589, 0.8669871794871795, 0.8603766025641025, 0.7646233974358975, 0.7700320512820513, 0.7647235576923077, 0.7597155448717948, 0.7627203525641025, 0.765625, 0.7713341346153846, 0.7591145833333334, 0.7655248397435898, 0.7728365384615384, 0.7669270833333334, 0.7598157051282052, 0.7247596153846154, 0.7663261217948718, 0.7550080128205128, 0.7700320512820513, 0.6699719551282052, 0.672676282051282, 0.672676282051282, 0.6691706730769231, 0.6740785256410257, 0.69140625, 0.6777844551282052, 0.5979567307692307],