{"train_losses": [353.9337594168527, 150.9190913609096, 113.81021118164062, 106.16938127790179, 104.17491912841797, 103.37027086530414, 102.84867422921317, 102.40726688929966, 101.99593353271484, 101.60095105852399, 101.21810150146484, 100.8458731515067, 100.48355320521763, 100.13072749546596, 99.78706686837333, 99.45228903634208, 99.12613133021763, 98.808351789202, 98.4987062726702, 98.1969724382673, 97.90292358398438, 97.61634717668805, 97.33702632359096, 97.06476702008929, 96.79937526157924, 96.5406515938895, 96.28841291155133, 96.04248046875, 95.8026853288923, 95.56884874616351, 95.34081268310547, 95.11841365269252, 94.90149797712054, 94.68991415841239, 94.48352377755302, 94.28217424665179, 94.08573259626117, 93.89406476702008, 93.70704323904855, 93.52453940255302, 93.34642682756696, 93.17259761265346, 93.002927507673, 92.8373053414481, 92.67562430245536, 92.5177721296038, 92.36365727015904, 92.21317727225167, 92.06622750418526, 91.92271423339844, 91.78256116594586, 91.64566040039062, 91.51193673270089, 91.38130296979632, 91.25367627825055, 91.1289803641183, 91.00714002336774, 90.88807569231305, 90.77171434674945, 90.65798950195312, 90.54683358328683, 90.43817465645927, 90.33194623674665, 90.22809709821429, 90.12655421665737, 90.02726527622768, 89.93016815185547, 89.83520834786552, 89.7423324584961, 89.65148380824498, 89.56261117117745, 89.47566986083984, 89.39061083112445, 89.30737958635602, 89.22593470982143, 89.14622824532645, 89.06821986607143, 88.99186597551618, 88.91712951660156, 88.84396253313336, 88.77232905796596, 88.70219421386719, 88.6335198538644, 88.56626565115792, 88.50040435791016, 88.43589237758091, 88.37270028250558, 88.31080627441406, 88.25016348702567, 88.19075775146484, 88.13253784179688, 88.07549503871373, 88.01959446498326, 87.96479906354632, 87.91110011509487, 87.85845620291573, 87.80685533796039, 87.75626482282367, 87.70665740966797, 87.65801892961774, 87.61032213483539], "test_losses": [353.44676426478793, 152.30365644182478, 115.85029602050781, 108.43380955287388, 106.51388767787388, 105.733400617327, 105.21991947719029, 104.78204999651227, 104.37322998046875, 103.98072487967355, 103.60050201416016, 103.23102351597377, 102.87152535574776, 102.52154323032924, 102.18072182791573, 101.84876578194755, 101.52540043422154, 101.2103772844587, 100.90345546177456, 100.60440608433315, 100.31300462995257, 100.02903420584542, 99.75228990827289, 99.48257337297711, 99.2196786063058, 98.96342141287667, 98.713620867048, 98.47008405412946, 98.23264748709542, 98.00114113943917, 97.77540588378906, 97.55526951381138, 97.34058925083706, 97.13121250697544, 96.92698887416294, 96.72777775355748, 96.53345053536552, 96.34386662074498, 96.15888977050781, 95.97841208321708, 95.8022951398577, 95.63042776925224, 95.46269771030971, 95.29898616245815, 95.13919285365513, 94.98319789341518, 94.83091953822544, 94.68224225725446, 94.53707340785435, 94.39532143729073, 94.25689370291573, 94.1217041015625, 93.98966108049665, 93.86068725585938, 93.73469870431083, 93.6116191319057, 93.49136461530414, 93.37386648995536, 93.2590560913086, 93.14685603550502, 93.03720201764789, 92.93002755301339, 92.82526288713727, 92.7228524344308, 92.62273188999721, 92.52484348842076, 92.4291272844587, 92.33553096226284, 92.24399784633091, 92.15447235107422, 92.06691196986607, 91.98125675746373, 91.897463117327, 91.81548636300224, 91.73527308872768, 91.6567862374442, 91.5799800327846, 91.50480542864118, 91.43123626708984, 91.35922241210938, 91.2887213570731, 91.21970585414341, 91.15213230678013, 91.08596692766461, 91.02117810930524, 90.95772552490234, 90.89557865687779, 90.83471134730748, 90.77508326939174, 90.71667044503349, 90.65944235665458, 90.6033695765904, 90.54842376708984, 90.4945798601423, 90.44181060791016, 90.3900865827288, 90.33938925606864, 90.28969138009208, 90.240966796875, 90.19319697788784, 90.14635467529297], "minibatch_train_losses": [369.72540283203125, 305.7850341796875, 261.53204345703125, 222.07614135742188, 201.39645385742188, 169.5100555419922, 147.5490264892578, 159.86648559570312, 143.0704345703125, 137.26478576660156, 128.0669403076172, 122.4972915649414, 116.57222747802734, 105.00736999511719, 119.55238342285156, 112.12657165527344, 113.95658874511719, 111.01701354980469, 106.54301452636719, 107.58831787109375, 97.24720001220703, 110.40068054199219, 105.3287582397461, 108.96969604492188, 107.594970703125, 102.60975646972656, 105.95248413085938, 95.538818359375, 107.68791198730469, 103.39372253417969, 107.57103729248047, 106.6730728149414, 101.25382995605469, 105.47746276855469, 94.90318298339844, 106.53829193115234, 102.5606918334961, 106.9358901977539, 106.20805358886719, 100.5405502319336, 105.13540649414062, 94.45864868164062, 105.84919738769531, 102.01557922363281, 106.47766876220703, 105.81787109375, 100.02046203613281, 104.78013610839844, 94.0509033203125, 105.3255844116211, 101.56051635742188, 106.06573486328125, 105.4360122680664, 99.57269287109375, 104.40682220458984, 93.65533447265625, 104.87348937988281, 101.141357421875, 105.66998291015625, 105.0553207397461, 99.15931701660156, 104.02619171142578, 93.26919555664062, 104.45816040039062, 100.74153137207031, 105.28384399414062, 104.6781234741211, 98.76653289794922, 103.6461181640625, 92.89265441894531, 104.06515502929688, 100.35531616210938, 104.90628814697266, 104.30691528320312, 98.38858795166016, 103.27096557617188, 92.52581024169922, 103.68790435791016, 99.98046112060547, 104.53738403320312, 103.94325256347656, 98.02273559570312, 102.90296936035156, 92.16856384277344, 103.32318115234375, 99.61589813232422, 104.17727661132812, 103.587890625, 97.66755676269531, 102.54310607910156, 91.82069396972656, 102.96931457519531, 99.26103210449219, 103.82603454589844, 103.24113464355469, 97.32221221923828, 102.19178771972656, 91.48194885253906, 102.62532043457031, 98.91543579101562, 103.48357391357422, 102.90299987792969, 96.98612976074219, 101.8490982055664, 91.15203857421875, 102.29057312011719, 98.57878112792969, 103.1497802734375, 102.57344055175781, 96.65888977050781, 101.51498413085938, 90.83070373535156, 101.96464538574219, 98.25077819824219, 102.82444763183594, 102.25225830078125, 96.34019470214844, 101.18927001953125, 90.51770782470703, 101.64720153808594, 97.93116760253906, 102.50739288330078, 101.93927001953125, 96.02973937988281, 100.87178802490234, 90.21282196044922, 101.33795166015625, 97.61970520019531, 102.19841003417969, 101.63426971435547, 95.727294921875, 100.56233215332031, 89.915771484375, 101.03663635253906, 97.31615447998047, 101.89726257324219, 101.33705139160156, 95.43260192871094, 100.26069641113281, 89.62637329101562, 100.74301147460938, 97.02030181884766, 101.60374450683594, 101.04740905761719, 95.14543914794922, 99.9666519165039, 89.34439086914062, 100.45689392089844, 96.73191833496094, 101.31767272949219, 100.76510620117188, 94.86560821533203, 99.68000793457031, 89.06962585449219, 100.17800903320312, 96.45079040527344, 101.03880310058594, 100.4899673461914, 94.5928726196289, 99.40055847167969, 88.80187225341797, 99.90619659423828, 96.17672729492188, 100.7669677734375, 100.22178649902344, 94.32706451416016, 99.12809753417969, 88.54093170166016, 99.6412582397461, 95.90951538085938, 100.50194549560547, 99.96035766601562, 94.06797790527344, 98.86245727539062, 88.28662109375, 99.38298034667969, 95.64898681640625, 100.24356079101562, 99.70552062988281, 93.8154296875, 98.60340881347656, 88.03874969482422, 99.13117980957031, 95.39495849609375, 99.99163818359375, 99.45706939697266, 93.5692138671875, 98.35079956054688, 87.79713439941406, 98.88569641113281, 95.147216796875, 99.7459716796875, 99.21482849121094, 93.32918548583984, 98.10443878173828, 87.56159973144531, 98.6463394165039, 94.9056396484375, 99.50642395019531, 98.9786376953125, 93.09516143798828, 97.86416625976562, 87.33198547363281, 98.41294860839844, 94.67001342773438, 99.2728042602539, 98.74832153320312, 92.86697387695312, 97.62981414794922, 87.10813903808594, 98.18534851074219, 94.44017028808594, 99.04495239257812, 