{"testproblem": "mnist_mlp", "batch_size": 128, "num_epochs": 100, "random_seed": 51, "weight_decay": null, "optimizer_name": "Adam", "optimizer_hyperparams": {"lr": 0.000630957344480193}, "train_losses": [2.3024097161415296, 0.12137377734940785, 0.07790456700305907, 0.04665714051001347, 0.03168494170770431, 0.028905093574371092, 0.022079960658000067, 0.01909604389220476, 0.011597175413790422, 0.010384794157475997, 0.0070442284146944685, 0.01793587527787074, 0.007942578122497369, 0.007999261626257347, 0.007081462046465812, 0.005164538772824483, 0.019256554830532808, 0.004687293169972224, 0.03342837068992548, 0.007764975158258891, 0.0021844699453466977, 0.008663121085518446, 0.0071454623188727945, 0.001741355714889673, 0.003740326620829411, 0.0011872057683574848, 0.014942924718921766, 0.003942067937877698, 0.005760809776779168, 0.0028033322200943264, 0.0009530143907819039, 0.005068503750058321, 0.0021394727369531607, 0.0006308072748092505, 0.0012239481871708846, 0.005217197948159316, 0.0046075948585684486, 0.0019734719147284827, 0.00047397174132175936, 0.0013735106764122462, 0.0004163555180033048, 0.002807638416878688, 0.0020324434034335306, 0.0016258746290054077, 0.0011371300579645694, 0.001877646654462203, 0.0024446908575602067, 0.003748651999884691, 0.020039057932220973, 0.000491200134349175, 0.00225562850634257, 0.0012506253730792266, 0.002113130325690294, 0.0005115029903558585, 0.0005806635898084212, 0.0012360711414844561, 0.003077645451785662, 0.005045043986636954, 0.002862508743046186, 0.0019509916265423482, 0.0005083663675647515, 2.368453603524428e-05, 8.803147536057692e-06, 3.2006452480951944e-06, 1.1196407752159314e-06, 6.272338139705169e-07, 3.721469487899389e-07, 3.031335580043304e-07, 1.71697674653469e-07, 1.0550213165772267e-07, 7.469684649736453e-08, 5.697783751365466e-08, 3.822004565825829e-08, 4.073939262292324e-08, 5.593905464196816e-08, 2.574271116501246e-08, 2.3927826147813064e-08, 7.569980927002735e-09, 6.793878781489837e-09, 4.346172014872233e-09, 4.489452410966922e-09, 2.435766733609713e-09, 3.426789473264645e-09, 2.722327525799091e-09, 1.4566840269626715e-09, 7.64162112505008e-10, 7.402820464892265e-10, 5.373014853550837e-10, 4.895413533235208e-10, 2.1492059414203352e-10, 1.194003300789075e-10, 3.5820099023672253e-10, 1.0746029707101676e-10, 0.0, 4.7760132031563e-11, 1.194003300789075e-10, 0.0, 1.194003300789075e-11, 1.194003300789075e-11, 0.05454191874014214, 0.0012198017719082343], "test_losses": [2.30233341608292, 0.13134698963795716, 0.09506422245445159, 0.0775520460298046, 0.06992599747788447, 0.06754508644390182, 0.07696760304940817, 0.07314542236809547, 0.06904778495813027, 0.07670218110657655, 0.082480538994647, 0.09100309396401429, 0.08355718774673267, 0.08088369257986927, 0.08638270784360476, 0.09098689678387764, 0.09660342978074765, 0.08138074377217354, 0.11152017462807588, 0.09334680746094538, 0.08840412956972916, 0.09153135794286545, 0.090820257516148, 0.0812334748199926, 0.08189205524439995, 0.08669078483795509, 0.10059035359284817, 0.09275949622193973, 0.09496442546160558, 0.07792206583783412, 0.08421435826816238, 0.10882502779937707, 0.09370688473184903, 0.08365198332243241, 0.08700135343063337, 0.10058371092264469, 0.10654782915774447, 0.09060608250542711, 0.08314550659643152, 0.09665442750048943, 0.09431637999100181, 0.08799135171545622, 0.08974455932203011, 0.09318645639965932, 0.09072371436736713, 0.08852912079638396, 0.09189664885306205, 0.10142888626656853, 0.12212709645525767, 0.08519178232512413, 0.08848602040551412, 0.08774896515294528, 0.11606400916114068, 0.09005058477990903, 0.10641010507989006, 0.10546933632726088, 0.10639337804884864, 0.12415213118761013, 0.1099743842601012, 0.10392708326570499, 0.08740832164692573, 0.0916871207837875, 0.09515202348717512, 0.10135827719783172, 0.111598891683687, 0.11997512255150539, 0.12745744718286472, 0.13407940056939155, 0.13929452477261806, 0.14463953647571495, 0.14844286976716456, 0.1528256161329456, 0.15638745141526064, 0.15941121087719998, 0.16773867896065497, 0.16185301910035121, 0.1644818902684328, 0.1676736870685067, 0.1707417040537947, 0.1735735848928109, 0.17655802083512148, 0.178866469898285, 0.18126558615133548, 0.18397441898018885, 0.18670233599363995, 0.18759099257966647, 0.19043274727673867, 0.1923875054344535, 0.1934483284369493, 0.19570708513641968, 0.19712840039760637, 0.1997687629161355, 0.20068242823561797, 0.20289304457270566, 0.20531723788605097, 0.20795430927552308, 0.20974550274415657, 0.2141062571452214, 0.2158131545696121, 0.37815304874227595, 0.09448556719013514], "train_accuracies": [0.11017628205128205, 0.9647435897435898, 0.9760616987179487, 0.9858774038461539, 0.9903846153846154, 0.9904847756410257, 0.992988782051282, 0.9938902243589743, 0.9957932692307693, 0.9969951923076923, 0.9976963141025641, 0.9937900641025641, 0.9972956730769231, 0.9971955128205128, 0.9972956730769231, 0.9985977564102564, 0.9946915064102564, 0.9984975961538461, 0.9919871794871795, 0.9978966346153846, 0.9992988782051282, 0.9970953525641025, 0.9981971153846154, 0.9992988782051282, 0.9992988782051282, 0.9995993589743589, 0.99609375, 0.9981971153846154, 0.9980969551282052, 0.9995993589743589, 0.9997996794871795, 0.9982972756410257, 0.9992988782051282, 0.9997996794871795, 0.9995993589743589, 0.9985977564102564, 0.9985977564102564, 0.9994991987179487, 0.9997996794871795, 0.9995993589743589, 0.9997996794871795, 0.9986979166666666, 0.9993990384615384, 0.9995993589743589, 0.9995993589743589, 0.9993990384615384, 0.9992988782051282, 0.9988982371794872, 0.9950921474358975, 0.9996995192307693, 0.9993990384615384, 0.9996995192307693, 0.999198717948718, 0.9997996794871795, 0.9996995192307693, 0.9996995192307693, 0.9992988782051282, 0.9989983974358975, 0.9992988782051282, 0.9992988782051282, 0.9998998397435898, 1.0, 1.0, 1.0, 1.0, 1.0, 1.0, 1.0, 1.0, 1.0, 1.0, 1.0, 1.0, 1.0, 1.0, 1.0, 1.0, 1.0, 1.0, 1.0, 1.0, 1.0, 1.0, 1.0, 1.0, 1.0, 1.0, 1.0, 1.0, 1.0, 1.0, 1.0, 1.0, 1.0, 1.0, 1.0, 1.0, 1.0, 1.0, 0.9940905448717948, 0.9995993589743589],