{"testproblem": "mnist_mlp", "batch_size": 128, "num_epochs": 100, "random_seed": 45, "weight_decay": null, "optimizer_name": "Adam", "optimizer_hyperparams": {"lr": 0.000630957344480193}, "train_losses": [2.3030852262790384, 0.12932077757059, 0.07527577931968829, 0.05210741726347269, 0.024602078701345585, 0.023275052077877216, 0.014822675989797482, 0.019346880010114267, 0.011044347885614023, 0.012534538069023536, 0.006921566903400116, 0.009385426301891223, 0.017718589554230373, 0.008900372765194148, 0.005520104812696958, 0.005370896214093917, 0.004754935462887471, 0.00926840828301815, 0.004738912129631409, 0.008039015607956128, 0.016191340170991726, 0.007230254582678661, 0.010870382428551331, 0.007428743494435763, 0.005098292460808387, 0.007500527784801447, 0.0031058389263657425, 0.03526563557963341, 0.003378271961059326, 0.002890211971810995, 0.0015149647608781473, 5.200342872203925e-05, 1.705542970926334e-05, 1.099218542759235e-05, 4.68006309790489e-06, 2.5957154157834175e-06, 1.1930958582804753e-06, 1.1062201781150623e-06, 6.950054413233048e-07, 4.1446242576990374e-07, 3.7037982390477106e-07, 8.914786844681471e-07, 0.004511617756902407, 0.002820804309195433, 0.002700000786437438, 0.009033673777221104, 0.0024387283393969904, 0.010042616500495335, 0.0009564439503428263, 0.002825274585913389, 0.002592772555847963, 0.007009073757590392, 0.010597458037619408, 0.0036808383674957813, 0.012948429916436091, 0.001150177469333777, 6.92509019222015e-05, 5.202033580877842e-06, 4.380750350463085e-06, 2.3442583206372383e-06, 1.4192878435819578e-06, 1.121646700761257e-06, 5.770379152053441e-07, 5.362030023183578e-07, 3.121602229582958e-07, 2.6740897924472125e-07, 2.105266619951297e-07, 1.4748328771346655e-07, 1.2298233998127472e-07, 8.401007224351932e-08, 4.365276067684858e-08, 4.279307830028045e-08, 3.620218007992475e-08, 3.3527612686157227e-08, 2.60770320892334e-08, 1.958165413294083e-08, 1.0602749311006987e-08, 9.838587198501978e-09, 8.883384557870718e-09, 5.540175315661308e-09, 3.247688978146284e-09, 1.958165413294083e-09, 1.4328039609468901e-09, 1.528324225010016e-09, 1.7193647531362681e-09, 1.1343031357496212e-09, 1.194003300789075e-10, 2.38800660157815e-10, 3.104408582051595e-10, 1.91040528126252e-10, 1.194003300789075e-11, 1.671604621104705e-10, 0.0, 2.38800660157815e-11, 3.582009902367225e-11, 1.194003300789075e-10, 4.7760132031563e-11, 1.194003300789075e-11, 8.358023105523525e-11, 0.0025722987185686063, 0.0011140658305241512], "test_losses": [2.3029779256918492, 0.14433508184857857, 0.10488581738601892, 0.0795154920182167, 0.07252820270756881, 0.07662631299060124, 0.0670404982729218, 0.08059606237862355, 0.07585198567129481, 0.08058162933836381, 0.07602592314092013, 0.08362715598195791, 0.09598145302003011, 0.08597952578789912, 0.08388603213601388, 0.0897907166956709, 0.08564218502634993, 0.09992280549918994, 0.08550976503353852, 0.09403286771609998, 0.10855130607692096, 0.09889339040726042, 0.11528422738401553, 0.10625865542067167, 0.12991603802985105, 0.11051601536858541, 0.10300627911988741, 0.13514287385325402, 0.10064502881887631, 0.08471395708142947, 0.08731019234236999, 0.08689453089848542, 0.0891321246774915, 0.0934643900165191, 0.10126431257678913, 0.10828594989979114, 0.11380800022146641, 0.11734139821372735, 0.12121060944329469, 0.12442473682742088, 0.12703584975157028, 0.1294849674957685, 0.08103521371212526, 0.09081127439649442, 0.09070340061608033, 0.10240123889003044, 0.09785816677583334, 0.1162846359448173, 0.1050843380105037, 0.11815849837297812, 0.1071548648417378, 0.11124555404799488, 0.11595670722472744, 0.11064427904187678, 0.11066616602385274, 0.09396403175420485, 0.09808336882493816, 0.11000248715759088, 0.11146515474105492, 0.11521363707307057, 0.1188025331029143, 0.12252580049710396, 0.12618417257013229, 0.1297310570207162, 0.13322072344808242, 0.13678305794317752, 0.14030434222271046, 0.14367170524425232, 0.1468781008838843, 0.14982987887775287, 0.1529234647989655, 0.15612269622775224, 0.1589110992036951, 0.16204048081850395, 0.16501233798380083, 0.16792497342118087, 0.17048168466545832, 0.17343338552671364, 0.17558859035563776, 0.17819856522748104, 0.18081278971229225, 0.1832380378857637, 0.1851996252169976, 0.1870533084998337, 0.18886003194329065, 0.19047323146309608, 0.19236091437200323, 0.1940555066610567, 0.19586886373611215, 0.19760718236032587, 0.20001201600564691, 0.20232758096132714, 0.2044533069144027, 0.20659010868686706, 0.20884325694425618, 0.21132130509851357, 0.2142066688826069, 0.21600673840200613, 0.22004678785257661, 0.1040451577745187, 0.10130198579281569], "train_accuracies": [0.09204727564102565, 0.9614383012820513, 0.9769631410256411, 0.9850761217948718, 0.9925881410256411, 0.9926883012820513, 0.9962940705128205, 0.9938902243589743, 0.99609375, 0.99609375, 0.9972956730769231, 0.9967948717948718, 0.9935897435897436, 0.9973958333333334, 0.9982972756410257, 0.9981971153846154, 0.9983974358974359, 0.9976963141025641, 0.9979967948717948, 0.9975961538461539, 0.9961939102564102, 0.9974959935897436, 0.9965945512820513, 0.9978966346153846, 0.9980969551282052, 0.9980969551282052, 0.9989983974358975, 0.9921875, 0.9988982371794872, 0.9990985576923077, 0.9994991987179487, 1.0, 1.0, 1.0, 1.0, 1.0, 1.0, 1.0, 1.0, 1.0, 1.0, 1.0, 0.9987980769230769, 0.9989983974358975, 0.9992988782051282, 0.9973958333333334, 0.9992988782051282, 0.9970953525641025, 0.9997996794871795, 0.9988982371794872, 0.9994991987179487, 0.9971955128205128, 0.9978966346153846, 0.9990985576923077, 0.9970953525641025, 0.9996995192307693, 1.0, 1.0, 1.0, 1.0, 1.0, 1.0, 1.0, 1.0, 1.0, 1.0, 1.0, 1.0, 1.0, 1.0, 1.0, 1.0, 1.0, 1.0, 1.0, 1.0, 1.0, 1.0, 1.0, 1.0, 1.0, 1.0, 1.0, 1.0, 1.0, 1.0, 1.0, 1.0, 1.0, 1.0, 1.0, 1.0, 1.0, 1.0, 1.0, 1.0, 1.0, 1.0, 1.0, 0.9993990384615384, 0.9994991987179487], "test_accuracies": [0.09805689102564102, 0.9554286858974359, 0.9674479166666666, 0.9752604166666666, 0.9778645833333334, 0.9772636217948718, 0.9805689102564102, 0.9777644230769231, 0.981270032051282, 0.9802684294871795, 0.9810697115384616, 0.9802684294871795, 0.9785657051282052, 0.981270032051282, 0.9824719551282052, 0.9810697115384616, 0.9816706730769231, 0.9788661858974359, 0.9830729166666666, 0.9806690705128205, 0.9793669871794872, 0.9814703525641025, 0.9775641025641025, 0.979667467948718, 0.9795673076923077, 0.9799679487179487, 0.9816706730769231, 0.9793669871794872, 0.9823717948717948, 0.9833733974358975, 0.9855769230769231, 0.9859775641025641, 0.9861778846153846, 0.9860777243589743, 0.9859775641025641, 0.9856770833333334, 0.9857772435897436, 0.9858774038461539, 0.9856770833333334, 0.9853766025641025, 0.9855769230769231, 0.9856770833333334, 0.9827724358974359, 0.9816706730769231, 0.9827724358974359, 0.9789663461538461, 0.9820713141025641, 0.9811698717948718, 0.9831730769230769, 0.9822716346153846, 0.9825721153846154, 0.9820713141025641, 0.9832732371794872, 0.9839743589743589, 0.9816706730769231, 0.9853766025641025, 0.9848758012820513, 0.9858774038461539, 0.9858774038461539, 0.9856770833333334, 0.9856770833333334, 0.9856770833333334, 0.9856770833333334, 0.9854767628205128, 0.9854767628205128, 0.9854767628205128, 0.9855769230769231, 0.9855769230769231, 0.9855769230769231, 0.9855769230769231, 0.9855769230769231, 0.9856770833333334, 0.9856770833333334, 0.9857772435897436, 0.9856770833333334, 0.9858774038461539, 0.9857772435897436, 0.9857772435897436, 0.9856770833333334, 0.9856770833333334, 0.9856770833333334, 0.9856770833333334, 0.9856770833333334, 0.9856770833333334, 0.9855769230769231, 0.9857772435897436, 0.9858774038461539, 0.9854767628205128, 0.9857772435897436, 0.9857772435897436, 0.9855769230769231, 0.9855769230769231, 0.9859775641025641, 0.9858774038461539, 0.9857772435897436, 0.9859775641025641, 0.9857772435897436, 0.9859775641025641, 0.9862780448717948, 0.9819711538461539, 0.9833733974358975], "analyzable_training_params": {"lr_sched_epochs": null, "lr_sched_factors": null}}