{"testproblem": "mnist_mlp", "batch_size": 128, "num_epochs": 100, "random_seed": 44, "weight_decay": null, "optimizer_name": "Adam", "optimizer_hyperparams": {"lr": 0.000630957344480193}, "train_losses": [2.301740973423689, 0.1305784926009484, 0.07603222800370975, 0.05429241402695576, 0.032342700669780754, 0.027786881925585944, 0.015811326985175792, 0.013056116966673961, 0.014904569571790023, 0.008884385753518496, 0.015871933195739985, 0.012593904378800055, 0.006235382376381984, 0.00753506595412126, 0.01790081159187815, 0.007747732675992525, 0.004208201470856483, 0.0066133110712354, 0.006015508817747617, 0.010256950050974503, 0.030100092041091278, 0.01561215078123869, 0.0024515010941869174, 0.002353584728179834, 0.010437875317457395, 0.001645462921796701, 0.006143157585309102, 0.005099370932349792, 0.0014097156146397958, 0.020087740658663023, 0.0018668414977116461, 0.0019064337874834354, 0.0017972577315492507, 0.0014527439593504637, 0.012553026290753713, 0.005030382687273698, 0.0021765369874162553, 0.005898250816151118, 0.0039556226573693445, 0.003535969570900003, 0.003281297377095773, 0.018834992240254696, 0.0013210898599563502, 0.00024263763752503274, 6.50241779975402e-05, 0.004177374478716116, 0.0014507255922907437, 0.0013130281168298845, 0.012413976785655204, 0.0020647616340563847, 0.0010894291484967256, 0.008739603337091513, 0.001639650967449714, 0.0034904832330842814, 0.0014185621283757382, 0.0012792140627518678, 0.000406818321117988, 0.00269949514991962, 0.003021582555121336, 0.0033133856785029937, 0.00013922279079755148, 4.3121859049185725e-05, 1.322950881261092e-05, 2.8925446363595815e-06, 1.0542571544647217e-06, 5.547339335466042e-07, 4.0710736543704303e-07, 3.154079119364421e-07, 1.0535885126162798e-07, 9.676202749594664e-08, 8.654135924119215e-08, 5.673903685349684e-08, 4.6231807806552986e-08, 5.043469942533053e-08, 0.010594200390653733, 0.002743434984810077, 0.0010441898678739865, 0.004071732290471211, 0.0018985918663346614, 0.0014703346368594046, 1.5257642819331242e-05, 0.03568615826467673, 0.001803684490135847, 0.006954647218569731, 0.003802313529050503, 0.00012139245294607602, 6.125050668533031e-05, 1.0426180102886297e-05, 4.975029673331823e-06, 5.03788200708536e-06, 2.711103894771674e-06, 2.1758083349619155e-06, 1.5701621006696653e-06, 8.870489322222196e-07, 6.505885185339512e-07, 4.001343861604348e-07, 3.400521400647286e-07, 2.7691324551900226e-07, 1.6735150263859674e-07, 1.1801528624999217e-07, 1.055976519217858e-07], "test_losses": [2.301934132209191, 0.13837581870552057, 0.10157030352797264, 0.08280377314449885, 0.06835329845452155, 0.07365487610252622, 0.06511086949075644, 0.07437997048672958, 0.07424743103388792, 0.07038292761605519, 0.08878655280344762, 0.0841590179464756, 0.08354252629364148, 0.08057989562169099, 0.10725623997262655, 0.08643334415048742, 0.08043430310984452, 0.0943873031064868, 0.09481023552899177, 0.09508722987121497, 0.13235318763420367, 0.09440926159135042, 0.08380339416460349, 0.0788634228042494, 0.10504788482704988, 0.08064479189805496, 0.09776237322829473, 0.10439739923160045, 0.0978571814365494, 0.1279499595746016, 0.0936032296038973, 0.08335349505814986, 0.0816062530502677, 0.08009200368840726, 0.10543871587381148, 0.09997048231367117, 0.09531505432170935, 0.10191710004344201, 0.08784802242492636, 0.09398363370639391, 0.09134507250900452, 0.12245001493451688, 0.08181211736817391, 0.08945727692200588, 0.08637568589825279, 0.11306788693540372, 0.09276735589194757, 0.09337398077910528, 0.10807751314953351, 0.0864730105520441, 0.08657406054389401, 0.10773328230835688, 0.09803350355762702, 0.09538150566797225, 0.1027431809104597, 0.08939101339246218, 0.09714504006581429, 0.10113128107518722, 0.11282606075446193, 0.11555179294485313, 0.08919640228104515, 0.08785788419966896, 0.09193755141817607, 0.09959333178658898, 0.10916644638069929, 0.11753309162285848, 0.12370648686415874, 0.12815965411181635, 0.13401628378778696, 0.13678034180058882, 0.1420830281642385, 0.1468202045235114, 0.1494858591363598, 0.1513958886409035, 0.10749560783211237, 0.10285467656854635, 0.10330041752268489, 0.10318481252313806, 0.10593987257482532, 0.1062674204317423, 0.10433459269981353, 0.17272484501919302, 0.10851882521110849, 0.11340570901162349, 0.11348331754263012, 0.09560093908116986, 0.09505141259003909, 0.09662749691126056, 0.09831021979260139, 0.09996486796687047, 0.10167977765489083, 0.10370659061635916, 0.10596440732479095, 0.10855886953858992, 0.11130216507575451, 0.11413424901473217, 0.11720378745872623, 0.12028719571968302, 0.12325579437833184, 0.12607012790603897, 0.12895857194104257], "train_accuracies": [0.13291266025641027, 0.9607371794871795, 0.9778645833333334, 0.9825721153846154, 0.9912860576923077, 0.9908854166666666, 0.9950921474358975, 0.9958934294871795, 0.9942908653846154, 0.9971955128205128, 0.9938902243589743, 0.9954927884615384, 0.9982972756410257, 0.9971955128205128, 0.9941907051282052, 0.9969951923076923, 0.9984975961538461, 0.9977964743589743, 0.9978966346153846, 0.9967948717948718, 0.9903846153846154, 0.9955929487179487, 0.9993990384615384, 0.9996995192307693, 0.9970953525641025, 0.9993990384615384, 0.9986979166666666, 0.9984975961538461, 0.9995993589743589, 0.9947916666666666, 0.9995993589743589, 0.9994991987179487, 0.9993990384615384, 0.9992988782051282, 0.9963942307692307, 0.9986979166666666, 0.9995993589743589, 0.9985977564102564, 0.999198717948718, 0.9988982371794872, 0.9989983974358975, 0.9938902243589743, 0.9992988782051282, 0.9998998397435898, 1.0, 0.9985977564102564, 0.9993990384615384, 0.9994991987179487, 0.9972956730769231, 0.9993990384615384, 0.9994991987179487, 0.9978966346153846, 0.9995993589743589, 0.9987980769230769, 0.9995993589743589, 0.9992988782051282, 1.0, 0.9992988782051282, 0.9995993589743589, 0.9990985576923077, 1.0, 1.0, 1.0, 1.0, 1.0, 1.0, 1.0, 1.0, 1.0, 1.0, 1.0, 1.0, 1.0, 1.0, 0.9966947115384616, 0.999198717948718, 0.9996995192307693, 0.9989983974358975, 0.9993990384615384, 0.9994991987179487, 1.0, 0.9923878205128205, 0.9993990384615384, 0.9986979166666666, 0.9990985576923077, 1.0, 1.0, 1.0, 1.0, 1.0, 1.0, 1.0, 1.0, 1.0, 1.0, 1.0, 1.0, 1.0, 1.0, 1.0, 1.0],