{"testproblem": "mnist_mlp", "batch_size": 128, "num_epochs": 100, "random_seed": 50, "weight_decay": null, "optimizer_name": "Adam", "optimizer_hyperparams": {"lr": 0.000630957344480193}, "train_losses": [2.302283152555808, 0.1291314808604045, 0.08481325221080811, 0.0441579390078401, 0.03405051205593806, 0.022411553607059594, 0.02394050257041668, 0.023887126634900387, 0.012886399474854652, 0.017755809025122568, 0.015457588749436231, 0.01167258060274598, 0.009783295054848377, 0.0044187334103462025, 0.0075040122565741725, 0.004815663115527385, 0.006506237798394301, 0.007733131854388959, 0.002584343179105184, 0.0023371527114739786, 0.0018273000486004048, 0.005029675192557848, 0.010803011843027214, 0.005280161371979958, 0.005689391030524022, 0.006493923708032339, 0.003875829446583222, 0.0034008007496595383, 0.0026326942950105057, 0.010151785081968857, 0.003567997831851244, 0.0028338386939886287, 0.0008958132985310677, 0.006110933728707142, 0.012734926090790676, 0.0007017993439848607, 0.003712714052735231, 0.0029090817492359723, 0.002027703114809134, 0.0025714876082463143, 0.0008304311822240169, 0.006856100759110772, 0.00525815805229239, 0.0039605436225732165, 0.002545749792494835, 0.00026044719971907447, 0.0005189381563701691, 0.002047369399896035, 0.005659476830027042, 0.008249188641993662, 0.0005377979041674199, 2.932309722289061e-05, 1.074951619673998e-05, 4.586118918198806e-06, 2.842730818650661e-06, 1.3295943156266824e-06, 5.353910800738213e-07, 3.38476055707687e-07, 1.6486797577295548e-07, 1.0870206050383739e-07, 9.77172301365779e-08, 5.21540641784668e-08, 3.582009902367225e-08, 3.582009902367225e-08, 2.86560792189378e-08, 2.4262147072034004e-08, 2.961128185956906e-08, 1.2226593800080128e-08, 8.549063633649777e-09, 8.59682376568134e-09, 1.0316188518817608e-08, 4.083491288698637e-09, 4.967053731282552e-09, 4.561092609014267e-09, 2.149205941420335e-09, 2.149205941420335e-09, 1.385043828915327e-09, 9.790827066470416e-10, 6.20881716410319e-10, 3.82081056252504e-10, 1.91040528126252e-10, 9.671426736391508e-10, 4.7760132031563e-11, 0.0, 0.0, 5.970016503945375e-11, 0.025142427259244215, 0.007340131363329979, 0.002509274734900548, 0.0005842344835400581, 4.374971374487265e-06, 1.295971182676462e-06, 8.9225478661366e-07, 3.9980006523621387e-07, 2.992172271777422e-07, 2.4247819032424536e-07, 1.7623488719646747e-07, 9.46128215545263e-08, 9.122185218028533e-08, 9.408746010217911e-08, 4.7043730051089554e-08], "test_losses": [2.302510848412147, 0.13674212817866832, 0.10410931329123485, 0.07924293733846682, 0.06903238155138798, 0.07714915046325097, 0.07711261458312854, 0.0765556656421186, 0.07625499382041968, 0.08607919521343249, 0.08620465401177987, 0.0793948941744673, 0.08429667501686475, 0.0739763530735404, 0.08132911989322075, 0.07514607445456278, 0.0757922933030969, 0.09898029664197029, 0.08564114348533061, 0.08293953246604173, 0.08574567842655458, 0.08715855729025908, 0.11086234603172694, 0.09703635517507792, 0.08649463282945828, 0.09154709653021434, 0.10371340893638822, 0.08065583353909926, 0.0895011009505162, 0.11804345257293719, 0.07674123962911275, 0.08672699914910854, 0.08997187450623666, 0.09546089778916958, 0.10493120677673663, 0.0772552687006119, 0.08852970858032887, 0.08727730655421813, 0.08436052037928349, 0.09030713940946719, 0.0783317268658907, 0.09538406241112031, 0.09887400599053273, 0.10211856892475715, 0.09247883540602067, 0.08472577451417844, 0.08890138525897875, 0.09795561611938935, 0.10252596935830437, 0.10553887073332682, 0.0909470076051851, 0.08405091119213746, 0.08717968720847215, 0.09058346601728445, 0.09484580911409396, 0.10093798383306234, 0.11178282478776498, 0.12160764300288299, 0.12840681828749487, 0.13410810462366313, 0.13730959493953449, 0.14082161552057817, 0.1437699026786364, 0.14651691856292579, 0.14879274420822278, 0.1518379429785105, 0.15502189080684614, 0.15640557282723677, 0.1591641942086892, 0.160666121265445, 0.16155064141807648, 0.1644004693087668, 0.16587784993820465, 0.16663280703748265, 0.16897445720118973, 0.1693224366634893, 0.1708513269893443, 0.17277970416948962, 0.17274198957527867, 0.1737857638486625, 0.17522898085045222, 0.17456301977523628, 0.17824373034855875, 0.1787472942005246, 0.17928505266228548, 0.18062936320590475, 0.13093046735351285, 0.10158804615434164, 0.1006439545024664, 0.10255041324461882, 0.11459601068725953, 0.1251393465611797, 0.13288467902785692, 0.1397079843072555, 0.1456971179980498, 0.15128964006614226, 0.1556192706936063, 0.16005735443188593, 0.16410642967392236, 0.1681864853375233, 0.17151493404824764], "train_accuracies": [0.10396634615384616, 0.9613381410256411, 0.9736578525641025, 0.9861778846153846, 0.9897836538461539, 0.9940905448717948, 0.9925881410256411, 0.9918870192307693, 0.9956931089743589, 0.9938902243589743, 0.9946915064102564, 0.99609375, 0.9966947115384616, 0.9986979166666666, 0.9975961538461539, 0.9979967948717948, 0.9978966346153846, 0.9975961538461539, 0.9990985576923077, 0.9993990384615384, 0.9994991987179487, 0.9987980769230769, 0.9963942307692307, 0.9980969551282052, 0.9979967948717948, 0.9976963141025641, 0.9986979166666666, 0.9987980769230769, 0.9990985576923077, 0.9966947115384616, 0.999198717948718, 0.9990985576923077, 0.9994991987179487, 0.9983974358974359, 0.9961939102564102, 0.9997996794871795, 0.9993990384615384, 0.9990985576923077, 0.999198717948718, 0.9992988782051282, 0.9996995192307693, 0.9985977564102564, 0.9988982371794872, 0.9992988782051282, 0.9989983974358975, 1.0, 0.9997996794871795, 0.9993990384615384, 0.9982972756410257, 0.9980969551282052, 0.9998998397435898, 1.0, 1.0, 1.0, 1.0, 1.0, 1.0, 1.0, 1.0, 1.0, 1.0, 1.0, 1.0, 1.0, 1.0, 1.0, 1.0, 1.0, 1.0, 1.0, 1.0, 1.0, 1.0, 1.0, 1.0, 1.0, 1.0, 1.0, 1.0, 1.0, 1.0, 1.0, 1.0, 1.0, 1.0, 1.0, 0.9937900641025641, 0.9979967948717948, 0.999198717948718, 0.9997996794871795, 1.0, 1.0, 1.0, 1.0, 1.0, 1.0, 1.0, 1.0, 1.0, 1.0, 1.0], "test_accuracies": [0.09955929487179487, 0.9598357371794872, 0.9654447115384616, 0.9752604166666666, 0.9780649038461539, 0.9775641025641025, 0.9782652243589743, 0.9772636217948718, 0.9787660256410257, 0.9775641025641025, 0.9781650641025641, 0.9807692307692307, 0.9802684294871795, 0.9826722756410257, 0.9815705128205128, 0.9820713141025641, 0.9828725961538461, 0.9795673076923077, 0.9826722756410257, 0.9829727564102564, 0.9817708333333334, 0.9829727564102564, 0.9788661858974359, 0.9811698717948718, 0.9810697115384616, 0.981270032051282, 0.9807692307692307, 0.9826722756410257, 0.9831730769230769, 0.9789663461538461, 0.983573717948718, 0.9829727564102564, 0.9841746794871795, 0.9826722756410257, 0.9808693910256411, 0.9857772435897436, 0.9848758012820513, 0.9842748397435898, 0.9841746794871795, 0.9828725961538461, 0.9854767628205128, 0.9838741987179487, 0.9821714743589743, 0.9828725961538461, 0.9834735576923077, 0.9859775641025641, 0.9847756410256411, 0.9811698717948718, 0.9821714743589743, 0.9819711538461539, 0.9836738782051282, 0.9853766025641025, 0.9854767628205128, 0.9853766025641025, 0.9854767628205128, 0.9857772435897436, 0.9854767628205128, 0.9856770833333334, 0.9852764423076923, 0.985176282051282, 0.9852764423076923, 0.985176282051282, 0.9850761217948718, 0.9850761217948718, 0.9852764423076923, 0.985176282051282, 0.985176282051282, 0.9852764423076923, 0.985176282051282, 0.985176282051282, 0.9849759615384616, 0.9852764423076923, 0.9852764423076923, 0.9852764423076923, 0.9852764423076923, 0.9854767628205128, 0.9852764423076923, 0.9853766025641025, 0.9853766025641025, 0.9855769230769231, 0.9855769230769231, 0.9852764423076923, 0.9856770833333334, 0.9857772435897436, 0.9858774038461539, 0.9856770833333334, 0.9769631410256411, 0.9824719551282052, 0.9839743589743589, 0.9840745192307693, 0.9854767628205128, 0.9853766025641025, 0.9855769230769231, 0.9854767628205128, 0.9854767628205128, 0.9855769230769231, 0.9854767628205128, 0.9853766025641025, 0.9852764423076923, 0.9852764423076923, 0.9852764423076923], "analyzable_training_params": {"lr_sched_epochs": null, "lr_sched_factors": null}}