{"testproblem": "mnist_mlp", "batch_size": 128, "num_epochs": 100, "random_seed": 46, "weight_decay": null, "optimizer_name": "Adam", "optimizer_hyperparams": {"lr": 0.000630957344480193}, "train_losses": [2.302543493417593, 0.1373162254309043, 0.08042294665788993, 0.04106844768214684, 0.03706980823801878, 0.030533530653860323, 0.023914917419927243, 0.013976957744512802, 0.01576521438665879, 0.010294058790000586, 0.012799888932838654, 0.007515516872398364, 0.013532566360365123, 0.01017087836487171, 0.006618247367441654, 0.003376836160150094, 0.006891147687267034, 0.007715629055522955, 0.0037629860333907297, 0.003753040344096147, 0.0010168513951775355, 0.0070503031214078265, 0.002202903660826194, 0.010007629588914987, 0.003528387429049382, 0.009811149217570439, 0.005046959297779279, 0.00615069876687649, 0.003319899921711439, 0.007323377968695683, 0.0008878858568958747, 0.004905586990599449, 0.0095275293987913, 0.00338226083952647, 0.0007233956876473549, 0.0014612499194649549, 0.002480300668722544, 0.0006051907459130654, 0.0005419615847177994, 0.0012095024665960898, 0.007372077363423812, 0.0011747488513206823, 5.7073095096991615e-05, 0.004553703818088159, 0.0026093820253243814, 0.00026530586183071136, 0.0017044900271754998, 0.00014128980155174548, 0.00030519044361053367, 0.0013869143783664091, 0.0004225784005262913, 0.0024901616434829356, 0.005824003093995345, 0.004351601601602175, 0.0028899053875834513, 0.0018175251734180327, 0.001156824497649303, 0.0006696758672403983, 0.007011679777254661, 0.0026399259670422627, 0.003126055670854373, 0.0007449966401625902, 0.000858229728272328, 0.0013479102307405227, 1.092188251324189e-05, 6.826021350347079e-06, 3.268751196372203e-06, 2.249406698422554e-06, 1.5058769629551814e-06, 1.0458513712271665e-06, 5.937539614163912e-07, 3.2290625266539746e-07, 2.0116567611694336e-07, 1.5990092204167291e-07, 1.3559101483760736e-07, 9.375313917795817e-08, 6.380753639416817e-08, 4.188563579168075e-08, 4.95750170487624e-08, 2.6506873277517464e-08, 2.182638033842429e-08, 2.0059255453256462e-08, 1.635784522081033e-08, 1.1820632677811842e-08, 5.4924151836297454e-09, 5.755095909803342e-09, 5.110334127377241e-09, 4.107371354714418e-09, 2.674567393767528e-09, 1.8865252152467384e-09, 1.3492237298916547e-09, 1.3253436638758733e-09, 1.0746029707101674e-09, 7.522220794971173e-10, 3.5820099023672253e-10, 4.4178122129195774e-10, 2.0298056113414276e-10, 2.2686062714992425e-10, 1.3134036308679825e-10, 8.358023105523525e-11, 8.358023105523525e-11], "test_losses": [2.3024891890012302, 0.1420761882685698, 0.10807735291429055, 0.06973091035317151, 0.07505551589509615, 0.07399476337461518, 0.07932060443533537, 0.0681617042909448, 0.07077103731437372, 0.07743041422695686, 0.08927624606981109, 0.0796314792182201, 0.09053683600937709, 0.09273425561304276, 0.08124470708366388, 0.08647325453467858, 0.09724813272269109, 0.08707891872678047, 0.08487489783706573, 0.09534829379751897, 0.08149851340418443, 0.0994819567944759, 0.09318973916845444, 0.09561928275686044, 0.09836530968403587, 0.10376128050474784, 0.08266480200183697, 0.0961854506092958, 0.10462384346203926, 0.10083555871955095, 0.0932928979731141, 0.10116868067341737, 0.11438354625342748, 0.09848756216561948, 0.09705259409756997, 0.08741236291825771, 0.09505608258768916, 0.0988133923174479, 0.0986095653154338, 0.09154218824532552, 0.09069959883793043, 0.09541804529726505, 0.09410257085871238, 0.1062757827532597, 0.08385332019474262, 0.08566664405262624, 0.09612951308297805, 0.08487163780209346, 0.0865230475170299, 0.08956689397111917, 0.09512622925476769, 0.10506197313467662, 0.10267086796319255, 0.10265501213665956, 0.10905709670474514, 0.09614197377306528, 0.1042415370257237, 0.10152490438224795, 0.11112602108802933, 0.08863850328354882, 0.09836595361001599, 0.09981494051858018, 0.09605193508263582, 0.09066982887303218, 0.09296236430796292, 0.0961846361677043, 0.09868446380520861, 0.10163666125243673, 0.10511324286031035, 0.10872246855153488, 0.11203190659244473, 0.11528040026911558, 0.11829736092103979, 0.12136153177692531, 0.12396665644617035, 0.12677631217938584, 0.1293846341715648, 0.13185781492696455, 0.13404597774392757, 0.13626886173211133, 0.1383454716967371, 0.14054850179057282, 0.14249621794965023, 0.1447255675239154, 0.14646643695111075, 0.14864339956936115, 0.15035118051589683, 0.15220166041324726, 0.15376984517131811, 0.15546389618434775, 0.15706244367174804, 0.15857061729109725, 0.16009214944773328, 0.1615351757976989, 0.16321233805651084, 0.16467549222915506, 0.16610496833275717, 0.16753772371567976, 0.1692024090951189, 0.17090424567532653, 0.17243643888445476], "train_accuracies": [0.10977564102564102, 0.9591346153846154, 0.9736578525641025, 0.9870793269230769, 0.9879807692307693, 0.9903846153846154, 0.9921875, 0.9947916666666666, 0.9943910256410257, 0.9965945512820513, 0.99609375, 0.9972956730769231, 0.9954927884615384, 0.9963942307692307, 0.9975961538461539, 0.9987980769230769, 0.9975961538461539, 0.9974959935897436, 0.9985977564102564, 0.9985977564102564, 0.9995993589743589, 0.9977964743589743, 0.9990985576923077, 0.9967948717948718, 0.9987980769230769, 0.9961939102564102, 0.9980969551282052, 0.9971955128205128, 0.9983974358974359, 0.9982972756410257, 0.9997996794871795, 0.9980969551282052, 0.9984975961538461, 0.9987980769230769, 0.9996995192307693, 0.9993990384615384, 0.999198717948718, 0.9998998397435898, 0.9998998397435898, 0.9994991987179487, 0.9980969551282052, 0.9997996794871795, 1.0, 0.9987980769230769, 0.999198717948718, 1.0, 0.999198717948718, 1.0, 0.9998998397435898, 0.9995993589743589, 0.9998998397435898, 0.9990985576923077, 0.9982972756410257, 0.9983974358974359, 0.9988982371794872, 0.9994991987179487, 0.9994991987179487, 0.9998998397435898, 0.9982972756410257, 0.999198717948718, 0.999198717948718, 0.9998998397435898, 0.9996995192307693, 0.9996995192307693, 1.0, 1.0, 1.0, 1.0, 1.0, 1.0, 1.0, 1.0, 1.0, 1.0, 1.0, 1.0, 1.0, 1.0, 1.0, 1.0, 1.0, 1.0, 1.0, 1.0, 1.0, 1.0, 1.0, 1.0, 1.0, 1.0, 1.0, 1.0, 1.0, 1.0, 1.0, 1.0, 1.0, 1.0, 1.0, 1.0, 1.0],