{"testproblem": "mnist_mlp", "batch_size": 128, "num_epochs": 100, "random_seed": 43, "weight_decay": null, "optimizer_name": "Adam", "optimizer_hyperparams": {"lr": 0.000630957344480193}, "train_losses": [2.3020726503470006, 0.13592066892828697, 0.07298654341735901, 0.05714370279262463, 0.03787043993958296, 0.021958730111901578, 0.01833518233914406, 0.019863272157426063, 0.01468424778431654, 0.013489076796059426, 0.0085922660640417, 0.007391908779167212, 0.009449083202828964, 0.008036182047082828, 0.005039035796354978, 0.006196184633060908, 0.00504626228641241, 0.007997239510027261, 0.01178447075952322, 0.005262650119570585, 0.002571743172712815, 0.00555987773128809, 0.002280251958813423, 0.00895962988336881, 0.0020789383934476436, 0.0014650380620971704, 0.005235882261051581, 0.0028648093127860473, 0.0027007869898508755, 0.002764187944241059, 0.00336227226906862, 0.008010403085977603, 0.004602883608104327, 0.012981423582786169, 0.002495368775457908, 0.003465482750191138, 0.01275008574175911, 0.01403611396940855, 0.007109345127947819, 0.003122478914566529, 0.0006521218814528906, 0.0013119363679717749, 0.0013579725263974606, 0.002356375352694438, 0.0006214010839660963, 0.002496917970860616, 0.0039414881537549, 0.00045704855941809143, 0.0005444373028018536, 0.009144800452467723, 0.0011152459833866511, 0.0009629489758457893, 0.0016614917235878797, 0.0008860249072313309, 0.0003740558257469764, 0.0022211517804326154, 0.007729992294349732, 0.00012123350722667498, 0.0001710730676467602, 0.011511253933302866, 0.0015320850488467093, 0.001995138346384733, 0.0020911642947258093, 0.0004873331158589094, 0.005692694276475754, 0.0009935031382319254, 8.044334558340219e-05, 6.828576517410767e-05, 0.0012632404000331194, 0.0013948246860542358, 0.0011192832189874772, 0.002399784787438619, 0.000309332464941037, 0.00019659464940046653, 0.0034628394059836864, 0.006913879086287358, 0.005598781045335226, 0.002257256320892618, 0.0016312979591580538, 0.00014287025596086794, 1.221888053875703e-05, 5.989335477352142e-06, 3.579812936293773e-06, 3.6840016643206277e-06, 2.715211266126388e-06, 1.6075344039843633e-06, 1.0720716837124946e-06, 2.4286027138049786e-07, 9.590234511937851e-08, 6.896563065357698e-08, 3.4148494402567543e-08, 2.7796396842369667e-08, 1.6477245550889236e-08, 1.2131073536017002e-08, 1.017290812272292e-08, 5.587935447692871e-09, 5.874496239882249e-09, 3.916330826588166e-09, 2.8656079218937802e-09, 2.101445809388772e-09, 2.053685677357209e-09], "test_losses": [2.3019866729393983, 0.13883128148527482, 0.09200265970176612, 0.09196377034561756, 0.07161900850060658, 0.06654069558359109, 0.07536633583740929, 0.08577254469482562, 0.07087793265684293, 0.07734931575564238, 0.0646164378342338, 0.07394793846954902, 0.0749066183821131, 0.07859929137600538, 0.080996607334759, 0.08111431774420616, 0.09101478659953827, 0.07991123032302429, 0.09703424656524873, 0.09445038287398907, 0.09554291177445497, 0.08714482133300641, 0.09202090631692837, 0.09638659367099023, 0.08591785394132902, 0.09116811374536692, 0.09147270900221208, 0.09988231847110467, 0.08791883191905725, 0.09865743810167679, 0.0965039368527822, 0.10590549696905491, 0.10279103194196255, 0.13358191770907396, 0.09672903751906677, 0.09778015519707249, 0.12141423271252559, 0.11311303511357461, 0.09895128049911597, 0.09309997051381148, 0.08681475414106479, 0.11903278407855676, 0.0962131625184646, 0.10352180508944468, 0.091475292108953, 0.10253742161708382, 0.10984929913702683, 0.09209025433907907, 0.09950621595653968, 0.10643597788965473, 0.08552205008574021, 0.0992561226639037, 0.1057379364919586, 0.0947720143967905, 0.09944363242874925, 0.11021649427950764, 0.11417235746884193, 0.09280644500484833, 0.09566209021096046, 0.11852757007074662, 0.08298067052442676, 0.09646596160168067, 0.08658401521209341, 0.09727706030632059, 0.09445334474245708, 0.09825015964750679, 0.0954467361458601, 0.08879454592720439, 0.09527207460875313, 0.09953279404017405, 0.10054180818872574, 0.09960061213813531, 0.0979228576597495, 0.09028715298821528, 0.08729628776200116, 0.10247295013127419, 0.09498830404705726, 0.10447797138625994, 0.1022636838711034, 0.10133559809615597, 0.10400603873989521, 0.10476233586907768, 0.10590557049577817, 0.10712946331701599, 0.1083725701050403, 0.109914608586293, 0.11421101332570498, 0.12868650258781436, 0.13850717631001502, 0.14429151185621053, 0.14966569868370128, 0.15479448209636104, 0.1585931783207716, 0.1619663371059757, 0.16638864777409113, 0.16968579524650407, 0.17206680388428652, 0.1757128296766239, 0.17888851424840352, 0.18122598470505089, 0.18374341385713658], "train_accuracies": [0.07622195512820513, 0.9607371794871795, 0.9780649038461539, 0.9817708333333334, 0.9870793269230769, 0.9937900641025641, 0.9936899038461539, 0.9924879807692307, 0.9956931089743589, 0.9958934294871795, 0.9971955128205128, 0.9972956730769231, 0.9970953525641025, 0.9971955128205128, 0.9983974358974359, 0.9974959935897436, 0.9982972756410257, 0.9969951923076923, 0.9963942307692307, 0.9980969551282052, 0.9990985576923077, 0.9980969551282052, 0.9993990384615384, 0.9972956730769231, 0.9994991987179487, 0.9994991987179487, 0.9987980769230769, 0.9993990384615384, 0.999198717948718, 0.9989983974358975, 0.9985977564102564, 0.9974959935897436, 0.9986979166666666, 0.9959935897435898, 0.999198717948718, 0.9989983974358975, 0.9969951923076923, 0.9963942307692307, 0.9983974358974359, 0.999198717948718, 0.9996995192307693, 0.9993990384615384, 0.9993990384615384, 0.999198717948718, 0.9998998397435898, 0.9992988782051282, 0.999198717948718, 0.9998998397435898, 0.9997996794871795, 0.9984975961538461, 0.9996995192307693, 0.9996995192307693, 0.9995993589743589, 0.9995993589743589, 0.9998998397435898, 0.999198717948718, 0.9979967948717948, 1.0, 0.9998998397435898, 0.9973958333333334, 0.9996995192307693, 0.9993990384615384, 0.9993990384615384, 0.9997996794871795, 0.9983974358974359, 0.9995993589743589, 1.0, 1.0, 0.9996995192307693, 0.9993990384615384, 0.9996995192307693, 0.9986979166666666, 1.0, 0.9998998397435898, 0.9989983974358975, 0.9978966346153846, 0.9987980769230769, 0.9994991987179487, 0.9997996794871795, 0.9998998397435898, 1.0, 1.0, 1.0, 1.0, 1.0, 1.0, 1.0, 1.0, 1.0, 1.0, 1.0, 1.0, 1.0, 1.0, 1.0, 1.0, 1.0, 1.0, 1.0, 1.0, 1.0],