{"testproblem": "mnist_mlp", "batch_size": 128, "num_epochs": 100, "random_seed": 42, "weight_decay": null, "optimizer_hyperparams": {"lr": 0.000630957344480193}, "train_losses": [2.3034798334806394, 0.1387910534365055, 0.07763213506684853, 0.052852318120690495, 0.03361198444588062, 0.02774832223374874, 0.02117596564289087, 0.015501240650430704, 0.015101212148482982, 0.008314215625898961, 0.025957848673734147, 0.00599454278842761, 0.004212478056358986, 0.0048197788090851065, 0.005771993396755977, 0.0032826694062887095, 0.011123535175545093, 0.006685022670680132, 0.005646795917971012, 0.004478748577336471, 0.010319738505551448, 0.006640671919553707, 0.006169024628037825, 0.00295757194264577, 0.006010300073868189, 0.0031562837031789315, 0.0033360327808902813, 0.0017312645601729553, 0.003655610080712881, 0.007857828950270629, 0.0011753941145844948, 0.0053146916369979195, 0.003139423087048225, 0.0010665827072583712, 0.0064045939451226825, 0.0035284809672679654, 0.004327656629566963, 0.0010050741764597404, 0.0019213110447312014, 0.00047906846381150757, 0.0050469193225487685, 0.0014577731251334532, 0.01324372943968345, 0.0012048397404261124, 0.007586627410581479, 4.6464017568490446e-05, 0.005740860906931071, 0.0008797067193648753, 0.0018012853196034064, 0.004053502307774929, 0.003588265261779993, 0.0010387762210881098, 0.0008230618416116788, 0.0003636116400743142, 0.00685351098386141, 0.0028592625823922646, 0.0016435110607208349, 0.0008265694531683738, 0.0022652739038070044, 0.0007973485268079317, 0.0033230374161249553, 0.0008168513050828225, 0.006447738012633262, 0.00022346748468967585, 0.004527597855298947, 2.2056966255872678e-05, 0.001972042668897372, 0.00285608381128464, 0.001143181959214883, 0.0005289967625569075, 3.262702375650406e-05, 6.083590097916432e-06, 3.857967945245596e-06, 2.401904799999335e-06, 1.2857505144217075e-06, 6.403200901471652e-07, 5.388298095800938e-07, 3.685171787555401e-07, 3.5223097373277716e-07, 1.6205012798309326e-07, 1.1352583383902525e-07, 7.942509956848927e-08, 5.764647936209654e-08, 4.86675745401627e-08, 3.98797102463551e-08, 1.705036713526799e-08, 2.0918937829824593e-08, 1.275195525242732e-08, 1.129527122546465e-08, 6.447617824261005e-09, 5.265554556479821e-09, 3.856630661548713e-09, 2.292486337515024e-09, 2.2805463045071335e-09, 2.399946634586041e-09, 1.7313047861441588e-09, 9.07442508599697e-10, 9.5520264063126e-10, 3.104408582051595e-10, 1.3134036308679825e-10, 2.2686062714992425e-10], "test_losses": [2.3034419279832106, 0.1413955983156577, 0.09601446690085606, 0.07903794101320016, 0.07383912305037181, 0.06583473079193097, 0.07029955222820625, 0.07822334592063458, 0.08444812705214971, 0.07674842222760885, 0.10489117091473861, 0.0745616151402012, 0.07409924142158185, 0.08213119737756176, 0.08678085493067136, 0.08438208863998835, 0.10009599443620597, 0.08940236664448793, 0.09019450580653472, 0.08244914597330186, 0.10027014808012889, 0.10003087664834964, 0.08371940780526553, 0.0908336095416393, 0.10069577477108209, 0.09799847068885963, 0.08897981327027082, 0.08252653529724249, 0.08937852961035112, 0.10113590566489176, 0.08805730948463464, 0.0863430914349663, 0.10066489006082217, 0.08633670186958252, 0.11099370251385829, 0.09176908684178041, 0.1069960916080536, 0.09831073760795288, 0.10777184797021058, 0.09751311818567607, 0.10077981832317817, 0.1029849253499355, 0.12040675510294162, 0.1186384853357688, 0.11438011695654729, 0.10682489314618018, 0.11476544195260757, 0.09074889573579033, 0.1065658064177021, 0.10880444862712653, 0.10396014817823203, 0.10959887079512462, 0.09647596179722594, 0.0906233977383146, 0.12378448080749084, 0.08987532410388574, 0.09750127909370722, 0.10262587867104091, 0.10452876125390713, 0.09768557069727625, 0.10622261072962712, 0.10396841677049032, 0.11828921319773564, 0.09020523939472742, 0.10729048343805167, 0.09004183938631262, 0.10355736748673595, 0.10639775996932234, 0.10021965947145453, 0.10497341245317306, 0.09888687268950236, 0.10441975540314348, 0.10858381889426173, 0.11160598031412332, 0.11482887641073038, 0.11815126032496874, 0.12157298731975831, 0.12499168348044921, 0.12845534353684157, 0.13206499502158317, 0.13581629985800156, 0.139265885648246, 0.142760220867319, 0.14609145558176515, 0.149326880940069, 0.15269703816813537, 0.15560936871080253, 0.15868312844003624, 0.16150811720245445, 0.16421764706655478, 0.16698324435557693, 0.16952280814831072, 0.17219436156730622, 0.17472058471340018, 0.17739939475909638, 0.17963272667466065, 0.18167439716844222, 0.1838230549190671, 0.18624691692634654, 0.1884214451464896, 0.1908676693072686], "train_accuracies": [0.08543669871794872, 0.9594350961538461, 0.9780649038461539, 0.9840745192307693, 0.989082532051282, 0.9923878205128205, 0.9940905448717948, 0.9948918269230769, 0.995292467948718, 0.9976963141025641, 0.9925881410256411, 0.9980969551282052, 0.9987980769230769, 0.9978966346153846, 0.9979967948717948, 0.9988982371794872, 0.9971955128205128, 0.9975961538461539, 0.9983974358974359, 0.9985977564102564, 0.9966947115384616, 0.9981971153846154, 0.9977964743589743, 0.9988982371794872, 0.9986979166666666, 0.9989983974358975, 0.9988982371794872, 0.9993990384615384, 0.9985977564102564, 0.9975961538461539, 0.9993990384615384, 0.9986979166666666, 0.9986979166666666, 0.9996995192307693, 0.9981971153846154, 0.9993990384615384, 0.9987980769230769, 0.9997996794871795, 0.999198717948718, 0.9997996794871795, 0.9986979166666666, 0.9993990384615384, 0.9959935897435898, 0.9995993589743589, 0.9981971153846154, 1.0, 0.9981971153846154, 0.9994991987179487, 0.9994991987179487, 0.9990985576923077, 0.999198717948718, 0.9994991987179487, 0.9996995192307693, 0.9998998397435898, 0.9977964743589743, 0.9988982371794872, 0.9995993589743589, 0.9997996794871795, 0.999198717948718, 0.9996995192307693, 0.9988982371794872, 0.9996995192307693, 0.9983974358974359, 1.0, 0.9990985576923077, 1.0, 0.9994991987179487, 0.9988982371794872, 0.9995993589743589, 0.9998998397435898, 1.0, 1.0, 1.0, 1.0, 1.0, 1.0, 1.0, 1.0, 1.0, 1.0, 1.0, 1.0, 1.0, 1.0, 1.0, 1.0, 1.0, 1.0, 1.0, 1.0, 1.0, 1.0, 1.0, 1.0, 1.0, 1.0, 1.0, 1.0, 1.0, 1.0, 1.0],