{"testproblem": "mnist_mlp", "batch_size": 128, "num_epochs": 100, "random_seed": 47, "weight_decay": null, "optimizer_name": "Adam", "optimizer_hyperparams": {"lr": 0.000630957344480193}, "train_losses": [2.302263391323579, 0.11332892234890889, 0.08629571324071059, 0.053990850726572365, 0.045074181559567265, 0.03503253160474392, 0.020264750059980612, 0.011132596012873527, 0.012823668738397269, 0.011336246003898291, 0.010259607520241004, 0.007010155978302161, 0.013197430075170139, 0.007394085518824749, 0.00939617922099737, 0.011224041477991985, 0.014826259205643183, 0.03445477946064411, 0.01803557424304577, 0.006760644010053231, 0.011019599432937609, 0.0030124272482517436, 0.0010740317834111361, 0.011255975884313766, 0.0029839536127371667, 0.0037021104198617814, 0.003826150790047951, 0.0022434247180055347, 0.0032142738405710612, 0.0029060418287721965, 0.004900127386626525, 0.004999957357843717, 0.003451148167443581, 0.002431490912269323, 0.010019111841057356, 0.004244867377938368, 0.0007090796358310259, 0.0006928413819808227, 0.0013253889643611051, 0.005716736213519023, 0.006983779860326113, 0.0020621902285478055, 0.0014001228010807282, 0.0011926840107219343, 0.0023180659478291487, 0.003424124434017218, 0.004334586362044017, 0.0002788724855352671, 0.0005828865493337313, 0.0036688331060875687, 0.0009535040515355575, 0.00035466979711483687, 0.0008404678068099878, 0.002199806034182891, 0.0012668966769407957, 0.001560363942422928, 0.00013021164788649633, 3.781697402397791e-05, 0.0016094979185324449, 0.007213937142529549, 0.0015217744840834385, 0.00024773677190144855, 0.00013284136851628622, 1.5612691640853882e-05, 3.96380439782754e-06, 1.5474282778226411e-06, 7.493564715752235e-07, 3.713827866774339e-07, 2.471586832633385e-07, 1.8268250502072848e-07, 1.0320964532020764e-07, 9.719186868423071e-08, 7.235660002781795e-08, 3.620218007992475e-08, 3.7826024568997895e-08, 2.3163664035308056e-08, 1.7241407663394245e-08, 1.2035553271953876e-08, 8.071462313334147e-09, 7.832661653176332e-09, 5.349134787535056e-09, 6.113296900040064e-09, 4.011851090651292e-09, 2.7939677238464355e-09, 2.292486337515024e-09, 1.528324225010016e-09, 1.289523564852201e-09, 1.5880243900494697e-09, 5.25361452347193e-10, 4.059611222682855e-10, 5.611815513708652e-10, 1.0746029707101676e-10, 2.7462075918148726e-10, 2.7462075918148726e-10, 1.194003300789075e-10, 4.656612873077393e-10, 2.38800660157815e-11, 0.1933975035432153, 0.0013462391992410023, 0.001595133843903358, 3.689367515154374e-05], "test_losses": [2.3023106104288344, 0.13057629085886172, 0.10356383476979457, 0.08039250943618707, 0.08284079722869091, 0.08806038127304652, 0.07765188880073719, 0.061879057508821673, 0.06761400821881416, 0.07288624374912335, 0.07839820510110794, 0.07275581624932013, 0.08744355231427993, 0.08303768834911096, 0.0971302013987532, 0.10707537426302831, 0.10124202027248266, 0.10131109240823068, 0.10517924713591735, 0.09426165415117374, 0.10756806991039178, 0.09195586420500125, 0.08744836846987407, 0.09571461866681392, 0.0981927740220458, 0.0956366562929291, 0.08756704944878435, 0.0899331624356982, 0.09024790805788377, 0.09985857628859006, 0.10564773864088914, 0.09479466468716662, 0.10065746250060889, 0.09542266284235013, 0.10915627094128957, 0.09043305361261353, 0.08416847077508767, 0.08506339045766836, 0.08596732104435945, 0.11448451289190696, 0.10724022114076294, 0.08523349104544674, 0.09834351683131014, 0.10047860482994181, 0.09807724171341994, 0.10723439071518488, 0.10733394050158751, 0.08719691647312199, 0.09718369549283615, 0.0908440048686969, 0.09400776485936382, 0.09876380789165314, 0.09220333779469514, 0.08948048281793793, 0.08772164087694807, 0.10241002226487184, 0.0987638296583333, 0.09879964357241988, 0.0941550735121545, 0.12356940406159712, 0.09436268616133393, 0.08986534136466873, 0.09340060880789772, 0.09261271309776184, 0.09899062086613132, 0.10841014875003542, 0.11727221236110498, 0.12592998394169486, 0.12764115007116628, 0.13240271220461297, 0.1363828000612557, 0.14070195344109565, 0.14347667229146913, 0.14747696102429658, 0.1508300687568501, 0.15435106039811403, 0.15722235959644118, 0.16034297553153756, 0.1625556685627462, 0.16483512871827072, 0.16747861574642742, 0.16971468498321393, 0.1728719738431466, 0.1747362282864439, 0.17596440863174698, 0.17867657172087675, 0.1803952234570319, 0.1829163965721352, 0.1847425749620948, 0.18667797977104783, 0.18799925030758366, 0.19036300483350763, 0.19284156249024165, 0.19518952743293574, 0.19693872278245786, 0.19798847187597018, 0.20082751562436804, 0.4588874511134166, 0.08545319681079724, 0.10069842424052648, 0.0952139377880555], "train_accuracies": [0.11127804487179487, 0.9669471153846154, 0.9739583333333334, 0.9840745192307693, 0.9860777243589743, 0.9891826923076923, 0.9942908653846154, 0.9966947115384616, 0.9956931089743589, 0.9965945512820513, 0.9965945512820513, 0.9977964743589743, 0.995292467948718, 0.9979967948717948, 0.9971955128205128, 0.9965945512820513, 0.9957932692307693, 0.9918870192307693, 0.9937900641025641, 0.9976963141025641, 0.99609375, 0.9990985576923077, 0.9997996794871795, 0.9961939102564102, 0.9989983974358975, 0.9989983974358975, 0.9989983974358975, 0.9993990384615384, 0.9987980769230769, 0.9990985576923077, 0.9982972756410257, 0.9987980769230769, 0.9989983974358975, 0.999198717948718, 0.9978966346153846, 0.9988982371794872, 0.9997996794871795, 0.9998998397435898, 0.9993990384615384, 0.9981971153846154, 0.9980969551282052, 0.999198717948718, 0.9994991987179487, 0.9994991987179487, 0.9993990384615384, 0.9988982371794872, 0.9980969551282052, 1.0, 0.9998998397435898, 0.9987980769230769, 0.9997996794871795, 0.9998998397435898, 0.9994991987179487, 0.999198717948718, 0.9995993589743589, 0.9994991987179487, 1.0, 1.0, 0.9994991987179487, 0.9974959935897436, 0.9992988782051282, 0.9998998397435898, 1.0, 1.0, 1.0, 1.0, 1.0, 1.0, 1.0, 1.0, 1.0, 1.0, 1.0, 1.0, 1.0, 1.0, 1.0, 1.0, 1.0, 1.0, 1.0, 1.0, 1.0, 1.0, 1.0, 1.0, 1.0, 1.0, 1.0, 1.0, 1.0, 1.0, 1.0, 1.0, 1.0, 1.0, 1.0, 0.9832732371794872, 0.9995993589743589, 0.9995993589743589, 1.0],