{"testproblem": "mnist_mlp", "batch_size": 128, "num_epochs": 100, "random_seed": 49, "weight_decay": null, "optimizer_name": "Adam", "optimizer_hyperparams": {"lr": 0.000630957344480193}, "train_losses": [2.30161399107713, 0.14537835646516237, 0.0793424306007532, 0.054383065909720384, 0.033119115787438855, 0.024917978554581985, 0.017308454411343124, 0.018771644920492783, 0.026472775528255183, 0.008134271352527997, 0.012583391633457862, 0.010339561969232865, 0.006912532190863903, 0.009190116173181778, 0.011821318680468278, 0.004824732860120444, 0.005065077223265782, 0.005555999966768118, 0.005057643525875532, 0.0027624178104675733, 0.001937870867550373, 0.004659523136722736, 0.0015041055635381967, 0.0029535870760297165, 0.0018041364562052947, 0.004166313972419653, 0.002040024966192551, 0.0026470862137965667, 0.0018525440484667437, 0.005705809769913172, 0.003937743365382537, 0.0036744103313256535, 0.010611242710206753, 0.0022440279523531594, 0.0025494287315851604, 0.0005381359026218072, 0.003446375282529073, 0.005922813923695149, 0.002837605249041166, 0.007099247704713772, 0.002604706953160274, 0.0005375073315241398, 0.005514827341987536, 0.010450586270636473, 0.001517045048949046, 0.006623957986728503, 0.0069738262309095795, 0.002479156885200586, 0.0005709857751543706, 0.0029596364459930323, 0.004083888533596809, 0.00275393589757956, 0.0016021589175439798, 0.008027766305857744, 0.0023819903771464643, 0.001798293147331629, 0.0010939639013929244, 0.000254380254027171, 0.001262716089303677, 0.003107310511553899, 0.0017158110411121296, 2.5833933017192743e-05, 0.006981113710655616, 0.00039021771114606125, 0.0006824682992047224, 0.01845831562502262, 0.0005853209071434461, 0.000669457376576387, 0.0033409100455733445, 0.00011490605389460539, 0.00013036524447110982, 0.004085152195050166, 0.0007354895799205854, 0.0002977656534849069, 0.001200547549300469, 0.0003088677110962379, 0.0038636264701684317, 0.0010990659730174602, 0.0010494812845419615, 0.00024338778203878648, 0.004090399397775913, 0.001809289380430411, 0.0022093603291954748, 4.473347694445879e-05, 6.836528579394023e-06, 4.02188071837792e-06, 3.208812230672592e-06, 2.527466187110314e-06, 1.7606295072115386e-06, 1.5243601340513962e-06, 9.36623949270982e-07, 1.1019217662322215e-06, 6.938591981545472e-07, 4.352380832036336e-07, 2.742864382572663e-07, 2.7987437370495917e-07, 1.9495685895284018e-07, 1.2164505628439096e-07, 9.604562551547319e-08, 5.330030734722431e-08, 4.857205427609957e-08], "test_losses": [2.3016913945858297, 0.14418025350627992, 0.09839472296432807, 0.08531212780433588, 0.07486525173179615, 0.06668584244564557, 0.0794615594144815, 0.0775828821441302, 0.0918220820574042, 0.07574071723203628, 0.08153120576380155, 0.07359814420581245, 0.09015811521273392, 0.09497440754412076, 0.09580990141974045, 0.08269562385976315, 0.08270709183162604, 0.08892248833599763, 0.08945268251670477, 0.08088908748080333, 0.07716992229987414, 0.08895066196624285, 0.07516344849211283, 0.09401925954108055, 0.09660831454377143, 0.08587316712603354, 0.08863176657364537, 0.08545593093507566, 0.09326847821760637, 0.1022764340472909, 0.08112820748908398, 0.08568165510988389, 0.10025449380135307, 0.08555119890624131, 0.093398245350004, 0.08984773006672278, 0.09637476193408172, 0.09219816417839283, 0.09310170750205334, 0.11395148292948039, 0.08367991542968994, 0.08775009491886848, 0.09627094377691929, 0.11934143947198605, 0.0968838741716284, 0.0992080075905109, 0.11146104216384582, 0.0955429856832593, 0.10459318331992015, 0.10469339656619689, 0.11047604412604602, 0.11494974832599744, 0.08998282966562189, 0.10133065801495925, 0.1009272627819043, 0.10469312998704994, 0.0897522263127403, 0.09261565643529861, 0.10328910774431932, 0.09892225076850408, 0.09907309432776693, 0.09110763288126925, 0.09563198248640849, 0.10267517773004678, 0.10556669466388531, 0.1263607470676876, 0.09827822272498639, 0.10134865843858092, 0.1190690035955646, 0.09887006183942923, 0.10719433406558938, 0.12128068143740678, 0.10849861844848746, 0.10216492457458606, 0.11128371070401791, 0.12278216048024404, 0.122977650939272, 0.11999506508119595, 0.11360348359896587, 0.11421871654546031, 0.12458449150793828, 0.12620237665489697, 0.12979612641561872, 0.12377633321552704, 0.12277290937848963, 0.12341342546427861, 0.12426321280117218, 0.12521470597204873, 0.12632861221209168, 0.127545135274816, 0.12891717758984902, 0.13045306087065583, 0.1322207068427442, 0.13429570875058955, 0.13668708728912932, 0.1392355085684894, 0.14190279303166348, 0.14474488655702236, 0.14773350796447351, 0.15086609546620494, 0.15401584840713975], "train_accuracies": [0.08964342948717949, 0.9571314102564102, 0.9751602564102564, 0.9836738782051282, 0.9892828525641025, 0.9931891025641025, 0.9938902243589743, 0.9932892628205128, 0.991386217948718, 0.9975961538461539, 0.9955929487179487, 0.9969951923076923, 0.9976963141025641, 0.9971955128205128, 0.9964943910256411, 0.9986979166666666, 0.9978966346153846, 0.9980969551282052, 0.9984975961538461, 0.9990985576923077, 0.9992988782051282, 0.9982972756410257, 0.9993990384615384, 0.999198717948718, 0.9992988782051282, 0.9983974358974359, 0.9993990384615384, 0.9990985576923077, 0.9996995192307693, 0.9979967948717948, 0.9987980769230769, 0.9985977564102564, 0.9976963141025641, 0.9993990384615384, 0.999198717948718, 0.9997996794871795, 0.9984975961538461, 0.9984975961538461, 0.9994991987179487, 0.9979967948717948, 0.9994991987179487, 0.9998998397435898, 0.9979967948717948, 0.9974959935897436, 0.9993990384615384, 0.9985977564102564, 0.9984975961538461, 0.9988982371794872, 0.9997996794871795, 0.9992988782051282, 0.9988982371794872, 0.9989983974358975, 0.9993990384615384, 0.9982972756410257, 0.9989983974358975, 0.999198717948718, 0.9997996794871795, 1.0, 0.9994991987179487, 0.9989983974358975, 0.9992988782051282, 1.0, 0.9987980769230769, 0.9997996794871795, 0.9996995192307693, 0.9961939102564102, 0.9998998397435898, 0.9997996794871795, 0.9987980769230769, 1.0, 1.0, 0.9987980769230769, 0.9997996794871795, 0.9998998397435898, 0.9998998397435898, 0.9998998397435898, 0.9990985576923077, 0.9994991987179487, 0.9996995192307693, 0.9998998397435898, 0.999198717948718, 0.9992988782051282, 0.9994991987179487, 1.0, 1.0, 1.0, 1.0, 1.0, 1.0, 1.0, 1.0, 1.0, 1.0, 1.0, 1.0, 1.0, 1.0, 1.0, 1.0, 1.0, 1.0],