{"testproblem": "mnist_mlp", "batch_size": 128, "num_epochs": 100, "random_seed": 48, "weight_decay": null, "optimizer_name": "Adam", "optimizer_hyperparams": {"lr": 0.000630957344480193}, "train_losses": [2.30185460127317, 0.14564991064178637, 0.0836803478976855, 0.04858785316061515, 0.028379968283936765, 0.023514302495198373, 0.016114594701391, 0.022609787539411813, 0.012771512548892926, 0.027998879241446655, 0.011888076157237474, 0.006346746562765195, 0.005247019350719757, 0.006403072832677609, 0.027819638904661704, 0.007774606490364442, 0.006712992078600786, 0.018716301577977646, 0.010330270211666059, 0.003829845943703101, 0.0020568442817490836, 0.004198135306628851, 0.007429363468709664, 0.002255371855333065, 0.006857354993908069, 0.007387980735168243, 0.0070781210103096105, 0.004969927673347485, 0.009959596137587842, 0.019987249961839273, 0.004123451665807993, 0.0035137892820132086, 0.0001598916326959928, 1.4880719857338147e-05, 4.4153286860539365e-06, 3.1594282541519556e-06, 2.0742702942628125e-06, 1.321857174237569e-06, 8.819385980948424e-07, 7.327837057602711e-07, 4.691000168140118e-07, 3.8408698179782965e-07, 2.761013232744657e-07, 2.468243623391176e-07, 2.0742225341307812e-07, 1.587546788729154e-07, 1.0679165522257487e-07, 1.0502453033740704e-07, 7.761021455128987e-08, 7.1258116991092e-08, 4.346172014872233e-08, 4.5897486882332046e-08, 3.199928846114721e-08, 3.639322060805101e-08, 1.9868214925130207e-08, 1.3611637628995455e-08, 1.194003300789075e-08, 7.975942049271021e-09, 6.304337428166316e-09, 6.8058188144977274e-09, 4.238711717801216e-09, 3.773050430493477e-09, 1.7193647531362681e-09, 1.6835446541125958e-09, 1.8029449841915033e-09, 1.4089238949311085e-09, 1.528324225010016e-09, 1.3492237298916547e-09, 6.925219144576635e-10, 4.1790115527617627e-10, 2.5074069316570574e-10, 0.18116065034738335, 0.005743947742956106, 0.0015299133146748855, 0.0024772134411017387, 0.0031460382257743427, 0.0019431380037881003, 0.006012898935109544, 0.0029871982210935154, 0.002050949572898949, 0.0007379254227719054, 0.00012547385771400653, 7.417362678843813e-06, 3.7888053040473888e-06, 2.7579356892368733e-06, 1.955769944171875e-06, 1.4976319970372013e-06, 9.30609157643257e-07, 4.4778071475239136e-07, 5.270927571333372e-07, 3.1389152774443994e-07, 1.1093813018539013e-06, 2.9167112631675525e-07, 1.9666428367296854e-07, 1.714111138612796e-07, 7.334762276747288e-08, 7.782513514543191e-08, 5.364656830445314e-08, 3.9461809091078927e-08, 2.7294915456038254e-08, 2.5981511825170273e-08], "test_losses": [2.3016496988443227, 0.16395407707358783, 0.10264390764328149, 0.08134431764483452, 0.06862520065922768, 0.0795341396274475, 0.06514416580112317, 0.08566709810820146, 0.07340098086457986, 0.09409829093000063, 0.08831284792186359, 0.07289930884368144, 0.08426684076682879, 0.08290944145753598, 0.11937456205487251, 0.08754441557595363, 0.09596872769105129, 0.1102501770768028, 0.11874155967663495, 0.10037786107605849, 0.08547778274768437, 0.09536441715243153, 0.08392289586556263, 0.08332613745752053, 0.09819063085776109, 0.10198361951953326, 0.1060393065548478, 0.09789420566402185, 0.11422317625524905, 0.1187957364301651, 0.09505276482265729, 0.09772238889947915, 0.08727864799304651, 0.08943218979029319, 0.09529410539051661, 0.0988065562903499, 0.10223289770193589, 0.10525016966634072, 0.10797215126550351, 0.1101617784693073, 0.11220367030742076, 0.11476865179168108, 0.11755408038600133, 0.12015702482312918, 0.1223895844573585, 0.12493589451202215, 0.12604241408646488, 0.1276839608923556, 0.13005157265191278, 0.13109819509256154, 0.13273095635052484, 0.1338535282933989, 0.13560261885420635, 0.1368619118196269, 0.1383649919552203, 0.13990402447346312, 0.14049297651180473, 0.14192456239834428, 0.14299618911284667, 0.1447454479475243, 0.14587100169573647, 0.14700877612146238, 0.14849786683678246, 0.14959148910995096, 0.15089390833432284, 0.1521747401140881, 0.15338372750930154, 0.15535488620233268, 0.15625311670383105, 0.15880789874026027, 0.16047630619066647, 0.45735785645695454, 0.13782538740018097, 0.12878126717017344, 0.11235876959891847, 0.13137256917737736, 0.10859606566373259, 0.13681438424809572, 0.1066226762949298, 0.11792507193361719, 0.09655964521703143, 0.09538472805154295, 0.09976781659329739, 0.10331654186265017, 0.1067104221900734, 0.10982832133781929, 0.11300206484380536, 0.11584784363945708, 0.11905076442352043, 0.12159446889059976, 0.12545838825201663, 0.1243019975469603, 0.1273483004829942, 0.13168130005196405, 0.1358954246754412, 0.13903843557599407, 0.14220464452190731, 0.14495395784391663, 0.14775795797453237, 0.15006255379688435, 0.1529103626373212], "train_accuracies": [0.10086137820512821, 0.9558293269230769, 0.9743589743589743, 0.9837740384615384, 0.9919871794871795, 0.9933894230769231, 0.9958934294871795, 0.9917868589743589, 0.99609375, 0.991386217948718, 0.9959935897435898, 0.9974959935897436, 0.9977964743589743, 0.9974959935897436, 0.9922876602564102, 0.9978966346153846, 0.9973958333333334, 0.9951923076923077, 0.9963942307692307, 0.9986979166666666, 0.999198717948718, 0.9983974358974359, 0.9978966346153846, 0.9993990384615384, 0.9979967948717948, 0.9976963141025641, 0.9975961538461539, 0.9985977564102564, 0.9970953525641025, 0.9941907051282052, 0.9986979166666666, 0.9985977564102564, 1.0, 1.0, 1.0, 1.0, 1.0, 1.0, 1.0, 1.0, 1.0, 1.0, 1.0, 1.0, 1.0, 1.0, 1.0, 1.0, 1.0, 1.0, 1.0, 1.0, 1.0, 1.0, 1.0, 1.0, 1.0, 1.0, 1.0, 1.0, 1.0, 1.0, 1.0, 1.0, 1.0, 1.0, 1.0, 1.0, 1.0, 1.0, 1.0, 0.9785657051282052, 0.9978966346153846, 0.9994991987179487, 0.9995993589743589, 0.9990985576923077, 0.9993990384615384, 0.9982972756410257, 0.9993990384615384, 0.9989983974358975, 0.9997996794871795, 1.0, 1.0, 1.0, 1.0, 1.0, 1.0, 1.0, 1.0, 1.0, 1.0, 1.0, 1.0, 1.0, 1.0, 1.0, 1.0, 1.0, 1.0, 1.0, 1.0], "test_accuracies": [0.10096153846153846, 0.9483173076923077, 0.96875, 0.9750600961538461, 0.9794671474358975, 0.9764623397435898, 0.9799679487179487, 0.9766626602564102, 0.9799679487179487, 0.9771634615384616, 0.9791666666666666, 0.9825721153846154, 0.9807692307692307, 0.9819711538461539, 0.9755608974358975, 0.9810697115384616, 0.9808693910256411, 0.9790665064102564, 0.9772636217948718, 0.9817708333333334, 0.9830729166666666, 0.9819711538461539, 0.9814703525641025, 0.983573717948718, 0.9800681089743589, 0.98046875, 0.9799679487179487, 0.9816706730769231, 0.9787660256410257, 0.977363782051282, 0.9827724358974359, 0.9830729166666666, 0.9849759615384616, 0.9866786858974359, 0.9863782051282052, 0.9867788461538461, 0.9867788461538461, 0.9866786858974359, 0.9866786858974359, 0.9868790064102564, 0.9865785256410257, 0.9867788461538461, 0.9869791666666666, 0.9869791666666666, 0.9870793269230769, 0.9868790064102564, 0.9868790064102564, 0.9870793269230769, 0.9869791666666666, 0.9870793269230769, 0.9870793269230769, 0.9871794871794872, 0.9869791666666666, 0.9870793269230769, 0.9869791666666666, 0.9867788461538461, 0.9868790064102564, 0.9869791666666666, 0.9869791666666666, 0.9870793269230769, 0.9870793269230769, 0.9871794871794872, 0.9871794871794872, 0.987479967948718, 0.987479967948718, 0.9875801282051282, 0.9877804487179487, 0.987479967948718, 0.9873798076923077, 0.9873798076923077, 0.987479967948718, 0.9655448717948718, 0.9800681089743589, 0.9821714743589743, 0.9837740384615384, 0.9821714743589743, 0.9833733974358975, 0.9795673076923077, 0.9834735576923077, 0.98046875, 0.9836738782051282, 0.9844751602564102, 0.985176282051282, 0.985176282051282, 0.985176282051282, 0.9850761217948718, 0.9854767628205128, 0.9852764423076923, 0.9857772435897436, 0.9856770833333334, 0.9855769230769231, 0.985176282051282, 0.9853766025641025, 0.9856770833333334, 0.9854767628205128, 0.9855769230769231, 0.9854767628205128, 0.9855769230769231, 0.9856770833333334, 0.9855769230769231, 0.9859775641025641], "analyzable_training_params": {"lr_sched_epochs": null, "lr_sched_factors": null}}