{"train_losses": [352.9422345842634, 139.77355085100447, 108.50420924595424, 117.86532265799386, 105.56339481898716, 99.26446315220424, 99.17086138044085, 96.22303989955357, 94.61820329938617, 93.60495322091239, 92.41883414132255, 91.6265389578683, 90.86851501464844, 90.23328835623605, 89.68485369001117, 89.20255497523716, 88.78296770368304, 88.40571921212333, 88.07359095982143, 87.77747453962054, 87.51212964739118, 87.27384294782367, 87.05932726178851, 86.86595262799945, 86.69129834856305, 86.53294045584542, 86.3893062046596, 86.25889587402344, 86.14025006975446, 86.03214154924665, 85.9335708618164, 85.84360831124442, 85.76138632638114, 85.68619101388114, 85.61736297607422, 85.55431474958148, 85.4965100969587, 85.44347381591797, 85.39477975027901, 85.35003771100726, 85.30890219552177, 85.27104949951172, 85.23619188581195, 85.20407104492188, 85.17444610595703, 85.14710344587054, 85.1218512398856, 85.09850093296596, 85.07690102713448, 85.05689348493304, 85.0383529663086, 85.02115522112165, 85.00518471854073, 84.99034118652344, 84.9765374319894, 84.96368299211774, 84.9517070225307, 84.94053213936942, 84.9301038469587, 84.92035893031529, 84.91124071393695, 84.90270669119698, 84.89470999581474, 84.88721030099052, 84.8801749093192, 84.8735602242606, 84.86734880719867, 84.8614970615932, 84.85598863874164, 84.85079411097935, 84.8458971296038, 84.84127153669085, 84.83690970284599, 84.83277566092355, 84.82887268066406, 84.82517460414341, 84.82166617257255, 84.81834738595145, 84.81519535609654, 84.81220136369977, 84.80935450962612, 84.80665043422154, 84.80408041817802, 84.80163465227399, 84.79930332728794, 84.79708208356585, 84.79496111188617, 84.79293932233539, 84.79101235525948, 84.78916495186942, 84.7874025617327, 84.78572082519531, 84.7841066632952, 84.78256225585938, 84.78108215332031, 84.77966635567802, 84.77830178397042, 84.7770004272461, 84.77574920654297, 84.77454376220703, 84.7733906337193], "test_losses": [353.44676426478793, 141.78704833984375, 110.92469024658203, 120.03363800048828, 107.6868416922433, 101.5049580165318, 101.35186876569476, 98.39886365618024, 96.89546203613281, 95.89375523158482, 94.69737679617745, 93.92735726492745, 93.17637198311942, 92.55677904401507, 92.02188219342914, 91.54004996163505, 91.12828499930245, 90.75787462506976, 90.42969294956752, 90.13790893554688, 89.87511117117745, 89.6397203717913, 89.4277594430106, 89.23603929792132, 89.06282697405133, 88.90572575160435, 88.76304626464844, 88.63329969133649, 88.51514107840401, 88.40734427315849, 88.30894143240792, 88.21897779192243, 88.13665553501674, 88.06125967843192, 87.99213518415179, 87.92871202741351, 87.87047467912946, 87.81695447649274, 87.76773289271763, 87.72242518833706, 87.68069240025112, 87.64222608293805, 87.6067374093192, 87.57397569928851, 87.54370662144252, 87.51571764264789, 87.48981039864677, 87.46581486293248, 87.44357299804688, 87.42293003627232, 87.40376281738281, 87.38595145089286, 87.36937495640346, 87.35394287109375, 87.33955710274833, 87.32614135742188, 87.31361716134208, 87.3019049508231, 87.29095349993024, 87.28070286342076, 87.2710930960519, 87.2620849609375, 87.25362505231585, 87.24567631312779, 87.23820386614118, 87.2311761038644, 87.22455269949776, 87.2183096749442, 87.2124274117606, 87.20686667306083, 87.20161546979632, 87.1966530936105, 87.19195665631976, 87.18751307896206, 87.1833016531808, 87.17930821010044, 87.17551640101841, 87.1719229561942, 87.1685071672712, 87.16526140485492, 87.16217041015625, 87.15923636300224, 87.15643746512276, 87.15376826695034, 87.15123094831195, 87.14880480085101, 87.14649200439453, 87.14428383963448, 87.14217158726284, 87.14014870779855, 87.13822392054966, 87.13637433733258, 87.13460758754185, 87.1329095023019, 87.13128335135323, 87.12973131452289, 87.12823595319476, 87.12680271693638, 87.12542397635323, 87.1240964617048, 87.1228256225586], "minibatch_train_losses": [352.3786315917969, 312.8129577636719, 268.9226989746094, 216.05923461914062, 205.57875061035156, 178.31460571289062, 159.72750854492188, 139.5155792236328, 128.56698608398438, 121.02545166015625, 105.43426513671875, 109.86128997802734, 107.87466430664062, 107.81517028808594, 107.3297348022461, 107.55227661132812, 116.85671997070312, 114.84362030029297, 117.86023712158203, 116.943359375, 118.59547424316406, 115.84445190429688, 112.74588012695312, 119.67318725585938, 114.74880981445312, 113.87095642089844, 108.80998229980469, 108.61942291259766, 103.90894317626953, 100.93461608886719, 105.6527099609375, 98.88882446289062, 102.42123413085938, 99.50965881347656, 100.82318115234375, 98.12116241455078, 97.95824432373047, 102.665283203125, 94.51776123046875, 101.55961608886719, 99.76219940185547, 101.12835693359375, 98.08159637451172, 97.85040283203125, 101.92289733886719, 93.01911926269531, 99.64801025390625, 97.26231384277344, 98.36502838134766, 94.9848861694336, 94.34693908691406, 98.9275131225586, 91.56460571289062, 97.20984649658203, 94.70849609375, 96.11409759521484, 93.29784393310547, 92.50331115722656, 97.89244079589844, 91.35655212402344, 96.29511260986328, 93.67952728271484, 95.04634094238281, 92.29876708984375, 91.3721923828125, 96.80178833007812, 89.89852142333984, 95.0185317993164, 92.5173110961914, 93.94598388671875, 91.16548156738281, 90.53343963623047, 95.65543365478516, 88.38296508789062, 94.15290832519531, 91.70148468017578, 93.17877197265625, 90.4024658203125, 89.89049530029297, 94.88560485839844, 87.51100158691406, 93.44336700439453, 90.92005920410156, 92.38999938964844, 89.65496826171875, 89.04745483398438, 94.17974853515625, 87.01021575927734, 92.7205810546875, 90.18159484863281, 91.67823791503906, 89.01704406738281, 88.35095977783203, 93.59759521484375, 86.57138061523438, 92.17474365234375, 89.59147644042969, 91.0919189453125, 88.46279907226562, 87.81805419921875, 93.074462890625, 85.97818756103516, 91.68527221679688, 89.09835815429688, 90.61732482910156, 88.00765228271484, 87.39970397949219, 92.5987548828125, 85.43377685546875, 91.24412536621094, 88.65836334228516, 90.19215393066406, 87.61160278320312, 86.99811553955078, 92.19371032714844, 85.05150604248047, 90.86482238769531, 88.25431823730469, 89.78498840332031, 87.23108673095703, 86.60110473632812, 91.84351348876953, 84.74820709228516, 90.52526092529297, 87.89584350585938, 89.43411254882812, 86.90888977050781, 86.27043151855469, 91.52045440673828, 84.43400573730469, 90.22151947021484, 87.57989501953125, 89.12786865234375, 86.62896728515625, 85.9916000366211, 91.23332977294922, 84.13087463378906, 89.95278930664062, 87.30460357666016, 88.85408020019531, 86.37158203125, 85.73599243164062, 90.97730255126953, 83.87922668457031, 89.71063232421875, 87.05044555664062, 88.60395812988281, 86.14315795898438, 85.49833679199219, 90.74668884277344, 83.66642761230469, 89.49272155761719, 86.82015991210938, 88.37722778320312, 85.93729400634766, 85.28514862060547, 90.54003143310547, 83.46699523925781, 89.29673767089844, 86.61589050292969, 88.17584228515625, 85.75194549560547, 85.09850311279297, 90.35166931152344, 83.27981567382812, 89.11997985839844, 86.43116760253906, 87.99393463134766, 85.5863037109375, 84.928955078125, 90.18165588378906, 83.11485290527344, 88.95955657958984, 86.26325225830078, 87.8280029296875, 85.43514251708984, 84.77265930175781, 90.028076171875, 82.96940612792969, 88.81456756591797, 86.11044311523438, 87.6772689819336, 85.29818725585938, 84.63168334960938, 89.88833618164062, 82.835205078125, 88.68282318115234, 85.97245788574219, 87.54096984863281, 85.17453002929688, 84.50473022460938, 89.76123046875, 82.71167755126953, 88.56298828125, 85.8470687866211, 87.41717529296875, 85.06208801269531, 84.38900756835938, 89.64551544189453, 82.60070037841797, 88.45407104492188, 85.7326889038086, 87.3039779663086, 84.95953369140625, 84.28303527832031, 89.54025268554688, 82.5003662109375, 88.35469818115234, 85.62852478027344, 87.20086669921875, 84.8662109375, 84.18665313720703, 89.44413757324219, 82.408203125, 88.26408386230469, 85.53364562988281, 87.10694122314453, 84.78120422363281, 