{"train_losses": [352.4554138183594, 139.98834010532923, 108.91820199148995, 118.25678471156529, 106.0821762084961, 99.68285151890346, 99.611328125, 96.73840441022601, 95.17483629499164, 94.20218658447266, 93.02979278564453, 92.2486081804548, 91.50875418526786, 90.88449968610492, 90.34329877580915, 89.85948508126395, 89.43775177001953, 89.06098937988281, 88.72677612304688, 88.42667279924665, 88.15793282645089, 87.91639600481305, 87.69879804338727, 87.50214494977679, 87.32417624337333, 87.16292463030133, 87.01649475097656, 86.88330623081752, 86.76201520647321, 86.65143694196429, 86.55049787248883, 86.45825304303851, 86.37388283865792, 86.2966548374721, 86.22590637207031, 86.16103145054409, 86.10152108328683, 86.04688916887555, 85.99669647216797, 85.9505615234375, 85.90812138148716, 85.86906215122768, 85.83308628627232, 85.7999289376395, 85.76934705461774, 85.74112374441964, 85.71505737304688, 85.69096047537667, 85.66867392403739, 85.64803859165737, 85.62892259870257, 85.61119515555245, 85.59473855154855, 85.57945796421596, 85.56524222237724, 85.55202157156808, 85.53970009940011, 85.52821895054409, 85.5175029209682, 85.50748770577567, 85.49813297816685, 85.4893777029855, 85.48117937360492, 85.47349112374442, 85.46628025599888, 85.45950644356864, 85.45314025878906, 85.44715336390904, 85.44151306152344, 85.43620082310268, 85.43118831089565, 85.42646135602679, 85.4219948904855, 85.4177725655692, 85.41377694266183, 85.40999385288784, 85.40641130719867, 85.40301404680524, 85.39978463309151, 85.396728515625, 85.39381735665458, 85.39105006626674, 85.38841901506696, 85.3859133039202, 85.38352312360492, 85.3812484741211, 85.3790784563337, 85.37700762067523, 85.37502724783761, 85.37313733782086, 85.37132917131696, 85.36959729875836, 85.36794063023159, 85.36635916573661, 85.36483655657086, 85.36338152204242, 85.36198207310268, 85.36063929966518, 85.35935320172992, 85.35811505998883, 85.35692705426898], "test_losses": [353.44676426478793, 141.74576895577567, 110.61801365443638, 119.61658368791852, 107.4826910836356, 101.33333369663784, 101.27935682024274, 98.33477565220424, 96.8126198904855, 95.8624027797154, 94.68595668247768, 93.93817247663226, 93.20760236467633, 92.57943943568638, 92.05085209437779, 91.5724618094308, 91.15584237234933, 90.7837393624442, 90.45000457763672, 90.15378897530692, 89.88750893729073, 89.64674159458706, 89.43070656912667, 89.23494829450335, 89.05772072928292, 88.8970925467355, 88.7509035382952, 88.61794934953961, 88.49679347446987, 88.3861563546317, 88.28510393415179, 88.19266945975167, 88.10803549630302, 88.03048488071987, 87.95935930524554, 87.89407675606864, 87.83411952427456, 87.77901131766183, 87.72832380022321, 87.68167550223214, 87.63871329171317, 87.59911673409599, 87.56260245186942, 87.5289055960519, 87.49778420584542, 87.46901593889508, 87.44241333007812, 87.41778673444476, 87.3949715750558, 87.37381744384766, 87.35418701171875, 87.33595057896206, 87.31900351388114, 87.30323137555804, 87.28854043143136, 87.27484457833427, 87.26206643240792, 87.25013623918805, 87.23897988455636, 87.22854396275112, 87.21876634870257, 87.20960126604352, 87.2010018484933, 87.19292776925224, 87.18533761160714, 87.17819431849888, 87.17146955217633, 87.16513170514789, 87.15915243966239, 87.15350995744977, 87.14817592075893, 87.14313180106026, 87.13836342947823, 87.13384355817523, 87.12955801827567, 87.12549809047154, 87.12163979666573, 87.11798095703125, 87.11449759347099, 87.11118861607143, 87.1080344063895, 87.10503496442523, 87.1021750313895, 87.09944697788784, 87.09684426443917, 87.09435926164899, 87.09198651994977, 87.0897194998605, 87.0875473022461, 87.08546774727958, 87.08347974504743, 87.08157457624164, 87.07975224086216, 87.07799857003349, 87.0763168334961, 87.07470376150948, 87.07315608433315, 87.07166835239956, 87.07023293631417, 87.06885637555804, 87.06753322056362], "minibatch_train_losses": [351.1983642578125, 303.9111633300781, 269.531982421875, 240.7938232421875, 204.30194091796875, 180.4987335205078, 150.2899169921875, 136.4111328125, 123.05825805664062, 119.2493667602539, 117.09003448486328, 113.87024688720703, 106.17607879638672, 111.05360412597656, 104.92139434814453, 105.99223327636719, 109.03765106201172, 118.28633117675781, 124.12358856201172, 114.14471435546875, 125.51992797851562, 114.78654479980469, 112.89795684814453, 110.22712707519531, 117.87923431396484, 119.94622802734375, 106.40151977539062, 113.51886749267578, 102.67628479003906, 100.08876037597656, 98.85688781738281, 105.74739074707031, 107.04145812988281, 97.9552001953125, 102.24861907958984, 96.07131958007812, 95.41650390625, 97.72260284423828, 104.47401428222656, 105.21643829345703, 99.18788146972656, 100.73040771484375, 96.06076049804688, 94.88864135742188, 96.97808074951172, 103.25033569335938, 103.50315856933594, 96.72370910644531, 98.6470947265625, 93.28536987304688, 92.0010986328125, 93.35427856445312, 100.21600341796875, 101.58924102783203, 93.60258483886719, 98.07952880859375, 91.64131164550781, 90.79682922363281, 91.7935562133789, 98.97217559814453, 100.89945983886719, 92.4462890625, 97.58415222167969, 90.61846923828125, 89.7466049194336, 90.75177001953125, 97.82328033447266, 99.55096435546875, 91.53071594238281, 95.87663269042969, 89.49092102050781, 88.61273956298828, 89.98153686523438, 96.96991729736328, 98.48433685302734, 90.90798950195312, 94.67269897460938, 88.72027587890625, 87.87348937988281, 89.33938598632812, 96.23956298828125, 97.73284149169922, 90.1502914428711, 94.03152465820312, 87.95686340332031, 87.16683959960938, 88.53936767578125, 95.44541931152344, 97.1199951171875, 89.35867309570312, 93.61402893066406, 87.3296890258789, 86.56864929199219, 87.85599517822266, 94.81678771972656, 96.61554718017578, 88.76750183105469, 93.1183853149414, 86.79209899902344, 86.03624725341797, 87.34419250488281, 94.29652404785156, 96.08372497558594, 88.32100677490234, 92.5285415649414, 86.30509185791016, 85.57876586914062, 86.95857238769531, 93.84516143798828, 95.60713958740234, 87.92487335205078, 92.05543518066406, 85.8799819946289, 85.17253112792969, 86.556396484375, 93.42261505126953, 95.2316665649414, 87.52268981933594, 91.72176361083984, 85.50263977050781, 84.80656433105469, 86.16441345214844, 93.03755187988281, 94.90463256835938, 87.1590805053711, 91.4159164428711, 85.16677856445312, 84.48768615722656, 85.84554290771484, 92.70291900634766, 94.59187316894531, 86.85951232910156, 91.10018920898438, 84.86380004882812, 84.19970703125, 85.57330322265625, 92.40866088867188, 94.3091049194336, 86.5992660522461, 90.81350708007812, 84.59474182128906, 83.94037628173828, 85.32129669189453, 92.14105224609375, 94.0616455078125, 86.35380554199219, 90.57539367675781, 84.35214233398438, 83.70889282226562, 85.08683776855469, 91.89570617675781, 93.84278869628906, 86.12750244140625, 90.36690521240234, 84.13253784179688, 83.50093078613281, 84.87783813476562, 91.67604064941406, 93.64265441894531, 85.92981719970703, 90.1668701171875, 83.93531799316406, 83.31206512451172, 84.69390869140625, 91.47991180419922, 93.45939636230469, 85.75442504882812, 89.98299407958984, 83.75656127929688, 83.1416015625, 84.52701568603516, 91.30091857910156, 93.29487609863281, 85.59197235107422, 89.82223510742188, 83.59422302246094, 82.98778533935547, 84.37293243408203, 91.13766479492188, 93.14726257324219, 85.4437484741211, 89.67703247070312, 83.44721984863281, 82.84765625, 84.2335433959961, 90.98992919921875, 93.01225280761719, 85.3109130859375, 89.54216003417969, 83.31343078613281, 82.72053527832031, 84.10868835449219, 90.8558120727539, 92.88880157470703, 85.19032287597656, 89.41893005371094, 83.1915283203125, 82.60498046875, 83.99435424804688, 90.73345184326172, 92.7771224975586, 85.07991790771484, 89.30787658691406, 83.08055114746094, 82.49956512451172, 83.88961791992188, 90.62163543701172, 92.67546081542969, 84.97909545898438, 89.20646667480469, 82.97919464111328, 82.4035415649414, 83.79456329345703, 90.51969909667969, 92.58248901367188, 84.88743591308594, 89.11308288574219, 82.88662719726562, 