{"train_losses": [354.0718776157924, 140.453857421875, 108.87037985665458, 118.21213749476841, 106.09600939069476, 99.61270577566964, 99.54599108014789, 96.6777845110212, 95.07705470493862, 94.09176853724888, 92.90977369035993, 92.11423601422992, 91.36363329206195, 90.73286437988281, 90.18683842250279, 89.70119912283761, 89.27982657296317, 88.90388488769531, 88.57150268554688, 88.27391161237445, 88.00786372593471, 87.76892634800502, 87.55385371616909, 87.35965074811664, 87.18397957938058, 87.02483258928571, 86.88035256522042, 86.74898311070034, 86.62938908168248, 86.52037484305245, 86.4208984375, 86.33001708984375, 86.24692099434989, 86.1708744594029, 86.10121808733258, 86.03737313406808, 85.97879900251117, 85.92502811976841, 85.87562888009208, 85.83021654401507, 85.78843470982143, 85.74997166224888, 85.71453421456474, 85.68185860770089, 85.65170724051339, 85.62386757986886, 85.59813472202846, 85.57433537074498, 85.55230385916573, 85.53189086914062, 85.51296561104911, 85.49540056501117, 85.47908346993583, 85.46391078404018, 85.44979422433036, 85.4366433279855, 85.4243883405413, 85.41294642857143, 85.40226527622768, 85.39228166852679, 85.3829367501395, 85.37418910435268, 85.36599295479911, 85.35829816545758, 85.35107748849052, 85.34429059709821, 85.33791133335659, 85.33190373011998, 85.3262459891183, 85.32091195242745, 85.31588091169085, 85.31112997872489, 85.306640625, 85.30238887241909, 85.29837363106864, 85.29456983293805, 85.2909665788923, 85.28754316057477, 85.28429739815849, 85.28121076311383, 85.27828543526786, 85.27549743652344, 85.27284676688058, 85.27032143729073, 85.2679192679269, 85.265622820173, 85.26343427385602, 85.26134599958148, 85.2593514578683, 85.2574462890625, 85.25562177385602, 85.25387791224888, 85.25220598493304, 85.25060599190849, 85.24907684326172, 85.2476054600307, 85.24619511195591, 85.24483598981585, 85.24354008265904, 85.24228777204242, 85.2410866873605], "test_losses": [353.44676426478793, 141.74298313685827, 110.90291595458984, 120.0201165335519, 107.77395193917411, 101.33192334856305, 101.20330810546875, 98.3498044695173, 96.86908176967076, 95.9146488734654, 94.71132441929409, 93.92337472098214, 93.18949345179966, 92.57820565359933, 92.04558345249721, 91.5602525983538, 91.14376177106585, 90.77720097133091, 90.44909014020648, 90.15486145019531, 89.89182499476841, 89.6552505493164, 89.44325038364956, 89.25061798095703, 89.07616097586495, 88.91854531424386, 88.77499716622489, 88.64442770821708, 88.52541133335659, 88.41684068952289, 88.31771632603237, 88.2270028250558, 88.14400046212333, 88.06797136579242, 87.99824741908482, 87.93426949637276, 87.87552424839565, 87.82153756277901, 87.77188219342914, 87.72619083949498, 87.6841070992606, 87.64532470703125, 87.60955374581474, 87.57654135567802, 87.54604993547711, 87.51786804199219, 87.49178750174386, 87.46764482770648, 87.44528307233539, 87.42454092843192, 87.40528978620257, 87.38741411481585, 87.37079075404576, 87.35532706124442, 87.34092385428292, 87.32750047956195, 87.31498064313617, 87.30329241071429, 87.29236820765904, 87.2821535382952, 87.27259172712054, 87.26363590785435, 87.25524030412946, 87.24736022949219, 87.2399673461914, 87.23301587785993, 87.22647748674665, 87.22032601492745, 87.21452985491071, 87.20906938825335, 87.20392063685826, 87.19905526297433, 87.19446236746651, 87.19012124197823, 87.18601989746094, 87.18213326590401, 87.17845371791294, 87.17497144426618, 87.17166355678013, 87.16852787562779, 87.16554805210659, 87.1627197265625, 87.1600319998605, 87.15747179303851, 87.15504019601005, 87.15272848946708, 87.15052032470703, 87.14842115129743, 87.14641462053571, 87.14450400216239, 87.14268057686942, 87.14093671526227, 87.13926914760044, 87.13767678397042, 87.1361574445452, 87.13470132010323, 87.133302961077, 87.13196999686105, 87.13069152832031, 87.12946319580078, 87.12828935895648], "minibatch_train_losses": [352.57867431640625, 310.3856506347656, 268.50262451171875, 238.56527709960938, 204.08798217773438, 175.86863708496094, 153.99111938476562, 140.07684326171875, 128.82110595703125, 116.74180603027344, 114.27216339111328, 111.29490661621094, 106.98043060302734, 108.19013977050781, 108.30315399169922, 112.32837677001953, 108.48269653320312, 114.0851821899414, 119.22650909423828, 118.00103759765625, 121.57427978515625, 117.17599487304688, 119.05951690673828, 111.02601623535156, 112.97441864013672, 114.72637176513672, 110.26679229736328, 111.2557144165039, 104.97079467773438, 105.71190643310547, 98.77213287353516, 101.25189208984375, 102.93199157714844, 99.74217224121094, 101.04275512695312, 98.58905792236328, 101.06000518798828, 96.55442810058594, 100.64900207519531, 101.9595947265625, 99.23806762695312, 99.81964874267578, 98.73617553710938, 100.72109985351562, 95.83263397216797, 99.63299560546875, 100.01983642578125, 96.97596740722656, 97.61997985839844, 95.90360260009766, 97.68955993652344, 92.62245178222656, 96.24110412597656, 97.59620666503906, 94.95136260986328, 96.55498504638672, 94.06291961669922, 96.44221496582031, 91.23754119873047, 94.77176666259766, 96.81681823730469, 94.17203521728516, 95.79484558105469, 93.02557373046875, 95.42182922363281, 90.10830688476562, 93.76576232910156, 95.51400756835938, 92.86258697509766, 94.28312683105469, 91.96669006347656, 94.2325439453125, 89.22830963134766, 93.02249145507812, 94.51707458496094, 91.919921875, 93.25870513916016, 91.1421890258789, 93.48185729980469, 88.55653381347656, 92.27621459960938, 93.7969970703125, 91.19480895996094, 92.56246185302734, 90.34593200683594, 92.75921630859375, 87.75923156738281, 91.48300170898438, 93.0952377319336, 90.54711151123047, 92.03778076171875, 89.72377014160156, 92.14156341552734, 87.11490631103516, 90.84751892089844, 92.53227233886719, 89.99951171875, 91.51434326171875, 89.15742492675781, 91.61438751220703, 86.60672760009766, 90.34098815917969, 92.0186996459961, 89.48881530761719, 90.97100067138672, 88.66584014892578, 91.1430435180664, 86.17337036132812, 89.93490600585938, 91.55914306640625, 89.04182434082031, 90.52281188964844, 88.2463150024414, 90.73043823242188, 85.76702880859375, 89.53015899658203, 91.16905212402344, 88.6585693359375, 90.16797637939453, 87.85926055908203, 90.3673095703125, 85.39218139648438, 89.15258026123047, 90.82334899902344, 88.32286071777344, 89.8560562133789, 87.51918029785156, 90.04479217529297, 85.06571960449219, 88.83766174316406, 90.5110092163086, 88.0142822265625, 89.55322265625, 87.21808624267578, 89.75537109375, 84.78549194335938, 88.56657409667969, 90.23251342773438, 87.735595703125, 89.27800750732422, 86.95013427734375, 89.49580383300781, 84.5303726196289, 88.31735229492188, 89.98320007324219, 87.48974609375, 89.04525756835938, 86.70681762695312, 89.26441955566406, 84.2936782836914, 88.08578491210938, 89.76103210449219, 87.26866149902344, 88.83941650390625, 86.48787689208984, 89.05532836914062, 84.08342742919922, 87.88088989257812, 89.56002807617188, 87.06698608398438, 88.64668273925781, 86.2919692993164, 88.86624145507812, 83.89562225341797, 87.70011138916016, 89.37782287597656, 86.88421630859375, 88.47157287597656, 86.11431884765625, 88.69573974609375, 83.72490692138672, 87.5341796875, 89.21369934082031, 86.71870422363281, 88.3170166015625, 85.9532699584961, 88.54094696044922, 83.56880950927734, 87.3821792602539, 89.06517791748047, 86.56876373291016, 88.17720794677734, 85.8072280883789, 88.40069580078125, 83.42729187011719, 87.24531555175781, 88.93006896972656, 86.4318618774414, 88.04888916015625, 85.6746826171875, 88.27311706542969, 83.29948425292969, 87.12134552001953, 88.80732727050781, 86.3067626953125, 87.9323501586914, 85.55412292480469, 88.15701293945312, 83.18275451660156, 87.00807189941406, 88.69564056396484, 86.19294738769531, 87.82697296142578, 85.44424438476562, 88.05132293701172, 83.07610321044922, 86.90440368652344, 88.59395599365234, 86.08892822265625, 87.7312240600586, 85.34403228759766, 87.95491790771484, 82.97897338867188, 86.8099365234375, 88.50119018554688, 85.9936752319336, 87.6435546875, 85.25262451171875, 