{"train_losses": [352.6843043736049, 139.87730407714844, 108.86500222342355, 118.07935115269252, 105.66304561070034, 99.39154379708427, 99.30125427246094, 96.37244742257255, 94.82992226736886, 93.83086177280971, 92.66361999511719, 91.88430895124164, 91.13727678571429, 90.51483154296875, 89.97273254394531, 89.49186161586216, 89.07263074602399, 88.6986814226423, 88.36753954206195, 88.0712138584682, 87.80669185093471, 87.56903948102679, 87.35548291887555, 87.16302272251674, 86.98918805803571, 86.83195495605469, 86.689453125, 86.56008802141461, 86.44248744419643, 86.33543069022042, 86.23783547537667, 86.14877319335938, 86.06740897042411, 85.99299730573382, 85.92488534109933, 85.86248888288226, 85.8052749633789, 85.75277600969586, 85.7045669555664, 85.66026742117745, 85.61952754429409, 85.58203996930804, 85.54751477922711, 85.5157002040318, 85.48636518205915, 85.45929064069476, 85.43428911481585, 85.4111829485212, 85.38981192452567, 85.37002672467914, 85.35170309884208, 85.334716796875, 85.31895337785993, 85.30431692940849, 85.29071589878627, 85.27806745256696, 85.26629202706474, 85.2553209577288, 85.2450921194894, 85.2355488368443, 85.22663225446429, 85.21829441615513, 85.2104982648577, 85.2031980242048, 85.19635009765625, 85.18993486676898, 85.18391418457031, 85.17825426374164, 85.17293548583984, 85.16792842320034, 85.16321127755302, 85.15876770019531, 85.15457371303013, 85.15061841692243, 85.14687783377511, 85.14334215436664, 85.13999938964844, 85.13683319091797, 85.13383374895368, 85.13098798479352, 85.12828717912946, 85.12572152273995, 85.12328447614398, 85.12096840994698, 85.11876133510044, 85.11665998186383, 85.11465781075614, 85.11274828229632, 85.11092267717633, 85.10918317522321, 85.1075199672154, 85.10592978341239, 85.10440717424665, 85.10295104980469, 85.10155378069196, 85.1002175467355, 85.09893362862724, 85.09769984654018, 85.09651729038784, 85.09538269042969, 85.0942851475307], "test_losses": [353.44676426478793, 141.61842128208704, 110.89969961983817, 119.88015311104911, 107.4145039149693, 101.3041000366211, 101.19784545898438, 98.23657553536552, 96.77853175571987, 95.79909406389508, 94.61990792410714, 93.86900983537946, 93.12894766671317, 92.51402173723493, 91.98576899937221, 91.50441305977958, 91.09200831821987, 90.72281864711216, 90.39266095842633, 90.10026441301618, 89.83653041294643, 89.60026550292969, 89.38808332170758, 89.19586181640625, 89.02266475132534, 88.86561257498605, 88.72311837332589, 88.59371185302734, 88.47583770751953, 88.36846269880023, 88.27044132777623, 88.18086569649833, 88.0989259992327, 88.02388000488281, 87.95509120396206, 87.8919655936105, 87.8340083530971, 87.7807366507394, 87.7317384992327, 87.68664114815849, 87.64509582519531, 87.60680062430245, 87.57147543770927, 87.53886304582868, 87.50873347691127, 87.48087746756417, 87.4551021030971, 87.43124389648438, 87.4091317313058, 87.3886250087193, 87.36959620884487, 87.35191672188895, 87.33548736572266, 87.32019696916852, 87.30596814836774, 87.2927006312779, 87.28033011300224, 87.26878574916294, 87.25800105503627, 87.24791717529297, 87.23848506382534, 87.22964586530414, 87.22136906215123, 87.21360342843192, 87.20631081717355, 87.19946725027901, 87.19303022112165, 87.18697684151786, 87.18127114432198, 87.17589896065849, 87.17083631243024, 87.16605486188617, 87.16153935023716, 87.15727124895368, 87.15323529924665, 87.14941951206752, 87.1457999093192, 87.14237649100167, 87.13912527901786, 87.13604082380023, 87.13311113630023, 87.13032967703683, 87.127685546875, 87.1251689365932, 87.12277003696987, 87.12048448835101, 87.1183090209961, 87.11623055594308, 87.11425018310547, 87.1123537336077, 87.1105466570173, 87.10881587437221, 87.10715811593192, 87.10557447160993, 87.10405840192523, 87.10260118756976, 87.10120500837054, 87.09986659458706, 87.09858158656529, 87.09734780447823, 87.09616088867188], "minibatch_train_losses": [357.6021728515625, 300.6220703125, 263.2713928222656, 236.52011108398438, 198.10641479492188, 178.54812622070312, 157.16836547851562, 144.8953094482422, 125.69158935546875, 116.70703125, 112.3608169555664, 102.92332458496094, 112.09323120117188, 105.62956237792969, 112.9141845703125, 111.21824645996094, 114.47372436523438, 112.89262390136719, 109.97974395751953, 122.96641540527344, 116.43785095214844, 121.4156494140625, 117.67179107666016, 118.03895568847656, 111.82842254638672, 105.4285888671875, 114.26229858398438, 106.52346801757812, 109.21818542480469, 103.71942138671875, 103.30638122558594, 100.2242660522461, 94.33666229248047, 103.96127319335938, 98.59024047851562, 103.35536193847656, 98.52197265625, 99.44441223144531, 99.41065216064453, 93.9937973022461, 103.52400207519531, 98.77638244628906, 103.38467407226562, 97.89103698730469, 98.5601806640625, 97.91796875, 92.10177612304688, 100.97008514404297, 96.13294219970703, 100.32017517089844, 95.24382019042969, 95.96478271484375, 94.8180923461914, 89.43151092529297, 99.09741973876953, 94.02851867675781, 98.58247375488281, 94.18875122070312, 95.21260070800781, 93.6265869140625, 88.43348693847656, 98.42997741699219, 92.95857238769531, 97.53005981445312, 93.09547424316406, 94.09776306152344, 92.43901062011719, 87.30868530273438, 97.04598999023438, 91.89641571044922, 96.4182357788086, 91.90113067626953, 92.8194351196289, 91.65309143066406, 86.49650573730469, 96.07743835449219, 91.16456604003906, 95.64969635009766, 91.05908966064453, 92.0111083984375, 90.98536682128906, 85.76471710205078, 95.37736511230469, 90.38749694824219, 94.85940551757812, 90.34716796875, 91.38621520996094, 90.16523742675781, 85.06217956542969, 94.75713348388672, 89.71383666992188, 94.19163513183594, 89.8151626586914, 90.84988403320312, 89.53892517089844, 84.49620056152344, 94.21432495117188, 89.16400146484375, 93.6292724609375, 89.26728820800781, 90.30619049072266, 89.05989074707031, 84.00688934326172, 93.70097351074219, 88.7001953125, 93.14476776123047, 88.76034545898438, 89.82205200195312, 88.62776184082031, 83.59280395507812, 93.26567077636719, 88.28614044189453, 92.71183776855469, 88.34927368164062, 89.41908264160156, 88.21781921386719, 83.20402526855469, 92.89178466796875, 87.90363311767578, 92.31727600097656, 87.99319458007812, 89.08094787597656, 87.84870910644531, 82.85438537597656, 92.56159210205078, 87.5692138671875, 91.97004699707031, 87.66515350341797, 88.76953125, 87.52839660644531, 82.55445861816406, 92.26388549804688, 87.27580261230469, 91.66339111328125, 87.36687469482422, 88.47688293457031, 87.25118255615234, 82.28660583496094, 91.99183654785156, 87.01725769042969, 91.39029693603516, 87.10152435302734, 88.2234878540039, 86.99758911132812, 82.0420150756836, 91.75431823730469, 86.78011322021484, 91.14139556884766, 86.86660766601562, 88.00191497802734, 86.76304626464844, 81.82213592529297, 91.5445327758789, 86.56716918945312, 90.91767883300781, 86.65576171875, 87.79924011230469, 86.55525207519531, 81.62489318847656, 91.35121154785156, 86.37845611572266, 90.71826171875, 86.46188354492188, 87.61447143554688, 86.37091064453125, 81.44725036621094, 91.17790222167969, 86.20787048339844, 90.53770446777344, 86.28755950927734, 87.44831848144531, 86.20148468017578, 81.28612518310547, 91.02273559570312, 86.05329132080078, 90.37381744384766, 86.131103515625, 87.29989624023438, 86.04713439941406, 81.13926696777344, 90.8822021484375, 85.91332244873047, 90.2256851196289, 85.98867797851562, 87.16452026367188, 85.90816497802734, 81.0062026977539, 90.7548828125, 85.78700256347656, 90.09153747558594, 85.85889434814453, 87.04088592529297, 85.7818603515625, 80.88548278808594, 90.6392593383789, 85.6724624633789, 89.9697036743164, 85.74100494384766, 86.92901611328125, 85.66670227050781, 80.77497863769531, 90.5345458984375, 85.5680923461914, 89.85881042480469, 85.63400268554688, 86.82734680175781, 85.56149291992188, 80.67411804199219, 90.439453125, 85.47322845458984, 89.75785827636719, 85.53627014160156, 86.7344970703125, 85.46565246582031, 80.58208465576172, 90.35275268554688, 85.38691711425781, 89.66596984863281, 85.44700622558594, 