{"train_losses": [353.9337594168527, 178.24662126813615, 158.3632594517299, 236.15933881487166, 214.89163861955916, 188.29497637067522, 183.32111467633928, 144.1554696219308, 148.15208871023995, 190.25608607700892, 159.6675524030413, 103.72469002859933, 143.82144383021765, 168.9588906424386, 120.0770514351981, 116.60573141915458, 136.10203334263392, 123.43888854980469, 128.21131787981307, 135.6514674595424, 110.78330993652344, 106.33600398472377, 131.65455191476005, 125.66982596261161, 102.93238394601005, 111.76319340297154, 113.5205328805106, 104.17251368931362, 110.13680158342633, 110.43273598807198, 98.12108176095145, 98.24247523716518, 104.27086639404297, 100.43940952845982, 93.45983123779297, 97.78021567208427, 96.48517172677177, 90.76888275146484, 95.62403433663505, 95.3660158429827, 88.43829454694476, 92.0558831351144, 95.13655744280133, 89.60922132219586, 88.22749764578683, 92.224118913923, 90.9460688999721, 88.95009504045758, 91.0821533203125, 87.99832807268415, 87.52774265834263, 91.34632655552456, 89.60089656284877, 86.33119746616909, 87.41345323835101, 88.53638022286552, 88.30890437534877, 86.73203822544643, 86.91592952183315, 86.44586508614677, 86.61265019008091, 87.21483721051898, 86.19739859444755, 85.07988848005023, 86.36132158551898, 86.74322073800224, 85.3970925467355, 84.98283168247768, 86.1895773751395, 85.61658913748605, 85.42408643450055, 85.78096662248883, 84.8304421561105, 85.14930616106305, 86.0894775390625, 85.19397081647601, 84.75907461983817, 85.27405439104352, 85.18290274483817, 85.16439928327289, 85.09123992919922, 84.9298324584961, 84.85215214320591, 85.01128932407924, 84.96375819614956, 84.8595700945173, 84.71111188616071, 84.86479187011719, 84.83286612374442, 84.74147578648159, 84.62030138288226, 84.85543823242188, 84.66200147356305, 84.62397221156529, 84.83905465262276, 84.58046395438058, 84.5394265311105, 84.87062181745257, 84.53748212541852, 84.6058850969587, 84.70905412946429], "test_losses": [353.44676426478793, 181.1611611502511, 163.4803728376116, 235.21923174176897, 219.46946716308594, 192.2294921875, 183.4352765764509, 148.9249529157366, 151.41209629603796, 190.7317395891462, 164.27896336146765, 106.23585183279855, 144.56299482073103, 173.4621865408761, 122.07653372628349, 118.05974469866071, 140.2799802507673, 125.89242444719586, 129.37467520577567, 140.82773808070593, 111.9420656476702, 108.82517678397042, 135.88282993861608, 126.9301256452288, 105.54020254952567, 115.87960488455636, 114.20724923270089, 107.999997820173, 112.8102035522461, 112.46715109688895, 101.20307050432477, 101.2430191040039, 106.26718030657086, 103.47731236049107, 96.36000279017857, 99.8694349016462, 99.23822893415179, 94.07935660226005, 97.1210218157087, 98.84366171700614, 91.30057961600167, 93.66395786830357, 99.10805184500558, 91.7261962890625, 90.4941874912807, 95.92776380266461, 92.72979736328125, 91.74725341796875, 94.25119890485492, 89.8615243094308, 90.68746076311383, 93.87296513148716, 92.19417790004185, 89.0240500313895, 90.19712175641742, 91.19105093819755, 90.79430607386998, 89.77573067801339, 89.34698486328125, 88.90887669154576, 89.88843427385602, 89.14020538330078, 89.20255388532367, 87.97967529296875, 88.33821977887835, 90.09051949637276, 87.80442810058594, 87.41877092633929, 89.37588174002511, 87.86866106305804, 88.2023184640067, 88.60960715157645, 87.23136138916016, 87.99479021344867, 88.63863481794085, 87.95314134870257, 87.27682822091239, 88.0635964529855, 87.86402893066406, 87.63936505998883, 88.04009464808873, 87.44215938023159, 87.41459219796317, 88.02168600899833, 87.24271828787667, 87.7227303641183, 87.4523184640067, 87.25530569893974, 87.75521959577289, 87.30957903180804, 87.1926749093192, 87.68790762765067, 87.20906066894531, 87.30528586251395, 87.54847063337054, 87.21451568603516, 87.19693211146763, 87.5443344116211, 87.24909428187779, 87.16090938023159, 87.48745291573661], "minibatch_train_losses": [369.72540283203125, 233.374267578125, 120.64273071289062, 145.42262268066406, 256.30535888671875, 373.8186340332031, 305.48553466796875, 172.12857055664062, 128.92971801757812, 196.61663818359375, 280.63458251953125, 299.9322509765625, 213.27407836914062, 146.76840209960938, 165.51950073242188, 207.3361358642578, 254.47869873046875, 240.22283935546875, 168.60281372070312, 149.72335815429688, 163.15829467773438, 240.9930419921875, 248.19833374023438, 201.81817626953125, 143.64413452148438, 149.49761962890625, 217.63743591308594, 244.08876037597656, 212.40484619140625, 173.78823852539062, 158.035400390625, 180.61863708496094, 199.84263610839844, 202.1029052734375, 188.04885864257812, 197.74221801757812, 164.12875366210938, 166.2370147705078, 172.99746704101562, 186.05551147460938, 203.36709594726562, 191.57273864746094, 183.89317321777344, 166.35836791992188, 161.34335327148438, 172.7803955078125, 194.76937866210938, 226.42062377929688, 186.55169677734375, 144.03335571289062, 136.27432250976562, 172.84170532226562, 219.67176818847656, 212.25830078125, 150.2348175048828, 120.4540023803711, 160.40060424804688, 176.381591796875, 202.1787567138672, 168.74879455566406, 125.34100341796875, 144.01785278320312, 154.5540771484375, 182.7254638671875, 185.74354553222656, 143.78536987304688, 122.22863006591797, 146.23641967773438, 191.8157958984375, 200.01780700683594, 170.95022583007812, 111.55015563964844, 120.4025650024414, 176.44332885742188, 203.60299682617188, 187.21592712402344, 121.36361694335938, 105.27560424804688, 119.80964660644531, 179.80496215820312, 187.93276977539062, 158.90576171875, 122.38017272949219, 102.16780090332031, 142.62010192871094, 187.5819854736328, 178.66497802734375, 151.02337646484375, 115.9661865234375, 139.81878662109375, 160.94989013671875, 179.96282958984375, 137.858642578125, 125.34536743164062, 128.13528442382812, 151.3592529296875, 160.30865478515625, 134.13021850585938, 116.45834350585938, 111.07217407226562, 136.86671447753906, 155.0379638671875, 148.31973266601562, 134.2713165283203, 103.747314453125, 122.75546264648438, 144.2762451171875, 153.702392578125, 151.18634033203125, 126.24002075195312, 126.85977172851562, 124.55557250976562, 140.70614624023438, 131.08151245117188, 141.45826721191406, 133.08067321777344, 127.65888214111328, 123.78253936767578, 112.61705017089844, 122.4114990234375, 127.80916595458984, 132.99911499023438, 135.039306640625, 123.88460540771484, 120.25151062011719, 109.26580810546875, 135.7134246826172, 142.3234405517578, 143.52560424804688, 129.94847106933594, 108.9993896484375, 127.94650268554688, 130.84022521972656, 136.26007080078125, 119.44271850585938, 116.64366912841797, 114.97381591796875, 126.91699981689453, 122.60108947753906, 110.73849487304688, 113.82414245605469, 108.30973815917969, 119.99081420898438, 134.64508056640625, 123.38780975341797, 122.85110473632812, 93.66716003417969, 112.14765167236328, 128.14120483398438, 144.88165283203125, 131.06280517578125, 102.34036254882812, 99.4317626953125, 108.53315734863281, 130.62063598632812, 132.07571411132812, 120.61658477783203, 101.10932922363281, 98.3673095703125, 107.53450775146484, 115.2720718383789, 133.7945098876953, 106.70285034179688, 99.03364562988281, 106.84803009033203, 111.54087829589844, 136.53079223632812, 107.94404602050781, 101.9970703125, 109.72563171386719, 124.904296875, 125.43863677978516, 114.6700439453125, 100.79962158203125, 101.60118103027344, 117.54169464111328, 110.73057556152344, 112.72576904296875, 107.19405364990234, 97.18234252929688, 104.428955078125, 94.42121887207031, 116.67533874511719, 109.30726623535156, 107.54087829589844, 103.6963119506836, 101.99652862548828, 118.09442138671875, 107.85357666015625, 105.5649642944336, 107.81593322753906, 113.92650604248047, 113.95423889160156, 104.15937805175781, 99.24080657958984, 96.16734313964844, 115.93914794921875, 103.49285125732422, 105.46245574951172, 100.00115203857422, 95.05867767333984, 105.26507568359375, 98.32333374023438, 112.15274047851562, 105.80158996582031, 100.68717193603516, 99.03947448730469, 