{"testproblem": "fmnist_mlp", "batch_size": 128, "num_epochs": 100, "random_seed": 42, "weight_decay": null, "optimizer_hyperparams": {"lr": 0.01584893192461114, "momentum": 0.99}, "train_losses": [2.3021158377329507, 0.5245879418574847, 0.44195137516810346, 0.36861638323618817, 0.39717917908460665, 0.346807833474416, 0.3506436130175224, 0.3774223444171441, 0.33801191376569945, 0.35254937410354614, 0.3400858896665084, 0.32949530142240036, 0.3318130855376904, 0.31005206322058654, 0.34306222104873413, 0.33097825887111515, 0.35530296713113785, 0.2968318842542477, 0.2965163481541169, 0.2960619473686585, 0.3060909800040416, 0.29433840952622586, 0.29821071964808, 0.30593184247995037, 0.3335328090649385, 0.31903570947738796, 0.2796835985321265, 0.28598449417413807, 0.28067698482519543, 0.28352672740434987, 0.2951469876063176, 0.2968888762287604, 0.2582507991255858, 0.2729229716918407, 0.28136903563371074, 0.30619218200445175, 0.30914000880259734, 0.29368951725654113, 0.2724719299719884, 0.2650687853113199, 0.2506175407996544, 0.256902885169555, 0.24345363466403422, 0.28504113719249385, 0.26696706200257325, 0.24947328922840264, 0.26765624643900454, 0.2602976612173594, 0.2495313802590737, 0.270298920189723, 0.25351162789723813, 0.25355283954204655, 0.24674552144148412, 0.24568583195408186, 0.26756190470395946, 0.2650821050390219, 0.25907372253445476, 0.24412042246415064, 0.22650190691153207, 0.24684318116842172, 0.2541436155637105, 0.2343608976747745, 0.2328168898820877, 0.21706693256512666, 0.2495948878618387, 0.23488422559622008, 0.21598899651032227, 0.23889301745937422, 0.21875430013124758, 0.24039567319246438, 0.2628873300093871, 0.2309872598793262, 0.20979718004281706, 0.22649622479310402, 0.22172250340764338, 0.24189148575831682, 0.2662391484929965, 0.23887729530151075, 0.2376108029140876, 0.22495383874346048, 0.22545654021012476, 0.24186521443801048, 0.26126781239723545, 0.21680380977117097, 0.2044755284411785, 0.25307962947931045, 0.22616008478097427, 0.21177226811265334, 0.23597780958964273, 0.23242124590354088, 0.2240381991634002, 0.2209637980812635, 0.23446937468953621, 0.21865213738802153, 0.2180751257408888, 0.19178742074813598, 0.20418795809531823, 0.20099261871133095, 0.20932347050462013, 0.21697680270060515, 0.21632167076071104], "test_losses": [2.3022368321051965, 0.5469074505261886, 0.49390088212795746, 0.42640778919061023, 0.4683318650111174, 0.43846315489365506, 0.4187666479593668, 0.4464496454367271, 0.4085458415823105, 0.4240829447905223, 0.41202144630444354, 0.4041038755422983, 0.41373127718002367, 0.4069452272393765, 0.4168287397195131, 0.40120018541048735, 0.4479258459730026, 0.402633629548244, 0.39900297767076737, 0.4039558701408215, 0.38119270155827206, 0.41235580505468905, 0.40811332448934895, 0.40258770550672823, 0.43201054403415096, 0.4221172791260939, 0.4019823869069417, 0.4010925566156705, 0.4070710463401599, 0.41955952728405976, 0.4295146551269751, 0.4267232832618249, 0.3987412638007066, 0.3960415088595488, 0.4305032564279361, 0.44484959771999943, 0.42775214979281795, 0.44212217667163944, 0.42827526174294644, 0.42663128903278935, 0.41735004366208345, 0.41741565557626575, 0.40914205519052654, 0.4160461479272598, 0.4387378860742618, 0.431217885743349, 0.41480530072481203, 0.42375064813173735, 0.41712646434704465, 0.4466884908003685, 0.4387464007506004, 0.44947697871770614, 0.41872394524323636, 0.41843118652319294, 0.4672987463000493, 0.4337208393292549, 0.44381148903033674, 0.4163239890566239, 0.4333328847319652, 0.4346367093997124, 0.4374671759895789, 0.4552433480245945, 0.4359843912415015, 0.44398808574829346, 0.4514079512311862, 0.4222234636545181, 0.433931521880321, 0.45199601218486446, 0.4451352031185077, 0.440256325671306, 0.44761396715274226, 0.483428245362563, 0.4065576929312486, 0.4483708788951238, 0.4563839913178713, 0.43072610596815747, 0.47693783808977175, 0.4413691226106424, 0.4716064570805965, 0.43529268105824787, 0.45671190092196834, 0.4938270275791486, 0.465274582306544, 0.4637492528328529, 0.46682832695734805, 0.5182456775353506, 0.4515287425273504, 0.44768068461846083, 0.48237216338897365, 0.4715540206585175, 0.4481289837604914, 0.5088336907136135, 0.47931726085834014, 0.5030355147826366, 0.4926590831615986, 0.4741943740309813, 0.504350371276721, 0.4676419099171956, 0.5178482482830683, 0.48664767352434307, 0.47529182812342274], "train_accuracies": [0.10817307692307693, 0.8149038461538461, 0.8414463141025641, 0.8697916666666666, 0.8521634615384616, 0.8770032051282052, 0.8803084935897436, 0.8594751602564102, 0.8802083333333334, 0.8669871794871795, 0.8762019230769231, 0.8825120192307693, 0.8790064102564102, 0.8833133012820513, 0.8726963141025641, 0.8767027243589743, 0.8801081730769231, 0.8947315705128205, 0.8949318910256411, 0.8895232371794872, 0.8901241987179487, 0.8910256410256411, 0.8968349358974359, 0.8870192307692307, 0.8822115384615384, 0.8842147435897436, 0.8936298076923077, 0.8944310897435898, 0.8988381410256411, 0.9003405448717948, 0.8932291666666666, 0.897636217948718, 0.90625, 0.8999399038461539, 0.8934294871794872, 0.8736979166666666, 0.8925280448717948, 0.8995392628205128, 0.8954326923076923, 0.9094551282051282, 0.9058493589743589, 0.9047475961538461, 0.9141626602564102, 0.8961338141025641, 0.9050480769230769, 0.9043469551282052, 0.9048477564102564, 0.9041466346153846, 0.9082532051282052, 0.9119591346153846, 0.9076522435897436, 0.9119591346153846, 0.9149639423076923, 0.9090544871794872, 0.9083533653846154, 0.9056490384615384, 0.9048477564102564, 0.9074519230769231, 0.9181690705128205, 0.9108573717948718, 0.9115584935897436, 0.9154647435897436, 0.9136618589743589, 0.9198717948717948, 0.9104567307692307, 0.9122596153846154, 0.9190705128205128, 0.9125600961538461, 0.9216746794871795, 0.9114583333333334, 0.9008413461538461, 0.9174679487179487, 0.9223758012820513, 0.9138621794871795, 0.9186698717948718, 0.9095552884615384, 0.8958333333333334, 0.9098557692307693, 0.9146634615384616, 0.9152644230769231, 0.9138621794871795, 0.9072516025641025, 0.9043469551282052, 0.921073717948718, 0.9220753205128205, 0.9103565705128205, 0.9209735576923077, 0.9250801282051282, 0.9190705128205128, 0.9130608974358975, 0.9207732371794872, 0.917167467948718, 0.913261217948718, 0.9173677884615384, 0.922676282051282, 0.9303886217948718, 0.9269831730769231, 0.9258814102564102, 0.9216746794871795, 0.9223758012820513, 0.9164663461538461],