{"train_losses": [353.9337594168527, 2967.0769391741073, 30281.934151785714, 29629.815848214286, 14549.395089285714, 2078.371913364955, 578.5439976283482, 2021.2193777901787, 397.0632978166853, 294.1622619628906, 261.03573172433033, 127.90192631312779, 126.5874993460519, 122.31643458775112, 123.84330204554966, 132.1402108328683, 113.48444148472377, 95.6748537336077, 88.28593989780971, 86.9506116594587, 86.4767586844308, 87.53651755196708, 87.24234880719867, 87.729001726423, 88.05751473563058, 88.32666124616351, 88.79488372802734, 89.40562329973493, 90.00034986223493, 90.45453316824776, 90.78078242710659, 90.93470873151507, 90.93135070800781, 90.9084712437221, 90.93172236851284, 90.73251669747489, 89.72746930803571, 88.14493451799665, 87.14975193568638, 86.95075116838727, 86.9065420968192, 87.09562465122768, 88.0700214930943, 89.77192905970982, 91.19767434256417, 91.33972712925502, 90.36868395124164, 89.30118778773716, 88.62064688546317, 88.13437761579242, 88.01390947614398, 89.15484183175224, 92.54982212611607, 98.38140106201172, 105.54336656842914, 112.05200849260602, 116.0570537022182, 116.65010506766183, 114.01126098632812, 109.23577444893974, 104.0838873726981, 100.37090410505023, 99.17201886858258, 100.6697529384068, 104.57738058907645, 110.3221184866769, 117.04705592564174, 123.99933406284877, 130.87984357561385, 137.58001599993025, 143.87010628836495, 149.48758152553015, 154.38338361467635, 158.77312796456474, 162.99775041852678, 167.4582257952009, 172.5893336704799, 178.72495596749442, 185.9329877580915, 194.02243041992188, 202.66751098632812, 211.4823041643415, 220.09752764020647, 228.24205671037947, 235.74851771763392, 242.5079803466797, 248.4215371268136, 253.37577383858817, 257.2688249860491, 260.05550711495533, 261.80124119349887, 262.74385942731584, 263.34283229282926, 264.2333439418248, 265.9727303641183, 268.6697474888393, 271.8472115652902, 274.9657897949219, 278.2427760532924, 282.1678248814174, 286.47851998465404], "test_losses": [353.44676426478793, 2985.403006417411, 30267.680803571428, 29637.43331473214, 14550.678013392857, 2083.4400460379466, 581.089582170759, 2021.303431919643, 399.3569989885603, 296.9810791015625, 262.97388349260603, 129.41992841448103, 128.11495208740234, 123.54383196149554, 124.30247388567243, 132.34376852852958, 114.09725298200335, 96.90269470214844, 90.23124367850167, 89.24868556431362, 88.65819113595145, 89.64966256277901, 89.57078988211495, 89.97281973702567, 90.3108411516462, 90.66735512869698, 91.14019121442523, 91.7655269077846, 92.37735530308315, 92.82030269077846, 93.13125501360211, 93.2265374319894, 93.10659354073661, 92.89984566824776, 92.7017593383789, 92.32561710902623, 91.27462659563336, 89.80081503731864, 88.98457445417132, 88.90146854945591, 88.8327865600586, 88.86952318464007, 89.63221631731305, 91.14180210658482, 92.45918927873883, 92.60938262939453, 91.75145285470145, 90.86200714111328, 90.38705335344586, 90.11372593470982, 90.21310533796039, 91.5964835030692, 95.26616450718471, 101.39220210484096, 108.83678545270648, 115.57849230085101, 119.73790196010044, 120.39390999930245, 117.73167310442243, 112.85716901506696, 107.53618403843471, 103.58912549700055, 102.11185564313617, 103.32766614641461, 106.9854976109096, 112.50724247523716, 118.99500928606305, 125.6727785382952, 132.27046639578683, 138.72533961704798, 144.81824820382255, 150.26865713936942, 155.0212642124721, 159.30193655831474, 163.45313153948103, 167.86136518205916, 172.94541931152344, 179.02926417759485, 186.17107282366072, 194.1731916155134, 202.71563502720423, 211.42432294573103, 219.94014195033483, 227.99928283691406, 235.43470328194755, 242.1338108607701, 247.99583871023995, 252.90857587541853, 256.77286638532365, 259.54481288364957, 261.2886396135603, 262.24022783551897, 262.8567853655134, 263.76944841657365, 265.5295933314732, 268.242440359933, 271.43419974190846, 274.5713588169643, 277.86783272879467, 281.8050275530134, 286.123046875], "minibatch_train_losses": [369.72540283203125, 378315.9375, 28079.75, 83264.84375, 213314.9375, 161987.53125, 49455.6015625, 2976.76953125, 43925.84375, 98884.1875, 99349.3046875, 52972.5390625, 10021.955078125, 4103.31640625, 30419.71875, 54228.24609375, 50882.234375, 26330.80859375, 4469.38427734375, 2389.8564453125, 16902.91796875, 29460.71875, 27409.2109375, 13650.7099609375, 1874.008544921875, 1728.5792236328125, 10171.099609375, 16783.650390625, 14670.3583984375, 6298.19970703125, 464.38421630859375, 1887.339111328125, 7159.72998046875, 9914.2060546875, 6993.37255859375, 2038.8302001953125, 177.73681640625, 2281.958984375, 5112.279296875, 5295.5390625, 2564.546875, 305.5719909667969, 556.4736938476562, 2412.87890625, 3318.4482421875, 2251.4267578125, 545.2982177734375, 160.23370361328125, 1121.7708740234375, 2061.279296875, 1629.306640625, 531.677734375, 114.87885284423828, 621.1273803710938, 1255.34423828125, 1062.5859375, 379.2069091796875, 102.92713928222656, 410.47454833984375, 758.32080078125, 669.6670532226562, 241.59567260742188, 96.06585693359375, 280.8424072265625, 488.7636413574219, 418.3211364746094, 179.20529174804688, 100.89990997314453, 232.2764129638672, 335.52880859375, 275.5499267578125, 124.15687561035156, 126.16004943847656, 225.60682678222656, 245.2167205810547, 183.8092041015625, 94.83818054199219, 135.94461059570312, 204.98333740234375, 196.93043518066406, 109.41069030761719, 98.97735595703125, 148.653564453125, 164.75955200195312, 122.4185791015625, 96.26559448242188, 131.08514404296875, 123.89115142822266, 136.339599609375, 101.9017105102539, 92.07029724121094, 118.6327133178711, 109.81317138671875, 136.338623046875, 98.40827178955078, 108.24928283691406, 116.39469909667969, 91.52527618408203, 124.84017181396484, 89.32484436035156, 132.88165283203125, 122.94453430175781, 97.90277099609375, 119.95638275146484, 80.26636505126953, 134.38558959960938, 101.89677429199219, 113.08258056640625, 129.98239135742188, 92.89479064941406, 128.38287353515625, 82.12320709228516, 114.27383422851562, 110.87995910644531, 100.06407928466797, 130.52365112304688, 89.8759994506836, 114.77312469482422, 92.91958618164062, 95.78802490234375, 105.26614379882812, 91.98841857910156, 116.85940551757812, 94.12422943115234, 95.83233642578125, 91.9216537475586, 89.160400390625, 92.18641662597656, 90.48680877685547, 99.44282531738281, 91.18142700195312, 89.10256958007812, 82.03195190429688, 88.7770767211914, 84.13838195800781, 89.63874053955078, 92.89585876464844, 84.30506134033203, 89.09536743164062, 77.24925231933594, 88.92724609375, 83.68377685546875, 90.75880432128906, 94.55057525634766, 83.16631317138672, 90.55494689941406, 77.3793716430664, 90.29306030273438, 85.41244506835938, 89.99636840820312, 96.769287109375, 85.5740737915039, 89.96595764160156, 78.25092315673828, 90.44338989257812, 85.36988067626953, 89.42011260986328, 93.68449401855469, 85.31222534179688, 89.92952728271484, 76.81851196289062, 90.90093994140625, 85.53128051757812, 90.486572265625, 95.17526245117188, 85.14361572265625, 90.63569641113281, 77.24302673339844, 91.37112426757812, 85.7813720703125, 90.0113525390625, 95.25823974609375, 86.0341796875, 90.7061767578125, 76.93003845214844, 91.90865325927734, 85.8900146484375, 90.7506103515625, 95.84542846679688, 85.80001831054688, 90.82452392578125, 77.02194213867188, 92.55484008789062, 86.10340881347656, 90.75480651855469, 96.81903076171875, 86.803466796875, 90.90699768066406, 77.08708190917969, 93.33551025390625, 86.47687530517578, 91.73420715332031, 98.77224731445312, 87.45599365234375, 90.94566345214844, 77.59130096435547, 94.15049743652344, 86.77179718017578, 92.44888305664062, 100.54285430908203, 88.3636474609375, 91.08892822265625, 78.24417114257812, 94.81324005126953, 87.06436157226562, 94.00341796875, 103.68494415283203, 90.30852508544922, 91.32856750488281, 79.29939270019531, 95.35856628417969, 87.46957397460938, 96.5304183959961, 107.69004821777344, 92.99129486083984, 91.8670425415039, 80.66787719726562, 95.69847869873047, 87.62891387939453, 99.90899658203125, 