{"testproblem": "mnist_mlp", "batch_size": 128, "num_epochs": 100, "random_seed": 42, "weight_decay": null, "optimizer_hyperparams": {"lr": 0.1}, "train_losses": [2.3034798334806394, 2.1184666523566613, 2.3038254426075864, 2.3068560728659997, 2.3044361151181736, 2.3060260094129124, 2.311089372023558, 2.304613538277455, 2.3157630150134745, 2.3086800361290956, 2.306362494444236, 2.3060386792207375, 2.3080590015802627, 2.303473283083011, 2.305520537572029, 2.3034638533225427, 2.3050542733608146, 2.3043610560588346, 2.3058260832077417, 2.3112113995429797, 2.3075623573401036, 2.305228208884215, 2.3060601705159898, 2.3040305253786917, 2.3068738747865725, 2.307655456738594, 2.306915827286549, 2.3063744826194568, 2.302799010888124, 2.3107560047736535, 2.3089934495779185, 2.3156339266361337, 2.309809311842307, 2.3110414070960803, 2.30678085791759, 2.3033854839129324, 2.302504172691932, 2.3050030897825193, 2.306509134096977, 2.3095722870948987, 2.3099866524720802, 2.3049348011994972, 2.3149039775897293, 2.3193867206573486, 2.309018144240746, 2.306259195009867, 2.3060827377514963, 2.3040399092894335, 2.3076748786828456, 2.306848030823928, 2.312475146391453, 2.307320909622388, 2.3089719521693692, 2.3043987231376843, 2.3067523455008483, 2.3055810775512304, 2.323853627229348, 2.3117710993840146, 2.302872816721598, 2.3034703823236318, 2.3138344073906922, 2.30712876870082, 2.3074143758186927, 2.311212860620939, 2.306835773663643, 2.3189763992260666, 2.3018585443496704, 2.311831853328607, 2.3080612543301706, 2.3104048661696606, 2.312763675665244, 2.3066726189393263, 2.306710558059888, 2.3029222091039023, 2.3034339195642715, 2.304595763866718, 2.30457848463303, 2.309940970860995, 2.3062167045397635, 2.3038737773895264, 2.3069716478005433, 2.304946767978179, 2.3093327711790037, 2.306455997320322, 2.302670729465974, 2.306599265489823, 2.3084039871509257, 2.306184845092969, 2.3072728591087537, 2.302086591720581, 2.303834679799202, 2.305107819728362, 2.3132493771039524, 2.303592501542507, 2.3097820159716482, 2.3118963027611756, 2.3071690369875, 2.306637806770129, 2.3066482788477187, 2.306127878335806, 2.3037139421854262], "test_losses": [2.3034419279832106, 2.1115605663030577, 2.3031060114884987, 2.305347543496352, 2.3042177970592794, 2.3073296883167367, 2.3086002423213077, 2.305379806420742, 2.312504667502183, 2.3077841110718555, 2.3063005667466383, 2.304549351716653, 2.3080322406230827, 2.3038576413423586, 2.306233464143215, 2.3033421467512083, 2.3078397512435913, 2.3044668344350963, 2.3039841193419237, 2.31392948444073, 2.3055679492461376, 2.3041137548593373, 2.307251976086543, 2.3030112431599545, 2.3072438729115023, 2.311049516384418, 2.3103884611374292, 2.3041454400771704, 2.30195397291428, 2.308249296286167, 2.309532186923883, 2.31341880101424, 2.3070632311014028, 2.3127856224011154, 2.3074540388889804, 2.3038715521494546, 2.3027675182391434, 2.3051225680571337, 2.307147044401902, 2.309296977825654, 2.309284115448976, 2.3035097213891835, 2.313689317458715, 2.313855773363358, 2.3058821635368543, 2.3084125304833436, 2.3048972349900465, 2.303854710016495, 2.3081496006403213, 2.306342812684866, 2.309160122504601, 2.3066414136153, 2.30761994765355, 2.3054140500533276, 2.305744935304691, 2.304218588731228, 2.3239154662841406, 2.312690120476943, 2.302706797917684, 2.303950624588208, 2.312168081601461, 2.3071610621916943, 2.304545659285325, 2.3084535476488943, 2.304431927509797, 2.313903787197211, 2.3043282429377236, 2.3130063766088242, 2.3079630870085497, 2.3097062966762443, 2.3131591387284107, 2.3062355732306457, 2.306018135486505, 2.303673337667416, 2.3031102816263833, 2.304906829809531, 2.304909431017362, 2.308714133042556, 2.3057162853387685, 2.303595793552888, 2.3067886401445437, 2.3061376901773305, 2.3095062909982143, 2.3070465326309204, 2.3031719067157845, 2.307275481713124, 2.3107714530749197, 2.307729265628717, 2.3077239776268983, 2.3031890789667764, 2.3029769842441263, 2.3066137540034757, 2.311331718395918, 2.30327854401026, 2.307999937962263, 2.3115545236147366, 2.30518585901994, 2.3061613547496305, 2.3064816212042785, 2.306910979442107, 2.3036297987668943], "train_accuracies": [0.08543669871794872, 0.17678285256410256, 0.11117788461538461, 0.09685496794871795, 0.09955929487179487, 0.09845753205128205, 0.09505208333333333, 0.09635416666666667, 0.1123798076923077, 0.11217948717948718, 0.10306490384615384, 0.10947516025641026, 0.09715544871794872, 0.10196314102564102, 0.09955929487179487, 0.11017628205128205, 0.10817307692307693, 0.11318108974358974, 0.10486778846153846, 0.1045673076923077, 0.09795673076923077, 0.10977564102564102, 0.11478365384615384, 0.09775641025641026, 0.09705528846153846, 0.12049278846153846, 0.11448317307692307, 0.09505208333333333, 0.11608573717948718, 0.09965945512820513, 0.10376602564102565, 0.09905849358974358, 0.10817307692307693, 0.10506810897435898, 0.09915865384615384, 0.10086137820512821, 0.10647035256410256, 0.10236378205128205, 0.10116185897435898, 0.10106169871794872, 0.1123798076923077, 0.10236378205128205, 0.1015625, 0.10767227564102565, 0.11207932692307693, 0.10837339743589744, 0.09705528846153846, 0.10927483974358974, 0.11408253205128205, 0.10887419871794872, 0.11468349358974358, 0.09835737179487179, 0.09765625, 0.10096153846153846, 0.1038661858974359, 0.11217948717948718, 0.10546875, 0.09795673076923077, 0.0985576923076923, 0.10556891025641026, 0.11318108974358974, 0.0960536858974359, 0.11077724358974358, 0.10697115384615384, 0.10076121794871795, 0.09445112179487179, 0.11708733974358974, 0.09865785256410256, 0.09915865384615384, 0.11087740384615384, 0.10286458333333333, 0.10797275641025642, 0.11288060897435898, 0.09905849358974358, 0.11478365384615384, 0.11278044871794872, 0.11468349358974358, 0.09044471153846154, 0.10146233974358974, 0.11227964743589744, 0.10356570512820513, 0.11338141025641026, 0.10216346153846154, 0.09845753205128205, 0.10827323717948718, 0.0992588141025641, 0.10476762820512821, 0.11368189102564102, 0.09965945512820513, 0.11137820512820513, 0.10767227564102565, 0.10877403846153846, 0.10346554487179487, 0.11197916666666667, 0.09435096153846154, 0.10266426282051282, 0.09895833333333333, 0.11438301282051282, 0.10877403846153846, 0.11698717948717949, 0.11067708333333333],