{"testproblem": "fmnist_mlp", "batch_size": 128, "num_epochs": 100, "random_seed": 42, "weight_decay": null, "optimizer_hyperparams": {"lr": 0.0001}, "train_losses": [2.3021158377329507, 0.5599398379906629, 0.44572977568858707, 0.4022842775552701, 0.3863546594213217, 0.34944232744284165, 0.34787443031867343, 0.3385966297907707, 0.32651665596625745, 0.3312496772179237, 0.29338110295625835, 0.30075154186059266, 0.29244568122503084, 0.27579779579089236, 0.27093634200401795, 0.25969445094084126, 0.25538867501876295, 0.2395507431565187, 0.22897533843150505, 0.236817160095924, 0.22767178933971968, 0.21087195485448226, 0.20753581344317168, 0.2103869588329242, 0.21069382799741548, 0.20178655305734047, 0.1824177640179793, 0.1790549116065869, 0.1881816019423497, 0.1687753357184239, 0.16770069673657417, 0.1908560853738051, 0.14130094594871387, 0.15989830421331602, 0.13249796585967907, 0.14273150169696563, 0.13423264666627616, 0.12285697226149914, 0.12361473518495376, 0.11557310896042065, 0.11323907455572715, 0.10546391734328026, 0.11033757804678036, 0.10197864692562665, 0.09705114488800366, 0.09030515237305409, 0.08444401913155349, 0.090704973309468, 0.08495670619110267, 0.07947380449145268, 0.08168285516783214, 0.06777953557096995, 0.0829675970121454, 0.07658153337736924, 0.05363385080813597, 0.06709370554353182, 0.074626788449211, 0.06262072077832925, 0.04922063569896496, 0.0514493421293222, 0.06959072464647201, 0.06769262340206367, 0.12408057781748283, 0.04198384860482735, 0.06109714078215452, 0.05118436784220812, 0.03288994746234936, 0.03841926852384439, 0.03329689154783503, 0.07095467227582748, 0.03804316629584019, 0.03233664152093041, 0.03333725039966595, 0.03607019708038141, 0.04939162204615199, 0.028237334058548395, 0.03592680865086806, 0.03234138284236766, 0.031595610631391026, 0.048540113075899005, 0.023173206258947268, 0.023933637188747525, 0.022646082959209498, 0.04920641891658306, 0.02109536860520259, 0.02627319363781657, 0.020545234706682656, 0.020000989542891964, 0.021188756259970177, 0.020706477634704266, 0.019664739216797244, 0.02110226586078986, 0.02883962034367216, 0.025951035965520602, 0.021480076426926713, 0.019805749967837565, 0.025973263148887035, 0.015748300291120242, 0.015446768661674399, 0.022895087207404848, 0.012122102183265945], "test_losses": [2.3022368321051965, 0.5652496700103466, 0.4738870278382913, 0.444555884370437, 0.4241748564900496, 0.40756702728760547, 0.3952201367952885, 0.3855738355181156, 0.3839614410430957, 0.3852753950617252, 0.3541000412824826, 0.3608068627042648, 0.35726820008876997, 0.3447115048766136, 0.33708809316158295, 0.33717081084465367, 0.33433054769650483, 0.3271632716059685, 0.32027601240537107, 0.33010131388138503, 0.3184804156040534, 0.3213712336161198, 0.31459756940603256, 0.3197442761216408, 0.32797750945274645, 0.32546130262124234, 0.3145736880027331, 0.31706010301907855, 0.33145081710356933, 0.32563895827684647, 0.32983664308602995, 0.34254770305676335, 0.3217156477845632, 0.33002852018062884, 0.3253976706510935, 0.32651251535385084, 0.3289722754405095, 0.3285630678710265, 0.3383335465422043, 0.3381935554819229, 0.3471299910392517, 0.33845080034090924, 0.3559341147924081, 0.36118498864846355, 0.357901258346362, 0.3749839182083423, 0.36082052821532273, 0.37892062646838337, 0.3937706830791938, 0.40047733638531124, 0.40002238616729396, 0.38971096926774734, 0.41818200242825043, 0.42487896520357865, 0.4042527022270056, 0.43090239472878283, 0.4575659556266589, 0.4363751205114218, 0.43456451556621456, 0.4465755994121234, 0.49651786837822354, 0.4993548328295732, 0.5849224749283913, 0.4757960448280359, 0.5093338298491943, 0.5038576960945741, 0.4914211825682567, 0.5038206783624796, 0.5013581791367286, 0.5742352828383446, 0.5273235390583674, 0.5372640937566757, 0.5488286413825475, 0.5600978017617495, 0.5760405271863326, 0.5591323610681754, 0.5686652100621126, 0.5797115929233723, 0.5638950814803442, 0.6074482607535827, 0.5590278811943836, 0.5715991678910378, 0.570013569142574, 0.6553354454346192, 0.6127854329653275, 0.5937129711875548, 0.626927623190941, 0.6159687321155499, 0.6123391363101128, 0.604461082472251, 0.6356099982483264, 0.6520844650192138, 0.6626379121190462, 0.6503888907340857, 0.6586485468806365, 0.6733365116211084, 0.6521945018798877, 0.6644055839532461, 0.6609929320521843, 0.7009635323133224, 0.7020662214893562], "train_accuracies": [0.10817307692307693, 0.8074919871794872, 0.8431490384615384, 0.8555689102564102, 0.8607772435897436, 0.8760016025641025, 0.8773036858974359, 0.8784054487179487, 0.8855168269230769, 0.8786057692307693, 0.8985376602564102, 0.8928285256410257, 0.8935296474358975, 0.8982371794871795, 0.9038461538461539, 0.9051482371794872, 0.9048477564102564, 0.9125600961538461, 0.9165665064102564, 0.9119591346153846, 0.9168669871794872, 0.92578125, 0.9252804487179487, 0.9208733974358975, 0.9246794871794872, 0.9275841346153846, 0.934395032051282, 0.9354967948717948, 0.9315905448717948, 0.9379006410256411, 0.9381009615384616, 0.9298878205128205, 0.950020032051282, 0.94140625, 0.9532251602564102, 0.9483173076923077, 0.9537259615384616, 0.9582331730769231, 0.9572315705128205, 0.9606370192307693, 0.9610376602564102, 0.9636418269230769, 0.9594350961538461, 0.9638421474358975, 0.9663461538461539, 0.9673477564102564, 0.9716546474358975, 0.9668469551282052, 0.967948717948718, 0.9715544871794872, 0.9701522435897436, 0.9792668269230769, 0.9701522435897436, 0.9728565705128205, 0.9825721153846154, 0.9755608974358975, 0.9730568910256411, 0.9772636217948718, 0.9850761217948718, 0.9825721153846154, 0.9747596153846154, 0.9742588141025641, 0.9519230769230769, 0.9867788461538461, 0.9774639423076923, 0.981270032051282, 0.9897836538461539, 0.9877804487179487, 0.989082532051282, 0.973457532051282, 0.9866786858974359, 0.9881810897435898, 0.9876802884615384, 0.9871794871794872, 0.9809695512820513, 0.9906850961538461, 0.9870793269230769, 0.98828125, 0.9894831730769231, 0.9798677884615384, 0.9924879807692307, 0.9925881410256411, 0.9932892628205128, 0.9806690705128205, 0.9926883012820513, 0.9910857371794872, 0.9932892628205128, 0.9935897435897436, 0.992988782051282, 0.9927884615384616, 0.9930889423076923, 0.9922876602564102, 0.9892828525641025, 0.9908854166666666, 0.9910857371794872, 0.9928886217948718, 0.9911858974358975, 0.9942908653846154, 0.9947916666666666, 0.9924879807692307, 0.9961939102564102],