{"train_losses": [353.9337594168527, 261.06844220842635, 227.09210859026228, 186.11140659877233, 225.19655064174108, 311.0072108677455, 205.55040413992745, 242.56338718959265, 219.88623264857702, 242.57565307617188, 140.59110369001115, 172.2257581438337, 157.54246956961495, 190.83166721888952, 130.0602024623326, 144.14986528669084, 161.14759608677454, 143.00531441824776, 111.80348750523159, 133.48559897286552, 141.4901624407087, 161.4104287283761, 128.9817406790597, 141.3635995047433, 160.2551552908761, 138.77547781808036, 129.89271872384208, 127.60794067382812, 140.50460815429688, 125.25992039271763, 129.71272822788782, 112.83755493164062, 139.83109610421317, 112.09691292898995, 123.16084834507534, 124.5049558367048, 127.16321781703404, 124.65505654471261, 125.11537388392857, 126.86436680385044, 130.3315647670201, 119.85679081508091, 117.18673815046039, 123.975830078125, 114.05554853166852, 109.8312508719308, 107.2421155657087, 105.8110122680664, 107.299074445452, 100.96535927908761, 98.93703896658761, 106.65164838518415, 99.89595031738281, 102.88894653320312, 101.31233542306083, 102.52743966238839, 102.83608027866909, 102.21026829310826, 100.05988202776227, 102.31410762241909, 97.1015374319894, 96.35306549072266, 97.93595123291016, 93.2306638445173, 94.94140298025948, 92.920163835798, 94.56355939592633, 95.86226218087333, 93.5530984061105, 94.23756081717355, 97.79375784737724, 96.19841766357422, 97.51479666573661, 97.36633845738002, 97.77833012172154, 99.03582654680524, 97.00007847377232, 96.29565320696149, 97.83556038992745, 95.60516466413226, 96.60499463762555, 96.61410195486886, 95.955324445452, 97.30276598249164, 96.7561285836356, 97.6836929321289, 98.76161847795758, 98.0316903250558, 98.98753029959542, 100.25888388497489, 99.24646432059151, 99.91178022112165, 99.15674155099052, 99.16189466203961, 99.67375074114118, 98.17085375104632, 98.22147260393415, 98.56569235665458, 97.88071986607143, 98.30050114222935, 97.8993889944894], "test_losses": [353.44676426478793, 267.1652526855469, 227.36353193010603, 187.33113316127233, 230.2732434953962, 309.4584481375558, 207.99846758161272, 244.6534423828125, 218.79522705078125, 247.71976797921317, 141.7678724016462, 172.46805245535714, 162.72833469935827, 192.40943472726005, 132.91379874093192, 147.1548352922712, 162.53131975446428, 148.3539559500558, 113.06893593924386, 133.78726523263114, 146.92227826799666, 163.42701285226005, 130.1729256766183, 144.25748334612166, 162.9789581298828, 143.05067879813058, 131.11692810058594, 129.76004028320312, 146.88897051130022, 127.54166194370815, 131.29516383579798, 117.29161289760044, 143.46602957589286, 115.54189736502511, 124.93600136893136, 127.34048679896763, 132.34104919433594, 126.21685137067523, 126.95911952427456, 131.40606035505022, 133.22914341517858, 122.7539803641183, 119.96366010393415, 127.04117039271763, 118.43250492640904, 111.99590519496373, 109.78175462995257, 110.10683332170758, 109.81677791050502, 103.64863913399833, 101.93145206996373, 109.23374394008091, 103.36558750697544, 105.14732469831195, 103.63297162737165, 106.2141843523298, 105.34285518101284, 104.79463849748883, 103.10248674665179, 104.97698756626674, 100.37471989222935, 98.8977552141462, 100.37291608537946, 96.64181845528739, 97.46293313162667, 95.39607892717633, 97.52852412632534, 98.44017900739398, 96.4433833530971, 96.84691946847099, 100.36970846993583, 99.33855656215123, 100.05426243373326, 100.0957260131836, 100.92650822230748, 101.6465595790318, 99.85972159249442, 99.19461059570312, 100.5537599836077, 98.5577152797154, 99.2503890991211, 99.48515101841518, 98.98856353759766, 99.82504599434989, 99.6718510219029, 100.72010149274554, 101.43197195870536, 100.9568372453962, 101.89630562918526, 103.2025146484375, 102.20713806152344, 102.58425576346261, 102.20329938616071, 102.20333208356585, 102.28724997384208, 101.0956290108817, 101.20945848737445, 101.39525931222099, 100.74782453264508, 101.07088470458984, 100.89306531633649], "minibatch_train_losses": [369.72540283203125, 115.76026153564453, 436.249267578125, 260.237548828125, 204.0696563720703, 373.4613342285156, 172.07867431640625, 260.40155029296875, 294.19146728515625, 185.7757568359375, 295.8263854980469, 234.19058227539062, 222.46417236328125, 287.82513427734375, 219.7659912109375, 229.75088500976562, 281.82086181640625, 257.8858947753906, 182.57034301757812, 286.6317138671875, 243.30429077148438, 195.89901733398438, 293.7115783691406, 241.75546264648438, 215.59085083007812, 309.470947265625, 173.90362548828125, 255.4350128173828, 233.59671020507812, 201.83444213867188, 296.06646728515625, 165.25830078125, 253.64381408691406, 288.8392028808594, 122.98727416992188, 297.6620788574219, 255.5589599609375, 189.9174041748047, 321.86749267578125, 213.38946533203125, 236.78004455566406, 249.4677734375, 198.72914123535156, 242.78182983398438, 211.34796142578125, 237.18106079101562, 263.105224609375, 186.51486206054688, 238.4450225830078, 249.80809020996094, 184.80886840820312, 207.2945098876953, 256.3212585449219, 195.95089721679688, 179.32786560058594, 259.73980712890625, 218.87583923339844, 179.3160400390625, 295.9302978515625, 212.46676635742188, 221.01834106445312, 233.7039794921875, 193.7222442626953, 233.8313751220703, 165.506103515625, 220.365478515625, 280.2348937988281, 124.32594299316406, 256.0276794433594, 253.57656860351562, 138.50582885742188, 221.88583374023438, 228.44468688964844, 210.62680053710938, 173.66207885742188, 221.95028686523438, 230.73684692382812, 180.92022705078125, 175.79295349121094, 267.9887390136719, 176.41439819335938, 186.9014892578125, 226.24624633789062, 204.62457275390625, 162.25721740722656, 188.73016357421875, 236.32196044921875, 150.21739196777344, 166.1114501953125, 236.1788787841797, 153.05990600585938, 186.59759521484375, 194.81202697753906, 202.66384887695312, 223.55520629882812, 133.93167114257812, 223.56248474121094, 194.5663604736328, 134.9954833984375, 191.58602905273438, 213.67892456054688, 169.16200256347656, 179.75497436523438, 207.85623168945312, 187.6831817626953, 154.80679321289062, 177.5904541015625, 209.251220703125, 147.62001037597656, 159.50772094726562, 199.0155029296875, 175.1913604736328, 162.59249877929688, 167.98194885253906, 242.06845092773438, 152.4764404296875, 151.00424194335938, 216.57394409179688, 150.36810302734375, 142.05755615234375, 176.99673461914062, 196.00665283203125, 171.52459716796875, 136.21109008789062, 218.82794189453125, 169.53268432617188, 114.77473449707031, 204.94317626953125, 195.85992431640625, 143.6508331298828, 167.13206481933594, 203.08151245117188, 164.54690551757812, 136.94866943359375, 180.42906188964844, 234.7013397216797, 116.86727905273438, 181.89622497558594, 222.68504333496094, 132.63299560546875, 140.23744201660156, 197.35894775390625, 184.30552673339844, 133.9998016357422, 172.33004760742188, 205.76995849609375, 137.25418090820312, 156.22682189941406, 187.5545654296875, 191.79071044921875, 165.17910766601562, 154.33047485351562, 215.94277954101562, 144.59765625, 128.19677734375, 205.7984619140625, 176.23915100097656, 138.38832092285156, 199.35443115234375, 180.10008239746094, 157.99325561523438, 141.46432495117188, 172.4564208984375, 196.88717651367188, 125.2700424194336, 160.91732788085938, 217.0225372314453, 126.37262725830078, 155.52403259277344, 187.73182678222656, 186.59619140625, 157.7528839111328, 162.72415161132812, 201.9116668701172, 144.58892822265625, 135.709716796875, 174.36434936523438, 182.37667846679688, 137.23202514648438, 159.09986877441406, 208.59791564941406, 135.56298828125, 129.92977905273438, 192.70643615722656, 160.241455078125, 133.14553833007812, 158.56900024414062, 183.1338653564453, 144.82395935058594, 127.60890197753906, 175.45765686035156, 196.1621551513672, 109.731689453125, 168.7198028564453, 199.10836791992188, 105.9801025390625, 139.56192016601562, 171.28619384765625, 154.66812133789062, 133.04373168945312, 142.98046875, 198.74581909179688, 116.90020751953125, 124.2389907836914, 182.99127197265625, 