{"testproblem": "fmnist_mlp", "batch_size": 128, "num_epochs": 100, "random_seed": 42, "weight_decay": null, "optimizer_hyperparams": {"lr": 0.001}, "train_losses": [2.3021158377329507, 0.40568785675061053, 0.35966671793124616, 0.29097102888119525, 0.2775184670702005, 0.24447977924958253, 0.2409966780971258, 0.2324849089177755, 0.24681690965707487, 0.21156600308723938, 0.20458073092576784, 0.2074951201868363, 0.18934931787542808, 0.18778658046936378, 0.17216263386683586, 0.15623852973565078, 0.1609293544330658, 0.1425070641323542, 0.1602356782517372, 0.15748129555812249, 0.1506248135597278, 0.12476098952958217, 0.12948754611305702, 0.12374113758022968, 0.11996797701487175, 0.12662809485426316, 0.11222471416187592, 0.11550665675447537, 0.12241885089912476, 0.10163404682698922, 0.10336705808265087, 0.12577482795295042, 0.09419973228031243, 0.09242371130639161, 0.07189720935928516, 0.08735195382569845, 0.07510614679314387, 0.09454022863736519, 0.06598956116403525, 0.07291143526060459, 0.061815369372757584, 0.06467714117696652, 0.08248888073154749, 0.058578294152632736, 0.059828244555646025, 0.04541919116551677, 0.06126057800765221, 0.050800001499458, 0.05720583710055321, 0.0416740668245042, 0.0472047731328087, 0.05770571319720684, 0.048796333778554045, 0.052624229688006334, 0.043017397252603985, 0.04019197265211588, 0.04303651699461998, 0.0432696040504827, 0.03714882557352002, 0.03802324745517511, 0.04387485403089951, 0.0347681578893501, 0.03995038718223954, 0.027943976151828583, 0.027105387401743196, 0.03714064993441869, 0.04659051300050356, 0.04316591780680495, 0.020625465095807344, 0.021412360064016703, 0.031878691942741476, 0.03167189151430742, 0.02641467904695907, 0.0374842934573117, 0.05459733460194025, 0.05705967754459916, 0.058835895851445504, 0.03625866698507124, 0.03971310219584176, 0.026880273679032538, 0.02209001777168268, 0.01558044217288112, 0.027722432260186627, 0.047756145373941995, 0.02607845351434289, 0.03668868449779275, 0.020767623958631586, 0.024284481417196684, 0.041858520466261186, 0.029585887737667713, 0.020051757846839536, 0.058189518009431854, 0.031445754605393186, 0.015587603707666485, 0.02101734674607332, 0.04801587146730759, 0.02922781934746756, 0.01231633121959674, 0.03173582605086267, 0.016792443855546225, 0.03833467344968365], "test_losses": [2.3022368321051965, 0.429983662489133, 0.4095639330454362, 0.3556404656324631, 0.3448623810441066, 0.33756814381250966, 0.3293202293988986, 0.32540201128293306, 0.36028935664739364, 0.3339774073698582, 0.3280937188328841, 0.3288938661034291, 0.322586444994578, 0.34049293800042224, 0.34310544377718216, 0.3421162357315039, 0.3484458525975545, 0.3479396177408023, 0.37001501883451754, 0.37235864996910095, 0.39625745992629957, 0.37756108817381734, 0.36300558424912965, 0.37129359367566234, 0.4145591744245627, 0.43030133232092244, 0.4120802972943355, 0.4384609669064864, 0.45570429586447203, 0.45748766435262483, 0.42159870859140003, 0.4699094973695584, 0.4609849324975258, 0.5255551683979157, 0.45880935856929195, 0.49345105236921555, 0.5085591207712125, 0.5345982641745837, 0.4928768731844731, 0.5690925404047354, 0.5206051677083358, 0.6214345407027465, 0.594031361815257, 0.578920531540345, 0.5536700728803109, 0.6166268997849562, 0.5810327743872618, 0.5787653502745506, 0.6029232419454135, 0.6076448661012527, 0.6194652622708907, 0.7014412362224016, 0.6313552071268742, 0.6605966115991274, 0.5746130563127689, 0.6644551150309734, 0.6792390663654376, 0.7349213195534853, 0.7394943529596696, 0.6877784291521097, 0.7604664428493916, 0.7248745982845625, 0.6865529693089999, 0.7749496484414126, 0.7049088904108757, 0.7179207725402637, 0.7892233205911441, 0.7505410722432992, 0.7766879735848843, 0.701331014243456, 0.7849615009931418, 0.7486949689113177, 0.7371792590770966, 0.817533077719884, 0.8672254954775175, 0.7972171037242963, 0.7784228049791776, 0.7850602857577496, 0.899747453056849, 0.8035146429752692, 0.8075135499238968, 0.8574858754873276, 0.8593426323854007, 0.8296288767686257, 0.7562622208243761, 0.841585381863973, 0.8485330415841861, 0.7692131629356971, 0.8484561479626558, 0.874527616187548, 0.8637360655344449, 0.9066136223383439, 0.8247457547829702, 0.8442606578270594, 0.8175801982482275, 0.96461010323121, 0.8775320469568937, 0.9381246604980567, 0.8397268885985399, 0.9034816343814899, 0.9655275216851479], "train_accuracies": [0.10817307692307693, 0.8501602564102564, 0.8681891025641025, 0.8938301282051282, 0.8959334935897436, 0.9119591346153846, 0.9131610576923077, 0.9085536858974359, 0.9085536858974359, 0.9201722756410257, 0.9232772435897436, 0.9182692307692307, 0.9290865384615384, 0.9260817307692307, 0.9326923076923077, 0.9407051282051282, 0.9389022435897436, 0.9477163461538461, 0.9387019230769231, 0.9384014423076923, 0.942207532051282, 0.9529246794871795, 0.952323717948718, 0.9511217948717948, 0.9521233974358975, 0.9490184294871795, 0.9565304487179487, 0.9569310897435898, 0.9519230769230769, 0.9620392628205128, 0.9612379807692307, 0.9487179487179487, 0.9605368589743589, 0.9634415064102564, 0.9735576923076923, 0.9651442307692307, 0.9732572115384616, 0.9632411858974359, 0.9743589743589743, 0.9739583333333334, 0.9765625, 0.9753605769230769, 0.9672475961538461, 0.9768629807692307, 0.9766626602564102, 0.9815705128205128, 0.9770633012820513, 0.9800681089743589, 0.9769631410256411, 0.9844751602564102, 0.9819711538461539, 0.9774639423076923, 0.9813701923076923, 0.9790665064102564, 0.9844751602564102, 0.9856770833333334, 0.9844751602564102, 0.9841746794871795, 0.9865785256410257, 0.9865785256410257, 0.983573717948718, 0.9878806089743589, 0.9857772435897436, 0.9897836538461539, 0.9902844551282052, 0.9870793269230769, 0.9849759615384616, 0.9832732371794872, 0.9922876602564102, 0.9924879807692307, 0.9871794871794872, 0.9885817307692307, 0.9907852564102564, 0.9863782051282052, 0.9811698717948718, 0.9783653846153846, 0.9790665064102564, 0.9862780448717948, 0.9861778846153846, 0.9892828525641025, 0.9922876602564102, 0.9938902243589743, 0.9908854166666666, 0.9852764423076923, 0.9905849358974359, 0.9857772435897436, 0.9927884615384616, 0.9926883012820513, 0.9855769230769231, 0.9889823717948718, 0.9930889423076923, 0.9845753205128205, 0.9902844551282052, 0.9950921474358975, 0.991386217948718, 0.9827724358974359, 0.9900841346153846, 0.9957932692307693, 0.9863782051282052, 0.9939903846153846, 0.9872796474358975],