{"train_losses": [353.9337594168527, 108.3696049281529, 309.3570295061384, 120.79263414655414, 255.5184805733817, 131.7023151942662, 214.1004595075335, 129.4830562046596, 191.20332990373885, 123.27656773158482, 175.03370666503906, 123.06587328229632, 155.38819231305803, 132.54894256591797, 133.2995147705078, 141.2144557407924, 116.31331198556083, 142.34172930036272, 108.2109625680106, 134.64959498814173, 105.55273001534599, 126.51262555803571, 102.4751216343471, 121.35517338344029, 97.29170772007534, 120.56420026506696, 92.53709629603794, 118.34980010986328, 90.70171683175224, 114.37164960588727, 91.91442544119698, 108.06082807268415, 92.93078504289899, 103.46580287388393, 92.54583304268974, 100.42906079973493, 90.51077161516461, 98.85742841448102, 89.28937421526227, 96.54535130092076, 89.38450513567243, 93.78856222970145, 90.52919333321708, 91.04640633719308, 91.08592224121094, 89.57987322126117, 90.68382481166294, 88.8553957257952, 89.67516435895648, 88.40193939208984, 89.07669067382812, 87.45600237165179, 88.8901596069336, 86.45809936523438, 88.86014992850167, 85.86383165631976, 88.36898803710938, 85.8071038382394, 87.60671997070312, 86.03768266950335, 86.9001693725586, 85.96865626743862, 86.4892578125, 85.73553357805524, 86.34352329799107, 85.37563650948661, 86.08826555524554, 85.29458727155414, 85.80887385777065, 85.29048810686383, 85.45064108712333, 85.33035169328961, 85.32230486188617, 85.18402971540179, 85.25524575369698, 85.0342287336077, 85.26715414864677, 84.86544908796039, 85.14202226911273, 84.8597913469587, 85.0214593069894, 84.81583949497768, 84.8553237915039, 84.8262448992048, 84.82422855922154, 84.73235974993024, 84.75490025111607, 84.70390864780971, 84.75533294677734, 84.66326795305524, 84.6534674508231, 84.68128967285156, 84.61231667654855, 84.67350660051618, 84.54119546072823, 84.65475463867188, 84.54068429129464, 84.61211613246373, 84.52367292131696, 84.58715493338448, 84.51915849958148], "test_losses": [353.44676426478793, 111.3639417375837, 314.4503479003906, 122.18641117640904, 255.3927045549665, 135.53241184779577, 219.1572004045759, 130.55570002964564, 191.34122140066964, 127.43336050851005, 180.06164768763952, 124.32916586739677, 155.95612008231026, 136.61671883719308, 137.94981384277344, 142.7886962890625, 117.54327828543526, 146.2394060407366, 112.15531703404018, 136.2835191999163, 107.4531729561942, 130.4068865094866, 105.7359128679548, 122.76911054338727, 99.56970977783203, 124.54356711251395, 95.44186619349888, 119.58057730538505, 93.02725982666016, 118.26434326171875, 94.73586927141461, 109.43334306989398, 95.25850786481585, 107.02410561697823, 95.25839669363839, 102.19761221749442, 93.06963239397321, 102.06094360351562, 91.71487753731864, 98.64165387834821, 92.35080827985492, 96.86819675990513, 92.64530726841518, 93.21560995919364, 94.34690529959542, 92.74135044642857, 92.69349016462054, 90.96820286342076, 92.95060511997768, 91.60979788643974, 91.18567221505302, 89.60669381277901, 92.0207770211356, 89.52993447440011, 91.07942853655133, 88.18639373779297, 91.41363961356026, 88.65830775669643, 89.81511906215123, 88.52016884940011, 89.97415597098214, 88.6955315726144, 88.63314165387835, 88.25418744768415, 89.44505855015346, 88.11540222167969, 88.25378853934151, 87.77602059500558, 88.83490208217076, 88.0693588256836, 87.7514877319336, 87.81860678536552, 88.20385633196149, 87.92733110700335, 87.70837511335101, 87.60647691999164, 88.03456224714007, 87.5137961251395, 87.67570277622768, 87.52638462611607, 87.74417223249164, 87.38801029750279, 87.4051993233817, 87.5325448172433, 87.52978188650948, 87.28372628348214, 87.3186536516462, 87.40211486816406, 87.42354583740234, 87.22059631347656, 87.26086316789899, 87.37212480817523, 87.22504207066127, 87.22471836635044, 87.20200456891742, 87.36462293352399, 87.11257607596261, 87.14087023053851, 87.21620178222656, 87.32760184151786, 87.08243451799665], "minibatch_train_losses": [369.72540283203125, 339.16241455078125, 296.1474914550781, 237.36329650878906, 189.2694091796875, 137.6185302734375, 105.19136047363281, 112.0751724243164, 118.17403411865234, 154.70440673828125, 199.8704833984375, 228.79180908203125, 295.616455078125, 308.61187744140625, 300.51885986328125, 288.80706787109375, 272.3268737792969, 242.19580078125, 185.42965698242188, 167.57522583007812, 124.65217590332031, 119.45259094238281, 127.4739990234375, 150.4395751953125, 174.97512817382812, 204.89292907714844, 218.00209045410156, 225.83607482910156, 267.622314453125, 256.6535339355469, 240.69424438476562, 207.9065704345703, 184.36996459960938, 152.71328735351562, 131.0408935546875, 140.67733764648438, 129.81015014648438, 145.38739013671875, 163.0517578125, 174.9853973388672, 211.64463806152344, 215.71145629882812, 210.42605590820312, 201.58840942382812, 195.44796752929688, 185.6769256591797, 154.55471801757812, 151.14724731445312, 125.37648010253906, 125.60250091552734, 135.75955200195312, 150.57826232910156, 164.81016540527344, 173.17884826660156, 177.62997436523438, 170.72933959960938, 198.14727783203125, 189.22483825683594, 183.09266662597656, 160.8189697265625, 144.18576049804688, 132.07032775878906, 117.39481353759766, 132.38023376464844, 121.69371032714844, 135.7356414794922, 144.29098510742188, 150.75363159179688, 175.2537078857422, 176.09698486328125, 175.42684936523438, 166.93869018554688, 163.00332641601562, 160.21353149414062, 142.8428955078125, 137.12460327148438, 119.54866027832031, 120.71863555908203, 125.90459442138672, 131.21560668945312, 139.83331298828125, 141.45559692382812, 141.53121948242188, 134.9401092529297, 160.1037139892578, 158.2655487060547, 163.9657440185547, 153.69171142578125, 142.5116424560547, 143.89968872070312, 128.8648223876953, 139.71286010742188, 123.73798370361328, 131.08731079101562, 126.56527709960938, 119.54518127441406, 136.85482788085938, 130.84715270996094, 134.25477600097656, 132.3241729736328, 137.77239990234375, 146.031005859375, 143.385986328125, 144.00833129882812, 135.7377166748047, 140.34593200683594, 141.04664611816406, 136.15756225585938, 135.23471069335938, 128.06134033203125, 114.2386245727539, 103.40450286865234, 121.68577575683594, 118.17704772949219, 128.11459350585938, 127.499755859375, 126.81227111816406, 139.31935119628906, 133.1593017578125, 149.2120819091797, 135.78749084472656, 143.10720825195312, 132.88502502441406, 116.0811996459961, 126.98027038574219, 109.14158630371094, 108.28218078613281, 104.48445129394531, 110.12239074707031, 118.93968963623047, 118.4677505493164, 126.72713470458984, 122.76066589355469, 132.97381591796875, 138.40713500976562, 135.66651916503906, 135.539306640625, 127.78018951416016, 111.09198760986328, 99.175537109375, 111.362548828125, 102.64454650878906, 109.02786254882812, 108.0157241821289, 109.52523040771484, 119.02716064453125, 116.74050903320312, 134.99667358398438, 122.15897369384766, 130.91896057128906, 122.48005676269531, 108.43267059326172, 118.54340362548828, 100.47227478027344, 103.15597534179688, 100.11488342285156, 105.61341857910156, 112.22613525390625, 107.96905517578125, 118.47267150878906, 109.3927993774414, 118.01972961425781, 123.9711685180664, 121.76004028320312, 121.578125, 112.00382995605469, 101.5422134399414, 90.336181640625, 101.46162414550781, 95.1712417602539, 103.63412475585938, 104.7275619506836, 107.79419708251953, 114.6266860961914, 113.50439453125, 130.16827392578125, 114.33805847167969, 120.54777526855469, 111.059326171875, 99.61747741699219, 103.84837341308594, 88.25952911376953, 95.62260437011719, 92.58488464355469, 98.7105941772461, 105.7268295288086, 102.96296691894531, 115.10960388183594, 104.99329376220703, 114.89927673339844, 121.24241638183594, 119.15766143798828, 117.99880981445312, 104.59111785888672, 99.86935424804688, 84.81373596191406, 92.26748657226562, 87.45529174804688, 96.40977478027344, 97.94670104980469, 99.19287109375, 107.79777526855469, 106.79517364501953, 122.99346923828125, 109.11531829833984, 116.8424301147461, 109.18566131591797, 101.15716552734375, 