{"train_losses": [353.9337594168527, 131.98316301618303, 116.19182695661273, 106.35929216657367, 96.81970759800502, 92.19180733816964, 87.60511343819755, 86.66820962088448, 86.8439472743443, 86.96570151192802, 87.33580671037946, 87.50648934500558, 87.87694331577846, 88.39054325648716, 88.7651138305664, 89.1159918648856, 89.48607199532645, 89.76612418038505, 89.94957624162946, 90.08580126081195, 90.1578140258789, 90.15425654820034, 90.10404423304966, 90.03128596714565, 89.94395991734096, 89.85237230573382, 89.77051762172154, 89.70594024658203, 89.65959930419922, 89.63122885567802, 89.62063707624164, 89.62622179303851, 89.64516775948661, 89.67475891113281, 89.71294512067523, 89.75804356166294, 89.80853925432477, 89.8632093157087, 89.92113167898995, 89.98160008021763, 90.04396711077008, 90.10761260986328, 90.17193276541573, 90.23633139474052, 90.30020904541016, 90.36295100620815, 90.4239523751395, 90.4826420375279, 90.5384772164481, 90.59098379952567, 90.63974434988839, 90.68444061279297, 90.72482081821987, 90.76074872698102, 90.79216766357422, 90.81911795479911, 90.84171949114118, 90.86017826625279, 90.87476239885602, 90.8857890537807, 90.8936277117048, 90.89866529192243, 90.90129634312221, 90.90192413330078, 90.90094757080078, 90.89872741699219, 90.8956059047154, 90.89188602992466, 90.88783373151507, 90.88367462158203, 90.87959725516183, 90.87574986049107, 90.87224360874721, 90.86915915352958, 90.86654445103237, 90.86441911969867, 90.86278642926898, 90.86163112095424, 90.8609150477818, 90.86060224260602, 90.8606458391462, 90.86098153250558, 90.86155482700893, 90.86231013706752, 90.86318097795758, 90.86411503383091, 90.86505889892578, 90.86595698765346, 90.86676570347377, 90.86743818010602, 90.86794063023159, 90.86822945731026, 90.86828177315849, 90.86806924002511, 90.86756787981305, 90.86676570347377, 90.86563655308315, 90.86418805803571, 90.86238861083984, 90.86025565011161, 90.85778045654297], "test_losses": [353.44676426478793, 133.17130497523718, 118.59422738211495, 109.02554975237165, 99.37268720354352, 94.4550552368164, 90.12419019426618, 89.138918195452, 89.16272408621651, 89.25246320452008, 89.64938245500836, 89.82620348249164, 90.16002110072544, 90.6317116873605, 90.9800556727818, 91.32293265206474, 91.69378553118024, 91.97220720563617, 92.15448978969029, 92.29653494698661, 92.37954493931362, 92.38830239432198, 92.35116250174386, 92.2920172555106, 92.21742902483258, 92.13678087506976, 92.0640138898577, 92.0066659109933, 91.96568189348493, 91.94112069266183, 91.93326895577567, 91.94085911342076, 91.9612285069057, 91.99179949079242, 92.0307115827288, 92.07640838623047, 92.12744794573102, 92.18260301862445, 92.24096243722099, 92.30182647705078, 92.36454336983817, 92.428464617048, 92.49298204694476, 92.55747985839844, 92.62134443010602, 92.68396868024554, 92.74472917829242, 92.80304609026227, 92.85839407784599, 92.91026742117745, 92.95826830182757, 93.00206102643695, 93.04139491489956, 93.0761217389788, 93.10618591308594, 93.13162013462612, 93.1525410243443, 93.16915784563336, 93.18173326764789, 93.19058227539062, 93.19608197893415, 93.19862147739956, 93.19860294886998, 93.19644709995815, 93.19254520961216, 93.18728310721261, 93.1810062953404, 93.17404610770089, 93.16667066301618, 93.1591306413923, 93.15162331717355, 93.14431544712612, 93.13733673095703, 93.13077872140067, 93.1247057233538, 93.11914389474052, 93.11413247244698, 93.10963766915458, 93.10565839494977, 93.1021499633789, 93.09907967703683, 93.09640066964286, 93.09405408586774, 93.09200068882534, 93.09017617361886, 93.08852713448661, 93.0870110648019, 93.08557237897601, 93.08416857038226, 93.082761492048, 93.08131081717355, 93.07978057861328, 93.07814570835659, 93.07638004847935, 93.07446180071149, 93.07237025669643, 93.0700923374721, 93.06762041364398, 93.064939226423, 93.06204768589565, 93.05894361223493], "minibatch_train_losses": [369.72540283203125, 125.54535675048828, 199.70828247070312, 249.55288696289062, 182.34698486328125, 139.8443603515625, 96.64679718017578, 137.9667510986328, 160.76177978515625, 164.09205627441406, 137.94830322265625, 114.46598815917969, 101.00886535644531, 97.11366271972656, 114.42610168457031, 127.25495910644531, 125.67562866210938, 110.31874084472656, 89.19918060302734, 95.36927795410156, 92.39517211914062, 114.06320190429688, 106.99267578125, 106.40911865234375, 96.30542755126953, 86.81808471679688, 96.21092987060547, 89.23727416992188, 98.00567626953125, 92.79241943359375, 94.51953125, 93.0219497680664, 87.38322448730469, 89.99089050292969, 82.7010269165039, 97.83840942382812, 90.59549713134766, 92.032958984375, 91.08534240722656, 85.36101531982422, 94.53390502929688, 83.43577575683594, 90.08314514160156, 86.51930236816406, 91.15113830566406, 90.77991485595703, 86.65097045898438, 88.77392578125, 79.46061706542969, 90.61027526855469, 86.4132080078125, 90.74234008789062, 91.72736358642578, 84.55319213867188, 90.94671630859375, 79.2257080078125, 90.79441833496094, 88.07627868652344, 91.58879852294922, 90.74467468261719, 85.13034057617188, 90.90618133544922, 80.42500305175781, 90.1376953125, 88.09083557128906, 91.97413635253906, 91.3457260131836, 85.15608215332031, 91.05504608154297, 81.08084106445312, 91.41706848144531, 88.33611297607422, 92.62826538085938, 92.10662078857422, 84.95626831054688, 92.42512512207031, 81.9408187866211, 91.39570617675781, 88.34728240966797, 93.0584487915039, 92.36795806884766, 85.45857238769531, 92.09510803222656, 82.26788330078125, 91.6473388671875, 88.32344818115234, 93.15788269042969, 92.95980834960938, 85.72279357910156, 92.15742492675781, 82.4835205078125, 92.45817565917969, 88.70731353759766, 93.41435241699219, 93.44503784179688, 85.97593688964844, 92.70630645751953, 82.91915893554688, 92.78782653808594, 88.99093627929688, 93.66375732421875, 93.73489379882812, 86.39950561523438, 92.70063781738281, 83.20763397216797, 93.0853271484375, 89.09562683105469, 93.7337646484375, 94.08592987060547, 86.72651672363281, 92.62435150146484, 83.27528381347656, 93.5577392578125, 89.28713989257812, 93.72762298583984, 94.3408432006836, 86.97614288330078, 92.76480865478516, 83.27647399902344, 93.85063171386719, 89.52484130859375, 93.7074203491211, 94.4266357421875, 87.25855255126953, 92.86051177978516, 83.22320556640625, 93.98230743408203, 89.749755859375, 93.6999282836914, 94.4630355834961, 87.50476837158203, 92.92581176757812, 83.1253662109375, 94.1151123046875, 90.00296020507812, 93.72384643554688, 94.46778106689453, 87.66651916503906, 93.09062957763672, 83.03459930419922, 94.19329833984375, 90.26321411132812, 93.7789077758789, 94.41292572021484, 87.7718276977539, 93.29529571533203, 82.96269226074219, 94.16650390625, 90.48580932617188, 93.85797119140625, 94.32746887207031, 87.82939147949219, 93.47030639648438, 82.90557861328125, 94.09220123291016, 90.6689453125, 93.95768737792969, 94.24928283691406, 87.83193969726562, 93.63330078125, 82.87274169921875, 94.01065826416016, 90.82305145263672, 94.0738296508789, 94.18339538574219, 87.79026794433594, 93.79367065429688, 82.87265014648438, 93.91749572753906, 90.9420166015625, 94.19677734375, 94.12945556640625, 87.72469329833984, 93.9258804321289, 82.90052795410156, 93.81883239746094, 91.02154541015625, 94.3165283203125, 94.09638977050781, 87.64787292480469, 94.01659393310547, 82.94760131835938, 93.73567199707031, 91.07049560546875, 94.42633056640625, 94.08891296386719, 87.56729888916016, 94.0744400024414, 83.00845336914062, 93.67738342285156, 91.10030364990234, 94.5230712890625, 94.1028060913086, 87.49051666259766, 94.1078109741211, 83.07958984375, 93.6411361694336, 91.1174087524414, 94.60597229003906, 94.13276672363281, 87.42347717285156, 94.11851501464844, 83.15708923339844, 93.62498474121094, 91.12564086914062, 94.67521667480469, 94.17593383789062, 87.36857604980469, 94.10955047607422, 83.23687744140625, 93.62962341308594, 91.12928009033203, 94.73136901855469, 94.22948455810547, 87.3259506225586, 94.08720397949219, 83.3157730102539, 93.65345001220703, 91.13220977783203, 94.77564239501953, 