{"testproblem": "fmnist_mlp", "batch_size": 128, "num_epochs": 100, "random_seed": 42, "weight_decay": null, "optimizer_hyperparams": {"lr": 0.1}, "train_losses": [2.3021158377329507, 2.3038797837037306, 2.304394324620565, 2.305182790144896, 2.3077210310177927, 2.3064620861640344, 2.305536484106993, 2.308140577414097, 2.3079067132411857, 2.307740563001388, 2.3073510909691834, 2.310530347701831, 2.31250175451621, 2.3116902112960815, 2.309698774264409, 2.3091899951299033, 2.304738136438223, 2.3051817325445323, 2.3105444480211306, 2.310007611910502, 2.309224694203108, 2.3073231959954286, 2.3145008790187345, 2.3108366330464682, 2.3077372251412807, 2.3082817456661124, 2.308904638657203, 2.308799275985131, 2.3129703448368955, 2.3137471675872803, 2.313789514394907, 2.3062904003338938, 2.3107622342231946, 2.3054037858278322, 2.3085093100865683, 2.307070646530543, 2.311820904413859, 2.307821652828119, 2.3075462732559595, 2.3106173246334762, 2.3166229999982395, 2.3079606691996255, 2.3049398018763614, 2.312065769464542, 2.308303735195062, 2.3065128601514377, 2.3081385630827684, 2.310010307874435, 2.305430140250768, 2.305758677996122, 2.3082174826890993, 2.304488127048199, 2.3082618010349765, 2.306599968518966, 2.3135573863983154, 2.308435247494624, 2.3095811788852396, 2.3096784628354587, 2.3108773965101976, 2.3051748795387073, 2.3094502137257504, 2.305661928959382, 2.3101250177774673, 2.3052173455556235, 2.30935376118391, 2.3086641354438586, 2.3108651546331553, 2.307569968394744, 2.312727105923188, 2.306857488094232, 2.310954524920537, 2.3066797042504334, 2.3105943508637257, 2.306722106077732, 2.305869383689685, 2.3102059180919943, 2.313748601155403, 2.3107540821417785, 2.3093754205948267, 2.315587642865303, 2.3115951311893954, 2.307463927146716, 2.3085951682848806, 2.309623706035125, 2.309962410193223, 2.3098232562725363, 2.3112513040884948, 2.308947722117106, 2.311438572712434, 2.304800406480447, 2.306895191852863, 2.3090935211915236, 2.3067352160429344, 2.3046744542244153, 2.3161290364387708, 2.3113857079774904, 2.308987651115809, 2.3067965171275993, 2.305320348495092, 2.3062224021324744, 2.312598949823624], "test_losses": [2.3022368321051965, 2.304446367117075, 2.304545555359278, 2.3047999754930153, 2.3072732197932706, 2.3082846311422496, 2.306686859864455, 2.3078924325796275, 2.3074857882964306, 2.30727136746431, 2.3067169739649844, 2.310265608322926, 2.3120959538679857, 2.3112424275813956, 2.309671539526719, 2.3090446484394564, 2.3049459273998556, 2.305356951860281, 2.309586240695073, 2.3103967966177525, 2.307189397322826, 2.307330458592146, 2.3113421568503747, 2.3094979402346487, 2.3088342195902114, 2.306608811402932, 2.311331574733441, 2.308495011085119, 2.313865065574646, 2.3130360688918676, 2.3126341899236045, 2.3058037421642203, 2.3099145033420663, 2.305650585736984, 2.307229968217703, 2.3076469959356847, 2.3119360697575106, 2.30810075539809, 2.306415842129634, 2.309743193479685, 2.315674204092759, 2.3094395979856834, 2.3063219785690308, 2.3105107820951023, 2.3080902894337973, 2.3072656331918178, 2.3078803496483045, 2.3120337510720277, 2.3060384010657287, 2.305831994765844, 2.3071908064377613, 2.3050577151469693, 2.3084918963603482, 2.306345520875393, 2.3108479090226, 2.308111847975315, 2.3099022247852425, 2.310410114435049, 2.3111222187678018, 2.3057882266166883, 2.3076433524107323, 2.3055624747887635, 2.308960211582673, 2.305327672224778, 2.309147147031931, 2.308670841730558, 2.309299322275015, 2.308124487216656, 2.3101266653109818, 2.3068882196377487, 2.311775265595852, 2.3070192428735585, 2.3110999174607105, 2.307937713769766, 2.3063820050312924, 2.3100548799221334, 2.3117367946184597, 2.310117449515905, 2.309956376369183, 2.3155159094394784, 2.311086293978569, 2.3087982061581735, 2.309636733470819, 2.3085085581510496, 2.309887253321134, 2.30917528959421, 2.3107057504164867, 2.3101049264272056, 2.311304052670797, 2.305766912607046, 2.307307188327496, 2.309856964991643, 2.3072291490359182, 2.304500069373693, 2.3144780703080006, 2.311005194981893, 2.3104404822374, 2.308059029090099, 2.305273410601494, 2.3073751009427586, 2.3112788108678965], "train_accuracies": [0.10817307692307693, 0.10306490384615384, 0.0967548076923077, 0.10056089743589744, 0.09545272435897435, 0.10346554487179487, 0.09495192307692307, 0.09975961538461539, 0.09765625, 0.09895833333333333, 0.09905849358974358, 0.10006009615384616, 0.09615384615384616, 0.10226362179487179, 0.09865785256410256, 0.10166266025641026, 0.09555288461538461, 0.10026041666666667, 0.09765625, 0.09985977564102565, 0.09715544871794872, 0.09715544871794872, 0.09585336538461539, 0.1024639423076923, 0.10126201923076923, 0.09745592948717949, 0.10366586538461539, 0.0946514423076923, 0.10076121794871795, 0.09755608974358974, 0.09755608974358974, 0.0967548076923077, 0.09845753205128205, 0.09965945512820513, 0.09835737179487179, 0.09745592948717949, 0.0985576923076923, 0.09885817307692307, 0.10076121794871795, 0.09965945512820513, 0.0946514423076923, 0.10116185897435898, 0.10767227564102565, 0.09785657051282051, 0.10006009615384616, 0.10406650641025642, 0.09745592948717949, 0.10036057692307693, 0.10026041666666667, 0.09965945512820513, 0.09805689102564102, 0.10186298076923077, 0.10647035256410256, 0.09985977564102565, 0.0967548076923077, 0.0992588141025641, 0.09515224358974358, 0.10286458333333333, 0.09835737179487179, 0.10076121794871795, 0.10196314102564102, 0.10146233974358974, 0.10076121794871795, 0.10356570512820513, 0.10176282051282051, 0.09525240384615384, 0.10106169871794872, 0.0985576923076923, 0.09735576923076923, 0.10516826923076923, 0.10346554487179487, 0.09945913461538461, 0.10426682692307693, 0.1031650641025641, 0.09775641025641026, 0.10126201923076923, 0.09334935897435898, 0.09835737179487179, 0.1024639423076923, 0.1015625, 0.09885817307692307, 0.10426682692307693, 0.10236378205128205, 0.09445112179487179, 0.09805689102564102, 0.10226362179487179, 0.09695512820512821, 0.09945913461538461, 0.09885817307692307, 0.10516826923076923, 0.10206330128205128, 0.10226362179487179, 0.10116185897435898, 0.09825721153846154, 0.09815705128205128, 0.10036057692307693, 0.09905849358974358, 0.0967548076923077, 0.09695512820512821, 0.10266426282051282, 0.09845753205128205],