{"testproblem": "fmnist_mlp", "batch_size": 128, "num_epochs": 100, "random_seed": 42, "weight_decay": null, "optimizer_hyperparams": {"lr": 0.6309573444801942}, "train_losses": [2.3021158377329507, 2.3109016173925157, 2.3136638280672903, 2.3140366841585207, 2.358851503103207, 2.3251998607928934, 2.320898554263971, 2.4051657487184572, 2.3434226451775966, 2.3205631910226283, 2.3359782634637294, 2.310120472541222, 2.3207235091771836, 2.322068581214318, 2.373959834759052, 2.336076632524148, 2.373392337407821, 2.3370619859450903, 2.363463982557639, 2.3132795829039354, 2.3320311858103824, 2.3350222966609855, 2.3277775263174987, 2.3456960152357054, 2.3389543264340134, 2.3241921968949146, 2.3287553909497385, 2.328777407988524, 2.360231787730486, 2.3399939047984586, 2.317537316909203, 2.3370850666975365, 2.3208551620825744, 2.3220600959582205, 2.3495674316699686, 2.3201448825689464, 2.3480342351473293, 2.3390305836995444, 2.328581385123424, 2.321438266680791, 2.335294781587063, 2.3243932601733084, 2.3349500405482755, 2.3711978594462075, 2.3334416303879175, 2.3163285775062366, 2.3212653001149497, 2.3387217154869666, 2.340393595206432, 2.3395223311888866, 2.3379662067462235, 2.3335700035095215, 2.3481724995833178, 2.3335092465082803, 2.3215079643787484, 2.3226577807695437, 2.3384617811594253, 2.317749478878119, 2.325209963016021, 2.320077685209421, 2.3466190741612363, 2.330469461587759, 2.327026495566735, 2.320681067613455, 2.319195677072574, 2.3158424511933937, 2.3284681821480775, 2.32546268365322, 2.3572917198523498, 2.3494333792955446, 2.320816614688971, 2.333436745863694, 2.321164464339232, 2.3229591785333095, 2.3385864924161863, 2.319549355751429, 2.324743879147065, 2.3134078276463046, 2.401907450113541, 2.3357173143289027, 2.3132330637711744, 2.335629778030591, 2.3425622964516664, 2.3392501610976, 2.327151977098905, 2.374744176864624, 2.334318900719667, 2.3315383043044653, 2.3365482550400953, 2.3485650618871055, 2.331578098810636, 2.3200906331722555, 2.3218468030293784, 2.337125206604982, 2.3642491163351598, 2.353266871892489, 2.356163737101433, 2.33119574876932, 2.347283421418606, 2.3264052806756434, 2.3211173247068357], "test_losses": [2.3022368321051965, 2.311097786976741, 2.3153776877965684, 2.3136241344305186, 2.3551575801311393, 2.3284938977314877, 2.3220733404159546, 2.4018400754684057, 2.342570852010678, 2.320103871516692, 2.3370264799166947, 2.310606993161715, 2.3252267012229333, 2.3216642844371305, 2.3756960263619056, 2.3342576057482987, 2.3668433733475513, 2.3371378855827527, 2.359284599622091, 2.312660935597542, 2.3280820815991135, 2.3325514059800367, 2.33274485820379, 2.345435380935669, 2.337205410003662, 2.3229914781374807, 2.3306619112308207, 2.3283791144688926, 2.357559552559486, 2.340102623670529, 2.318321781280713, 2.3392897630349183, 2.323364930275159, 2.322153390982212, 2.344237043307378, 2.322917333016029, 2.346545084928855, 2.338010705434359, 2.332555972612821, 2.3218340354088025, 2.3364658630811252, 2.3223755818146925, 2.330939699441959, 2.3687930412781544, 2.3339864046145706, 2.315416476665399, 2.3228833155754285, 2.337621973111079, 2.3393861666703835, 2.3457177663460755, 2.33454674635178, 2.330488146879734, 2.3444362053504357, 2.330169145877545, 2.321311455506545, 2.3212912999666653, 2.3389317102921314, 2.317635206075815, 2.3278300884442453, 2.325106987586388, 2.351958293181199, 2.3265276658229337, 2.3241198368561573, 2.3229904419336562, 2.3171978027392655, 2.316766063372294, 2.3316987508382554, 2.3248980198151026, 2.3564323584238687, 2.3489186335832644, 2.3180260872229552, 2.3366314417276626, 2.323083431292803, 2.3234625351734652, 2.3353999853134155, 2.3226316341987023, 2.3244372056080747, 2.31299234353579, 2.3957371161534238, 2.336544067431719, 2.314611725318126, 2.3361668586730957, 2.3434033760657678, 2.336052044844016, 2.326215420013819, 2.376372759158795, 2.332452783217797, 2.333880448952699, 2.3360451459884644, 2.3516514759797316, 2.3304477777236547, 2.3244438752149925, 2.321639672303811, 2.334150412143805, 2.360635980581626, 2.3474629475520206, 2.3554911460631933, 2.328728504669972, 2.3472005220559926, 2.325299480022528, 2.3203112192642994], "train_accuracies": [0.10817307692307693, 0.09885817307692307, 0.10406650641025642, 0.1006610576923077, 0.10056089743589744, 0.10226362179487179, 0.10627003205128205, 0.10006009615384616, 0.09785657051282051, 0.10296474358974358, 0.10026041666666667, 0.09775641025641026, 0.10196314102564102, 0.0985576923076923, 0.10166266025641026, 0.10436698717948718, 0.09745592948717949, 0.10056089743589744, 0.09805689102564102, 0.09935897435897435, 0.09595352564102565, 0.09935897435897435, 0.1031650641025641, 0.09785657051282051, 0.09985977564102565, 0.09715544871794872, 0.1038661858974359, 0.09755608974358974, 0.09885817307692307, 0.10046073717948718, 0.10927483974358974, 0.10306490384615384, 0.10096153846153846, 0.10056089743589744, 0.09475160256410256, 0.0992588141025641, 0.0985576923076923, 0.10036057692307693, 0.10606971153846154, 0.10296474358974358, 0.10196314102564102, 0.09965945512820513, 0.09895833333333333, 0.09795673076923077, 0.10176282051282051, 0.0999599358974359, 0.10326522435897435, 0.10056089743589744, 0.0985576923076923, 0.10106169871794872, 0.09975961538461539, 0.09445112179487179, 0.09565304487179487, 0.09585336538461539, 0.10677083333333333, 0.10396634615384616, 0.09645432692307693, 0.10256410256410256, 0.10196314102564102, 0.1024639423076923, 0.10026041666666667, 0.09765625, 0.09695512820512821, 0.10657051282051282, 0.09765625, 0.10036057692307693, 0.10266426282051282, 0.10046073717948718, 0.09755608974358974, 0.1006610576923077, 0.09565304487179487, 0.10366586538461539, 0.10526842948717949, 0.10496794871794872, 0.0985576923076923, 0.10506810897435898, 0.09735576923076923, 0.10206330128205128, 0.09915865384615384, 0.0953525641025641, 0.10016025641025642, 0.10076121794871795, 0.09975961538461539, 0.10226362179487179, 0.10116185897435898, 0.10256410256410256, 0.09815705128205128, 0.10076121794871795, 0.09915865384615384, 0.0985576923076923, 0.09935897435897435, 0.10166266025641026, 0.10136217948717949, 0.09755608974358974, 0.09845753205128205, 0.10096153846153846, 0.0999599358974359, 0.09795673076923077, 0.10306490384615384, 0.10326522435897435, 0.09965945512820513],