{"testproblem": "fmnist_mlp", "batch_size": 128, "num_epochs": 100, "random_seed": 42, "weight_decay": null, "optimizer_hyperparams": {"lr": 25.11886431509582, "momentum": 0.99}, "train_losses": [2.3021158377329507, 199.75884814140124, 183.67969395564154, 89.87702795175406, 156.48312769180689, 244.11866936316858, 133.9157097645295, 241.59932297926682, 315.0101866110777, 204.08838536189154, 251.5036646525065, 142.00437330588315, 193.0959977370042, 189.7880374223758, 208.7262731698843, 202.23467665452225, 196.26570325020032, 148.86804903470554, 216.5488306681315, 208.3107673449394, 84.81972190661308, 202.4787325736804, 193.8351117647611, 157.539485735771, 122.91721119024815, 172.63424643492087, 295.3353439722306, 247.35078840989334, 136.6503023000864, 223.15113282815005, 287.184083596254, 129.27562185434195, 258.41762073223407, 273.4158178476187, 135.74032005896936, 240.63074532533304, 154.0488054324419, 176.63087150378104, 133.0547821827424, 127.44382965870393, 165.1613515218099, 197.67549328926282, 123.70399416410007, 164.00840739714795, 119.26301300831331, 195.77289268298026, 126.48861449804062, 200.99905728071164, 160.08516125801282, 295.6927758241311, 307.66085111177887, 135.78740633451022, 210.5645984747471, 313.17983891413763, 145.39821292192508, 198.36724775265424, 198.19925807072565, 148.1124157049717, 75.17654863993327, 156.14696463560446, 184.91067446195163, 253.2844240237505, 84.9090193724021, 237.16255129300632, 194.74049749129858, 205.85397632305438, 250.44186792618189, 148.5407596490322, 156.27295723939554, 109.01094329051482, 181.86329357440655, 252.06646552452673, 86.5836816445375, 210.73030696771085, 181.64334595509064, 92.18060703766652, 240.40271837283404, 357.2271677652995, 232.20601184551532, 145.706114646716, 239.53757691994693, 168.16156416672928, 310.6491370567909, 198.4886167477339, 160.7949924958058, 199.19118128067407, 286.21883059770636, 259.55519436567255, 196.69976728390424, 114.72273332644731, 197.5943130101913, 158.57474742791592, 206.77635877560346, 79.60940962571364, 135.14903083214392, 205.3705305441832, 180.9231665195563, 256.07723216521435, 205.10384095020783, 117.98642486181015, 260.5386336889022], "test_losses": [2.3022368321051965, 199.59430635892429, 181.54693447015225, 87.71029614179562, 157.90883460411658, 247.44534732133914, 133.8630499228453, 237.37461481338892, 314.7127450796274, 206.42069244384766, 250.45409236810147, 144.0321535941882, 190.0605693719326, 189.25888452774439, 209.39117372952975, 201.53070557423126, 194.73686120448968, 148.84410486465845, 217.3304725060096, 210.97588837452423, 86.23126504360101, 203.93520570412662, 194.91504649626904, 154.92317962646484, 123.76078796386719, 173.26185881785858, 298.5161488850911, 248.50940704345703, 135.41843326275165, 221.80027594933142, 290.81499950702374, 126.44866923796825, 259.44644771478113, 270.2943927080203, 135.4681495275253, 239.7260480049329, 153.03507037040515, 176.71451177352515, 132.82355939424954, 126.85443027202899, 165.56509614602115, 198.18553572434647, 125.13353289090671, 164.36847452016977, 121.06802348601512, 195.46474124223758, 126.83760325113933, 202.74970245361328, 159.78626544658954, 292.48838571401745, 306.5295427762545, 137.88682194245166, 212.62097852658002, 313.13607514210236, 141.38066013042743, 200.3284638233674, 195.85065127641727, 150.87477229191705, 73.98088362278082, 156.257325001252, 184.78356072841547, 253.08505131648138, 84.63310124323918, 233.65650294377252, 197.23605131491635, 202.16732690273187, 244.83817213009564, 150.30337641789362, 157.84268080882538, 108.99592942457933, 182.38694919683994, 253.91056882418118, 85.35516621516301, 211.50646698780548, 180.93042794252054, 91.72757407946465, 232.58262262588892, 360.12082926432294, 231.63651627760666, 147.6460310129019, 237.40203720484024, 166.87207637689053, 309.3138069739708, 197.52756734994742, 162.10577333890475, 199.0508074638171, 286.4462436773838, 259.5401243552183, 195.97557419996994, 114.31836788470929, 199.95158210167517, 159.44460805257162, 205.3124231191782, 78.35149706326999, 135.07417512551334, 207.15780013646835, 179.14072652963492, 256.62520755865637, 206.2412887964493, 117.71704668876453, 258.78462982177734], "train_accuracies": [0.10817307692307693, 0.09955929487179487, 0.10056089743589744, 0.09695512820512821, 0.09905849358974358, 0.10206330128205128, 0.09665464743589744, 0.10006009615384616, 0.10406650641025642, 0.09915865384615384, 0.10146233974358974, 0.10356570512820513, 0.1015625, 0.1015625, 0.09935897435897435, 0.10336538461538461, 0.10176282051282051, 0.10026041666666667, 0.10056089743589744, 0.10326522435897435, 0.10336538461538461, 0.10266426282051282, 0.09585336538461539, 0.09425080128205128, 0.10216346153846154, 0.09695512820512821, 0.1006610576923077, 0.09845753205128205, 0.10106169871794872, 0.10076121794871795, 0.09755608974358974, 0.09945913461538461, 0.10096153846153846, 0.09965945512820513, 0.09455128205128205, 0.09895833333333333, 0.10016025641025642, 0.09505208333333333, 0.09655448717948718, 0.10106169871794872, 0.1006610576923077, 0.10016025641025642, 0.10236378205128205, 0.09785657051282051, 0.10006009615384616, 0.10196314102564102, 0.09575320512820513, 0.0999599358974359, 0.09975961538461539, 0.1015625, 0.10146233974358974, 0.10346554487179487, 0.10126201923076923, 0.10406650641025642, 0.09785657051282051, 0.10376602564102565, 0.09515224358974358, 0.10256410256410256, 0.10096153846153846, 0.09555288461538461, 0.10026041666666667, 0.09625400641025642, 0.09565304487179487, 0.09945913461538461, 0.10146233974358974, 0.09525240384615384, 0.09545272435897435, 0.10216346153846154, 0.10747195512820513, 0.09695512820512821, 0.10236378205128205, 0.10346554487179487, 0.09815705128205128, 0.09815705128205128, 0.09775641025641026, 0.10126201923076923, 0.09785657051282051, 0.10016025641025642, 0.09885817307692307, 0.10136217948717949, 0.09985977564102565, 0.09825721153846154, 0.09895833333333333, 0.09445112179487179, 0.10096153846153846, 0.10016025641025642, 0.1024639423076923, 0.09985977564102565, 0.09795673076923077, 0.09935897435897435, 0.10206330128205128, 0.10056089743589744, 0.10056089743589744, 0.09745592948717949, 0.09785657051282051, 0.10056089743589744, 0.09905849358974358, 0.09905849358974358, 0.10446714743589744, 0.09515224358974358, 0.09975961538461539],