{"testproblem": "mnist_mlp", "batch_size": 128, "num_epochs": 100, "random_seed": 42, "weight_decay": null, "optimizer_hyperparams": {"lr": 0.039810717055349734, "momentum": 0.99}, "train_losses": [2.3034798334806394, 0.2443693511379071, 0.288611145164722, 0.5235865782850828, 2.3311949784939108, 2.305193711549808, 2.308731131064586, 2.313399470769442, 2.3096050329697437, 2.3032196118281436, 2.3136294805086575, 2.3076607355704675, 2.307120757225232, 2.304209449352362, 2.3070821456420116, 2.3062647703366403, 2.309670234337831, 2.3161235466981545, 2.3080617831303525, 2.3025305974177823, 2.3081039679356112, 2.310451938555791, 2.307437010300465, 2.311153995685088, 2.303237098913926, 2.302614043920468, 2.3086520494558873, 2.3068747153648963, 2.3071461702004457, 2.3089493054610033, 2.307496651625022, 2.3056578575036464, 2.307447069730514, 2.3081966974796395, 2.3074496495418058, 2.3138950574092374, 2.3089829713870316, 2.306054564622732, 2.311272015938392, 2.3039482801388473, 2.3057460693212657, 2.3099882969489465, 2.303026636441549, 2.3119435707728067, 2.3043287870211477, 2.309903539144076, 2.3221326241126428, 2.3138629442606216, 2.3074308328139477, 2.306814361841251, 2.306675210977212, 2.3067809282205043, 2.3142479077363625, 2.308043449352949, 2.3186935094686656, 2.3139053185780845, 2.3152368618891788, 2.3133241488383365, 2.311366787323585, 2.3052374674723697, 2.310749964836316, 2.308012155386118, 2.309651399270082, 2.3064184463941135, 2.3090637647188625, 2.3072142723279123, 2.3063449003757577, 2.309891388966487, 2.309769092462002, 2.3036825198393602, 2.3049154526148086, 2.305339055183606, 2.3074127557950144, 2.305369346569746, 2.306288581628066, 2.308242917060852, 2.3086865101105127, 2.3041234597181663, 2.308448287156912, 2.304880897204081, 2.30945392144032, 2.30574923600906, 2.304628381362328, 2.30659574117416, 2.3058465933188415, 2.310399605677678, 2.3088827469410043, 2.3051589788534703, 2.30880099382156, 2.3028387748278103, 2.307655389492328, 2.304036941283788, 2.308674442462432, 2.3120971551308265, 2.3074339169722338, 2.3041727940241494, 2.3130548947896714, 2.3082475326000114, 2.310497745489463, 2.313268857124524, 2.3032606962399607], "test_losses": [2.3034419279832106, 0.25267382486699486, 0.31894404431566215, 0.5360881710090698, 2.333448480337094, 2.306463281313578, 2.3076241597151146, 2.3126160089786234, 2.3086276268347716, 2.303606614088401, 2.314176703110719, 2.308325238716908, 2.30715758066911, 2.3045698954508853, 2.3087632839496317, 2.308138887087504, 2.3086141684116464, 2.3155190211076, 2.307143828807733, 2.301892577073513, 2.3065629311096973, 2.3104679706769113, 2.306589814332815, 2.31243249697563, 2.3024517817374988, 2.3031947796161356, 2.309558706405835, 2.306520312260359, 2.3064876061219435, 2.3109008990801296, 2.306883747761066, 2.3036636144686966, 2.3072705268859863, 2.307665549791776, 2.305779056671338, 2.3111675886007457, 2.307361498857156, 2.3041267761817346, 2.3115127697969093, 2.3036833818142233, 2.306279365832989, 2.3084831023827577, 2.303240103599353, 2.3104261526694665, 2.305889068505703, 2.306936047016046, 2.321557396497482, 2.3142851988474527, 2.3076469959356847, 2.307282166603284, 2.3082610613260512, 2.3055919469931188, 2.312317444727971, 2.3066744131919665, 2.318378041952084, 2.3120808387414002, 2.3143807160548673, 2.313016258753263, 2.3088473417820077, 2.304600721750504, 2.3108879511172953, 2.3071478055073666, 2.3090265622505775, 2.3044976118283396, 2.3094437703108177, 2.307853876016079, 2.307086718388093, 2.310973888788468, 2.3093659388713346, 2.3023316799066005, 2.3068386927629128, 2.30440843410981, 2.3075281289907603, 2.3055245051017175, 2.3049094463006043, 2.30762164409344, 2.30766775057866, 2.305798915716318, 2.3084455056068225, 2.305510786863474, 2.310329263026898, 2.3053663755074525, 2.3038079127287254, 2.307023464105068, 2.3057875510973806, 2.3111234230872912, 2.3090313031123233, 2.305769599401034, 2.3065015964018993, 2.3018854275727882, 2.307405432065328, 2.3050877497746396, 2.3076036985103903, 2.3105934185859485, 2.308030143762246, 2.305881772285853, 2.3133034950647597, 2.3083042731651893, 2.3097649934964304, 2.312266985575358, 2.303721858904912], "train_accuracies": [0.08543669871794872, 0.9370993589743589, 0.928886217948718, 0.8928285256410257, 0.09945913461538461, 0.11468349358974358, 0.11308092948717949, 0.09575320512820513, 0.11247996794871795, 0.11258012820512821, 0.11127804487179487, 0.09805689102564102, 0.11137820512820513, 0.11338141025641026, 0.09665464743589744, 0.10436698717948718, 0.10046073717948718, 0.10486778846153846, 0.10056089743589744, 0.1141826923076923, 0.11388221153846154, 0.1006610576923077, 0.11478365384615384, 0.11478365384615384, 0.09835737179487179, 0.12079326923076923, 0.11468349358974358, 0.11067708333333333, 0.10286458333333333, 0.10006009615384616, 0.0992588141025641, 0.09455128205128205, 0.09935897435897435, 0.10506810897435898, 0.11398237179487179, 0.10907451923076923, 0.08794070512820513, 0.09905849358974358, 0.09655448717948718, 0.10236378205128205, 0.10526842948717949, 0.10006009615384616, 0.11768830128205128, 0.10767227564102565, 0.0967548076923077, 0.1084735576923077, 0.10947516025641026, 0.109375, 0.10106169871794872, 0.10897435897435898, 0.1006610576923077, 0.1038661858974359, 0.10606971153846154, 0.11157852564102565, 0.11187900641025642, 0.10576923076923077, 0.10016025641025642, 0.09745592948717949, 0.08994391025641026, 0.10556891025641026, 0.11328125, 0.10216346153846154, 0.09955929487179487, 0.09885817307692307, 0.10817307692307693, 0.11087740384615384, 0.11708733974358974, 0.11578525641025642, 0.10526842948717949, 0.09725560897435898, 0.10576923076923077, 0.10356570512820513, 0.09935897435897435, 0.10496794871794872, 0.09725560897435898, 0.11288060897435898, 0.09445112179487179, 0.09975961538461539, 0.10166266025641026, 0.09965945512820513, 0.0992588141025641, 0.11348157051282051, 0.11458333333333333, 0.10627003205128205, 0.09885817307692307, 0.10176282051282051, 0.10036057692307693, 0.11388221153846154, 0.10947516025641026, 0.11137820512820513, 0.11268028846153846, 0.09755608974358974, 0.11408253205128205, 0.11197916666666667, 0.09905849358974358, 0.10286458333333333, 0.09695512820512821, 0.10216346153846154, 0.09314903846153846, 0.11698717948717949, 0.10366586538461539],