{"train_losses": [353.9337594168527, 104.1168681553432, 102.18922751290458, 100.68115234375, 99.32562582833427, 98.10390145438058, 97.00152260916573, 96.0057394845145, 95.10523877825055, 94.28997802734375, 93.55101885114398, 92.88042994907924, 92.2711410522461, 91.71686662946429, 91.2120132446289, 90.75159127371651, 90.33114079066685, 89.94670976911273, 89.5947505405971, 89.27209799630302, 88.97592381068638, 88.70369938441685, 88.45315660749164, 88.2222671508789, 88.00920867919922, 87.81235722133091, 87.63024030412946, 87.46154240199498, 87.30507332938058, 87.15977260044643, 87.02467891148159, 86.89891924176898, 86.78170994349888, 86.67235129220145, 86.57019369942802, 86.4746595110212, 86.38522229875836, 86.30140686035156, 86.2227805001395, 86.14894321986607, 86.0795397077288, 86.01424080984933, 85.95274788992745, 85.89478955950055, 85.84010968889508, 85.78849029541016, 85.73971339634487, 85.69358825683594, 85.64994049072266, 85.60859898158482, 85.56942422049386, 85.53227124895368, 85.49701799665179, 85.46354239327567, 85.43173326764789, 85.40149797712054, 85.3727286202567, 85.34534999302456, 85.31927926199776, 85.29444122314453, 85.27076067243304, 85.24817766462054, 85.22662898472377, 85.20605795724052, 85.18641226632255, 85.16764286586216, 85.14970070975167, 85.1325454711914, 85.11613137381417, 85.10043007986886, 85.08539036342076, 85.07099042619977, 85.05719103131976, 85.04397147042411, 85.03129032679966, 85.01913343157086, 85.00746590750558, 84.99627140590123, 84.98552594866071, 84.97520337785993, 84.96528625488281, 84.9557615007673, 84.9466051374163, 84.93779645647321, 84.92932891845703, 84.92118181501117, 84.91334206717355, 84.90579114641461, 84.89852469308036, 84.89152090890067, 84.88477979387555, 84.87827519008091, 84.87201145717076, 84.865968976702, 84.86014229910714, 84.85452161516461, 84.84909275599888, 84.84385790143695, 84.83879743303571, 84.83391571044922, 84.82919529506138], "test_losses": [353.44676426478793, 106.34679630824498, 104.42423466273716, 102.92724282400948, 101.5831059047154, 100.37218257359096, 99.28001076834542, 98.2938733782087, 97.4024897984096, 96.59583718436105, 95.86502511160714, 95.2021233694894, 94.60010528564453, 94.05270603724888, 93.5543441772461, 93.10005950927734, 92.68542044503349, 92.30647495814732, 91.95970044817243, 91.64194815499442, 91.35040828159877, 91.08256312779018, 90.83616093226841, 90.60918862479073, 90.39983149937221, 90.20647975376674, 90.02767072405133, 89.86210087367466, 89.7085941859654, 89.5660879952567, 89.43363843645368, 89.3103768484933, 89.1955315726144, 89.08840506417411, 88.98835972377232, 88.89482116699219, 88.8072749546596, 88.7252447945731, 88.64830235072544, 88.57605852399554, 88.50816236223493, 88.4442868913923, 88.38414110456195, 88.32745361328125, 88.27398136683873, 88.22349439348493, 88.17579323904855, 88.13068062918526, 88.08798653738839, 88.04755292619977, 88.00923156738281, 87.97288949148995, 87.93839372907367, 87.90563855852399, 87.87450735909599, 87.84491075788226, 87.8167484828404, 87.7899398803711, 87.76440756661552, 87.74007415771484, 87.71687425885882, 87.69474029541016, 87.67361559186664, 87.65344783238002, 87.63417707170758, 87.61576189313617, 87.59815216064453, 87.58131299700055, 87.56519535609654, 87.54976763044085, 87.5349873134068, 87.52083151681083, 87.50726318359375, 87.49425506591797, 87.48177991594586, 87.46980721609933, 87.45832061767578, 87.4472906930106, 87.43670109340123, 87.42651912144252, 87.41674368722099, 87.40733773367745, 87.39830017089844, 87.38960266113281, 87.38123103550502, 87.37317766462054, 87.36542619977679, 87.35795266287667, 87.3507581438337, 87.34382847377232, 87.33714185442243, 87.33070046561105, 87.32448468889508, 87.31848471505302, 87.31270381382534, 87.30711691720145, 87.30172838483539, 87.29652404785156, 87.29149191720145, 87.28662763323102, 87.28193119594029], "minibatch_train_losses": [369.72540283203125, 178.67234802246094, 129.68936157226562, 113.32841491699219, 105.52656555175781, 106.86257934570312, 95.86409759521484, 107.3768310546875, 103.08232116699219, 107.09730529785156, 106.24365997314453, 100.15574645996094, 105.21629333496094, 93.82978820800781, 105.08360290527344, 101.35179138183594, 105.51908874511719, 104.70042419433594, 98.54004669189453, 103.6727294921875, 92.32025909423828, 103.56146240234375, 99.85600280761719, 104.05631256103516, 103.26968383789062, 97.13140869140625, 102.254150390625, 90.96903991699219, 102.20690155029297, 98.50843811035156, 102.73418426513672, 101.9786148071289, 95.86509704589844, 100.97333526611328, 89.7527847290039, 100.98694610595703, 97.29296112060547, 101.54148864746094, 100.81443786621094, 94.7236328125, 99.81702423095703, 88.65655517578125, 99.88636779785156, 96.19538879394531, 100.46461486816406, 99.76367950439453, 93.69352722167969, 98.77201843261719, 87.66744995117188, 98.89237213134766, 95.20314025878906, 99.49125671386719, 98.8142318725586, 92.76287078857422, 97.82656860351562, 86.77403259277344, 97.99363708496094, 94.30511474609375, 98.61045837402344, 97.95539093017578, 91.9211654663086, 96.97019958496094, 85.96615600585938, 97.18009948730469, 93.49137878417969, 97.81251525878906, 97.17759704589844, 91.15900421142578, 96.19361877441406, 85.23477172851562, 96.44285583496094, 92.7531509399414, 97.08875274658203, 96.47240447998047, 90.46807861328125, 95.4885482788086, 84.57188415527344, 95.77395629882812, 92.08259582519531, 96.43150329589844, 95.83222961425781, 89.84098815917969, 94.84762573242188, 83.97035217285156, 95.16632080078125, 91.4727554321289, 95.83390808105469, 95.25041961669922, 89.27113342285156, 94.2642822265625, 83.42384338378906, 94.61368560791016, 90.91743469238281, 95.28988647460938, 94.72095489501953, 88.75267028808594, 93.73271179199219, 82.92668914794922, 94.1104507446289, 90.41108703613281, 94.79399871826172, 94.23854064941406, 88.28036499023438, 93.2476806640625, 82.47388458251953, 93.651611328125, 89.9488296508789, 94.34141540527344, 93.79844665527344, 87.84957885742188, 92.80458068847656, 82.06094360351562, 93.23271179199219, 89.5262451171875, 93.92781829833984, 93.39642333984375, 87.45613098144531, 92.39923095703125, 81.68387603759766, 92.84981536865234, 89.13943481445312, 93.54937744140625, 93.02871704101562, 87.09635162353516, 92.0279541015625, 81.339111328125, 92.49935150146484, 88.7848892211914, 93.20262145996094, 92.69195556640625, 86.76692962646484, 91.68745422363281, 81.02346801757812, 92.17817687988281, 88.45948028564453, 92.8844985961914, 92.38314056396484, 86.46489715576172, 91.374755859375, 80.73411560058594, 91.88345336914062, 88.16041564941406, 92.5922622680664, 92.09957122802734, 86.18762969970703, 91.08722686767578, 80.46849060058594, 91.61265563964844, 87.88519287109375, 92.32345581054688, 91.8388442993164, 85.93275451660156, 90.8224868774414, 80.22434997558594, 91.3635025024414, 87.631591796875, 92.07585144042969, 91.59881591796875, 85.69815063476562, 90.57843017578125, 79.99966430664062, 91.13397979736328, 87.3975830078125, 91.8475112915039, 91.37753295898438, 85.48194885253906, 90.35313415527344, 79.79258728027344, 90.9222640991211, 87.18136596679688, 91.63664245605469, 91.17328643798828, 85.28242492675781, 90.14488983154297, 79.60148620605469, 90.72672271728516, 86.9813232421875, 91.44166564941406, 90.98451232910156, 85.09806060791016, 89.95217895507812, 79.42491149902344, 90.54589080810547, 86.79601287841797, 91.26115417480469, 90.809814453125, 84.92749786376953, 89.77360534667969, 79.26154327392578, 90.37845611572266, 86.62413787841797, 91.09381103515625, 90.64793395996094, 84.76949310302734, 89.60794067382812, 79.11019897460938, 90.22322082519531, 86.46450805664062, 90.93850708007812, 90.49775695800781, 84.62294006347656, 89.45405578613281, 78.96981048583984, 90.0791244506836, 86.31605529785156, 90.79417419433594, 90.35826110839844, 84.48684692382812, 89.3109359741211, 78.83942413330078, 89.94520568847656, 86.17784118652344, 90.6598892211914, 90.22853088378906, 84.36032104492188, 89.17767333984375, 78.71818542480469, 