{"testproblem": "fmnist_mlp", "batch_size": 128, "num_epochs": 100, "random_seed": 42, "weight_decay": null, "optimizer_hyperparams": {"lr": 3.9810717055349695e-05}, "train_losses": [2.3021158377329507, 0.6864389234628433, 0.5410258376445526, 0.47944641992067677, 0.45949341891667783, 0.422686137067966, 0.4121035127303539, 0.4057190892023918, 0.4069174214815482, 0.3945857662803087, 0.37121631338810307, 0.3797317284804124, 0.3621159457625487, 0.35131126699539333, 0.37010642160207796, 0.34707717482860273, 0.3599732189606398, 0.32945851733287174, 0.32226453969875973, 0.3231045091763521, 0.32514503368964565, 0.30873585798037356, 0.306806501860802, 0.3166645335463377, 0.3180237439198372, 0.2933523570879912, 0.29408737348440367, 0.2911175707211861, 0.29581329245597887, 0.2664463451275459, 0.270520480015339, 0.29569557099006116, 0.26865517214322704, 0.269928036400905, 0.249602123712882, 0.2597088408775819, 0.2621702123910953, 0.24803674010894236, 0.24705401139381605, 0.23916431535512972, 0.24915650353217736, 0.23821980563493875, 0.23926261726480264, 0.2394381528481459, 0.2445167404336807, 0.2286734911493766, 0.21995234900178054, 0.2267583388930712, 0.21601130832464266, 0.20349444085970902, 0.21532354274621376, 0.21472059324001655, 0.21582056123476762, 0.20758437250669187, 0.19857398210427699, 0.20965681463862076, 0.2034316501365258, 0.19383201881861076, 0.19929295997971144, 0.19048204282537484, 0.21117124983515495, 0.18520440371372762, 0.17725706644929373, 0.1787531154277997, 0.1778778589497774, 0.18424597134192786, 0.18315094699844336, 0.17283724458553854, 0.16549448850445259, 0.17631926444860604, 0.16819644356385255, 0.1589992708311631, 0.1564440348973641, 0.16752968871822724, 0.15392368286848068, 0.15383515239526063, 0.15105467786391577, 0.15777986267438301, 0.14451863014927277, 0.15483065083240852, 0.14282702434903535, 0.14480267154673734, 0.1424560056378444, 0.1512292510805986, 0.1326399022856584, 0.1317953376624829, 0.13728924114734697, 0.11825685312923713, 0.13176294492605406, 0.1251148987465944, 0.12139391951645032, 0.125061776345739, 0.1318454950188215, 0.11579743505288394, 0.12737716767841425, 0.11050279849232772, 0.11197437064196819, 0.1070653347728344, 0.09713190158781333, 0.10559893850810252, 0.10589300167675202], "test_losses": [2.3022368321051965, 0.6928180375924478, 0.5605925825925974, 0.5145695950740423, 0.48413024116785097, 0.46938630862113756, 0.44995470879933774, 0.44518523414929706, 0.4473383827851369, 0.43680313535225695, 0.4117161276248785, 0.41427973237557286, 0.40713460533282697, 0.3937944420255147, 0.40584423469427305, 0.3858290356703294, 0.4003162932319519, 0.3785277295571107, 0.3729525794967627, 0.3702847031064523, 0.36600073044880843, 0.3625325797460018, 0.3611484198616101, 0.3549781283124899, 0.37233567447998583, 0.3533769326332288, 0.35449686646461487, 0.35081184941988725, 0.359349451194971, 0.3434699112788225, 0.34011564881373674, 0.35408822829142594, 0.3523233517622336, 0.33947866639265645, 0.3362977057695389, 0.3312986154968922, 0.3345582842444762, 0.33203148689025486, 0.32860587269831926, 0.33280408267791456, 0.3365348082704422, 0.3277892611729793, 0.33142121613789827, 0.32822427191795445, 0.32908146465436006, 0.3297305399408707, 0.32144126353355557, 0.32871511769600403, 0.32265170338826304, 0.3194376507248634, 0.32191101098671937, 0.3204822362615512, 0.3306347380081813, 0.319247981103567, 0.32052329144416714, 0.3239414542913437, 0.32049841376451343, 0.32256736931128377, 0.3268680904920285, 0.3238987548229022, 0.3418097503674336, 0.3225922840527999, 0.32238303277737057, 0.3211145316943144, 0.32165111926121587, 0.3192351120404708, 0.3323968467422021, 0.3207225176768425, 0.3215598206107433, 0.3255291202893624, 0.3209845589903685, 0.3194879486392706, 0.32821685209488255, 0.329703342456084, 0.31691142954887486, 0.3323210214193051, 0.318820375089462, 0.32793551415969163, 0.32052051581633395, 0.3297843507085091, 0.32402591235362566, 0.32584214000365674, 0.32400088470715743, 0.3416006381695087, 0.3346616550324819, 0.33324700345595676, 0.34185303040804005, 0.3324269127005186, 0.3330651472012202, 0.33890068664764744, 0.3319841395968046, 0.34315398526497376, 0.3531106884280841, 0.34089679079942214, 0.3554489037547356, 0.34379051281855655, 0.344889593621095, 0.34208608055726075, 0.3447802133667163, 0.3527734499329176, 0.3515480181727654], "train_accuracies": [0.10817307692307693, 0.7432892628205128, 0.8154046474358975, 0.8307291666666666, 0.8369391025641025, 0.848457532051282, 0.8579727564102564, 0.8572716346153846, 0.8565705128205128, 0.8598758012820513, 0.8743990384615384, 0.8668870192307693, 0.8692908653846154, 0.875801282051282, 0.8680889423076923, 0.8775040064102564, 0.8745993589743589, 0.8839142628205128, 0.8865184294871795, 0.8815104166666666, 0.8804086538461539, 0.889823717948718, 0.8909254807692307, 0.8852163461538461, 0.8862179487179487, 0.8968349358974359, 0.8917267628205128, 0.8967347756410257, 0.8931290064102564, 0.9043469551282052, 0.8997395833333334, 0.8958333333333334, 0.8990384615384616, 0.8995392628205128, 0.9081530448717948, 0.9042467948717948, 0.9064503205128205, 0.9082532051282052, 0.9119591346153846, 0.9127604166666666, 0.9103565705128205, 0.9114583333333334, 0.9119591346153846, 0.9133613782051282, 0.9112580128205128, 0.9149639423076923, 0.9212740384615384, 0.9154647435897436, 0.921073717948718, 0.9289863782051282, 0.9254807692307693, 0.9232772435897436, 0.9224759615384616, 0.9244791666666666, 0.9308894230769231, 0.9236778846153846, 0.9259815705128205, 0.9286858974358975, 0.9279847756410257, 0.9331931089743589, 0.9214743589743589, 0.9354967948717948, 0.9359975961538461, 0.9358974358974359, 0.9344951923076923, 0.9339943910256411, 0.9352964743589743, 0.9368990384615384, 0.9395032051282052, 0.9396033653846154, 0.9420072115384616, 0.9447115384615384, 0.9448116987179487, 0.9400040064102564, 0.9480168269230769, 0.9441105769230769, 0.9473157051282052, 0.9442107371794872, 0.9513221153846154, 0.9462139423076923, 0.94921875, 0.9503205128205128, 0.9522235576923077, 0.9485176282051282, 0.9527243589743589, 0.9518229166666666, 0.9518229166666666, 0.9610376602564102, 0.9546274038461539, 0.95703125, 0.9590344551282052, 0.9555288461538461, 0.9526241987179487, 0.9613381410256411, 0.9555288461538461, 0.9631410256410257, 0.9644431089743589, 0.9645432692307693, 0.9686498397435898, 0.965645032051282, 0.9611378205128205],