{"train_losses": [355.5447910853795, 102.71787806919643, 100.29546465192523, 98.24435860770089, 96.50335802350726, 95.02150290352958, 93.75658416748047, 92.67363630022321, 91.74363490513393, 90.9424569266183, 90.25004032679966, 89.64966801234654, 89.12737274169922, 88.67149571010044, 88.27225058419364, 87.92144884381976, 87.61218806675502, 87.33866228376117, 87.09596034458706, 86.87994384765625, 86.68707711356026, 86.51437595912388, 86.35928235735211, 86.21962411063058, 86.09352111816406, 85.97937338692802, 85.87579563685826, 85.78159550258091, 85.6957266671317, 85.61729540143695, 85.54551587785993, 85.47969273158482, 85.41923195975167, 85.36359623500279, 85.3123299734933, 85.26500701904297, 85.22126770019531, 85.1807839529855, 85.14326804024833, 85.10845402308873, 85.07611519949776, 85.04603576660156, 85.01803152901786, 84.99193464006696, 84.96759142194476, 84.94485909598214, 84.92361123221261, 84.90373774937221, 84.88513074602399, 84.86769321986607, 84.85134015764508, 84.83599962506976, 84.8215833391462, 84.80803462437221, 84.79529353550502, 84.78329685756138, 84.7719966343471, 84.76134490966797, 84.75129699707031, 84.74180603027344, 84.73284585135323, 84.72437504359654, 84.71636417933873, 84.70877620152065, 84.70159149169922, 84.69478389195034, 84.68832724434989, 84.68219975062779, 84.67637743268695, 84.6708493913923, 84.66558728899274, 84.66058349609375, 84.65581839425224, 84.65128108433315, 84.64695848737445, 84.64282880510602, 84.63888658796039, 84.63513074602399, 84.63153621128627, 84.6280986240932, 84.62481362479073, 84.62166159493583, 84.61864798409599, 84.61576080322266, 84.6129891531808, 84.61032976422992, 84.60777500697544, 84.60532597133091, 84.60296848842076, 84.60069928850446, 84.59851946149554, 84.59642028808594, 84.59439958844867, 84.59244973318917, 84.59056963239398, 84.58875710623605, 84.5870110648019, 84.58532169886998, 84.58368900844029, 84.58211190359933, 84.58058711460659], "test_losses": [353.44676426478793, 105.45860181535993, 103.0544204711914, 101.02105712890625, 99.29616873604911, 97.82893589564732, 96.57730320521763, 95.50640651157924, 94.58734784807477, 93.79610879080636, 93.11271558489118, 92.5205328805106, 92.00567953927177, 91.55655343191964, 91.16344451904297, 90.81820678710938, 90.51399666922433, 90.24506269182477, 90.00652531215123, 89.79428536551339, 89.60484640938895, 89.4352547781808, 89.28298732212612, 89.14588383265904, 89.02210235595703, 88.9100581577846, 88.80838666643415, 88.71590641566685, 88.63160160609654, 88.55458395821708, 88.4840807233538, 88.41941288539341, 88.35999843052456, 88.30530766078404, 88.25488826206752, 88.20833369663784, 88.165285382952, 88.12542179652623, 88.08845846993583, 88.05414472307477, 88.02225494384766, 87.9925776890346, 87.96493421282086, 87.93915557861328, 87.91509137834821, 87.89260973249164, 87.871579851423, 87.85190037318638, 87.83346775599888, 87.81617845807757, 87.79995400565011, 87.78472246442523, 87.77039991106305, 87.75693620954242, 87.74425179617745, 87.73231070382255, 87.72105189732143, 87.71043395996094, 87.70041111537388, 87.69093976702008, 87.68199048723493, 87.67351858956474, 87.6655022757394, 87.65791320800781, 87.65071105957031, 87.64389038085938, 87.63740757533482, 87.63125937325614, 87.6254130772182, 87.61985233851841, 87.61455971854073, 87.60952322823661, 87.60472324916294, 87.60015433175224, 87.59578595842633, 87.59162139892578, 87.58764539446149, 87.58384268624442, 87.58021218436105, 87.5767331804548, 87.57340458461216, 87.5702133178711, 87.5671615600586, 87.56422860281808, 87.56141662597656, 87.55871909005302, 87.55612509591239, 87.55363355364118, 87.55123356410435, 87.54893057686942, 87.54671042306083, 87.54457092285156, 87.54250771658761, 87.54052080426898, 87.53860800606864, 87.53675733293805, 87.53497314453125, 87.5332499912807, 87.53158460344586, 87.52997044154576, 87.52840859549386], "minibatch_train_losses": [349.1550598144531, 118.81591796875, 114.02835845947266, 105.33765411376953, 104.48925018310547, 106.04113006591797, 100.85163879394531, 101.09054565429688, 97.45855712890625, 108.68380737304688, 102.1031265258789, 101.59829711914062, 103.52027130126953, 98.33565521240234, 98.67440032958984, 95.11141204833984, 106.35285949707031, 99.83887481689453, 99.43583679199219, 101.37284088134766, 96.20092010498047, 96.62741088867188, 93.12619018554688, 104.37299346923828, 97.92015075683594, 97.6058349609375, 99.55142211914062, 94.38764190673828, 94.88957977294922, 91.4422378540039, 102.68971252441406, 96.28932189941406, 96.05209350585938, 98.00242614746094, 92.84315490722656, 93.41009521484375, 90.00993347167969, 101.25456237792969, 94.89927673339844, 94.72921752929688, 96.68136596679688, 91.52381896972656, 92.14683532714844, 88.78829193115234, 100.02735137939453, 93.71100616455078, 93.599609375, 95.55136108398438, 90.39346313476562, 91.06492614746094, 87.74329376220703, 98.97479248046875, 92.6921615600586, 92.6321029663086, 94.58185577392578, 89.42202758789062, 90.13545227050781, 86.84672546386719, 98.06922912597656, 91.8158950805664, 91.80086517333984, 93.74744415283203, 88.58458709716797, 89.33434295654297, 86.07512664794922, 97.28764343261719, 91.05984497070312, 91.08439636230469, 93.0270004272461, 87.86030578613281, 88.6416015625, 85.40901947021484, 96.61087799072266, 90.40541076660156, 90.46484375, 92.40294647216797, 87.23188781738281, 88.04058837890625, 84.83211517333984, 96.02295684814453, 89.83706665039062, 89.92729187011719, 91.86060333251953, 86.68486022949219, 87.5173568725586, 84.33088684082031, 95.51052856445312, 89.34187316894531, 89.45933532714844, 91.3876953125, 86.20707702636719, 87.0603256225586, 83.89396667480469, 95.06241607666016, 88.90895080566406, 89.05058288574219, 90.97396850585938, 85.78842163085938, 86.65971374511719, 83.51184844970703, 94.66923522949219, 88.52922821044922, 88.69231414794922, 90.61080932617188, 85.42037963867188, 86.3073959350586, 83.17660522460938, 94.3231201171875, 88.19505310058594, 88.37724304199219, 90.2909927368164, 85.09574890136719, 85.99649047851562, 82.88150024414062, 94.0174560546875, 87.9000015258789, 88.09921264648438, 90.00840759277344, 84.80850982666016, 85.72120666503906, 82.62091064453125, 93.74663543701172, 87.63864135742188, 87.85307312011719, 89.75791931152344, 84.55354309082031, 85.47666931152344, 82.39008331298828, 93.50592803955078, 87.40638732910156, 87.63443756103516, 89.53520202636719, 84.32652282714844, 85.25875854492188, 82.18496704101562, 93.29135131835938, 87.19937896728516, 87.43962097167969, 89.33656311035156, 84.12379455566406, 85.0639419555664, 82.00215911865234, 93.09945678710938, 87.01428985595703, 87.26549530029297, 89.15886688232422, 83.94221496582031, 84.88926696777344, 81.83876037597656, 92.9273910522461, 86.84832000732422, 87.10939025878906, 88.99945068359375, 83.77912139892578, 84.732177734375, 81.69229125976562, 92.77265930175781, 86.69906616210938, 86.96902465820312, 88.85604095458984, 83.63223266601562, 84.59052276611328, 81.56063842773438, 92.63314819335938, 86.56449890136719, 86.84247589111328, 88.72666931152344, 83.49958801269531, 84.46243286132812, 81.4419937133789, 92.50701141357422, 86.44283294677734, 86.72806549072266, 88.60968780517578, 83.37952423095703, 84.34629821777344, 81.33479309082031, 92.3927230834961, 86.33257293701172, 86.62435913085938, 88.5036392211914, 83.27057647705078, 84.24075317382812, 81.23772430419922, 92.28890991210938, 86.23239135742188, 86.5301513671875, 88.40728759765625, 83.17147827148438, 84.14461517333984, 81.14959716796875, 92.19439697265625, 86.14116668701172, 86.44434356689453, 88.31953430175781, 83.08116149902344, 84.05683898925781, 81.06942749023438, 92.10818481445312, 86.05792236328125, 86.36602783203125, 88.23945617675781, 82.9986801147461, 83.97652435302734, 80.99634552001953, 92.02935791015625, 85.98180389404297, 86.29440307617188, 88.16624450683594, 82.9231948852539, 83.90290832519531, 80.92959594726562, 91.9571762084961, 85.91204833984375, 86.228759765625, 88.09916687011719, 82.85398864746094, 83.83528137207031, 