{"train_losses": [353.18075125558033, 103.05457632882255, 100.62840924944196, 98.57697187151227, 96.83564104352679, 95.35346330915179, 94.08824920654297, 93.00503431047711, 92.07479313441685, 91.27341679164341, 90.58083670479911, 89.98033033098493, 89.45793805803571, 89.00198255266461, 88.60269056047711, 88.25186375209263, 87.94259534563336, 87.66907283238002, 87.42639487130302, 87.21040671212333, 87.01758575439453, 86.84493364606585, 86.6898923601423, 86.550290788923, 86.42425537109375, 86.31016976492745, 86.20665631975446, 86.11251831054688, 86.02671595982143, 85.94835008893695, 85.87663051060268, 85.81087602887835, 85.75047520228794, 85.69490051269531, 85.64369201660156, 85.59643009730748, 85.55274309430804, 85.51231711251395, 85.474851335798, 85.4400874546596, 85.40779549734933, 85.37776293073382, 85.34980991908482, 85.3237544468471, 85.29945373535156, 85.2767584664481, 85.25555201939174, 85.23571668352399, 85.21714237758091, 85.19974190848214, 85.18342808314732, 85.1681147984096, 85.1537333897182, 85.14021410260882, 85.12750135149274, 85.11553083147321, 85.10425676618304, 85.0936301095145, 85.08360617501395, 85.0741457257952, 85.06520734514508, 85.05676160539899, 85.04876708984375, 85.04120744977679, 85.03403799874442, 85.02725328717914, 85.02081625802177, 85.01470402308873, 85.00890350341797, 85.00338963099888, 84.99814714704242, 84.99316079275948, 84.98841094970703, 84.98389107840401, 84.97958156040737, 84.9754660470145, 84.97154126848493, 84.9677985055106, 84.96421269008091, 84.96079472133091, 84.95751517159599, 84.95438276018415, 84.95137459891183, 84.94849940708706, 84.94573865618024, 84.94308907645089, 84.9405495779855, 84.93810708182198, 84.93576158796039, 84.93350328717914, 84.93133435930524, 84.92924499511719, 84.92722865513393, 84.92528969900948, 84.92341722760882, 84.92161778041294, 84.9198750087193, 84.91819327218192, 84.91657039097377, 84.91499982561383, 84.91348157610211], "test_losses": [353.44676426478793, 105.08713095528739, 102.67786516462054, 100.64434705461774, 98.91931588309151, 97.4519544328962, 96.20020621163505, 95.12923104422433, 94.21011461530414, 93.41884940011161, 92.73545946393695, 92.14329964773995, 91.6284899030413, 91.17942701067243, 90.78639657156808, 90.44124603271484, 90.1371329171317, 89.86829376220703, 89.62986537388393, 89.41772896902901, 89.22840118408203, 89.0589130946568, 88.90674482073102, 88.76974487304688, 88.64605821881976, 88.5341077532087, 88.4325190952846, 88.34012058803013, 88.25588880266461, 88.17894199916294, 88.10850088936942, 88.0438951764788, 87.98453303745815, 87.92989022391183, 87.87951115199498, 87.83299691336495, 87.78998129708427, 87.75015040806362, 87.71321105957031, 87.67892456054688, 87.64705004010882, 87.61739022391183, 87.58975655691964, 87.56398664202008, 87.53993225097656, 87.5174538748605, 87.49643271309989, 87.47675541469029, 87.45831843784877, 87.44102587018695, 87.424802507673, 87.40956333705357, 87.39523642403739, 87.3817629132952, 87.36907741001674, 87.3571275983538, 87.34586007254464, 87.3352301461356, 87.325193132673, 87.31571088518415, 87.30674961635044, 87.29827226911273, 87.29024178641183, 87.28263854980469, 87.27542550223214, 87.26859065464565, 87.26209803989956, 87.2559323992048, 87.2500730242048, 87.24450138636998, 87.23920113699776, 87.23415047781808, 87.22933959960938, 87.22474997384208, 87.22037506103516, 87.21619742257255, 87.2122083391462, 87.20839364188058, 87.20474352155414, 87.20126015799386, 87.19791521344867, 87.19471740722656, 87.19164603097099, 87.18870435442243, 87.18587929861886, 87.18317086356026, 87.1805648803711, 87.17806243896484, 87.17565373011998, 87.17333548409599, 87.17110552106585, 87.16895730154855, 87.16688755580357, 87.16488538469586, 87.16296277727399, 87.16110229492188, 87.15930502755302, 87.1575698852539, 87.15589577811105, 87.1542728969029, 87.15270342145648], "minibatch_train_losses": [344.64453125, 127.68080139160156, 108.94911193847656, 104.87162780761719, 101.36328887939453, 105.07062530517578, 105.75196838378906, 101.201171875, 103.71206665039062, 104.1429443359375, 101.81521606445312, 98.54796600341797, 102.59075927734375, 103.23663330078125, 98.80928802490234, 101.32329559326172, 101.81511688232422, 99.56285858154297, 96.35464477539062, 100.44963073730469, 101.11810302734375, 96.79019165039062, 99.29965209960938, 99.8438949584961, 97.65249633789062, 94.49551391601562, 98.63392639160156, 99.31945037841797, 95.07853698730469, 97.580322265625, 98.16837310791016, 96.02914428710938, 92.91497802734375, 97.0903091430664, 97.78805541992188, 93.62358093261719, 96.1155014038086, 96.74015808105469, 94.64582824707031, 91.56742858886719, 95.77432250976562, 96.48043823242188, 92.38335418701172, 94.86392211914062, 95.5191879272461, 93.463623046875, 90.4151382446289, 94.64913177490234, 95.36058044433594, 91.32308959960938, 93.79136657714844, 94.47219848632812, 92.45028686523438, 89.4267807006836, 93.68417358398438, 94.3985366821289, 90.41393280029297, 92.86943054199219, 93.57160186767578, 91.5790023803711, 88.57637023925781, 92.85406494140625, 93.56947326660156, 89.63192749023438, 92.07447814941406, 92.79444885253906, 90.8275146484375, 87.84231567382812, 92.13771057128906, 92.85271453857422, 88.95716094970703, 91.3868408203125, 92.12162017822266, 90.17724609375, 87.20658874511719, 91.51751708984375, 92.23100280761719, 88.3730239868164, 90.79008483886719, 91.53718566894531, 89.61274719238281, 86.65420532226562, 90.97883605957031, 91.68995666503906, 87.86569213867188, 90.27055358886719, 91.02783203125, 89.1210708618164, 86.1726303100586, 90.50939178466797, 91.217529296875, 87.42359924316406, 89.81674194335938, 90.58242797851562, 88.69143676757812, 85.75135803222656, 90.09895324707031, 90.80363464355469, 87.03707122802734, 89.41903686523438, 90.19160461425781, 88.31475830078125, 85.38160705566406, 89.73888397216797, 90.4398193359375, 86.69799041748047, 89.06938171386719, 89.84754180908203, 87.98341369628906, 85.05599212646484, 89.42198944091797, 90.11894989013672, 86.39955139160156, 88.76097106933594, 89.54363250732422, 87.6910171508789, 84.76829528808594, 89.14216613769531, 89.83504486083984, 86.1360092163086, 88.48805236816406, 89.27432250976562, 87.43215942382812, 84.51327514648438, 88.89430236816406, 89.58303833007812, 85.90253448486328, 88.24581909179688, 89.03488159179688, 87.20225524902344, 84.2864990234375, 88.67402648925781, 89.35862731933594, 85.69503021240234, 88.03013610839844, 88.82133483886719, 86.9974594116211, 84.08422088623047, 88.47770690917969, 89.15818786621094, 85.51002502441406, 87.83753967285156, 88.63031005859375, 86.81446838378906, 83.90323638916016, 88.30218505859375, 88.97863006591797, 85.34459686279297, 87.66505432128906, 88.45890808105469, 86.65050506591797, 83.7408447265625, 88.14481353759766, 88.81729888916016, 85.19622802734375, 87.51014709472656, 88.30467987060547, 86.503173828125, 83.59471893310547, 88.00331115722656, 88.67195129394531, 85.06278228759766, 87.37065887451172, 88.16551208496094, 86.37042236328125, 83.462890625, 87.87574768066406, 88.54066467285156, 84.94244384765625, 87.24472045898438, 88.03961944580078, 86.25051879882812, 83.3436279296875, 87.76045227050781, 88.4217529296875, 84.8336181640625, 87.13075256347656, 87.92543029785156, 86.14192199707031, 83.2354965209961, 87.6559829711914, 88.31379699707031, 84.7349624633789, 87.02735900878906, 87.82161712646484, 86.04337310791016, 83.13720703125, 87.56109619140625, 88.21556091308594, 84.64531707763672, 86.933349609375, 87.72700500488281, 85.9537124633789, 83.04767608642578, 87.47474670410156, 88.12596893310547, 84.56367492675781, 86.84770202636719, 87.6406021118164, 85.8719711303711, 82.96595001220703, 87.39595794677734, 88.04409790039062, 84.48915100097656, 86.76950073242188, 87.56151580810547, 85.79731750488281, 82.89119720458984, 87.32394409179688, 87.9691162109375, 84.42098999023438, 86.6979751586914, 87.48899841308594, 85.72898864746094, 82.82269287109375, 87.25799560546875, 87.90032196044922, 84.35853576660156, 86.63241577148438, 87.42236328125, 