{"train_losses": [352.9422345842634, 103.24207414899554, 100.81781332833427, 98.76625497000558, 97.02472250802177, 95.5422864641462, 94.27677481515067, 93.19323621477399, 92.26266806466239, 91.4609614780971, 90.76805005754743, 90.16722106933594, 89.64451490129743, 89.18826402936664, 88.78868647984096, 88.43758828299386, 88.12806701660156, 87.85431453159877, 87.61141858782086, 87.39522770472935, 87.20221274239677, 87.02938733782086, 86.87418910435268, 86.73444148472377, 86.60826546805245, 86.49405779157367, 86.39043426513672, 86.2961927141462, 86.21029554094586, 86.13184356689453, 86.06004442487445, 85.9942147391183, 85.93374960763114, 85.87812042236328, 85.82685198102679, 85.779541015625, 85.73580714634487, 85.6953353881836, 85.65783582414899, 85.62303706577846, 85.59071132114956, 85.56064823695591, 85.5326668875558, 85.506589617048, 85.48226274762835, 85.45955221993583, 85.43832397460938, 85.41846902029855, 85.39988163539341, 85.3824691772461, 85.3661368233817, 85.35080936976841, 85.33641815185547, 85.32289232526507, 85.31016322544643, 85.29819052559989, 85.28690556117466, 85.27627345493862, 85.2662375313895, 85.25677054268974, 85.2478267124721, 85.23937552315849, 85.23137664794922, 85.22380828857422, 85.21664101736886, 85.20984758649554, 85.20340510777065, 85.19729396275112, 85.19148690359933, 85.18596649169922, 85.18072727748326, 85.17573874337333, 85.17098672049386, 85.16645921979632, 85.16214534214565, 85.15803527832031, 85.15410831996373, 85.15036010742188, 85.1467764718192, 85.14335196358817, 85.14007459368024, 85.13693673270089, 85.1339351109096, 85.1310555594308, 85.12829698835101, 85.12564631870815, 85.12310573032924, 85.12066432407924, 85.11831447056362, 85.11605834960938, 85.11388615199498, 85.11179787772042, 85.10978371756417, 85.10784367152623, 85.10597229003906, 85.1041728428432, 85.10242898123605, 85.10075051443917, 85.09912545340401, 85.0975581577846, 85.09603990827289], "test_losses": [353.44676426478793, 105.44535609654018, 103.04178619384766, 101.00827244349888, 99.28315734863281, 97.815673828125, 96.5637926374163, 95.49266597202846, 94.57340022495815, 93.78199441092355, 93.09846714564732, 92.50619179861886, 91.99127851213727, 91.54212515694755, 91.14901515415737, 90.8038090297154, 90.49965340750558, 90.2307880946568, 89.99234335763114, 89.78020477294922, 89.59088788713727, 89.42142050606864, 89.26928165980748, 89.13231876918248, 89.00867789132255, 88.89677429199219, 88.79524557931083, 88.70290701729911, 88.61874280657086, 88.54186466761998, 88.47149113246373, 88.4069573538644, 88.34766169956752, 88.29310062953404, 88.24279676164899, 88.19635554722377, 88.15340968540737, 88.11365291050502, 88.07678985595703, 88.04257093157086, 88.01076398577008, 87.98117392403739, 87.95361001150948, 87.92790113176618, 87.90390995570591, 87.88149588448661, 87.86053248814174, 87.84091186523438, 87.82252938406808, 87.80529676164899, 87.78912135532924, 87.77393341064453, 87.75965663364956, 87.74622671944755, 87.73358917236328, 87.721681867327, 87.71045466831752, 87.69986397879464, 87.68987056187221, 87.68042755126953, 87.67150115966797, 87.66305433000836, 87.65505981445312, 87.6474838256836, 87.6403067452567, 87.6334980555943, 87.62703486851284, 87.6208986554827, 87.61506761823382, 87.60951668875558, 87.60423714773995, 87.59920828683036, 87.59442138671875, 87.58985464913505, 87.58550153459821, 87.58134351457868, 87.5773696899414, 87.57357679094586, 87.56994955880302, 87.56647709437779, 87.56314849853516, 87.55996704101562, 87.55691419328961, 87.55398123604911, 87.55117579868862, 87.54847717285156, 87.54588862827846, 87.54339708600726, 87.54100145612445, 87.5386941092355, 87.5364739554269, 87.53433663504464, 87.53227778843471, 87.53029196602958, 87.52837480817523, 87.52652195521763, 87.52473776681083, 87.52301243373326, 87.52134377615792, 87.51973070417132, 87.51817212785993], "minibatch_train_losses": [352.3786315917969, 125.16984558105469, 111.34439086914062, 101.07257843017578, 106.42745208740234, 104.12696838378906, 105.38732147216797, 101.99446105957031, 100.8271713256836, 106.36817169189453, 98.74214172363281, 103.72308349609375, 101.46414184570312, 102.8726577758789, 99.5587387084961, 98.46337890625, 104.07183837890625, 96.47981262207031, 101.55033111572266, 99.28486633300781, 100.75761413574219, 97.51820373535156, 96.45809936523438, 102.12541961669922, 94.55907440185547, 99.70970153808594, 97.4353256225586, 98.96174621582031, 95.78741455078125, 94.7551040649414, 100.47196960449219, 92.9261703491211, 98.1463394165039, 95.8609848022461, 97.43256378173828, 94.3153305053711, 93.30484008789062, 99.06341552734375, 91.53407287597656, 96.81475830078125, 94.51707458496094, 96.12666320800781, 93.05976867675781, 92.0662612915039, 97.85992431640625, 90.34378051757812, 95.67731475830078, 93.36651611328125, 95.0080795288086, 91.98580169677734, 91.00531005859375, 96.82852935791016, 89.32299041748047, 94.70277404785156, 92.37850952148438, 94.04696655273438, 91.06441497802734, 90.09375, 95.94181823730469, 88.44483947753906, 93.8652114868164, 91.52745056152344, 93.21852111816406, 90.2715072631836, 89.30807495117188, 95.17703247070312, 87.6869888305664, 93.14310455322266, 90.79203796386719, 92.50210571289062, 89.5870361328125, 88.62875366210938, 94.51524353027344, 87.03086853027344, 92.51851654052734, 90.15452575683594, 91.88052368164062, 88.99427032470703, 88.03947448730469, 93.94064331054688, 86.46092224121094, 91.97648620605469, 89.60008239746094, 91.33940124511719, 88.47928619384766, 87.526611328125, 93.44007873535156, 85.9642333984375, 91.50454711914062, 89.11629486083984, 90.86672973632812, 88.0304183959961, 87.07879638671875, 93.00250244140625, 85.5299301147461, 91.09226989746094, 88.69279479980469, 90.45246124267578, 87.63789367675781, 86.68649291992188, 92.61868286132812, 85.14891052246094, 90.73088073730469, 88.32084655761719, 90.08816528320312, 87.29353332519531, 86.34168243408203, 92.2808837890625, 84.81356048583984, 90.41305541992188, 87.99311828613281, 89.76670837402344, 86.99044036865234, 86.03763580322266, 91.98255920410156, 84.51740264892578, 90.13261413574219, 87.70341491699219, 89.48214721679688, 86.72282409667969, 85.76866912841797, 91.71826171875, 84.25505065917969, 89.88435363769531, 87.446533203125, 89.22940063476562, 86.48577880859375, 85.52998352050781, 91.48329162597656, 84.02188110351562, 89.66387176513672, 87.21805572509766, 89.00422668457031, 86.27516174316406, 85.3175277709961, 91.27378845214844, 83.81404113769531, 89.46745300292969, 87.01422119140625, 88.802978515625, 86.08746337890625, 85.12783813476562, 91.08636474609375, 83.6281967163086, 89.29194641113281, 86.83184051513672, 88.62256622314453, 85.91970825195312, 84.95797729492188, 90.918212890625, 83.4615478515625, 89.1346435546875, 86.66819763183594, 88.46037292480469, 85.76933288574219, 84.80545806884766, 90.76689910888672, 83.31169128417969, 88.9932632446289, 86.52096557617188, 88.31414031982422, 85.63418579101562, 84.66814422607422, 90.63037109375, 83.17658996582031, 88.86583709716797, 86.38815307617188, 88.18196105957031, 85.51238250732422, 84.544189453125, 90.5068359375, 83.05445861816406, 88.75070190429688, 86.26803588867188, 88.0621566772461, 85.40234375, 84.4320068359375, 90.39479064941406, 82.94377136230469, 88.64639282226562, 86.1591567993164, 87.95330810546875, 85.30269622802734, 84.33026123046875, 90.29290771484375, 82.8432388305664, 88.55168914794922, 86.06022644042969, 87.85420227050781, 85.21223449707031, 84.23775482177734, 90.20005798339844, 82.751708984375, 88.46548461914062, 85.97013854980469, 87.76373291015625, 85.12992858886719, 84.15347290039062, 90.11524963378906, 82.668212890625, 88.3868637084961, 85.88792419433594, 87.68099212646484, 85.0549087524414, 84.0765380859375, 90.03762817382812, 82.59187316894531, 88.31499481201172, 85.81275939941406, 87.60516357421875, 84.98635864257812, 84.00615692138672, 89.96644592285156, 82.52195739746094, 88.24917602539062, 85.74391174316406, 87.53553009033203, 84.92363739013672, 83.94166564941406, 89.90103149414062, 