{"train_losses": [352.4554138183594, 103.82349722726005, 101.39454759870257, 99.34302738734654, 97.60160500662667, 96.11930411202567, 94.85394505092076, 93.7705579485212, 92.84014238630023, 92.03856876918248, 91.34578704833984, 90.74507359095982, 90.22247205461774, 89.76631491524833, 89.3668212890625, 89.01579829624721, 88.70634351457868, 88.43263898577008, 88.18978881835938, 87.97363608224052, 87.78065708705357, 87.60785784040179, 87.4526868547712, 87.31295667375836, 87.18680027553013, 87.0726089477539, 86.968996320452, 86.87476566859654, 86.78888266427177, 86.71043613978794, 86.6386489868164, 86.5728258405413, 86.51237160818917, 86.45674569266183, 86.40548597063336, 86.35818263462612, 86.31445857456752, 86.27399662562779, 86.2364981515067, 86.2017070225307, 86.16939217703683, 86.13933672223773, 86.11136409214565, 86.08529445103237, 86.06097630092076, 86.03827122279576, 86.01705278669085, 85.99720655168805, 85.97862788609096, 85.96122305733817, 85.9448994227818, 85.92958395821708, 85.91519818987165, 85.90167890276227, 85.88896179199219, 85.87699454171317, 85.86572156633649, 85.85509708949498, 85.84507315499442, 85.83561161586216, 85.82668086460659, 85.81823294503349, 85.81024714878627, 85.8026842389788, 85.79552459716797, 85.78874206542969, 85.78230612618583, 85.77620043073382, 85.77040645054409, 85.764894757952, 85.75965881347656, 85.75467790876117, 85.74993351527623, 85.74541582380023, 85.74110848563058, 85.73700496128627, 85.73308345249721, 85.72934068952289, 85.72576904296875, 85.72234998430524, 85.71908024379185, 85.71595219203404, 85.71295057024274, 85.71008191789899, 85.7073244367327, 85.70468139648438, 85.70214734758649, 85.69971030099052, 85.69736807686942, 85.6951163155692, 85.69295174734933, 85.69086674281529, 85.68885694231305, 85.68692125592914, 85.68505968366351, 85.68326023646763, 85.68152618408203, 85.67984880719867, 85.67822810581752, 85.67666407993862, 85.67515236990792], "test_losses": [353.44676426478793, 105.17095947265625, 102.76005554199219, 100.72643171037946, 99.0012926374163, 97.53381020682198, 96.28192901611328, 95.21081215994698, 94.29155622209821, 93.5001460484096, 92.81661115373883, 92.2243161882673, 91.7093756539481, 91.26018742152623, 90.86704581124442, 90.52179173060826, 90.21759142194476, 89.94867270333427, 89.71017674037388, 89.49798474993024, 89.30860682896206, 89.1390849522182, 88.9868916102818, 88.8498764038086, 88.72617994035993, 88.61422729492188, 88.5126462663923, 88.4202641078404, 88.33605412074498, 88.2591323852539, 88.188722882952, 88.12414986746651, 88.06482369559151, 88.01022774832589, 87.95989009312221, 87.91342163085938, 87.87045615059989, 87.83067212785993, 87.79378727504185, 87.75954764229911, 87.72772543770927, 87.6981179373605, 87.67053767613002, 87.64481898716518, 87.62081473214286, 87.598388671875, 87.57741328648159, 87.5577893938337, 87.53939710344586, 87.52215249197823, 87.50597490583148, 87.49077933175224, 87.47649819510323, 87.4630628313337, 87.45042092459542, 87.43851034981864, 87.42728097098214, 87.41668701171875, 87.4066903250558, 87.3972396850586, 87.38831111363002, 87.37986537388393, 87.37186867850167, 87.36429486955915, 87.35711342947823, 87.35030800955636, 87.34383719308036, 87.33769989013672, 87.33186558314732, 87.32631465366909, 87.32103729248047, 87.31600843157086, 87.31121717180524, 87.30664934430804, 87.3022940499442, 87.29813167027065, 87.29416111537388, 87.29036603655133, 87.28673226492745, 87.28326198032924, 87.27993447440011, 87.27674429757255, 87.27369035993304, 87.27076176234654, 87.26794869559151, 87.26524897984096, 87.26265607561383, 87.26016344342914, 87.2577645438058, 87.25545610700335, 87.25323704310826, 87.25109318324498, 87.24903542654855, 87.2470474243164, 87.24512808663505, 87.24327414376395, 87.24148341587612, 87.23975917271206, 87.2380861554827, 87.2364741734096, 87.2349112374442], "minibatch_train_losses": [351.1983642578125, 120.67764282226562, 105.65716552734375, 110.75526428222656, 110.84622192382812, 103.36966705322266, 107.13583374023438, 100.50703430175781, 99.00012969970703, 100.21058654785156, 107.47344970703125, 108.26405334472656, 100.66178131103516, 104.71788787841797, 98.05458068847656, 96.67304992675781, 97.90679168701172, 105.19064331054688, 106.06492614746094, 98.50222778320312, 102.62174224853516, 95.9940185546875, 94.6973876953125, 95.95498657226562, 103.25459289550781, 104.20039367675781, 96.67094421386719, 100.8432846069336, 94.24429321289062, 93.0213623046875, 94.2970199584961, 101.60752868652344, 102.61549377441406, 95.1133041381836, 99.3304443359375, 92.75430297851562, 91.595703125, 92.88469696044922, 100.20226287841797, 101.26449584960938, 93.78471374511719, 98.0398941040039, 91.48180389404297, 90.3795166015625, 91.67811584472656, 98.999755859375, 100.10954284667969, 92.64816284179688, 96.93573760986328, 90.39178466796875, 89.33898162841797, 90.64418029785156, 97.96761322021484, 99.11920166015625, 91.67295837402344, 95.9881820678711, 89.45523834228516, 88.44599151611328, 89.75544738769531, 97.07888793945312, 98.26739501953125, 90.8336410522461, 95.17247009277344, 88.64796447753906, 87.67724609375, 88.98907470703125, 96.31120300292969, 97.53240966796875, 90.10897064208984, 94.46803283691406, 87.94987487792969, 87.01332092285156, 88.3260726928711, 95.64588928222656, 96.89618682861328, 89.48126983642578, 93.85771179199219, 87.34423828125, 86.43805694580078, 87.7506103515625, 95.06741333007812, 96.34364318847656, 88.93580627441406, 93.32719421386719, 86.81706237792969, 85.9379653930664, 87.24945068359375, 94.56272888183594, 95.86219787597656, 88.46025085449219, 92.864501953125, 86.3566665649414, 85.50177764892578, 86.8115463256836, 94.1209716796875, 95.44132995605469, 88.04426574707031, 92.45964050292969, 85.95320892333984, 85.12005615234375, 86.42761993408203, 93.73298645019531, 95.07215881347656, 87.67919158935547, 92.10419464111328, 85.5985107421875, 84.78488159179688, 86.08988952636719, 93.39111328125, 94.74729919433594, 87.3577651977539, 91.79109954833984, 85.28562927246094, 84.48961639404297, 85.79182434082031, 93.0888671875, 94.46048736572266, 87.07383728027344, 91.51441192626953, 85.00874328613281, 84.2286376953125, 85.52789306640625, 92.82079315185547, 94.20645904541016, 86.82225036621094, 91.26911926269531, 84.76290893554688, 83.99723815917969, 85.29344177246094, 92.58229064941406, 93.98075103759766, 86.59861755371094, 91.05095672607422, 84.54399108886719, 83.79141235351562, 85.08451843261719, 92.36942291259766, 93.77960205078125, 86.39921569824219, 90.8563461303711, 84.34843444824219, 83.60777282714844, 84.89779663085938, 92.17888641357422, 93.59977722167969, 86.22091674804688, 90.68222045898438, 84.17322540283203, 83.44342803955078, 84.73039245605469, 92.0078125, 93.43859100341797, 86.06100463867188, 90.52597045898438, 84.01580810546875, 83.29593658447266, 84.57990264892578, 91.85381317138672, 93.29367065429688, 85.91719055175781, 90.3853530883789, 83.87398529052734, 83.1632080078125, 84.44424438476562, 91.71479797363281, 93.16304779052734, 85.78752136230469, 90.25849914550781, 83.7458724975586, 83.04342651367188, 84.32162475585938, 91.5889892578125, 93.04499053955078, 85.67030334472656, 90.14374542236328, 83.62985229492188, 82.93507385253906, 84.21051025390625, 91.47483825683594, 92.93803405761719, 85.56407928466797, 90.03968048095703, 83.5245361328125, 82.83682250976562, 84.10958862304688, 91.37104797363281, 92.84091186523438, 85.46759796142578, 89.9450912475586, 83.4287109375, 82.74749755859375, 84.01771545410156, 91.27643585205078, 92.75251007080078, 85.3797607421875, 89.85893249511719, 83.34133911132812, 82.66613006591797, 83.93389892578125, 91.19003295898438, 92.67189025878906, 85.29962158203125, 89.7802734375, 83.26148986816406, 82.59185028076172, 83.85726165771484, 91.11095428466797, 92.59820556640625, 85.22637176513672, 89.70832061767578, 83.18840026855469, 82.52391052246094, 83.78706359863281, 91.03843688964844, 92.53073120117188, 85.15928649902344, 89.64237213134766, 83.12135314941406, 82.46163940429688, 