{"train_losses": [353.03072684151783, 102.97940935407367, 100.54828752790179, 98.49582018171039, 96.753664289202, 95.27079010009766, 94.0049798148019, 92.9212417602539, 91.99054282052177, 91.18875667027065, 90.49580819266183, 89.89495849609375, 89.37225232805524, 88.91601017543248, 88.51644788469586, 88.16536494663784, 87.85586220877511, 87.58212171282086, 87.3392355782645, 87.12305123465401, 86.93004499162946, 86.75722067696708, 86.6020257132394, 86.46227373395648, 86.33609226771763, 86.22187805175781, 86.11824362618583, 86.02399553571429, 85.9380874633789, 85.85962241036552, 85.78781236921039, 85.72197505405971, 85.66149575369698, 85.60585021972656, 85.55457523890904, 85.5072490147182, 85.46350424630302, 85.42302485874721, 85.38551003592355, 85.35069928850446, 85.31837027413505, 85.28830283028739, 85.26030731201172, 85.23422350202289, 85.20989118303571, 85.18717193603516, 85.16593824114118, 85.14607565743583, 85.12748500279018, 85.11006273542132, 85.09372929164341, 85.07839856828961, 85.06400299072266, 85.05047389439174, 85.0377447945731, 85.02576664515904, 85.01448277064732, 85.00384739467076, 84.99381692068917, 84.98434448242188, 84.97539738246373, 84.96694074358258, 84.95894731794085, 84.95137568882534, 84.94421059744698, 84.93741716657367, 84.93097359793526, 84.92486245291573, 84.91905539376395, 84.91354261125836, 84.9083012172154, 84.90331050327846, 84.8985573904855, 84.89403860909599, 84.88972473144531, 84.88561466761998, 84.88168552943638, 84.87793949672154, 84.87435586111886, 84.87093680245536, 84.86765943254743, 84.8645259312221, 84.86151994977679, 84.85864584786552, 84.85588618687221, 84.85323878696987, 84.85069710867745, 84.84825570242745, 84.84591238839286, 84.84365408761161, 84.84148624965123, 84.83939470563617, 84.83738381522042, 84.83544594900948, 84.83358001708984, 84.83177403041294, 84.83003561837333, 84.82835497174945, 84.8267320905413, 84.82516588483539, 84.82365090506417], "test_losses": [353.44676426478793, 105.10347202845982, 102.689455304827, 100.65567343575614, 98.93050602504185, 97.4630617414202, 96.21126883370536, 95.14026968819755, 94.2211445399693, 93.42987278529576, 92.74647521972656, 92.15430559430804, 91.63948604038784, 91.19040897914341, 90.797361101423, 90.45218767438617, 90.14805821010044, 89.8791972569057, 89.64074380057198, 89.4285888671875, 89.23923928397042, 89.06973484584263, 88.91754913330078, 88.78053283691406, 88.6568374633789, 88.5448739188058, 88.44328090122768, 88.35088239397321, 88.26664733886719, 88.18970162527901, 88.11926814488002, 88.05466897147042, 87.99531664167132, 87.94068363734654, 87.89032418387276, 87.8438230242048, 87.80082593645368, 87.76101357596261, 87.72410038539341, 87.68983241489956, 87.6579818725586, 87.6283460344587, 87.60073852539062, 87.57499585832868, 87.55096544538226, 87.5285164969308, 87.5075204031808, 87.4878670828683, 87.46946171351841, 87.4521963936942, 87.43599809919085, 87.42078617640904, 87.40648542131696, 87.39304024832589, 87.38038090297154, 87.3684550694057, 87.35721479143415, 87.34660993303571, 87.3365968976702, 87.32714189801898, 87.31820242745536, 87.30974578857422, 87.30173710414341, 87.29415566580636, 87.28696986607143, 87.2801491873605, 87.273681640625, 87.26753452845982, 87.26169804164341, 87.25614057268415, 87.2508566720145, 87.2458256312779, 87.24103110177177, 87.23646109444755, 87.23210144042969, 87.22793906075614, 87.22396523611886, 87.22016361781529, 87.21653311593192, 87.2130595615932, 87.20972987583706, 87.20654405866351, 87.20348794119698, 87.20055498395648, 87.19774191720145, 87.1950454711914, 87.19245256696429, 87.18995775495257, 87.18756103515625, 87.1852536882673, 87.1830335344587, 87.18089185442243, 87.17882755824498, 87.17683955601284, 87.17492239815849, 87.1730706351144, 87.17128317696708, 87.1695578438895, 87.16788591657367, 87.16627175467355, 87.16471099853516], "minibatch_train_losses": [352.9696960449219, 126.45386505126953, 109.24398040771484, 110.10539245605469, 109.624267578125, 100.50090789794922, 100.66928100585938, 96.45210266113281, 103.50460815429688, 104.89099884033203, 106.71916198730469, 106.90206909179688, 97.91934204101562, 98.24882507324219, 93.970458984375, 101.15777587890625, 102.57833099365234, 104.45613098144531, 104.71464538574219, 95.75012969970703, 96.17729949951172, 91.8856201171875, 99.16641235351562, 100.61861419677734, 102.53759002685547, 102.86163330078125, 93.90950775146484, 94.42103576660156, 90.11415100097656, 97.47622680664062, 98.95391845703125, 100.90634155273438, 101.28741455078125, 92.34346008300781, 92.92813110351562, 88.60466766357422, 96.03770446777344, 97.535888671875, 99.51533508300781, 99.94629669189453, 91.00723266601562, 91.65548706054688, 87.314697265625, 94.80982971191406, 96.32449340820312, 98.32567596435547, 98.80046081542969, 89.86376953125, 90.56739044189453, 86.2090072631836, 93.75865173339844, 95.28654479980469, 97.30506896972656, 97.81854248046875, 88.88228607177734, 89.63423919677734, 85.25836944580078, 92.85594177246094, 94.39448547363281, 96.42671203613281, 96.97450256347656, 88.0372314453125, 88.83146667480469, 84.43846130371094, 92.07830810546875, 93.62541198730469, 95.66834259033203, 96.24671936035156, 87.30731201171875, 88.13862609863281, 83.72903442382812, 91.40625, 92.96023559570312, 95.01138305664062, 95.61712646484375, 86.67481994628906, 87.5386962890625, 83.11320495605469, 90.82351684570312, 92.383056640625, 94.44036102294922, 95.07073974609375, 86.12494659423828, 87.01748657226562, 82.57686614990234, 90.31656646728516, 91.88059997558594, 93.9423599243164, 94.594970703125, 85.64531707763672, 86.56316375732422, 82.10821533203125, 89.8740463256836, 91.44174194335938, 93.50656127929688, 94.17933654785156, 85.2255859375, 86.16577911376953, 81.69735717773438, 89.48648071289062, 91.05718994140625, 93.12391662597656, 93.81503295898438, 84.8570556640625, 85.81705474853516, 81.33599090576172, 89.14590454101562, 90.71910095214844, 92.78677368164062, 93.49466705322266, 84.53241729736328, 85.50997924804688, 81.01712036132812, 88.84562683105469, 90.42090606689453, 92.4887466430664, 93.2120132446289, 84.24551391601562, 85.23870849609375, 80.73483276367188, 88.57999420166016, 90.15705871582031, 92.22442626953125, 92.96185302734375, 83.99115753173828, 84.99826049804688, 80.48416137695312, 88.34426879882812, 89.92286682128906, 91.9892578125, 92.73973083496094, 83.76493835449219, 84.78446197509766, 80.2608642578125, 88.1343994140625, 89.71436309814453, 91.77935028076172, 92.54188537597656, 83.56312561035156, 84.59375762939453, 80.0613784790039, 87.94697570800781, 89.52818298339844, 91.59142303466797, 92.36515808105469, 83.382568359375, 84.42315673828125, 79.88262939453125, 87.77911376953125, 89.36143493652344, 91.42265319824219, 92.20682525634766, 83.22055053710938, 84.27006530761719, 79.72203063964844, 87.62832641601562, 89.21170806884766, 91.27069854736328, 92.06456756591797, 83.07476043701172, 84.13230895996094, 79.57733917236328, 87.49247741699219, 89.07688903808594, 91.13347625732422, 91.9364013671875, 82.94322967529297, 84.00802612304688, 79.44664001464844, 87.3697738647461, 88.9551773071289, 91.00924682617188, 91.82066345214844, 82.82424926757812, 83.89558410644531, 79.32829284667969, 87.2586669921875, 88.84503173828125, 90.89649200439453, 91.7158432006836, 82.71636962890625, 83.79362487792969, 79.22087097167969, 87.15780639648438, 88.7451171875, 90.79389953613281, 91.62071228027344, 82.61831665039062, 83.700927734375, 79.1231689453125, 87.0660171508789, 88.65428924560547, 90.70035552978516, 91.5341796875, 82.52900695800781, 83.61648559570312, 79.03408813476562, 86.98231506347656, 88.571533203125, 90.6148681640625, 91.45528411865234, 82.44746398925781, 83.53938293457031, 78.95271301269531, 86.90582275390625, 88.49600219726562, 90.53658294677734, 91.38321685791016, 82.37287902832031, 83.46885681152344, 78.87823486328125, 86.83577728271484, 88.42691040039062, 90.46475982666016, 91.31725311279297, 82.30453491210938, 83.40420532226562, 78.80995178222656, 86.77151489257812, 88.36361694335938, 