{"testproblem": "mnist_mlp", "batch_size": 128, "num_epochs": 100, "random_seed": 42, "weight_decay": null, "optimizer_hyperparams": {"lr": 0.06309573444801936}, "train_losses": [2.3034798334806394, 0.5523193562642122, 0.4016798443328112, 0.4136414159184847, 2.3031456164824657, 2.3054893964376206, 2.3096197018256555, 2.3027976139997826, 2.30901476358756, 2.309066280340537, 2.304272642502418, 2.30578814408718, 2.305775617941832, 2.303408686931317, 2.3028329947055917, 2.302743694721124, 2.3034847241181593, 2.3026616328801865, 2.3075789702244296, 2.3057822416990232, 2.307062974342933, 2.303533272865491, 2.305203709846888, 2.3016230051334086, 2.3045039788270607, 2.3037886925232716, 2.3037060499191284, 2.305404929014353, 2.3022442628175783, 2.30784639945397, 2.303807802689381, 2.3073542515436807, 2.3075563387993054, 2.3068777659000497, 2.305141601807032, 2.305579130466168, 2.3033299079308143, 2.3052951983916454, 2.304295371740292, 2.30758226223481, 2.305858557040875, 2.3039228121439614, 2.306279433079255, 2.3121956403438864, 2.3040999663181796, 2.3055463356849475, 2.304692167502183, 2.303992543465052, 2.3039200550470595, 2.3043172573431945, 2.3090313520186987, 2.303477168083191, 2.3043865943566346, 2.303581898029034, 2.3055620804811134, 2.3064862611966257, 2.3141838862345767, 2.3089554615509815, 2.3027713512763, 2.3033792972564697, 2.308403858771691, 2.305225671866001, 2.305078686811985, 2.3054447999367347, 2.306166248443799, 2.3081995034829164, 2.300463312711471, 2.3061264967307067, 2.305753848491571, 2.3065916911149635, 2.3111836971380773, 2.3064417839050293, 2.304090019984123, 2.3024356120671983, 2.304543110040518, 2.302749997530228, 2.3031571553303647, 2.303804779664064, 2.3035627053334164, 2.303245547490242, 2.303546890234336, 2.303516739454025, 2.306983376160646, 2.305494953424503, 2.3033704513158555, 2.3048145587627706, 2.3060272932052612, 2.3042991986641517, 2.304632523120978, 2.30369064441094, 2.303580259665465, 2.3050367740484385, 2.310468172415709, 2.303155859311422, 2.3053506093147473, 2.306021341910729, 2.304149783574618, 2.3015591456339908, 2.3035550912221274, 2.3059717325063853, 2.3037403455147376], "test_losses": [2.3034419279832106, 0.5467533183594545, 0.4575884263866987, 0.41975263353341663, 2.303195763856937, 2.3066908701872215, 2.3069944106615505, 2.3027138985120335, 2.306923591173612, 2.306572822424082, 2.304237072284405, 2.304760987942035, 2.3057995453858986, 2.303052021906926, 2.303454937079014, 2.3022275062707753, 2.3053599198659263, 2.3025493193895388, 2.307095970862951, 2.307601277644818, 2.3058771078403177, 2.3027987143932243, 2.3068129191031823, 2.301547191081903, 2.304416925479204, 2.306057963615809, 2.30702137030088, 2.3039218615262937, 2.30165577851809, 2.305976225779607, 2.304191515995906, 2.3063451601908755, 2.305857533063644, 2.308292422539149, 2.3057502599862905, 2.3048010300367308, 2.3021485866644444, 2.3047596369034204, 2.305261614995125, 2.307994689696874, 2.3047120418304052, 2.3025054381443906, 2.305585421048678, 2.307931200051919, 2.302837377939469, 2.3056346361453715, 2.3030568942045555, 2.3045045473636727, 2.30401165668781, 2.3028899553494577, 2.3067369033128786, 2.302955780273829, 2.3030234789237, 2.304252499189132, 2.3054307454671616, 2.3046803657825174, 2.3143554345155373, 2.3090468553396373, 2.302860657374064, 2.3040221409919934, 2.3071917784519687, 2.305211779398796, 2.3029952385486703, 2.3035650895192075, 2.3040820023952384, 2.3049305983078785, 2.3033520686320768, 2.307691665796133, 2.30589187450898, 2.3059158661426644, 2.311340188368773, 2.3058084402328882, 2.3039553654499545, 2.3025982288213878, 2.3036706417034836, 2.3024890973017764, 2.30291791451283, 2.303295251650688, 2.3028244024667983, 2.303121227484483, 2.3033172411796374, 2.3046655165843473, 2.3070731866054044, 2.3051858712465334, 2.3030056250401034, 2.305122292958773, 2.308620584316743, 2.305355640558096, 2.3046751480836134, 2.304421372902699, 2.3042208751042685, 2.3068021841538258, 2.3090609312057495, 2.303309128834651, 2.3042566837408605, 2.3058129518460007, 2.3029876336073265, 2.3015310061283603, 2.303074066455548, 2.3069626154043736, 2.303399954086695], "train_accuracies": [0.08543669871794872, 0.86328125, 0.9044471153846154, 0.9012419871794872, 0.09955929487179487, 0.09845753205128205, 0.09505208333333333, 0.09635416666666667, 0.1123798076923077, 0.09725560897435898, 0.11107772435897435, 0.10947516025641026, 0.09715544871794872, 0.09935897435897435, 0.09955929487179487, 0.11017628205128205, 0.10817307692307693, 0.11318108974358974, 0.09875801282051282, 0.1045673076923077, 0.09795673076923077, 0.10977564102564102, 0.11478365384615384, 0.11458333333333333, 0.09705528846153846, 0.12049278846153846, 0.11448317307692307, 0.09505208333333333, 0.11608573717948718, 0.09965945512820513, 0.09905849358974358, 0.09905849358974358, 0.10817307692307693, 0.10506810897435898, 0.09915865384615384, 0.10897435897435898, 0.1102764423076923, 0.10236378205128205, 0.10116185897435898, 0.11368189102564102, 0.1123798076923077, 0.10106169871794872, 0.1015625, 0.10767227564102565, 0.11207932692307693, 0.10837339743589744, 0.10927483974358974, 0.10927483974358974, 0.0992588141025641, 0.10887419871794872, 0.10116185897435898, 0.10336538461538461, 0.11278044871794872, 0.10096153846153846, 0.1038661858974359, 0.11217948717948718, 0.10546875, 0.09795673076923077, 0.09905849358974358, 0.10556891025641026, 0.11318108974358974, 0.10186298076923077, 0.11077724358974358, 0.10697115384615384, 0.10076121794871795, 0.11057692307692307, 0.11708733974358974, 0.09825721153846154, 0.09915865384615384, 0.11087740384615384, 0.10286458333333333, 0.10346554487179487, 0.11288060897435898, 0.11197916666666667, 0.11478365384615384, 0.11278044871794872, 0.11468349358974358, 0.10907451923076923, 0.11187900641025642, 0.11227964743589744, 0.10356570512820513, 0.11338141025641026, 0.10126201923076923, 0.09845753205128205, 0.09595352564102565, 0.09705528846153846, 0.10476762820512821, 0.11368189102564102, 0.09965945512820513, 0.11137820512820513, 0.10767227564102565, 0.10877403846153846, 0.10346554487179487, 0.10106169871794872, 0.09435096153846154, 0.10266426282051282, 0.09895833333333333, 0.11438301282051282, 0.10877403846153846, 0.09795673076923077, 0.11067708333333333],