{"testproblem": "mnist_mlp", "batch_size": 128, "num_epochs": 100, "random_seed": 42, "weight_decay": null, "optimizer_hyperparams": {"lr": 10.0, "momentum": 0.99}, "train_losses": [2.3034798334806394, 66.87889822935446, 76.09271220671825, 55.10609367566231, 60.7545043749687, 64.1442754696577, 42.292658439049355, 59.00852350088266, 57.59423373295711, 45.134960467998795, 45.81596824450371, 51.269036610921226, 51.11948155134152, 22.659605368589745, 37.693459070645844, 77.13638501289563, 68.73162445655235, 60.1453683804243, 65.33898245982634, 28.656785573714817, 63.01517452337803, 65.47199053642078, 74.17657813047751, 44.529214223225914, 40.67848337613619, 69.00819563254332, 51.92776944087102, 68.03427163148538, 69.16095635829828, 82.44186039460011, 48.69084138136644, 40.19369345444899, 45.9105776762351, 43.781011825952774, 69.08362975487343, 64.16631830655612, 82.84045610672388, 80.04428325555263, 31.909014726296448, 41.57509143535908, 47.45647205450596, 99.10593482775566, 33.67279172554994, 44.57123927581004, 61.68289301945613, 44.82969846480932, 81.48664044111203, 61.51398678314992, 45.08545327797914, 48.942578095656174, 78.99900690714519, 29.09255754030668, 97.07990333361504, 65.34061397650304, 38.21457261305589, 107.00426620092148, 43.23160518744053, 70.86111381726387, 89.28438597459059, 87.07958055153871, 43.39668024503268, 38.66764078384791, 30.587961685963165, 64.01356012393266, 50.16092212383564, 76.65820601047614, 59.67494622254983, 58.36514521867801, 67.46948095468375, 27.02579065469595, 65.75783876272348, 81.31616885845477, 40.256760646135376, 54.48854617583446, 46.52635525434445, 47.60024789663461, 95.8111591828175, 49.88884436778533, 46.166744623428734, 43.14347457885742, 61.61667838463416, 54.295009857568985, 80.02130288344163, 30.468147008846966, 57.03743592286721, 66.24444394233899, 34.15028628324851, 77.19932693090195, 74.98406229263696, 88.11318705632137, 44.796704830267494, 62.94216048411834, 106.07151598808093, 86.97005765866011, 51.466842455741684, 34.57009819226387, 49.095097517355896, 74.78552275437575, 43.86288515726725, 42.44605299142691, 43.06958902799166], "test_losses": [2.3034419279832106, 67.37744341141138, 76.64677321605193, 55.10645905519143, 60.8735538873917, 64.34603118896484, 42.23831519102439, 59.03928072024615, 57.44343522878793, 44.94559048383664, 46.00037511189779, 50.96586452386318, 51.467415834084534, 22.626696782234387, 38.01339961320926, 77.53272511408879, 69.52803817162147, 59.6907962896885, 65.37303738716321, 28.450103050623184, 62.178851934579704, 65.34950109628531, 75.02726951012245, 44.687464591784355, 40.96188691946176, 69.2317018753443, 51.40306282043457, 67.34949752611992, 69.15414771055563, 82.36843025990022, 48.061539283165565, 39.71292556860508, 45.663882817977516, 43.956920574872925, 68.79769041599371, 65.17920606564253, 81.61145704220503, 78.66966746403621, 32.21830773964906, 41.821552129892204, 47.57295760130271, 99.37290240556766, 34.07283531091152, 44.01790247208033, 61.21540245643029, 44.967622659145256, 80.73876454279973, 61.96217028299967, 45.018945596156975, 47.5761478130634, 79.39632454896585, 29.42096570821909, 95.53446168165941, 64.76022304632725, 38.0112645809467, 105.47765780717899, 43.22747127826397, 70.19528604165102, 88.7056151169997, 88.61860060080504, 43.25716238755446, 38.582252184549965, 31.134380829639923, 65.15954110561273, 50.034039130577675, 76.04723734733386, 57.888910342485474, 57.23142980917906, 67.18873713566707, 27.539395625774677, 67.21488091884515, 81.53134536743164, 39.53008619944254, 53.835217255812424, 46.6700074611566, 47.22043795463367, 96.39818338247446, 49.280410424256935, 46.066265693077675, 43.450124642787834, 61.24100249852889, 54.68657014308832, 79.10586371788612, 30.65490976969401, 57.408519695966675, 66.49547513326009, 34.26484993176582, 77.92090176313351, 75.85359314160469, 88.87973159398788, 44.283676049648186, 63.75018740922977, 106.62484760773488, 86.86221548227164, 51.52120991242238, 33.64717148511838, 48.556593723786186, 74.9122679294684, 44.049742038433365, 42.643948775071365, 42.23128516857441], "train_accuracies": [0.08543669871794872, 0.09655448717948718, 0.09154647435897435, 0.10747195512820513, 0.09955929487179487, 0.1045673076923077, 0.10226362179487179, 0.1006610576923077, 0.10046073717948718, 0.11217948717948718, 0.09615384615384616, 0.09795673076923077, 0.10266426282051282, 0.11338141025641026, 0.09955929487179487, 0.09204727564102565, 0.10817307692307693, 0.11318108974358974, 0.09695512820512821, 0.10346554487179487, 0.09495192307692307, 0.10136217948717949, 0.10006009615384616, 0.09264823717948718, 0.09705528846153846, 0.09745592948717949, 0.10086137820512821, 0.10026041666666667, 0.09485176282051282, 0.09965945512820513, 0.09645432692307693, 0.09385016025641026, 0.08573717948717949, 0.0921474358974359, 0.09915865384615384, 0.10657051282051282, 0.1102764423076923, 0.08693910256410256, 0.10987580128205128, 0.10106169871794872, 0.09094551282051282, 0.0967548076923077, 0.10126201923076923, 0.09795673076923077, 0.09655448717948718, 0.10837339743589744, 0.09705528846153846, 0.09845753205128205, 0.09274839743589744, 0.10887419871794872, 0.10046073717948718, 0.09405048076923077, 0.09845753205128205, 0.09815705128205128, 0.1038661858974359, 0.09965945512820513, 0.09645432692307693, 0.09715544871794872, 0.09985977564102565, 0.10206330128205128, 0.11318108974358974, 0.09715544871794872, 0.10096153846153846, 0.10667067307692307, 0.10376602564102565, 0.09445112179487179, 0.11708733974358974, 0.09845753205128205, 0.11227964743589744, 0.09755608974358974, 0.09735576923076923, 0.09545272435897435, 0.09915865384615384, 0.0914463141025641, 0.10276442307692307, 0.11278044871794872, 0.09445112179487179, 0.09595352564102565, 0.10486778846153846, 0.10416666666666667, 0.09044471153846154, 0.09665464743589744, 0.09875801282051282, 0.09845753205128205, 0.09975961538461539, 0.10166266025641026, 0.10036057692307693, 0.09845753205128205, 0.09905849358974358, 0.09935897435897435, 0.08984375, 0.08693910256410256, 0.10346554487179487, 0.11197916666666667, 0.09905849358974358, 0.11057692307692307, 0.09665464743589744, 0.11438301282051282, 0.10086137820512821, 0.09775641025641026, 0.09795673076923077],