{"testproblem": "fmnist_mlp", "batch_size": 128, "num_epochs": 100, "random_seed": 42, "weight_decay": null, "optimizer_hyperparams": {"lr": 25.11886431509582}, "train_losses": [2.3021158377329507, 7.400863457948733, 4.71022629737854, 5.773240199455848, 14.168981894468649, 6.549829036761553, 12.797815677447197, 13.13191759891999, 6.076711128919553, 7.37372611119197, 8.446221424983097, 8.02108834951352, 3.620710926178174, 9.353723941705166, 9.808730859022875, 8.45927119255066, 8.686314075421064, 12.543520744030292, 2.970252831776937, 6.47203629444807, 4.591753586744651, 7.3787895899552565, 7.248959791965974, 6.798021334868211, 10.673195753342066, 5.4418152295626125, 8.240154480322813, 9.867228214557354, 8.26948179342808, 8.631794972297472, 6.7030618129632416, 9.040407963288136, 10.414422084123661, 5.213545120679415, 2.872597825832856, 10.525570368155455, 9.726275223952074, 9.180210517002987, 7.624739542985574, 7.488472956877488, 10.685261335128393, 6.0151466100643844, 8.58700509560414, 10.434500168531368, 4.0513564837284575, 5.3455421924591064, 12.692418697552803, 8.083314791703836, 4.528791892222869, 9.311765108353052, 7.371180308170808, 8.416420368047861, 5.704131982265374, 5.961546329351572, 8.531071345011393, 9.523496383275742, 10.877483025575296, 9.347901698870537, 11.416031690744253, 8.72186034764999, 7.493396722353422, 9.498589827464176, 8.127723149764233, 9.979403300163073, 9.998889739696796, 6.821437817353469, 10.512929965288212, 6.782137345045041, 10.100451334928854, 6.987912997221335, 4.608914470061277, 5.784513870875041, 3.2298639309711947, 9.402561224423922, 5.875671276679406, 8.76919426673498, 11.256116659213335, 7.327040611169277, 6.2071619889675045, 7.025934628951243, 3.643793136645586, 14.059884866078695, 11.85673297979893, 10.82243125866621, 6.721695569845346, 6.193757754105788, 6.457376736861009, 11.287835756937662, 6.056819561200264, 2.9442816178003945, 8.557300280301998, 5.288278096761459, 7.649385103812585, 4.541814849926875, 4.858558654785156, 4.058553405297109, 4.253054643288637, 11.302261169140156, 8.76941754267766, 5.191278622700618, 4.3332793192985735], "test_losses": [2.3022368321051965, 7.337972555405054, 4.659520302063379, 5.797456423441569, 14.02471190232497, 6.490344536610139, 12.653729536594488, 13.010413157634247, 6.062827140857012, 7.361412488497221, 8.408162275950113, 8.071829771384214, 3.6698913115721483, 9.240217918004745, 9.800322642693153, 8.343227478174063, 8.655049941478632, 12.523011647737944, 2.9743122504307675, 6.497579354506272, 4.639031373537504, 7.369373511045407, 7.3231514722873, 6.784064604685857, 10.738132709111923, 5.410398085912068, 8.20595369583521, 9.889702295645689, 8.237275771605663, 8.583452817721245, 6.617929984361697, 8.978358776141436, 10.338071334056366, 5.228627198781723, 2.8779987738682675, 10.617740411024828, 9.742412970616268, 9.197697125948393, 7.630991630065135, 7.5449063044327955, 10.690522780785194, 6.039586654076209, 8.606397048020975, 10.34616766220484, 4.094888060520857, 5.345334328137911, 12.610898506947052, 8.037374337514242, 4.506267831875728, 9.319372727320744, 7.320408056943845, 8.536204503132748, 5.680668097275954, 6.0221362969814205, 8.68846470881731, 9.576875270941319, 10.878730871738531, 9.5134074198894, 11.538440325321295, 8.695394332592304, 7.460408100715051, 9.451168671632425, 8.088641765790108, 9.959634756430601, 10.158080724569468, 6.842310434732681, 10.39761010194436, 6.711513586533376, 10.172999736590263, 7.038208191211407, 4.609802203300672, 5.785422960917155, 3.223908555813325, 9.434535992451202, 5.85915119220049, 8.803619831036299, 11.351675388140556, 7.333069672951331, 6.228855677140065, 6.963252275418013, 3.660326065161289, 14.000484796670767, 11.915454094226543, 10.958504028809376, 6.733875647569314, 6.212449721800975, 6.452753329888369, 11.298387539692413, 6.037508310415806, 2.961054722468058, 8.574908439929668, 5.2492891397231665, 7.71632247704726, 4.561935993341299, 4.8364664652408695, 4.0281152450121365, 4.253542909255395, 11.3317151314173, 8.725430054542345, 5.2163842763656225, 4.318237943527026], "train_accuracies": [0.10817307692307693, 0.09865785256410256, 0.09665464743589744, 0.09845753205128205, 0.10056089743589744, 0.09665464743589744, 0.10006009615384616, 0.10166266025641026, 0.09985977564102565, 0.09575320512820513, 0.09655448717948718, 0.10757211538461539, 0.10296474358974358, 0.09685496794871795, 0.09935897435897435, 0.10186298076923077, 0.09745592948717949, 0.10086137820512821, 0.0985576923076923, 0.09985977564102565, 0.09545272435897435, 0.0992588141025641, 0.09905849358974358, 0.10306490384615384, 0.10006009615384616, 0.10096153846153846, 0.10216346153846154, 0.0946514423076923, 0.09875801282051282, 0.09815705128205128, 0.09915865384615384, 0.09695512820512821, 0.09875801282051282, 0.10056089743589744, 0.09965945512820513, 0.10206330128205128, 0.09865785256410256, 0.10376602564102565, 0.1024639423076923, 0.10336538461538461, 0.10056089743589744, 0.09765625, 0.09785657051282051, 0.09445112179487179, 0.10166266025641026, 0.10226362179487179, 0.09775641025641026, 0.10006009615384616, 0.10306490384615384, 0.09835737179487179, 0.09865785256410256, 0.10356570512820513, 0.09565304487179487, 0.09805689102564102, 0.10667067307692307, 0.09885817307692307, 0.09645432692307693, 0.10286458333333333, 0.10076121794871795, 0.09805689102564102, 0.09745592948717949, 0.09795673076923077, 0.10086137820512821, 0.09985977564102565, 0.10366586538461539, 0.09725560897435898, 0.10036057692307693, 0.09825721153846154, 0.10727163461538461, 0.1006610576923077, 0.09845753205128205, 0.10356570512820513, 0.09955929487179487, 0.09985977564102565, 0.09825721153846154, 0.10627003205128205, 0.10236378205128205, 0.09935897435897435, 0.10136217948717949, 0.10136217948717949, 0.09985977564102565, 0.0960536858974359, 0.10296474358974358, 0.10927483974358974, 0.10116185897435898, 0.10336538461538461, 0.10036057692307693, 0.10166266025641026, 0.09905849358974358, 0.10516826923076923, 0.09905849358974358, 0.09425080128205128, 0.10236378205128205, 0.10566907051282051, 0.09835737179487179, 0.09775641025641026, 0.0999599358974359, 0.10236378205128205, 0.09695512820512821, 0.10326522435897435, 0.09955929487179487],