{"testproblem": "mnist_mlp", "batch_size": 128, "num_epochs": 100, "random_seed": 42, "weight_decay": null, "optimizer_hyperparams": {"lr": 1e-05}, "train_losses": [2.3034798334806394, 1.571342578301063, 0.7109121687901325, 0.5108489172580915, 0.4310135615941806, 0.3840291454241826, 0.3657478812413338, 0.33163881168151516, 0.31964044196483415, 0.3080114512107311, 0.2943781121419026, 0.27910599456383633, 0.26447188949737793, 0.2551023251353166, 0.25850184166278595, 0.24883804947901994, 0.24477733289584136, 0.2299902347417978, 0.24136712574041808, 0.2283866531573809, 0.2242658663636599, 0.21390136455496153, 0.2142016222843757, 0.20661416086248863, 0.18869098314107993, 0.18739227176858828, 0.18111002798645925, 0.18617470347537443, 0.17571538744064477, 0.17316241877583358, 0.1682805274732602, 0.1588587120939524, 0.1647054047252123, 0.16063417981450373, 0.1503482692134686, 0.14504290897494707, 0.14599260062170336, 0.13777347615896127, 0.14792601802410224, 0.13167435537355068, 0.1376187397310367, 0.12402478634164883, 0.124466259080248, 0.12029275398414868, 0.12426193841756919, 0.11532462722597978, 0.11482468596062599, 0.11808687754166432, 0.10925315759885006, 0.10999417128280187, 0.10510875365864007, 0.1030229657697372, 0.10478488054986183, 0.09409371603471346, 0.10675525612747058, 0.09546077932016207, 0.09362380495533729, 0.09915756539274485, 0.09251041953953412, 0.09652769711250678, 0.09517726409607209, 0.08520629715460998, 0.08952061275545603, 0.08999634467256375, 0.09202708554669069, 0.0789880908261507, 0.08299002228065944, 0.08044469726677889, 0.07289023749912396, 0.07596508969958776, 0.0786792826719391, 0.07556058079577409, 0.07170978310303046, 0.07015863839441384, 0.07009583324767076, 0.06753731996585162, 0.07012609330316384, 0.07067978171966015, 0.06316158686501858, 0.05949620694781725, 0.06394937753868409, 0.06573298394393462, 0.06120456170099668, 0.05224697229762872, 0.053385557750096686, 0.05381424956692335, 0.056115106464578554, 0.0458716487703033, 0.052617135839775585, 0.05700275352081427, 0.05013130559848669, 0.05381399994859329, 0.04624174169909496, 0.04942959200781889, 0.0506131709433901, 0.047283212367731794, 0.046033819301579244, 0.05541580110692825, 0.04394286383803074, 0.041790363211662344, 0.0426984760695352], "test_losses": [2.3034419279832106, 1.559282394555899, 0.7009767523178687, 0.4940390804639229, 0.411774968680663, 0.3679980305142892, 0.3423221435588904, 0.3226876108405682, 0.30850001696783763, 0.2975040234099978, 0.287063819093582, 0.27841846587566227, 0.26904635542096234, 0.263027997687459, 0.2550014002869527, 0.24710162179783368, 0.24228878882833016, 0.23491463834085527, 0.22943853348111495, 0.22317719602814087, 0.21875352364702103, 0.21240745002451616, 0.20718040317296982, 0.20244314244542366, 0.19653032400096074, 0.19250063177866814, 0.1878120792695345, 0.18360542338819075, 0.17994707113561723, 0.17619977626376426, 0.17171443903293365, 0.16821374089863056, 0.16482217853459027, 0.1626621614664029, 0.15776136648865083, 0.1552514126046728, 0.1524558786350565, 0.15012824358657384, 0.14654084457418856, 0.14516291265877393, 0.14215057192800137, 0.14058450535417366, 0.13772538337761012, 0.13549277513550642, 0.13314661137664166, 0.13095620181411505, 0.1293103258149364, 0.12684080823778343, 0.1254828598541327, 0.12254438133767018, 0.12181606346693559, 0.12025563029620127, 0.11932484523799175, 0.11766935326159, 0.11612529672968847, 0.1147502592454354, 0.1131927509768269, 0.11197674152656244, 0.1096425065293144, 0.10851690082404858, 0.10687970467962515, 0.10572149337102206, 0.10487304859531996, 0.10453746157387893, 0.10448759713043006, 0.10239936960622287, 0.10023020814435604, 0.10060346542069545, 0.09950534896686292, 0.0984712211558452, 0.09747296320990874, 0.09669274091720581, 0.09522100440107095, 0.09440535643639472, 0.09302640840029106, 0.09249722532545909, 0.09446387343968336, 0.09125725213342752, 0.09000592115215766, 0.09089698296231337, 0.08987023129772681, 0.08774645258791935, 0.08797685995411414, 0.08712626664111248, 0.08600061542044084, 0.08568025110528255, 0.08621857386942093, 0.08434412642740287, 0.08511439469666818, 0.08400394822446963, 0.08353803383234219, 0.08402222172858623, 0.0828630040662411, 0.08129895351922665, 0.08097310232906005, 0.08150312994630673, 0.08012265604562484, 0.08014914660881726, 0.07895228319252148, 0.07982928207956064, 0.07832687949905029], "train_accuracies": [0.08543669871794872, 0.7035256410256411, 0.8358373397435898, 0.8685897435897436, 0.8844150641025641, 0.8951322115384616, 0.9002403846153846, 0.9060496794871795, 0.9098557692307693, 0.9108573717948718, 0.9164663461538461, 0.9203725961538461, 0.9268830128205128, 0.9274839743589743, 0.9253806089743589, 0.9308894230769231, 0.9301883012820513, 0.9342948717948718, 0.928886217948718, 0.9357972756410257, 0.9341947115384616, 0.9373998397435898, 0.9388020833333334, 0.9403044871794872, 0.9472155448717948, 0.9476161858974359, 0.9478165064102564, 0.9478165064102564, 0.9491185897435898, 0.9515224358974359, 0.948417467948718, 0.9536258012820513, 0.952323717948718, 0.9547275641025641, 0.9569310897435898, 0.9580328525641025, 0.9585336538461539, 0.960136217948718, 0.957832532051282, 0.9622395833333334, 0.9604366987179487, 0.9636418269230769, 0.9641426282051282, 0.9660456730769231, 0.9649439102564102, 0.9682491987179487, 0.9673477564102564, 0.9655448717948718, 0.9666466346153846, 0.9697516025641025, 0.9706530448717948, 0.9699519230769231, 0.9698517628205128, 0.9723557692307693, 0.9697516025641025, 0.9714543269230769, 0.9724559294871795, 0.9721554487179487, 0.9743589743589743, 0.97265625, 0.9724559294871795, 0.9765625, 0.9746594551282052, 0.9745592948717948, 0.9737580128205128, 0.9785657051282052, 0.9770633012820513, 0.9777644230769231, 0.9797676282051282, 0.9785657051282052, 0.9763621794871795, 0.9763621794871795, 0.9795673076923077, 0.9801682692307693, 0.9799679487179487, 0.9824719551282052, 0.98046875, 0.9799679487179487, 0.98046875, 0.9837740384615384, 0.9827724358974359, 0.9826722756410257, 0.9826722756410257, 0.9865785256410257, 0.9861778846153846, 0.985176282051282, 0.9848758012820513, 0.9877804487179487, 0.9866786858974359, 0.9846754807692307, 0.9867788461538461, 0.9859775641025641, 0.9869791666666666, 0.9857772435897436, 0.9854767628205128, 0.9883814102564102, 0.9876802884615384, 0.9848758012820513, 0.98828125, 0.9893830128205128, 0.9892828525641025],