{"testproblem": "mnist_mlp", "batch_size": 128, "num_epochs": 100, "random_seed": 42, "weight_decay": null, "optimizer_hyperparams": {"lr": 3.9810717055349695e-05, "momentum": 0.99}, "train_losses": [2.3034798334806394, 2.2958418161441116, 2.2837182772465243, 2.2626660817708726, 2.2153619864048104, 2.0950464591001854, 1.8220335321548657, 1.272689394461803, 0.8775325272327814, 0.6917338577600626, 0.5974015284043092, 0.5217581341663996, 0.47147861352333653, 0.4366262593330481, 0.420047864317894, 0.3977252558255807, 0.38278471812223774, 0.35985574145347643, 0.3686461777259142, 0.3430697574065282, 0.3348105836373109, 0.32250994252852905, 0.32733037456487996, 0.3140606421690721, 0.28898777354222077, 0.28759960180673844, 0.27499690651893616, 0.28490062669301647, 0.26642679193845165, 0.26396699106464017, 0.26261091232299805, 0.2509183365947161, 0.25320309285934156, 0.24966662377119064, 0.23631345146359542, 0.22798177848259607, 0.22708386273529285, 0.2152843918555822, 0.2239548368140673, 0.20310847795544526, 0.209902688765373, 0.19252991093656954, 0.18811659161479044, 0.18775757746054575, 0.18955531362921763, 0.17453947997628114, 0.17877332316950345, 0.1798376840276596, 0.16668125614523888, 0.16636235209611747, 0.16395905064657712, 0.15719004624929184, 0.15914820545376876, 0.14225754199119714, 0.15223845419211265, 0.14192085765684262, 0.14223715314307275, 0.147142654332595, 0.14390416868413106, 0.14791025479252523, 0.14275280386209488, 0.1293667753537496, 0.1347252701719602, 0.13531673503800845, 0.13763509327784562, 0.12178522338851905, 0.12542431166347784, 0.12376389781442973, 0.1133191410261087, 0.11963876351141013, 0.1187561016338758, 0.11736912710162309, 0.11022540606940404, 0.11091357889847878, 0.10855446665141827, 0.10491792704814519, 0.10807991968706632, 0.1073065480360618, 0.09983951775118327, 0.09449478511053783, 0.10056255523784038, 0.10182426635844585, 0.09421534301378788, 0.08499791922095494, 0.08552521491088928, 0.08744105238180894, 0.08725013765387046, 0.0798781717625948, 0.08242042534626447, 0.09279398696544842, 0.08056536486420111, 0.0851407128935441, 0.07545827887952328, 0.07994271829151191, 0.08457995862819445, 0.07786561228716984, 0.0733706589597158, 0.08985523858035986, 0.0750722642032764, 0.0712761003524065, 0.07194623575569728], "test_losses": [2.3034419279832106, 2.2956840625176063, 2.2836101207977686, 2.2615642364208517, 2.212487343030098, 2.091037997832665, 1.8081393486414201, 1.2577800987622676, 0.8523924560883106, 0.6821932582518994, 0.5823097435327677, 0.5126415766202487, 0.4648944261746529, 0.4316678257324757, 0.40604824372209036, 0.38645142966356033, 0.37125872118541825, 0.35661853773471636, 0.3443217395494382, 0.332491263651695, 0.3245025642025165, 0.3177480165106364, 0.3073156590406329, 0.2998680077397671, 0.29381191386626315, 0.285847133025527, 0.2782936099057014, 0.2724113143407382, 0.2676567352639559, 0.26042319705279976, 0.2538579557664119, 0.24799523001106885, 0.24210112795042685, 0.2399037338506717, 0.23296352050816402, 0.22703773408937147, 0.22221114601080233, 0.21980161797732878, 0.21268409003431982, 0.20872693723784044, 0.20375370105298665, 0.200373743302547, 0.1960060564466776, 0.1915225652165902, 0.18795420988821065, 0.184343904734422, 0.18090996676339552, 0.17750383942173079, 0.17477591240253204, 0.17090810739841217, 0.16768862068271026, 0.16607705966975445, 0.16295832639130262, 0.1612391176705177, 0.1578080908705791, 0.15522784434067896, 0.15300695903790304, 0.1500794105231762, 0.14782909265695474, 0.14587990657832378, 0.14480209589386597, 0.14130802242419657, 0.14022908837367326, 0.14012213753393063, 0.1374915191091788, 0.13482061124000794, 0.13345180447093952, 0.13177495487989524, 0.13077605181397536, 0.12841363294193378, 0.127385678438422, 0.12659364633071116, 0.12383030546017182, 0.12237140034826902, 0.12257004257004994, 0.12133059980204472, 0.12036986109346916, 0.11857415224688175, 0.11742917648874797, 0.11644861890146366, 0.11569138902884263, 0.11476814894913098, 0.11340101617269027, 0.11114789975377229, 0.1104221772402525, 0.10958256749197459, 0.10852450638627395, 0.10773694152251267, 0.10747925722255157, 0.10588379452625911, 0.10547634171178707, 0.10497806006326126, 0.10400240347744563, 0.10336845392026962, 0.10138130799317971, 0.10107859496313792, 0.10074959513850701, 0.10108341897527377, 0.09918750354494804, 0.09873372211288182, 0.09710981496251546], "train_accuracies": [0.08543669871794872, 0.2822516025641026, 0.3880208333333333, 0.3874198717948718, 0.3515625, 0.38171073717948717, 0.5237379807692307, 0.6616586538461539, 0.7538060897435898, 0.8043870192307693, 0.8264222756410257, 0.8463541666666666, 0.8652844551282052, 0.8739983974358975, 0.8776041666666666, 0.890625, 0.8891225961538461, 0.8988381410256411, 0.8931290064102564, 0.9000400641025641, 0.9040464743589743, 0.9055488782051282, 0.9059495192307693, 0.9104567307692307, 0.9189703525641025, 0.91796875, 0.9212740384615384, 0.9201722756410257, 0.9248798076923077, 0.9246794871794872, 0.9244791666666666, 0.9283854166666666, 0.9271834935897436, 0.9280849358974359, 0.934395032051282, 0.9345953525641025, 0.9364983974358975, 0.938301282051282, 0.9358974358974359, 0.9421073717948718, 0.9402043269230769, 0.9433092948717948, 0.9466145833333334, 0.948417467948718, 0.9447115384615384, 0.952323717948718, 0.9516225961538461, 0.9495192307692307, 0.9511217948717948, 0.9533253205128205, 0.9527243589743589, 0.9548277243589743, 0.9535256410256411, 0.9598357371794872, 0.9585336538461539, 0.9593349358974359, 0.9612379807692307, 0.9602363782051282, 0.9579326923076923, 0.9597355769230769, 0.9596354166666666, 0.965645032051282, 0.961738782051282, 0.9630408653846154, 0.9631410256410257, 0.9666466346153846, 0.9637419871794872, 0.965645032051282, 0.9700520833333334, 0.9652443910256411, 0.96484375, 0.9657451923076923, 0.9688501602564102, 0.9676482371794872, 0.9698517628205128, 0.9707532051282052, 0.9678485576923077, 0.9703525641025641, 0.9703525641025641, 0.9714543269230769, 0.9727564102564102, 0.9713541666666666, 0.9731570512820513, 0.9779647435897436, 0.975761217948718, 0.9754607371794872, 0.9760616987179487, 0.9788661858974359, 0.9769631410256411, 0.9737580128205128, 0.9781650641025641, 0.9772636217948718, 0.9797676282051282, 0.9766626602564102, 0.9772636217948718, 0.9791666666666666, 0.9798677884615384, 0.9758613782051282, 0.9793669871794872, 0.9801682692307693, 0.9797676282051282],