{"train_losses": [353.9337594168527, 420.33960396902904, 1368.3140520368304, 4944.149623325893, 19539.942243303572, 76185.68973214286, 301620.75, 1187735.392857143, 4693315.142857143, 18521982.0, 73171988.57142857, 289048269.71428573, 1142431177.142857, 4516756918.857142, 17866863469.714287, 70712771730.28572, 280044488996.5714, 1109868019712.0, 4402335037147.429, 17478977884745.143, 69475870928310.86, 276508036375698.28, 1102091254160237.8, 4400002638619794.5, 1.7599999663669248e+16, 7.055148644617421e+16, 2.834994181355602e+17, 1.1422969237476475e+18, 4.616623375391916e+18, 1.872110301116524e+19, 7.619899694292297e+19, 3.1140639241536956e+20, 1.278254008224289e+21, 5.271823651807355e+21, 2.1852086888750224e+22, 9.10611001191708e+22, 3.815750805051363e+23, 1.6080918882066806e+24, 6.816740629708351e+24, 2.9066880513395523e+25, 1.2467124991100973e+26, 5.37827846870318e+26, 2.33326077386533e+27, 1.0177373888399515e+28, 4.462188645969239e+28, 1.965950445490827e+29, 8.701008601720106e+29, 3.867149086252229e+30, 1.7253870295569902e+31, 7.725138020676656e+31, 3.469792348180797e+32, 1.5629252963386176e+33, 7.057954820750508e+33, 3.194492139563539e+34, 1.4487524138426008e+35, 6.5819140651232036e+35, Infinity, Infinity, Infinity, Infinity, Infinity, Infinity, Infinity, Infinity, Infinity, Infinity, Infinity, Infinity, Infinity, Infinity, Infinity, Infinity, Infinity, Infinity, Infinity, Infinity, Infinity, Infinity, Infinity, Infinity, Infinity, Infinity, Infinity, Infinity, Infinity, Infinity, Infinity, Infinity, Infinity, Infinity, Infinity, Infinity, Infinity, Infinity, Infinity, Infinity, Infinity, Infinity, Infinity, Infinity, Infinity], "test_losses": [353.44676426478793, 427.4080897739955, 1358.7833251953125, 4967.687639508928, 19498.162667410714, 76272.98325892857, 301453.3973214286, 1188070.1785714286, 4692660.571428572, 18523275.14285714, 73169448.0, 289053243.4285714, 1142421430.857143, 4516776155.428572, 17866826313.142857, 70712844288.0, 280044343881.1429, 1109868263131.4285, 4402334512859.429, 17478978783524.572, 69475869729938.29, 276508033978953.16, 1102091234986276.6, 4400002753663561.0, 1.759999920349418e+16, 7.055148644617421e+16, 2.834994181355602e+17, 1.1422969237476475e+18, 4.616623375391916e+18, 1.872110301116524e+19, 7.619899694292297e+19, 3.1140639241536956e+20, 1.278254008224289e+21, 5.271823651807355e+21, 2.1852086888750224e+22, 9.10611001191708e+22, 3.815750805051363e+23, 1.6080918882066806e+24, 6.816740629708351e+24, 2.9066880513395523e+25, 1.2467124991100973e+26, 5.37827846870318e+26, 2.33326077386533e+27, 1.0177373888399515e+28, 4.462188645969239e+28, 1.965950445490827e+29, 8.701008601720106e+29, 3.867149086252229e+30, 1.7253870295569902e+31, 7.725138020676656e+31, 3.469792348180797e+32, 1.5629252963386176e+33, 7.057954820750508e+33, 3.194492139563539e+34, 1.4487524138426008e+35, 6.5819140651232036e+35, Infinity, Infinity, Infinity, Infinity, Infinity, Infinity, Infinity, Infinity, Infinity, Infinity, Infinity, Infinity, Infinity, Infinity, Infinity, Infinity, Infinity, Infinity, Infinity, Infinity, Infinity, Infinity, Infinity, Infinity, Infinity, Infinity, Infinity, Infinity, Infinity, Infinity, Infinity, Infinity, Infinity, Infinity, Infinity, Infinity, Infinity, Infinity, Infinity, Infinity, Infinity, Infinity, Infinity, Infinity, Infinity], "minibatch_train_losses": [369.72540283203125, 302.8780212402344, 286.149658203125, 288.14361572265625, 300.4283752441406, 357.1663513183594, 383.476318359375, 422.0623779296875, 495.95037841796875, 597.55029296875, 708.5010375976562, 821.5687255859375, 929.6600341796875, 1102.5782470703125, 1362.4027099609375, 1588.962890625, 1887.182861328125, 2260.132080078125, 2744.005859375, 3429.333251953125, 4135.20703125, 4960.5029296875, 6089.455078125, 7453.728515625, 9076.583984375, 10972.353515625, 13124.134765625, 15947.908203125, 19509.99609375, 23547.52734375, 28515.7421875, 34615.61328125, 42175.94140625, 51717.109375, 62869.546875, 76248.734375, 93062.5625, 113444.4375, 138116.78125, 167840.125, 203360.59375, 247436.828125, 301497.96875, 366164.03125, 445030.96875, 541217.375, 658817.375, 803213.4375, 977149.375, 1187983.875, 1446656.5, 1761053.0, 2143127.0, 2606861.0, 3168549.5, 3855424.5, 4692822.0, 5707452.5, 6942748.5, 8446722.0, 10279016.0, 12513648.0, 15225875.0, 18522970.0, 22543350.0, 27434028.0, 33383400.0, 40618260.0, 49411884.0, 60126056.0, 73170016.0, 89026112.0, 108323912.0, 131810520.0, 160400320.0, 195211376.0, 237546272.0, 289052192.0, 351764288.0, 428075520.0, 520936064.0, 633925632.0, 771391232.0, 938738496.0, 1142423296.0, 1390243840.0, 1691857152.0, 2058941312.0, 2505733632.0, 3049581568.0, 3711371520.0, 4516772864.0, 5497146368.0, 6690336768.0, 8142563328.0, 9910040576.0, 12061158400.0, 14679619584.0, 17866831872.0, 21746014208.0, 26467807232.0, 32215310336.0, 39211507712.0, 47727931392.0, 58094256128.0, 70712836096.0, 86073925632.0, 104773148672.0, 127536291840.0, 155246804992.0, 188980199424.0, 230047842304.0, 280044371968.0, 340910669824.0, 415012683776.0, 505229869056.0, 615069253632.0, 748801425408.0, 911623585792.0, 1109868281856.0, 1351249297408.0, 1645155450880.0, 2003023953920.0, 2438782255104.0, 2969393430528.0, 3615522553856.0, 4402334662656.0, 5360475176960.0, 6527281790976.0, 7948229148672.0, 9678714044416.0, 11786216538112.0, 14352925065216.0, 17478978633728.0, 21286378012672.0, 25923730538496.0, 31572094877696.0, 38452074643456.0, 46832440836096.0, 57040701489152.0, 69475869130752.0, 84624160063488.0, 103078091030528.0, 125559644356608.0, 152948768243712.0, 186317661011968.0, 226973183901696.0, 276508048359424.0, 336863546048512.0, 410405700632576.0, 500018649759744.0, 609218293923840.0, 742289802526720.0, 904457835511808.0, 1102091225399296.0, 1342956011257856.0, 1636518368116736.0, 1994322966740992.0, 2430444683395072.0, 2962046207393792.0, 3610058524983296.0, 4400002331836416.0, 5363008624656384.0, 6537041156243456.0, 7968403432144896.0, 9713577493528576.0, 1.1841463205756928e+16, 1.4436091603976192e+16, 1.7600000737411072e+16, 2.1458275086106624e+16, 2.616352342802432e+16, 3.190197339763507e+16, 3.89008072900608e+16, 4.743733825870234e+16, 5.784991094223667e+16, 7.055148644617421e+16, 8.604609636256973e+16, 1.049489174471639e+17, 1.2801088178198938e+17, 1.5614872436657357e+17, 1.904815934191698e+17, 2.3237563213728973e+17, 2.834994181355602e+17, 3.458899341433897e+17, 4.2203427546280755e+17, 5.1497094247717274e+17, 6.284097217783398e+17, 7.668824223388795e+17, 9.359242262111846e+17, 1.1422969237476475e+18, 1.3942623827583304e+18, 1.7019126081577288e+18, 2.077579035168211e+18, 2.5363308829653074e+18, 3.0965853836311265e+18, 3.7808461042124063e+18, 4.616623375391916e+18, 5.637541362258674e+18, 6.884702558238015e+18, 8.408360142277444e+18, 1.026995757291615e+19, 1.2544616233342861e+19, 1.5324213514197795e+19, 1.872110301116524e+19, 2.2872707185042784e+19, 2.794711387592668e+19, 3.4149958146490106e+19, 4.173280825716821e+19, 5.100343290573829e+19, 6.2338544567085695e+19, 7.619899694292297e+19, 9.314886588657828e+19, 1.1387866229248098e+20, 1.3923358514694901e+20, 1.702483276682777e+20, 2.0818985270710685e+20, 2.5460919293822842e+20, 3.1140639241536956e+20, 3.8090784182104385e+20, 4.65963211411656e+20, 5.700636705077204e+20, 6.9748563324603e+20, 8.534692840836348e+20, 1.0444361931392119e+21, 1.278254008224289e+21, 1.5645679619970664e+21, 1.9151985257357634e+21, 2.3446409570535374e+21, 2.870660830580458e+21, 3.5150437465639763e+21, 4.3045089986433285e+21, 5.271823651807355e+21, 6.457178955030618e+21, 7.909876376383894e+21, 9.690409954911885e+21, 1.1872997323623797e+22, 1.4548715340733895e+22, 1.7829343348993517e+22, 2.1852086888750224e+22, 2.678537045296851e+22, 3.2835963307740214e+22, 4.025775363025853e+22, 4.936255939972352e+22, 6.053324287945703e+22, 7.424017802894013e+22, 9.10611001191708e+22, 1.1170584400541702e+23, 1.370466443455098e+23, 1.6815527678597e+23, 2.0634893613141247e+23, 2.5324722489423066e+23, 3.108399594905864e+23, 