{"testproblem": "mnist_mlp", "batch_size": 128, "num_epochs": 100, "random_seed": 42, "weight_decay": null, "optimizer_hyperparams": {"lr": 25.11886431509582}, "train_losses": [2.3034798334806394, 6.933867784646841, 5.240253032782139, 13.217117382929874, 7.77005751316364, 10.919429436708109, 6.48875564795274, 6.250860843902979, 6.338852026523688, 3.515876659980187, 5.481463365065745, 8.49220016063788, 10.614028612772623, 9.355327606201172, 7.563010496970935, 8.378015677134195, 8.57425953180362, 3.3343556691438723, 5.721733600665361, 5.4461241624294185, 9.456636807857416, 10.031256541227682, 9.910772189115866, 6.04942843852899, 9.385271836549808, 9.479125059567965, 8.413360809668516, 2.792963749323136, 8.782791137695312, 3.86294053762387, 13.99656877762232, 6.310154603077815, 6.920225919821323, 5.555409058546409, 7.8079240383246, 7.863203060932649, 3.719443883651342, 3.330115434450981, 6.608795422774095, 7.227127007949046, 7.481882804479355, 6.705442471381946, 12.840346421950903, 2.9365363671229434, 5.782565557039701, 9.051601850069487, 7.129887745930598, 3.494188877252432, 9.561859497657188, 7.910141816506019, 6.650893669862014, 5.816769630481035, 4.121448400693062, 4.404625828449543, 10.071652247355534, 11.05839281815749, 8.925865668516893, 10.116945266723633, 6.277012378741533, 8.265764853893183, 2.5648648127531395, 4.2816449128664456, 14.638631087083082, 9.069432876048944, 11.72267285371438, 2.7426150945516734, 6.904005380777212, 5.305244687276009, 9.8268005664532, 6.394066694455269, 7.2358039403573065, 13.551280266199356, 2.9937434379871073, 9.203837492527105, 9.36782248203571, 6.460344736392681, 7.72586029003828, 2.9716193828827295, 7.760622226274931, 8.025672020056309, 7.098397248830551, 10.606653763697697, 8.241781949996948, 4.136680703896743, 7.328232697951488, 3.335473766693702, 10.331637150202042, 3.2321935433607836, 10.793651898701986, 3.494779647924961, 10.62525401971279, 8.74811881627792, 8.904370583020723, 12.858812662271353, 10.96375698921008, 9.432874471713335, 3.7275945467826648, 8.935320805280636, 6.641074761366233, 4.709955609761751, 9.419052264629267], "test_losses": [2.3034419279832106, 165789.65125783897, 165768.08322634452, 165776.0570991345, 165770.4993096804, 165773.74478647037, 165769.27182078973, 165769.05304566407, 165769.2030616418, 165766.3420859667, 165768.32909400036, 165771.3531261163, 165773.46557946084, 165772.14596826604, 165770.36804001147, 165771.2241148276, 165771.35656427115, 165766.14328391125, 165768.46736067993, 165768.26352934958, 165772.24260340593, 165772.6735287813, 165772.56137965276, 165768.8352505427, 165772.15534205927, 165772.306517222, 165771.18880491378, 165765.64013770604, 165771.5773279789, 165766.67674771333, 165776.90432489835, 165769.0210469625, 165769.7073676036, 165768.39841914177, 165770.6675944145, 165770.74981059172, 165766.59138977833, 165766.18602013588, 165769.34785373395, 165769.95081871594, 165770.24470328062, 165769.4262605019, 165775.6395315268, 165765.73665099876, 165768.56464165295, 165771.81430548275, 165769.83991825886, 165766.368617932, 165772.34801957547, 165770.5922001203, 165769.4410759119, 165768.64356579536, 165767.01781212367, 165767.26923339488, 165773.04897126174, 165773.93606833922, 165771.8442899753, 165772.89103158316, 165769.14808527016, 165771.02673101425, 165765.45746709444, 165767.20448226502, 165777.2795353914, 165772.05317557164, 165774.5479841599, 165765.63464913002, 165769.76068695387, 165768.16580918813, 165772.5431213379, 165769.24338766857, 165770.02647074065, 165776.4301050993, 165765.86688016012, 165772.04029819294, 165772.1845177626, 165769.3278611868, 165770.5318838205, 165765.81053716404, 165770.60182530453, 165770.811257613, 165769.9270113187, 165773.38665794715, 165771.13083552703, 165767.01005273598, 165770.12867166445, 165766.2176365394, 165773.18212972544, 165766.07627990612, 165773.66209407954, 165766.3465507336, 165773.37367548086, 165771.48041626124, 165771.72790560356, 165775.70972469525, 165773.67485184548, 165772.36073049522, 165766.57813393153, 165771.7785667395, 165769.40512578914, 165767.57632582614, 165772.135151912], "train_accuracies": [0.08543669871794872, 0.11388221153846154, 0.0960536858974359, 0.09865785256410256, 0.0992588141025641, 0.09495192307692307, 0.0907451923076923, 0.08874198717948718, 0.09334935897435898, 0.09415064102564102, 0.09615384615384616, 0.09795673076923077, 0.09975961538461539, 0.10596955128205128, 0.10016025641025642, 0.10426682692307693, 0.09635416666666667, 0.10476762820512821, 0.10496794871794872, 0.09975961538461539, 0.09685496794871795, 0.08794070512820513, 0.09395032051282051, 0.11458333333333333, 0.09725560897435898, 0.09845753205128205, 0.10496794871794872, 0.10226362179487179, 0.09745592948717949, 0.09965945512820513, 0.09695512820512821, 0.09685496794871795, 0.10817307692307693, 0.10046073717948718, 0.09795673076923077, 0.08743990384615384, 0.10346554487179487, 0.10687099358974358, 0.10116185897435898, 0.10206330128205128, 0.10606971153846154, 0.09685496794871795, 0.09755608974358974, 0.10767227564102565, 0.11207932692307693, 0.09975961538461539, 0.10927483974358974, 0.1063701923076923, 0.0992588141025641, 0.1006610576923077, 0.10426682692307693, 0.09405048076923077, 0.09274839743589744, 0.10126201923076923, 0.1038661858974359, 0.08733974358974358, 0.10036057692307693, 0.10697115384615384, 0.10306490384615384, 0.09885817307692307, 0.09785657051282051, 0.10206330128205128, 0.09935897435897435, 0.10096153846153846, 0.10376602564102565, 0.0960536858974359, 0.09565304487179487, 0.09845753205128205, 0.09915865384615384, 0.09875801282051282, 0.09264823717948718, 0.09334935897435898, 0.08764022435897435, 0.10216346153846154, 0.11478365384615384, 0.11278044871794872, 0.11478365384615384, 0.09314903846153846, 0.10486778846153846, 0.10016025641025642, 0.10797275641025642, 0.09615384615384616, 0.09234775641025642, 0.10997596153846154, 0.09885817307692307, 0.1024639423076923, 0.09955929487179487, 0.09565304487179487, 0.09565304487179487, 0.09945913461538461, 0.10016025641025642, 0.09755608974358974, 0.0999599358974359, 0.09665464743589744, 0.09435096153846154, 0.10817307692307693, 0.09895833333333333, 0.09515224358974358, 0.09765625, 0.09795673076923077, 0.1015625],