{"testproblem": "mnist_mlp", "batch_size": 128, "num_epochs": 100, "random_seed": 42, "weight_decay": null, "optimizer_hyperparams": {"lr": 0.6309573444801942}, "train_losses": [2.3034798334806394, 8.882331777841618, 2.3371965334965634, 2.312936012561505, 2.316688039363959, 2.3201651787146544, 2.3338621121186476, 2.3286733474486914, 2.3332856007111378, 2.338147527132279, 2.3133210188303237, 2.3207691663350816, 2.329205803382091, 2.335247284326798, 2.323730184481694, 2.4042038367344785, 2.3214085621711535, 2.307750035554935, 2.3601617201780662, 2.3418059807557325, 2.322746976827964, 2.3361712877566996, 2.3236954517853565, 2.320236447529915, 2.3430810463734164, 2.317796581830734, 2.3209683833978114, 2.337976920299041, 2.3230508168538413, 2.3469439989481216, 2.3187052653386044, 2.333852373636686, 2.3402000207167406, 2.3246392531272693, 2.3462553115991445, 2.3201965368711033, 2.340859905267373, 2.32583980071239, 2.304945808190566, 2.352145928602952, 2.33363851522788, 2.3382740326416798, 2.3201675690137424, 2.3312153846789627, 2.3302198495620337, 2.336756394459651, 2.3468282497846165, 2.3314317617660913, 2.328298119398264, 2.323743847700266, 2.3541862689531765, 2.330305909499144, 2.3198041090598474, 2.3199892319165745, 2.3316082648741894, 2.314453024130601, 2.3367725794131937, 2.326333238528325, 2.3254919663453713, 2.3308854897816977, 2.3423726589251785, 2.3385990277314797, 2.3437340412384424, 2.3232130973767013, 2.35037301442562, 2.31726066271464, 2.3124411472907433, 2.3610068070582853, 2.3531430042707004, 2.337715527950189, 2.323127908584399, 2.325052946041792, 2.352968815045479, 2.3220026523638992, 2.345839497370598, 2.340050755402981, 2.331675939070873, 2.3350816781704244, 2.330842776176257, 2.3307783053471494, 2.346675985898727, 2.3269689816694994, 2.3221854827342887, 2.3212189277013144, 2.382901136691754, 2.3434146214754152, 2.326597213745117, 2.350186213468894, 2.321626889399993, 2.324026266733805, 2.3204495264933658, 2.3232142955828934, 2.3486198217440872, 2.338938988172091, 2.3705893632693167, 2.3433495240333753, 2.346322875756484, 2.3443744641083937, 2.376780558855106, 2.317353245539543, 2.3453909311539087], "test_losses": [2.3034419279832106, 4.8445332019757, 2.3348349760740232, 2.3123649053084545, 2.319089623597952, 2.321513668084756, 2.331917732189863, 2.329448504325671, 2.328390897848667, 2.3343906861085157, 2.3128172617692213, 2.319467321420327, 2.3305934912119155, 2.331129926901597, 2.325168041082529, 2.402092389571361, 2.322485462213174, 2.3070907531640468, 2.368801245322594, 2.34094382249392, 2.321616903329507, 2.3358420500388513, 2.323108575282953, 2.3215913497484646, 2.3423981941663303, 2.317492729578263, 2.321464608877133, 2.3449616034825644, 2.327302165520497, 2.345229283357278, 2.320595084092556, 2.3275351982850294, 2.334405840971531, 2.324977688300304, 2.342351347972185, 2.317502272434724, 2.3423367677590785, 2.326008515480237, 2.3065533393468614, 2.349663028350243, 2.3333074374076648, 2.336417100368402, 2.3206308285395303, 2.329188514978458, 2.327817311653724, 2.335480741965465, 2.345098477143508, 2.329352767039568, 2.333721087529109, 2.324242870012919, 2.359789741344941, 2.3297798266777625, 2.323376239874424, 2.320295593677423, 2.330042762634082, 2.3189623600397353, 2.339810530344645, 2.3286414574354124, 2.3239548603693643, 2.325481448418055, 2.346648084811675, 2.3416117093501945, 2.339147564692375, 2.3202382234426646, 2.347295913940821, 2.3126862201935205, 2.313901907358414, 2.367732671590952, 2.3512335893435354, 2.3389271528292923, 2.322803347538679, 2.3189150798015103, 2.3545479957874003, 2.3218974822606797, 2.34447914820451, 2.3401145476561327, 2.3321498173933763, 2.330690937164502, 2.3301877027902846, 2.326070030530294, 2.3451525339713464, 2.3238707200074806, 2.3226646887950406, 2.3185513416926065, 2.385910290938157, 2.3423061737647424, 2.3272042091076193, 2.3485419780780106, 2.3233472292239847, 2.3266532543378, 2.322422959865668, 2.3228590182768993, 2.3494339356055627, 2.3407158087461424, 2.369386232816256, 2.3441862846032167, 2.3439007049951797, 2.342959327575488, 2.3801408058557754, 2.318105929937118, 2.3439613702969675], "train_accuracies": [0.08543669871794872, 0.10036057692307693, 0.10076121794871795, 0.11117788461538461, 0.09915865384615384, 0.1045673076923077, 0.09835737179487179, 0.09915865384615384, 0.09274839743589744, 0.10536858974358974, 0.09705528846153846, 0.08764022435897435, 0.11117788461538461, 0.11338141025641026, 0.09655448717948718, 0.09785657051282051, 0.09845753205128205, 0.11318108974358974, 0.09695512820512821, 0.1045673076923077, 0.09785657051282051, 0.10977564102564102, 0.11478365384615384, 0.11458333333333333, 0.09905849358974358, 0.09895833333333333, 0.09865785256410256, 0.10376602564102565, 0.11608573717948718, 0.09965945512820513, 0.09645432692307693, 0.11408253205128205, 0.10817307692307693, 0.09775641025641026, 0.10056089743589744, 0.10897435897435898, 0.09755608974358974, 0.10076121794871795, 0.10126201923076923, 0.10196314102564102, 0.10606971153846154, 0.10106169871794872, 0.09735576923076923, 0.09885817307692307, 0.10036057692307693, 0.09555288461538461, 0.10136217948717949, 0.10927483974358974, 0.0999599358974359, 0.10016025641025642, 0.10116185897435898, 0.09775641025641026, 0.11278044871794872, 0.10326522435897435, 0.09174679487179487, 0.1024639423076923, 0.10546875, 0.09885817307692307, 0.09905849358974358, 0.09785657051282051, 0.10106169871794872, 0.10186298076923077, 0.09905849358974358, 0.10106169871794872, 0.10376602564102565, 0.09735576923076923, 0.10997596153846154, 0.09364983974358974, 0.09314903846153846, 0.10566907051282051, 0.09264823717948718, 0.09865785256410256, 0.09745592948717949, 0.10496794871794872, 0.09555288461538461, 0.11278044871794872, 0.09645432692307693, 0.09044471153846154, 0.09094551282051282, 0.08533653846153846, 0.09755608974358974, 0.11338141025641026, 0.09875801282051282, 0.09194711538461539, 0.10006009615384616, 0.1024639423076923, 0.09885817307692307, 0.09565304487179487, 0.09565304487179487, 0.09935897435897435, 0.10016025641025642, 0.0953525641025641, 0.09915865384615384, 0.11197916666666667, 0.10346554487179487, 0.10196314102564102, 0.09695512820512821, 0.09655448717948718, 0.10877403846153846, 0.09795673076923077, 0.09705528846153846],