{"train_losses": [354.0718776157924, 103.76443808419364, 101.32519858224052, 99.26927621023995, 97.52417646135602, 96.03878021240234, 94.77080862862724, 93.68521881103516, 92.75294385637555, 91.94981057303292, 91.25570787702289, 90.65387507847377, 90.13033512660435, 89.6733867100307, 89.27322278703961, 88.921628679548, 88.61168997628349, 88.33758108956474, 88.09438759940011, 87.87793840680804, 87.68470764160156, 87.5116936819894, 87.35633523123605, 87.21644483293805, 87.09015110560826, 86.97583988734654, 86.8721182686942, 86.77779497419085, 86.69182368687221, 86.61330849783761, 86.54144832066127, 86.47556522914341, 86.41504887172154, 86.359375, 86.30806405203683, 86.26071384974888, 86.21694619315011, 86.1764395577567, 86.13890184674945, 86.10407366071429, 86.07172284807477, 86.04163796561105, 86.01362609863281, 85.98752158028739, 85.96317182268415, 85.94043513706752, 85.91918836321149, 85.89930943080357, 85.88070024762835, 85.86326490129743, 85.84691292898995, 85.83157239641461, 85.81715938023159, 85.80361066545758, 85.7908695765904, 85.77887616838727, 85.767575945173, 85.75692531040737, 85.74688393729073, 85.73739842006138, 85.72843933105469, 85.71997179303851, 85.7119620186942, 85.70437949044364, 85.69719914027623, 85.69039372035435, 85.68393925258091, 85.67781393868583, 85.6719970703125, 85.66647120884487, 85.66121564592633, 85.65621294294085, 85.65145656040737, 85.6469225202288, 85.6426010131836, 85.63848005022321, 85.63454328264508, 85.6307874407087, 85.62719617571149, 85.62376294817243, 85.62048012869698, 85.61733572823661, 85.61432320731026, 85.61143711635044, 85.60867091587612, 85.60602133614677, 85.6034687587193, 85.60102081298828, 85.59866550990513, 85.59640829903739, 85.59422738211495, 85.59213474818638, 85.5901129586356, 85.58817073277065, 85.58629826136998, 85.58448791503906, 85.58274296351841, 85.58105904715401, 85.57943180629185, 85.57785906110492, 85.57633863176618], "test_losses": [353.44676426478793, 105.43264770507812, 103.01411873953683, 100.97894941057477, 99.25275312151227, 97.78456551688058, 96.53227124895368, 95.4609614780971, 94.54169137137276, 93.75039890834263, 93.06709398542132, 92.475099836077, 91.96051243373326, 91.51172528948102, 91.1189956665039, 90.77417319161552, 90.47040230887276, 90.20191192626953, 89.96383013044085, 89.75204576764789, 89.56305585588727, 89.39390672956195, 89.2420632498605, 89.10537610735211, 88.98200007847377, 88.8703373500279, 88.76902770996094, 88.67689841134208, 88.5929205758231, 88.5162113734654, 88.44600350516183, 88.38161141531808, 88.32245853969029, 88.26800973074776, 88.21781594412667, 88.17147173200335, 88.12862287248883, 88.08894348144531, 88.05215454101562, 88.01800210135323, 87.98625837053571, 87.95671953473773, 87.92920248849052, 87.9035404750279, 87.87958744594029, 87.85720716203961, 87.83627537318638, 87.81667872837612, 87.79832240513393, 87.78110940115792, 87.76495361328125, 87.74978310721261, 87.73551940917969, 87.72210475376674, 87.70947701590401, 87.69757843017578, 87.68636213030133, 87.675779070173, 87.66579001290458, 87.65635136195591, 87.64742824009487, 87.63898577008929, 87.63099452427456, 87.62342507498605, 87.61625017438617, 87.60943930489677, 87.6029804774693, 87.59684208461216, 87.59101104736328, 87.58546556745257, 87.58018602643695, 87.57516261509487, 87.57037353515625, 87.56580788748605, 87.56145477294922, 87.55729457310268, 87.55332292829242, 87.54953220912388, 87.54590170724052, 87.54242924281529, 87.53910500662667, 87.53591918945312, 87.53286743164062, 87.52994210379464, 87.52713012695312, 87.5244369506836, 87.52184622628349, 87.51935686383929, 87.51695796421596, 87.51465933663505, 87.51243918282645, 87.5103018624442, 87.50824519566127, 87.50625937325614, 87.50434330531529, 87.50249481201172, 87.50071171351841, 87.49898638044085, 87.49732317243304, 87.49571119035993, 87.49415479387555], "minibatch_train_losses": [352.57867431640625, 127.4857177734375, 105.55931091308594, 105.92283630371094, 107.64888000488281, 103.74005126953125, 105.31857299804688, 102.99251556396484, 105.04782104492188, 99.37462615966797, 102.77622985839844, 104.88890838623047, 101.27006530761719, 102.86024475097656, 100.51927185058594, 102.6832275390625, 97.07923889160156, 100.51081848144531, 102.68167114257812, 99.11212921142578, 100.76038360595703, 98.44524383544922, 100.67457580566406, 95.13835906982422, 98.59092712402344, 100.81027221679688, 97.28113555908203, 98.97937774658203, 96.68362426757812, 98.96917724609375, 93.49029541015625, 96.95919036865234, 99.21896362304688, 95.72361755371094, 97.46492004394531, 95.18307495117188, 97.51729583740234, 92.0868911743164, 95.56845092773438, 97.86196899414062, 94.39497375488281, 96.17353820800781, 93.90120697021484, 96.27772521972656, 90.88833618164062, 94.37968444824219, 96.70137023925781, 93.25820922851562, 95.0691909790039, 92.80284881591797, 95.21631622314453, 89.86158752441406, 93.36051940917969, 95.7056884765625, 92.2826919555664, 94.12199401855469, 91.85884094238281, 94.3046875, 88.97926330566406, 92.48406982421875, 94.84883117675781, 91.44288635253906, 93.30709838867188, 91.04491424560547, 93.5192642211914, 88.21859741210938, 91.72797393798828, 94.10906219482422, 90.7176284790039, 92.60383605957031, 90.34088897705078, 92.8404312133789, 87.56065368652344, 91.07360076904297, 93.4682846069336, 90.08926391601562, 91.9949951171875, 89.72992706298828, 92.25182342529297, 86.98965454101562, 90.50543212890625, 92.91141510009766, 89.54302978515625, 91.46619415283203, 89.19795989990234, 91.73977661132812, 86.492431640625, 90.010498046875, 92.42584228515625, 89.0666275024414, 91.00542449951172, 88.7332534790039, 91.29287719726562, 86.05793762207031, 89.57792663574219, 92.00100708007812, 88.64974975585938, 90.60263061523438, 88.325927734375, 90.90154266357422, 85.67699432373047, 89.1986083984375, 91.62806701660156, 88.28372955322266, 90.2493667602539, 87.96771240234375, 90.55775451660156, 85.34182739257812, 88.86491394042969, 91.29959106445312, 87.96131896972656, 89.93854522705078, 87.65167236328125, 90.25471496582031, 85.04595947265625, 88.57040405273438, 91.00932312011719, 87.67637634277344, 89.6641845703125, 87.37191772460938, 89.98675537109375, 84.78388977050781, 88.30963134765625, 90.75196838378906, 87.42375183105469, 89.42124938964844, 87.12349700927734, 89.74907684326172, 84.55101013183594, 88.07801818847656, 90.52308654785156, 87.1990737915039, 89.20547485351562, 86.90220642089844, 89.53758239746094, 84.3433837890625, 87.87167358398438, 90.31889343261719, 86.99862670898438, 89.01324462890625, 86.70449829101562, 89.34882354736328, 84.15769958496094, 87.68728637695312, 90.13616943359375, 86.81927490234375, 88.84149169921875, 86.5273208618164, 89.17984771728516, 83.99112701416016, 87.52205657958984, 89.97216796875, 86.6583251953125, 88.68758392333984, 86.36811065673828, 89.02818298339844, 83.84126281738281, 87.37357330322266, 89.82456970214844, 86.51347351074219, 88.54930877685547, 86.22463989257812, 88.89164733886719, 83.7060546875, 87.23979187011719, 89.6913833618164, 86.38279724121094, 88.42472076416016, 86.09501647949219, 88.76842498779297, 83.583740234375, 87.11894226074219, 89.57086181640625, 86.26457214355469, 88.31221771240234, 85.97761535644531, 88.65692138671875, 83.47279357910156, 87.00949096679688, 89.4615478515625, 86.1573715209961, 88.2103500366211, 85.87101745605469, 88.55580139160156, 83.37189483642578, 86.91016387939453, 89.3621597290039, 86.05992126464844, 88.11790466308594, 85.77400207519531, 88.4638671875, 83.27995300292969, 86.81979370117188, 89.2716064453125, 85.97116088867188, 88.0338363647461, 85.68553161621094, 88.38011169433594, 83.19596099853516, 86.7374267578125, 89.18891143798828, 85.89012145996094, 87.95721435546875, 85.60469055175781, 88.30363464355469, 83.11907196044922, 86.66217041015625, 89.11325073242188, 85.81599426269531, 87.88723754882812, 85.53065490722656, 88.23368072509766, 83.04854583740234, 86.59330749511719, 89.04387664794922, 85.74806213378906, 87.82320404052734, 85.46273803710938, 88.1695556640625, 