{"train_losses": [353.437997000558, 103.39878736223493, 100.97510637555804, 98.92457253592355, 97.1840569632394, 95.70260402134487, 94.4380351475307, 93.35538809640067, 92.42565373011998, 91.62472207205636, 90.93253871372768, 90.33237784249442, 89.81029183523995, 89.35460662841797, 88.95555114746094, 88.6049303327288, 88.29584721156529, 88.02248927525112, 87.77994973318917, 87.56408364432198, 87.37136949811664, 87.19881003243583, 87.04385375976562, 86.90432412283761, 86.77834865025112, 86.66431644984654, 86.56085314069476, 86.46675654820034, 86.38099016462054, 86.30265263148716, 86.23095812116351, 86.16521998814174, 86.10483986990792, 86.04928152901786, 85.99808393205915, 85.95082746233258, 85.90714699881417, 85.8667231968471, 85.82926286969867, 85.79449571881976, 85.76220812116351, 85.732175554548, 85.70421491350446, 85.67815835135323, 85.65384892054966, 85.6311536516462, 85.60993957519531, 85.59009769984654, 85.57152012416294, 85.55411202566964, 85.53778512137276, 85.52246638706752, 85.50807734898159, 85.49454934256417, 85.48182787214007, 85.46984754289899, 85.45856693812779, 85.44793265206474, 85.43790217808315, 85.42843082972935, 85.4194815499442, 85.41102709089007, 85.40302385602679, 85.39545658656529, 85.3882816859654, 85.38148607526507, 85.37503814697266, 85.36892264229911, 85.3631090436663, 85.35758972167969, 85.35234069824219, 85.34734671456474, 85.34259142194476, 85.3380606515067, 85.333742414202, 85.32962472098214, 85.32569231305804, 85.32193974086216, 85.31835283551898, 85.31492287772042, 85.31164114815849, 85.30849892752511, 85.30548749651227, 85.30260467529297, 85.29984065464565, 85.29718562534877, 85.29463740757534, 85.29219382149833, 85.2898428780692, 85.28757585797992, 85.285400390625, 85.28330884660993, 85.28128814697266, 85.2793470110212, 85.27747126988002, 85.27566201346261, 85.27392033168248, 85.27223532540458, 85.2706048148019, 85.26903206961495, 85.26750946044922], "test_losses": [353.44676426478793, 105.45349557059151, 103.04977090018136, 101.01673017229352, 99.2920891898019, 97.8250492640904, 96.57356807163784, 95.50279998779297, 94.58384595598493, 93.79270608084542, 93.10940224783761, 92.51730782645089, 92.00252859933036, 91.55347987583706, 91.16044071742466, 90.81527491978237, 90.51113455636161, 90.24225180489677, 90.00377437046596, 89.79158238002232, 89.60219247000558, 89.43263898577008, 89.28040967668805, 89.14333670479911, 89.01957702636719, 88.90755462646484, 88.80589839390346, 88.71343340192523, 88.62913295200893, 88.55211639404297, 88.48160879952567, 88.41693551199776, 88.35750579833984, 88.30280303955078, 88.2523662022182, 88.20578874860492, 88.1627175467355, 88.12282998221261, 88.08584267752511, 88.05149841308594, 88.0195781162807, 87.98986925397601, 87.96218763078961, 87.9363762991769, 87.9122783115932, 87.88975960867745, 87.86869376046317, 87.84898158482143, 87.83050646100726, 87.8131844656808, 87.7969251360212, 87.78165544782367, 87.76729910714286, 87.75379398890904, 87.74108014787946, 87.72910417829242, 87.71780940464565, 87.70715876988002, 87.69709777832031, 87.68759482247489, 87.6786117553711, 87.67011478969029, 87.66206686837333, 87.6544418334961, 87.64721788678851, 87.64036233084542, 87.63385772705078, 87.62768009730748, 87.62180655343192, 87.61621965680804, 87.61090196881976, 87.60584586007255, 87.60102190290179, 87.59642246791294, 87.592038835798, 87.58785247802734, 87.58385576520648, 87.58003452845982, 87.57638113839286, 87.57288578578404, 87.56953757149833, 87.5663310459682, 87.5632563999721, 87.56031145368304, 87.55748530796596, 87.55477033342633, 87.55215890066964, 87.54965427943638, 87.5472412109375, 87.544921875, 87.54269082205636, 87.54053933279855, 87.53846631731305, 87.53647177559989, 87.53454044886998, 87.53267996651786, 87.5308837890625, 87.5291508265904, 87.52747235979352, 87.5258538382394, 87.52428436279297], "minibatch_train_losses": [352.5816345214844, 121.06336975097656, 102.43323516845703, 107.4970703125, 110.63721466064453, 103.15874481201172, 109.31275939941406, 101.37641906738281, 98.78793334960938, 97.92333984375, 104.27632904052734, 108.04550170898438, 100.59201049804688, 106.78553771972656, 98.9447021484375, 96.42497253417969, 95.59947967529297, 102.04014587402344, 105.81904602050781, 98.47440338134766, 104.66366577148438, 96.91718292236328, 94.41114807128906, 93.62831115722656, 100.14680480957031, 103.92887878417969, 96.68026733398438, 102.86201477050781, 95.1980972290039, 92.7001953125, 91.95295715332031, 98.53880310058594, 102.32063293457031, 95.15602111816406, 101.32794189453125, 93.7364730834961, 91.2425308227539, 90.52503967285156, 97.16927337646484, 100.94837188720703, 93.85741424560547, 100.01789855957031, 92.49024963378906, 89.99708557128906, 89.30448913574219, 95.99946594238281, 99.77400207519531, 92.747802734375, 98.8958740234375, 91.42459106445312, 88.92972564697266, 88.25802612304688, 94.99727630615234, 98.76593780517578, 91.79679870605469, 97.9319076538086, 90.51057434082031, 88.01216888427734, 87.35806274414062, 94.135986328125, 97.89791870117188, 90.97920989990234, 97.10113525390625, 89.72422790527344, 87.22090148925781, 86.58163452148438, 93.39347839355469, 97.14811706542969, 90.2740478515625, 96.38284301757812, 89.04556274414062, 86.53633117675781, 85.90962219238281, 92.75127410888672, 96.49832153320312, 89.66386413574219, 95.75978088378906, 88.45793151855469, 85.94212341308594, 85.32609558105469, 92.19398498535156, 95.9333267211914, 89.13412475585938, 95.21752166748047, 87.94747161865234, 85.42465209960938, 84.81770324707031, 91.70877838134766, 95.44047546386719, 88.67267608642578, 94.7440185546875, 87.50259399414062, 84.9725112915039, 84.37333679199219, 91.28492736816406, 95.00908660888672, 88.26934814453125, 94.32919311523438, 87.11358642578125, 84.57613372802734, 83.9836196899414, 90.91340637207031, 94.63026428222656, 87.91564178466797, 93.96456146240234, 86.77230072021484, 84.22749328613281, 83.64071655273438, 90.5866928100586, 94.29651641845703, 87.60438537597656, 93.64299011230469, 86.47190856933594, 83.9198226928711, 83.3380126953125, 90.29841613769531, 94.00151062011719, 87.32959747314453, 93.35846710205078, 86.20662689208984, 83.64745330810547, 83.0699462890625, 90.043212890625, 93.73990631103516, 87.086181640625, 93.10592651367188, 85.97162628173828, 83.40554809570312, 82.831787109375, 89.81657409667969, 93.5072021484375, 86.86986541748047, 92.8810806274414, 85.76277160644531, 83.19004821777344, 82.61956024169922, 89.61466979980469, 93.29957580566406, 86.67703247070312, 92.68025970458984, 85.57660675048828, 82.99748229980469, 82.42987060546875, 89.43424987792969, 93.11376190185547, 86.50459289550781, 92.50039672851562, 85.41015625, 82.82491302490234, 82.25983428955078, 89.27255249023438, 92.94700622558594, 86.34993743896484, 92.33882904052734, 85.26090240478516, 82.66983032226562, 82.10697937011719, 89.12721252441406, 92.79691314697266, 86.2108154296875, 92.19329833984375, 85.126708984375, 82.53007507324219, 81.96920776367188, 88.99622344970703, 92.66146850585938, 86.08534240722656, 92.06185913085938, 85.0057144165039, 82.40380859375, 81.84471130371094, 88.87785339355469, 92.53893280029297, 85.97187042236328, 91.94287109375, 84.8963394165039, 82.28944396972656, 81.73192596435547, 88.77061462402344, 92.42781066894531, 85.86898040771484, 91.83485412597656, 84.79724884033203, 82.18562316894531, 81.62950134277344, 88.67322540283203, 92.32678985595703, 85.77546691894531, 91.73661041259766, 84.70722961425781, 82.09114074707031, 81.53630065917969, 88.58457946777344, 92.23475646972656, 85.69027709960938, 91.64703369140625, 84.62529754638672, 82.00498962402344, 81.4512939453125, 88.50372314453125, 92.15072631835938, 85.61249542236328, 91.5652084350586, 84.55056762695312, 81.92626953125, 81.37358856201172, 88.4297866821289, 92.0738525390625, 85.54133605957031, 91.49031066894531, 84.48223876953125, 81.85419464111328, 81.30245971679688, 88.36209106445312, 92.00338745117188, 85.47610473632812, 91.42161560058594, 84.419677734375, 81.7880859375, 81.23719787597656, 