{"train_losses": [354.30686732700894, 102.94713265555245, 100.51466260637555, 98.46122523716518, 96.71824428013393, 95.23467036655971, 93.96826934814453, 92.88404192243304, 91.95293753487724, 91.15081242152623, 90.4575947352818, 89.85652923583984, 89.33364759172711, 88.87727355957031, 88.4776109967913, 88.12645612444196, 87.81690107073102, 87.54312460763114, 87.3002210344587, 87.08403560093471, 86.89103371756417, 86.71821812220982, 86.5630384172712, 86.42330714634487, 86.29715728759766, 86.18297031947544, 86.07936096191406, 85.98513793945312, 85.89926256452289, 85.8208258492606, 85.74904196602958, 85.68322426932198, 85.62277112688336, 85.56715066092355, 85.51589747837612, 85.46858978271484, 85.42486463274274, 85.3843994140625, 85.3468998500279, 85.31210436139789, 85.27978406633649, 85.24972752162388, 85.22173963274274, 85.19566345214844, 85.1713376726423, 85.14862060546875, 85.1273923601423, 85.10753413609096, 85.08894457135882, 85.07152557373047, 85.05518668038505, 85.03985595703125, 85.0254625592913, 85.01192474365234, 84.9991956438337, 84.98721313476562, 84.97592272077289, 84.96528080531529, 84.95524488176618, 84.94576917375836, 84.9368155343192, 84.92835671561105, 84.92035130092076, 84.91277531215123, 84.90559932163784, 84.89880044119698, 84.89234706333706, 84.88622719900948, 84.88041469029018, 84.87489100864956, 84.86963871547154, 84.86464037214007, 84.85988289969308, 84.8553466796875, 84.8510273524693, 84.84690638950893, 84.84297507149833, 84.83921595982143, 84.83562469482422, 84.83219691685268, 84.82890973772321, 84.82576315743583, 84.822751726423, 84.81986454554966, 84.81709834507534, 84.81444440569196, 84.81189291817802, 84.8094460623605, 84.80708857945034, 84.80482373918805, 84.80264827183315, 84.80054909842355, 84.79852839878627, 84.7965818132673, 84.79470498221261, 84.7928935459682, 84.79114314488002, 84.78945486886161, 84.78782653808594, 84.78624943324498, 84.78472573416573], "test_losses": [353.44676426478793, 105.42309897286552, 103.01081085205078, 100.97655487060547, 99.25101797921317, 97.78330884660993, 96.53133174351284, 95.46021815708706, 94.5410406930106, 93.74976784842355, 93.06640951974052, 92.47431400844029, 91.95958927699498, 91.51062774658203, 91.11770956856864, 90.77268545968192, 90.4686998639788, 90.19998931884766, 89.96168627057757, 89.74967847551618, 89.56046949114118, 89.39111219133649, 89.2390605381557, 89.10216958182198, 88.97859954833984, 88.8667482648577, 88.76526423863002, 88.67296491350446, 88.58882577078683, 88.51196616036552, 88.44160897391183, 88.37708500453404, 88.31779370989118, 88.26322610037667, 88.2129135131836, 88.16645921979632, 88.12350899832589, 88.08373151506696, 88.0468499319894, 88.01261029924665, 87.98078373500279, 87.951171875, 87.92357853480748, 87.89784785679409, 87.87383161272321, 87.85138702392578, 87.83039855957031, 87.81074959891183, 87.79233986990792, 87.77507890973773, 87.75887952532086, 87.74366106305804, 87.72935921805245, 87.71590314592633, 87.70323726109096, 87.69130488804409, 87.68005480085101, 87.66943904331752, 87.65941728864398, 87.6499513898577, 87.64099993024554, 87.63253130231585, 87.62451498849052, 87.61692265101841, 87.60972050258091, 87.60288892473493, 87.59640502929688, 87.59024919782367, 87.58439636230469, 87.57883017403739, 87.5735353742327, 87.56849234444755, 87.56368146623883, 87.55910273960659, 87.55472782679966, 87.55055454799107, 87.54657091413226, 87.54276275634766, 87.53911808558873, 87.53563254220145, 87.53229413713727, 87.5290996006557, 87.52603040422711, 87.5230941772461, 87.52026803152901, 87.51756395612445, 87.51495906284877, 87.51245444161552, 87.51005118233817, 87.50773620605469, 87.50550624302456, 87.50336129324776, 87.50128827776227, 87.49929591587612, 87.49736894880023, 87.49551391601562, 87.49371773856026, 87.49198695591518, 87.4903073992048, 87.48868669782367, 87.48712267194476], "minibatch_train_losses": [354.923095703125, 127.18392944335938, 103.87846374511719, 109.016357421875, 102.82583618164062, 108.10301208496094, 105.93897247314453, 94.83522033691406, 104.63542938232422, 99.6333999633789, 105.84860229492188, 100.17494201660156, 105.47013092041016, 103.5047836303711, 92.38587188720703, 102.26922607421875, 97.33089447021484, 103.59629821777344, 97.9687271118164, 103.28443145751953, 101.42671203613281, 90.32164764404297, 100.27450561523438, 95.37615203857422, 101.68785858154297, 96.0981674194336, 101.4284439086914, 99.66474914550781, 88.56906127929688, 98.58148193359375, 93.71574401855469, 100.06622314453125, 94.50799560546875, 99.84801483154297, 98.16679382324219, 87.07691955566406, 97.14055633544922, 92.30142211914062, 98.68441009521484, 93.15242767333984, 98.49833679199219, 96.8896713256836, 85.80290222167969, 95.9106674194336, 91.09321594238281, 97.50349426269531, 91.99345397949219, 97.34230041503906, 95.797607421875, 84.71189880371094, 94.85778045654297, 90.0579833984375, 96.49122619628906, 90.9996337890625, 96.34904479980469, 94.86093139648438, 83.7747802734375, 93.95368194580078, 89.168212890625, 95.62083435058594, 90.14479064941406, 95.49298095703125, 94.05500793457031, 82.96731567382812, 93.1749038696289, 88.4010238647461, 94.8700180053711, 89.40718078613281, 94.75277709960938, 93.35933685302734, 82.26937866210938, 92.5019302368164, 87.73739624023438, 94.22027587890625, 88.76869201660156, 94.11066436767578, 92.75688171386719, 81.66414642333984, 91.91849517822266, 87.16145324707031, 93.65611267089844, 88.21420288085938, 93.55178833007812, 92.2333984375, 81.13760375976562, 91.4110107421875, 86.65994262695312, 93.16465759277344, 87.7310791015625, 93.06376647949219, 91.77701568603516, 80.6780014038086, 90.9681167602539, 86.22178649902344, 92.73506164550781, 87.30876159667969, 92.63615417480469, 91.37777709960938, 80.2755126953125, 90.580322265625, 85.83769226074219, 92.35832214355469, 86.93838500976562, 92.26028442382812, 91.02734375, 79.92189025878906, 90.23963165283203, 85.49987030029297, 92.02680206298828, 86.61250305175781, 91.92877197265625, 90.71871185302734, 79.61018371582031, 89.93934631347656, 85.2017593383789, 91.7341079711914, 86.3248291015625, 91.63542938232422, 90.44599914550781, 79.33454895019531, 89.67382049560547, 84.93782043457031, 91.4748764038086, 86.07011413574219, 91.37506103515625, 90.20423126220703, 79.09004211425781, 89.43826293945312, 84.70339965820312, 91.24452209472656, 85.84384155273438, 91.14320373535156, 89.98919677734375, 78.87247467041016, 89.22864532470703, 84.4945297241211, 91.0391845703125, 85.6422348022461, 90.93612670898438, 89.7973403930664, 78.67829895019531, 89.04154968261719, 84.30786895751953, 90.8556137084961, 85.46207427978516, 90.75064086914062, 89.62564086914062, 78.50448608398438, 88.87403869628906, 84.14054870605469, 90.69100952148438, 85.3006362915039, 90.58399963378906, 89.47152709960938, 78.34848022460938, 88.72364807128906, 83.99014282226562, 90.54296875, 85.1555404663086, 90.43389892578125, 89.33280944824219, 78.20805358886719, 88.5882568359375, 83.85456848144531, 90.40950012207031, 85.02481079101562, 90.29832458496094, 89.20759582519531, 78.08134460449219, 88.4660415649414, 83.73202514648438, 90.288818359375, 84.90672302246094, 90.1755599975586, 89.09426879882812, 77.96670532226562, 88.35543823242188, 83.6209945678711, 90.17943572998047, 84.7997817993164, 90.06413269042969, 88.991455078125, 77.86273956298828, 88.25511932373047, 83.5201416015625, 90.08006286621094, 84.7027359008789, 89.96275329589844, 88.89793395996094, 77.76826477050781, 88.16388702392578, 83.42832946777344, 89.98956298828125, 84.61444854736328, 89.87031555175781, 88.81269836425781, 77.68220520019531, 88.08075714111328, 83.34456634521484, 89.906982421875, 84.53396606445312, 89.7858657836914, 88.73483276367188, 77.6036376953125, 88.00485229492188, 83.26797485351562, 89.83145904541016, 84.46046447753906, 89.70854949951172, 88.6635513305664, 77.53179931640625, 87.93539428710938, 83.19780731201172, 89.76226043701172, 84.39320373535156, 89.63761901855469, 88.59817504882812, 77.46597290039062, 87.87173461914062, 83.13340759277344,