{"train_losses": [352.6843043736049, 103.52907889229911, 101.1066654750279, 99.0533218383789, 97.31055450439453, 95.82732173374721, 94.56135886056083, 93.47762516566685, 92.54704938616071, 91.74547467912946, 91.05280412946429, 90.4522933959961, 89.92994362967355, 89.47408512660435, 89.07492065429688, 88.72423771449498, 88.41512952532086, 88.14177921840123, 87.89927782331195, 87.68346296037946, 87.49080875941685, 87.31832558768136, 87.1634543282645, 87.02401188441685, 86.89812469482422, 86.78419058663505, 86.68081665039062, 86.58681379045758, 86.50113786969867, 86.42288861955915, 86.35128566196987, 86.28563363211495, 86.22533852713448, 86.16986083984375, 86.11874062674386, 86.07156154087612, 86.02795737130302, 85.98760659354073, 85.95020948137555, 85.91551644461495, 85.88328879220145, 85.8533194405692, 85.8254154750279, 85.79941776820591, 85.77516392299107, 85.75252096993583, 85.73135811941964, 85.71156311035156, 85.69302913120815, 85.67566898890904, 85.65938677106585, 85.64411054338727, 85.62975638253349, 85.61627088274274, 85.6035908290318, 85.59164537702289, 85.58039964948382, 85.56979697091239, 85.55979919433594, 85.55035836356026, 85.54144178118024, 85.53301456996373, 85.52504185267857, 85.51749965122768, 85.5103519984654, 85.50358036586216, 85.49715859549386, 85.4910659790039, 85.4852785382952, 85.47977665492466, 85.47455160958427, 85.46957833426339, 85.46484375, 85.46033259800502, 85.4560307094029, 85.45193372453961, 85.44801875523159, 85.44428362165179, 85.44071306501117, 85.43729836600167, 85.43403625488281, 85.43091147286552, 85.42791530064174, 85.42504555838448, 85.42229570661273, 85.4196548461914, 85.41712079729352, 85.41468702043805, 85.41234915597099, 85.41010175432477, 85.4079350062779, 85.40585327148438, 85.40384674072266, 85.40191868373326, 85.40005275181362, 85.39825548444476, 85.39652034214565, 85.39484514508929, 85.39322771344867, 85.39166586739677, 85.39014870779855], "test_losses": [353.44676426478793, 105.51542336600167, 103.11272321428571, 101.07881709507534, 99.35366494315011, 97.88639504568917, 96.6348876953125, 95.56425149100167, 94.6455307006836, 93.85469600132534, 93.17174748011998, 92.58002471923828, 92.06564004080636, 91.61697823660714, 91.22432272774833, 90.87952314104352, 90.57572828020368, 90.30717468261719, 90.06900460379464, 89.85709708077567, 89.66796766008649, 89.49865613664899, 89.34664590018136, 89.20976802280971, 89.08618927001953, 88.97432163783482, 88.872804914202, 88.78046526227679, 88.69627489362445, 88.61935315813336, 88.54893275669643, 88.48433140345982, 88.42496599469867, 88.3703111921038, 88.31991904122489, 88.27337973458427, 88.23033469063895, 88.19046456473214, 88.15349687848773, 88.11916242327008, 88.08724321637835, 88.05753653390067, 88.02985382080078, 88.00403485979352, 87.97992815290179, 87.9573974609375, 87.93631962367466, 87.91658891950335, 87.8980941772461, 87.88075038364956, 87.86446925571987, 87.84917885916573, 87.83479527064732, 87.82126726422992, 87.80852835518974, 87.79652949741909, 87.7852042061942, 87.77452741350446, 87.76443917410714, 87.75491006033761, 87.7458986554827, 87.73737008231026, 87.7292949131557, 87.72164699009487, 87.71439143589565, 87.70750863211495, 87.7009746006557, 87.69476754324776, 87.6888667515346, 87.68325478690011, 87.67791421072823, 87.67283085414341, 87.66797964913505, 87.66335732596261, 87.65894426618304, 87.6547361101423, 87.65071214948382, 87.64686584472656, 87.64318956647601, 87.6396713256836, 87.63629804338727, 87.63306971958706, 87.62997327532086, 87.62700435093471, 87.62415531703404, 87.62141854422433, 87.61879076276507, 87.6162610735212, 87.61383056640625, 87.61149052211216, 87.60923767089844, 87.60706547328404, 87.60497719900948, 87.60295976911273, 87.60101536342076, 87.59913744245257, 87.59732600620815, 87.59556906563895, 87.59388078962054, 87.59224155970982, 87.59065682547433], "minibatch_train_losses": [357.6021728515625, 123.43148803710938, 108.3804931640625, 105.18595123291016, 99.44402313232422, 108.45191955566406, 103.28739929199219, 107.65311431884766, 102.30518341064453, 103.43464660644531, 101.91867065429688, 96.70380401611328, 105.85274505615234, 100.79930114746094, 105.19319915771484, 99.94219207763672, 101.12638854980469, 99.65211486816406, 94.52522277832031, 103.70345306396484, 98.70494079589844, 103.10745239257812, 97.94000244140625, 99.17030334472656, 97.7293472290039, 92.6804428100586, 101.8811264038086, 96.92906188964844, 101.33523559570312, 96.2396240234375, 97.50932312011719, 96.09445190429688, 91.11390686035156, 100.3317642211914, 95.41912841796875, 99.82522583007812, 94.79145812988281, 96.09505462646484, 94.70035552978516, 89.77996826171875, 99.01077270507812, 94.13170623779297, 98.53491973876953, 93.55449676513672, 94.88742065429688, 93.50801086425781, 88.64080047607422, 97.88118743896484, 93.03082275390625, 97.42906188964844, 92.49468994140625, 93.85318756103516, 92.48509979248047, 87.66504669189453, 96.91239166259766, 92.08662414550781, 96.4783706665039, 91.58383178710938, 92.96476745605469, 91.604736328125, 86.82669830322266, 96.07890319824219, 91.27433013916016, 95.65850830078125, 90.79844665527344, 92.19918823242188, 90.84461975097656, 86.1041030883789, 95.35956573486328, 90.57331848144531, 94.94923400878906, 90.1190414428711, 91.53740692138672, 90.18611145019531, 85.47929382324219, 94.73675537109375, 89.96640014648438, 94.33363342285156, 89.52932739257812, 90.9634780883789, 89.61373901367188, 84.9372329711914, 94.19575500488281, 89.43925476074219, 93.79757690429688, 89.0157470703125, 90.46412658691406, 89.11454772949219, 84.46540832519531, 93.72425842285156, 88.97988891601562, 93.32929229736328, 88.56694030761719, 90.02821350097656, 88.67766571044922, 84.0533447265625, 93.31199645996094, 88.57827758789062, 92.91883850097656, 88.17338562011719, 89.64644622802734, 88.29403686523438, 83.6922607421875, 92.9503173828125, 88.22599792480469, 92.55789947509766, 87.82714080810547, 89.31098937988281, 87.95601654052734, 83.37478637695312, 92.63200378417969, 87.91600799560547, 92.239501953125, 87.52145385742188, 89.0152816772461, 87.65718078613281, 83.0947265625, 92.35092163085938, 87.642333984375, 91.95773315429688, 87.25070190429688, 88.75375366210938, 87.39212036132812, 82.84686279296875, 92.10193634033203, 87.39996337890625, 91.70759582519531, 87.01010131835938, 88.521728515625, 87.15623474121094, 82.62677001953125, 91.88069152832031, 87.18464660644531, 91.48487091064453, 86.79562377929688, 88.31524658203125, 86.94567108154297, 82.43074035644531, 91.68348693847656, 86.99278259277344, 91.28594970703125, 86.60382080078125, 88.13095092773438, 86.75711059570312, 82.2555923461914, 91.50719451904297, 86.8213119506836, 91.10780334472656, 86.43179321289062, 87.96595764160156, 86.5877685546875, 82.0986328125, 91.34915161132812, 86.6676254272461, 90.94779968261719, 86.27703857421875, 87.81784057617188, 86.43523406982422, 81.95756530761719, 91.2070541381836, 86.52950286865234, 90.80374145507812, 86.137451171875, 87.68450164794922, 86.2974624633789, 81.83043670654297, 91.0789794921875, 86.40504455566406, 90.67366790771484, 86.01119995117188, 87.56416320800781, 86.17269897460938, 81.71554565429688, 90.9632339477539, 86.2926025390625, 90.55596160888672, 85.896728515625, 87.45527648925781, 86.05941772460938, 81.61145782470703, 90.85836791992188, 86.1907730102539, 90.44918823242188, 85.79265594482422, 87.35650634765625, 85.95632934570312, 81.51692199707031, 90.76314544677734, 86.09834289550781, 90.35212707519531, 85.6978530883789, 87.26673126220703, 85.86229705810547, 81.43087768554688, 90.6764907836914, 86.01426696777344, 90.26368713378906, 85.61128234863281, 87.18492889404297, 85.77632904052734, 81.35234832763672, 90.59745788574219, 85.93760681152344, 90.18296813964844, 85.53206634521484, 87.11026000976562, 85.69757080078125, 81.28056335449219, 90.5252456665039, 85.86759185791016, 90.10914611816406, 85.45944213867188, 87.04194641113281, 85.62527465820312, 81.21479797363281, 90.45912170410156, 85.80351257324219, 90.04150390625, 85.39274597167969, 