{"train_losses": [353.9337594168527, 103.07653045654297, 100.65030997140067, 98.59910365513393, 96.85770743233817, 95.37523106166294, 94.10955265590123, 93.02575029645648, 92.09485844203404, 91.29278346470424, 90.59948621477399, 89.99826267787388, 89.47516305106026, 89.01852199009487, 88.6185771397182, 88.26711818150112, 87.95725795200893, 87.68318176269531, 87.43997955322266, 87.22350529261998, 87.03022984095982, 86.85715702601841, 86.70172991071429, 86.56177084786552, 86.43539755684989, 86.32101222446987, 86.21722194126674, 86.12282889229911, 86.03678567068917, 85.95820726667132, 85.88628714425224, 85.82034737723214, 85.75977543422154, 85.70405578613281, 85.65269906180245, 85.60530744280133, 85.56150272914341, 85.52096775599888, 85.483400617327, 85.44854409354073, 85.41617148263114, 85.3860615321568, 85.3580322265625, 85.33191462925502, 85.30755179268974, 85.28480202811105, 85.26354653494698, 85.24366106305804, 85.2250486101423, 85.20760454450335, 85.19125039236886, 85.17590441022601, 85.16148921421596, 85.14794158935547, 85.13519832066127, 85.12320382254464, 85.11190904889789, 85.10125732421875, 85.09121813092914, 85.08173261369977, 85.0727767944336, 85.06431470598493, 85.05630929129464, 85.0487289428711, 85.0415518624442, 85.03475080217633, 85.02830069405692, 85.02218082972935, 85.01636941092355, 85.01084572928292, 85.00559452601841, 85.00059836251395, 84.99584415980748, 84.99131338936942, 84.98699515206474, 84.98287636893136, 84.97894723074776, 84.97519356863839, 84.9716055733817, 84.96817888532367, 84.96489824567523, 84.96175711495536, 84.95874786376953, 84.95586613246373, 84.95310320172992, 84.95045035226005, 84.94790431431362, 84.94546290806362, 84.943113054548, 84.94085257393974, 84.93867819649833, 84.93658556256976, 84.934568132673, 84.93263026646206, 84.93075561523438, 84.92894853864398, 84.92720903669085, 84.92552294049945, 84.92389678955078, 84.92232840401786, 84.92080688476562], "test_losses": [353.44676426478793, 105.21400996616909, 102.80544063023159, 100.77191816057477, 99.0466809953962, 97.57897186279297, 96.32678767613002, 95.25533294677734, 94.3357184273856, 93.54396166120257, 92.86009652273995, 92.26750074114118, 91.75228772844586, 91.30286189488002, 90.90951429094586, 90.56409236363002, 90.25975363595145, 89.99072810581752, 89.7521482195173, 89.5398941040039, 89.35048239571708, 89.18094635009766, 89.02875300816127, 88.89175088065011, 88.76808384486607, 88.65617043631417, 88.5546395438058, 88.46231079101562, 88.37816510881696, 88.30130767822266, 88.23096357073102, 88.16646575927734, 88.10721697126117, 88.05269186837333, 88.00243813650948, 87.95604269845145, 87.91315460205078, 87.87344469342914, 87.83663613455636, 87.8024673461914, 87.77071925571987, 87.74117824009487, 87.71366664341518, 87.68801879882812, 87.66407884870257, 87.64170946393695, 87.6208027430943, 87.60122898646763, 87.58289446149554, 87.56570543561664, 87.54958016531808, 87.53443581717355, 87.52020372663226, 87.50681740897042, 87.4942147391183, 87.4823477608817, 87.47116197858539, 87.46061161586216, 87.45064762660435, 87.44123949323382, 87.43234143938336, 87.42392948695591, 87.4159665788923, 87.4084232875279, 87.4012701851981, 87.39448765345982, 87.38805498395648, 87.38193729945591, 87.37612915039062, 87.37060437883649, 87.36534881591797, 87.36033848353794, 87.35557338169643, 87.3510251726423, 87.34668622698102, 87.34254782540458, 87.33859470912388, 87.3348159790039, 87.3312018258231, 87.32774135044643, 87.32442910330636, 87.32125636509487, 87.31821877615792, 87.31530107770648, 87.31250653948102, 87.30982099260602, 87.30723680768695, 87.30475180489677, 87.3023703438895, 87.3000728062221, 87.29786246163505, 87.29573386056083, 87.2936771937779, 87.2917011805943, 87.28978947230748, 87.28794751848493, 87.28616659981864, 87.2844478062221, 87.28278568812779, 87.2811758858817, 87.27961948939732], "minibatch_train_losses": [369.72540283203125, 123.6014175415039, 110.62969207763672, 107.77848815917969, 101.65377044677734, 106.45077514648438, 94.72238159179688, 105.88304138183594, 101.98680114746094, 106.1562728881836, 105.07377624511719, 98.71290588378906, 103.96620178222656, 92.25409698486328, 103.43596649169922, 99.60343170166016, 103.8404312133789, 102.82852935791016, 96.5278549194336, 101.77889251708984, 90.1928482055664, 101.3875503540039, 97.58116912841797, 101.87313842773438, 100.9247055053711, 94.6772689819336, 99.920654296875, 88.4462890625, 99.64903259277344, 95.86201477050781, 100.20083618164062, 99.3070068359375, 93.10491180419922, 98.3380126953125, 86.96237182617188, 98.16937255859375, 94.39636993408203, 98.77531433105469, 97.92855834960938, 91.76520538330078, 96.9862060546875, 85.69805145263672, 96.90644836425781, 93.14315795898438, 97.55659484863281, 96.75059509277344, 90.62045288085938, 95.82815551757812, 84.61770629882812, 95.82533264160156, 92.06829071044922, 96.51153564453125, 95.74091339111328, 89.63934326171875, 94.83304595947266, 83.69180297851562, 94.89707946777344, 91.14350128173828, 95.61259460449219, 94.87281799316406, 88.7959213256836, 93.97530364990234, 82.89579772949219, 94.09756469726562, 90.34526824951172, 94.83689880371094, 94.12409973144531, 88.06856536865234, 93.23358154296875, 82.20928955078125, 93.40675354003906, 89.65400695800781, 94.1653823852539, 93.47624969482422, 87.43929290771484, 92.59011840820312, 81.61531066894531, 92.80795288085938, 89.0533676147461, 93.58213806152344, 92.91384887695312, 86.89311218261719, 92.03006744384766, 81.09970092773438, 92.28721618652344, 88.52972412109375, 93.07388305664062, 92.42401123046875, 86.41749572753906, 91.541015625, 80.65061950683594, 91.83287048339844, 88.07164764404297, 92.62953186035156, 91.9959716796875, 86.00193786621094, 91.11255645751953, 80.2581787109375, 91.43514251708984, 87.66958618164062, 92.23971557617188, 91.62067413330078, 85.6376724243164, 90.7359390258789, 79.91407775878906, 91.08583068847656, 87.31549072265625, 91.8966293334961, 91.29054260253906, 85.31732177734375, 90.40382385253906, 79.61135864257812, 90.77806091308594, 87.00260925292969, 91.59368896484375, 90.99919128417969, 85.03465270996094, 90.11003112792969, 79.34416198730469, 90.50599670410156, 86.7252197265625, 91.32532501220703, 90.7412338256836, 84.7844467163086, 89.84928131103516, 79.1075439453125, 90.26473999023438, 86.478515625, 91.08685302734375, 90.51211547851562, 84.56227111816406, 89.6171646118164, 78.89733123779297, 90.0501480102539, 86.2583999633789, 90.874267578125, 90.30799865722656, 84.3643798828125, 89.40991973876953, 78.70999145507812, 89.85869598388672, 86.06141662597656, 90.6842041015625, 90.1255874633789, 84.18760681152344, 89.22433471679688, 78.54253387451172, 89.6873779296875, 85.88459777832031, 90.5137939453125, 89.96211242675781, 84.02920532226562, 89.05767059326172, 78.39238739013672, 89.53364562988281, 85.72543334960938, 90.36055755615234, 89.81520080566406, 83.88690185546875, 88.9076156616211, 78.25738525390625, 89.39530944824219, 85.5817642211914, 90.22239685058594, 89.68280029296875, 83.75869750976562, 88.77214050292969, 78.13565826416016, 89.2705078125, 85.45173645019531, 90.0975112915039, 89.56317138671875, 83.64289855957031, 88.64952850341797, 78.0256118774414, 89.15763092041016, 85.3337631225586, 89.98434448242188, 89.454833984375, 83.53804779052734, 88.53829193115234, 77.9258804321289, 89.0552978515625, 85.22645568847656, 89.88156127929688, 89.35646057128906, 83.44288635253906, 88.43714904785156, 77.83526611328125, 88.9623031616211, 85.1286392211914, 89.78797149658203, 89.26695251464844, 83.3563232421875, 88.34498596191406, 77.75273895263672, 88.87759399414062, 85.03927612304688, 89.70260620117188, 89.18533325195312, 83.27742004394531, 88.26082611083984, 77.67743682861328, 88.80030822753906, 84.95746612548828, 89.62456512451172, 89.11076354980469, 83.20535278320312, 88.18382263183594, 77.60855102539062, 88.72962951660156, 84.88241577148438, 89.5531005859375, 89.04248046875, 83.13938903808594, 88.11324310302734, 77.54544067382812, 88.66487884521484, 84.81344604492188, 