{"train_losses": [353.9337594168527, 347.5994306291853, 331.35902622767856, 307.2468915666853, 277.7496555873326, 245.52762058803015, 213.1579088483538, 182.91920035226005, 156.63139997209822, 135.55716378348214, 120.36548505510602, 111.15232849121094, 107.5088860648019, 108.62483324323382, 113.4127927507673, 120.64020756312779, 129.0557817731585, 137.50025503976005, 144.99368286132812, 150.7948739188058, 154.43153599330358, 155.70247105189733, 154.6556113106864, 151.54720197405135, 146.78839547293526, 140.88575526646204, 134.38189697265625, 127.80151694161552, 121.6067875453404, 116.1648690359933, 111.72864096505302, 108.4304929460798, 106.28784724644252, 105.21823011125836, 105.06112561907086, 105.60367475237165, 106.60733359200614, 107.83290536063058, 109.06202043805804, 110.11346544538226, 110.85379464285714, 111.2020514351981, 111.1289291381836, 110.6514423915318, 109.82416425432477, 108.728269304548, 107.45990535191127, 106.1188496180943, 104.79858834402901, 103.57845524379185, 102.51829746791294, 101.65571594238281, 101.00583212716239, 100.56314740862165, 100.3050776890346, 100.19654955182757, 100.19507162911552, 100.25576891217914, 100.33584267752511, 100.39825984409877, 100.41426958356585, 100.36481584821429, 100.2408676147461, 100.0426777430943, 99.7783704485212, 99.4619380405971, 99.1110360281808, 98.7447259085519, 98.38141414097377, 98.03721182686942, 97.72469329833984, 97.4521953037807, 97.22362082345145, 97.03869083949498, 96.89354487827846, 96.78158460344586, 96.69447326660156, 96.62312534877232, 96.55866132463727, 96.49315861293248, 96.42024775913784, 96.33544594900948, 96.23630632672992, 96.12229592459542, 95.99460165841239, 95.85571834019252, 95.70905194963727, 95.55844007219586, 95.40774972098214, 95.26050458635602, 95.11959511893136, 94.98713684082031, 94.86435045514789, 94.75159018380302, 94.64845711844308, 94.55391039167132, 94.46646990094867, 94.3843972342355, 94.30590057373047, 94.22927529471261, 94.15305764334542], "test_losses": [353.44676426478793, 347.1572963169643, 331.0338396344866, 307.1028050013951, 277.8417750767299, 245.90117972237724, 213.8477543422154, 183.94957406180245, 158.01605660574776, 137.29968043736048, 122.45985630580357, 113.5837881905692, 110.25484466552734, 111.65597643171039, 116.6943119594029, 124.13303702218192, 132.71790749686105, 141.28797040666853, 148.86286272321428, 154.7021244594029, 158.33524431501115, 159.5637948172433, 158.43928745814733, 155.22222682407923, 150.32853262765067, 144.2699257986886, 137.5943886893136, 130.83202362060547, 124.4503424508231, 118.82164001464844, 114.20358603341239, 110.7329352242606, 108.43096378871373, 107.21846662248883, 106.93758065359933, 107.37744576590401, 108.30083792550224, 109.46926879882812, 110.6644036429269, 111.70450156075614, 112.45504760742188, 112.83353315080915, 112.80869402204242, 112.39525931222099, 111.64525604248047, 110.63715362548828, 109.46427917480469, 108.2235859462193, 107.00578308105469, 105.88756997244698, 104.92630004882812, 104.15734318324498, 103.59384591238839, 103.2286355154855, 103.03779602050781, 102.98524148123605, 103.02782549176898, 103.1203362601144, 103.21998269217355, 103.29002380371094, 103.30228969029018, 103.23855808803013, 103.09080396379743, 102.86049543108258, 102.5570787702288, 102.1959718976702, 101.7962875366211, 101.37855638776507, 100.96263885498047, 100.56602151053292, 100.2025626046317, 99.88178144182477, 99.60860988071987, 99.38364519391742, 99.20373208182198, 99.06280517578125, 98.95288630894252, 98.86508505684989, 98.79053606305804, 98.72117287772042, 98.65034920828683, 98.57318333217076, 98.4866943359375, 98.38976505824498, 98.28289140973773, 98.16786193847656, 98.04732622419085, 97.92437308175224, 97.80213165283203, 97.6833997453962, 97.57040841238839, 97.46466173444476, 97.36684090750558, 97.27684565952846, 97.19388907296317, 97.11664254324776, 97.04341888427734, 96.97237178257534, 96.90167236328125, 96.82967376708984, 96.7550299508231], "minibatch_train_losses": [369.72540283203125, 362.4222412109375, 360.48095703125, 351.3011169433594, 360.17578125, 334.77972412109375, 325.98828125, 363.24462890625, 354.404296875, 351.06390380859375, 340.5791931152344, 347.6809387207031, 321.70062255859375, 311.5594177246094, 346.619384765625, 336.5174865722656, 332.1723327636719, 320.810546875, 326.1445617675781, 300.46343994140625, 289.24481201171875, 321.9077453613281, 310.9019470214844, 306.0087890625, 294.2521667480469, 297.92120361328125, 273.4106750488281, 261.4428405761719, 291.62261962890625, 280.11285400390625, 275.14892578125, 263.492431640625, 265.66015625, 243.1326904296875, 230.76063537597656, 258.4524841308594, 246.84268188476562, 242.26632690429688, 231.17913818359375, 232.0353240966797, 212.20387268066406, 199.75439453125, 225.00379943847656, 213.66830444335938, 209.88548278808594, 199.77842712402344, 199.50924682617188, 182.9552001953125, 170.7082977294922, 193.58518981933594, 182.84217834472656, 180.18075561523438, 171.3819580078125, 170.14723205566406, 157.2984619140625, 145.4671630859375, 166.04638671875, 156.13961791992188, 154.8330535888672, 147.57272338867188, 145.49127197265625, 136.6110382080078, 125.33002471923828, 143.67929077148438, 134.7688446044922, 134.94888305664062, 129.35342407226562, 126.4964599609375, 121.68318176269531, 111.00609588623047, 127.18087005615234, 119.34225463867188, 121.04075622558594, 117.13558959960938, 113.52752685546875, 112.72406005859375, 102.6287841796875, 116.67349243164062, 109.90410614013672, 113.0623779296875, 110.781982421875, 106.40762329101562, 109.41847229003906, 99.81854248046875, 111.77267456054688, 106.00404357910156, 110.48794555664062, 109.69163513183594, 104.50762939453125, 111.0221176147461, 101.78256225585938, 111.69001007080078, 106.80393981933594, 112.42285919189453, 112.91390228271484, 106.8630599975586, 116.48197937011719, 107.43765258789062, 115.357421875, 111.20392608642578, 117.73151397705078, 119.27783966064453, 112.30404663085938, 124.56777954101562, 115.54208374023438, 121.55877685546875, 117.97409057617188, 125.1687240600586, 127.52323913574219, 119.58546447753906, 134.0014190673828, 124.82366943359375, 129.05624389648438, 125.8791732788086, 133.50270080566406, 136.42147827148438, 127.5054931640625, 143.5731201171875, 134.09341430664062, 136.70095825195312, 133.78639221191406, 141.61972045898438, 144.87713623046875, 135.00369262695312, 152.23599243164062, 142.33631896972656, 143.52037048339844, 140.7491455078125, 148.6038360595703, 152.0036163330078, 141.23289489746094, 159.1734161376953, 148.77468872070312, 148.77772521972656, 146.06228637695312, 153.7879638671875, 157.1700897216797, 145.6021728515625, 163.83729553222656, 152.90206909179688, 152.00222778320312, 149.28860473632812, 156.7760467529297, 160.0194091796875, 147.79080200195312, 165.9574737548828, 154.4888153076172, 152.99159240722656, 150.2574462890625, 157.43783569335938, 160.4593505859375, 147.736572265625, 165.5255889892578, 153.56283569335938, 151.79010009765625, 149.0401611328125, 155.88125610351562, 158.6319122314453, 145.60260009765625, 162.75865173339844, 150.37033081054688, 148.64813232421875, 145.90740966796875, 152.40744018554688, 154.86622619628906, 141.7289276123047, 158.04776000976562, 145.32327270507812, 143.9690399169922, 141.27493286132812, 147.45501708984375, 149.62179565429688, 136.57534790039062, 151.89915466308594, 138.93975830078125, 138.24986267089844, 135.64413452148438, 141.54039001464844, 143.42831420898438, 130.66159057617188, 144.87353515625, 131.78350830078125, 132.02230834960938, 129.5436553955078, 135.19952392578125, 136.8280487060547, 124.51103973388672, 137.52932739257812, 124.40827941894531, 125.79911804199219, 123.47684478759766, 128.9364471435547, 130.3253173828125, 118.60200500488281, 130.37469482421875, 117.3111343383789, 120.02974700927734, 117.87922668457031, 123.18215942382812, 124.34701538085938, 113.3302230834961, 123.83052062988281, 110.89743041992188, 115.06817626953125, 113.08818054199219, 118.26595306396484, 