{"testproblem": "fmnist_mlp", "batch_size": 128, "num_epochs": 100, "random_seed": 42, "weight_decay": null, "optimizer_hyperparams": {"lr": 0.025118864315095822}, "train_losses": [2.3021158377329507, 0.48679603674472904, 0.45478306863552487, 0.4636579408095433, 0.4675065880784622, 0.4298930057348349, 0.45806202368858534, 0.453906985047536, 0.4327048502671413, 0.49794197388184375, 0.5566260153666521, 0.4956956922243803, 0.44151998177552837, 0.4599240017242921, 0.45220050865258926, 0.44910319264118487, 0.4613288640975952, 0.4874707525357222, 0.5031880174691861, 0.46368695375246877, 0.4580434285677396, 0.44037031974547947, 0.44373408800516373, 0.48040722348751164, 0.4752407887807259, 0.45686106307384294, 0.45862255914089006, 0.45315083116292953, 0.458003410926232, 0.49302653815501774, 0.5155137349397708, 0.5101541651365085, 0.48100245533845365, 0.466909592350324, 0.5219997270749166, 0.471663881952946, 0.5745634096555221, 0.4721518796988023, 0.46026106560841584, 0.48471289261793477, 0.48524613219958085, 0.4597815412741441, 0.4594455384291135, 0.580569115968851, 0.44578113005711484, 0.4518476231740071, 0.5139906708246622, 0.48653432382987094, 0.46438898337193024, 0.4823982627728047, 0.4697538484365512, 0.41978077380320966, 0.4665879767674666, 0.46411729470277446, 0.4887825084420351, 0.5303312906852136, 0.4649319195976624, 0.4265320476813194, 0.4962069457158064, 0.5067398502276494, 0.5872304221758475, 0.44068381878045887, 0.4309530109167099, 0.44747935961454344, 0.5396385254004062, 0.4712746513959689, 0.6600871919057308, 0.5526562424806448, 0.48445839339341873, 0.5679605450385656, 0.4972320443544632, 0.575681114043945, 0.45476984824889743, 0.44387418031692505, 0.5077192485332489, 0.6232465925889138, 0.4767435109003996, 0.5025851546953886, 0.6388832846513162, 0.6030443024176818, 0.5299168890103315, 0.549265158482087, 0.5497933148573606, 0.5204734932153653, 0.49698288776935673, 0.48885198166737187, 0.5070481915504504, 0.5115515349002985, 0.5084287386674148, 0.5312329076039486, 0.6637183947440906, 0.5137859181715891, 0.5336251029601464, 0.5075982820529205, 0.5256468019424341, 0.4963527027613077, 0.4989475122629068, 0.49604752315924716, 0.5039854894081751, 0.4970422150232853, 0.5008360227713218], "test_losses": [2.3022368321051965, 0.5087359757759632, 0.4944873417799289, 0.5022393434475629, 0.5208266018292843, 0.525372442526695, 0.5251261358841871, 0.5004514371737455, 0.4878945931410178, 0.542420160694, 0.6043723875131363, 0.534307177632283, 0.49863246427132535, 0.5125295886626611, 0.5015420160996609, 0.500648979193125, 0.5093103123781009, 0.5424757137512549, 0.5528337168387878, 0.5178757088306623, 0.5326940199503531, 0.502869746241814, 0.5082015078037213, 0.5141638013032767, 0.5318871186329768, 0.5309985497823129, 0.5170772515046291, 0.5382156444665713, 0.5155846010415982, 0.5691548264943637, 0.5737285816516632, 0.5718824481352781, 0.557286724066123, 0.5274662016293942, 0.59937561972019, 0.5489982335995405, 0.6362993751580899, 0.5442005911698709, 0.5156640509764353, 0.5724934721604372, 0.5693605500154006, 0.5447508337406012, 0.5406406968832016, 0.6334742857859685, 0.5068724017876846, 0.5354122187082584, 0.5977294991413752, 0.549764769199567, 0.5356855121178504, 0.5603245026790179, 0.530872473349938, 0.5090719102284847, 0.5496129447068924, 0.547810123134882, 0.5541427658918576, 0.6206633899456415, 0.5582768947650225, 0.5295950789482166, 0.5729530816658949, 0.5952805444980279, 0.6464652759142411, 0.524257922401795, 0.509272901293559, 0.541938168880267, 0.5941347521849167, 0.5271225575453196, 0.7468304676123154, 0.6332901934018502, 0.5482397771034485, 0.6326803393088855, 0.5817941648837848, 0.6348768717203385, 0.5567481231230956, 0.5123138821277863, 0.5882043700951797, 0.6662080058684716, 0.5545422595280868, 0.5767791920747513, 0.6730551555370673, 0.6787348978030376, 0.6059048832991184, 0.6200884320797064, 0.5995689332485199, 0.5853883073880122, 0.5785339222504542, 0.5729029694428811, 0.5831588074947015, 0.5947598597178092, 0.5703573330090597, 0.5802480651017947, 0.7196226074145391, 0.57317603742465, 0.5885426054398218, 0.5748358575197366, 0.595058737657009, 0.5611054324186765, 0.5609765113928379, 0.5748358338307111, 0.5768893376374856, 0.5811636952253488, 0.5819939149495883], "train_accuracies": [0.10817307692307693, 0.8286258012820513, 0.8438501602564102, 0.8365384615384616, 0.8410456730769231, 0.8511618589743589, 0.8381410256410257, 0.8387419871794872, 0.8581730769230769, 0.8332331730769231, 0.8114983974358975, 0.8321314102564102, 0.8424479166666666, 0.8372395833333334, 0.8488581730769231, 0.8478565705128205, 0.8450520833333334, 0.8268229166666666, 0.8294270833333334, 0.8433493589743589, 0.8495592948717948, 0.8512620192307693, 0.8555689102564102, 0.8373397435897436, 0.8477564102564102, 0.8485576923076923, 0.8461538461538461, 0.8534655448717948, 0.8452524038461539, 0.8391426282051282, 0.8338341346153846, 0.8305288461538461, 0.8361378205128205, 0.8435496794871795, 0.821113782051282, 0.8454527243589743, 0.8152043269230769, 0.8478565705128205, 0.8433493589743589, 0.8288261217948718, 0.8464543269230769, 0.8442508012820513, 0.8519631410256411, 0.7981770833333334, 0.854667467948718, 0.8471554487179487, 0.8341346153846154, 0.8404447115384616, 0.8488581730769231, 0.8382411858974359, 0.84765625, 0.8594751602564102, 0.8432491987179487, 0.8508613782051282, 0.8389423076923077, 0.8238181089743589, 0.8393429487179487, 0.8570713141025641, 0.8345352564102564, 0.8364383012820513, 0.8025841346153846, 0.8564703525641025, 0.8588741987179487, 0.8578725961538461, 0.8228165064102564, 0.8481570512820513, 0.7864583333333334, 0.8223157051282052, 0.8448517628205128, 0.8209134615384616, 0.8342347756410257, 0.8158052884615384, 0.8467548076923077, 0.8448517628205128, 0.8290264423076923, 0.7767427884615384, 0.8336338141025641, 0.8347355769230769, 0.7451923076923077, 0.7828525641025641, 0.819511217948718, 0.815604967948718, 0.8192107371794872, 0.8238181089743589, 0.8316306089743589, 0.8264222756410257, 0.8307291666666666, 0.8278245192307693, 0.8290264423076923, 0.8215144230769231, 0.7796474358974359, 0.8277243589743589, 0.821113782051282, 0.8267227564102564, 0.8296274038461539, 0.8349358974358975, 0.8314302884615384, 0.8334334935897436, 0.8349358974358975, 0.8345352564102564, 0.8346354166666666],