{"train_losses": [353.9337594168527, 295.3931623186384, 186.28410121372767, 113.79713984898159, 123.61854008265904, 189.34694126674108, 244.6295209612165, 242.6029292515346, 190.20489501953125, 133.4882038661412, 113.83475276402065, 135.50956181117468, 169.01947675432478, 181.2866973876953, 163.2043936593192, 132.45298767089844, 113.7758047921317, 117.15362003871373, 132.36231558663505, 141.4066162109375, 135.12859235491072, 119.29138074602399, 106.94809286934989, 106.02479335239956, 113.46648188999721, 119.71735382080078, 117.91367449079242, 109.20770263671875, 100.44040134974888, 97.48230743408203, 100.56918770926339, 105.11681583949498, 106.30023084368024, 102.92580304827008, 97.61502075195312, 93.94638279506138, 93.51071602957589, 95.21243613106864, 96.784909929548, 96.74629320417132, 95.17822810581752, 93.1249029976981, 91.55393327985492, 90.81703077043805, 90.76849692208427, 91.0914786202567, 91.4433092389788, 91.46059744698661, 90.86928231375558, 89.72659737723214, 88.52169363839286, 87.89854649135044, 88.14339882986886, 88.88899230957031, 89.35940333775112, 88.99579184395927, 87.92712293352399, 86.86117553710938, 86.48285021100726, 86.88660321916852, 87.53192574637276, 87.73716190883091, 87.25785609654018, 86.44896915980748, 85.90527670724052, 85.93354797363281, 86.32531629289899, 86.59570966448102, 86.43343680245536, 85.94905962262835, 85.52714429582868, 85.45494079589844, 85.67843191964286, 85.88756343296596, 85.82078334263393, 85.49586486816406, 85.1686270577567, 85.0820563180106, 85.24865068708148, 85.45646231515067, 85.47394670758929, 85.25549643380302, 84.96695818219867, 84.82471030099052, 84.90489196777344, 85.0904780796596, 85.18847547258649, 85.10018702915737, 84.89415631975446, 84.73062460763114, 84.71775926862445, 84.82839093889508, 84.93946838378906, 84.9457015991211, 84.84310259137835, 84.71723066057477, 84.65952519008091, 84.69167763846261, 84.75943320138114, 84.79005977085659, 84.75542449951172], "test_losses": [353.44676426478793, 295.344735281808, 187.28106907435827, 116.13877214704242, 127.2401373726981, 193.85923767089844, 249.43774632045202, 247.07051958356584, 193.81775556291853, 135.97845894949776, 115.23509761265346, 136.1289803641183, 169.3509041922433, 181.87368774414062, 164.5025351388114, 134.72069658551897, 117.0201666695731, 121.14140210832868, 136.68988582066126, 145.6080540248326, 138.7933131626674, 122.16173553466797, 108.97417340959821, 107.36550794328961, 114.43971034458706, 120.7142835344587, 119.30035073416573, 111.238283429827, 103.20265306745257, 100.88635580880302, 104.37972368512835, 109.01817975725446, 109.97666822160993, 106.13656507219586, 100.24662235804966, 96.03095136369977, 95.20832061767578, 96.76411764962333, 98.44966452462333, 98.73823765345982, 97.6190926688058, 96.02200535365513, 94.80715942382812, 94.2509765625, 94.18013872419085, 94.30075182233539, 94.33421979631696, 94.00365883963448, 93.12130955287388, 91.80971854073661, 90.5883069719587, 90.09176853724888, 90.56308092389789, 91.57106454031808, 92.2725808279855, 92.05498395647321, 91.01901245117188, 89.87460000174386, 89.33620016915458, 89.545656476702, 90.01443917410714, 90.10415322440011, 89.59474073137555, 88.84202248709542, 88.41968209402901, 88.598386492048, 89.1287612915039, 89.49088287353516, 89.35274396623883, 88.82278551374164, 88.30133165631976, 88.10419137137276, 88.21060398646763, 88.33984483991351, 88.24861798967633, 87.95792061941964, 87.71182359967914, 87.73044695172992, 87.99859074183873, 88.27898297991071, 88.32324327741351, 88.08113643101284, 87.72653198242188, 87.49378531319755, 87.4820077078683, 87.59623718261719, 87.65933772495815, 87.57875714983258, 87.41859000069755, 87.32574680873326, 87.38996124267578, 87.56527818952289, 87.71403285435268, 87.72373635428292, 87.59179578508649, 87.41286359514508, 87.29241071428571, 87.26741572788784, 87.29642159598214, 87.31412179129464, 87.29310825892857], "minibatch_train_losses": [369.72540283203125, 360.2618103027344, 354.14532470703125, 339.015380859375, 339.51470947265625, 306.2872619628906, 287.0249328613281, 309.74493408203125, 287.9217834472656, 271.9113464355469, 249.07022094726562, 238.78028869628906, 207.46575927734375, 184.36138916015625, 197.0966796875, 175.5518798828125, 163.49598693847656, 147.11050415039062, 136.88668823242188, 123.99560546875, 108.66779327392578, 119.79350280761719, 109.45772552490234, 111.29764556884766, 110.06703186035156, 105.80866241455078, 117.60411071777344, 113.296630859375, 124.532470703125, 126.4118423461914, 141.0548095703125, 152.32728576660156, 150.56439208984375, 179.93246459960938, 179.8932647705078, 185.90359497070312, 192.0542449951172, 209.8510284423828, 223.3525848388672, 215.8564453125, 248.79678344726562, 243.09466552734375, 238.33604431152344, 239.8260955810547, 251.27200317382812, 258.0452880859375, 240.22836303710938, 265.67059326171875, 249.67515563964844, 235.40274047851562, 229.668701171875, 232.4297332763672, 231.0499267578125, 206.4782257080078, 221.60879516601562, 198.99293518066406, 184.0718231201172, 175.7447967529297, 174.71612548828125, 170.33145141601562, 147.96986389160156, 156.20169067382812, 134.87533569335938, 130.0435791015625, 125.62010192871094, 127.23954772949219, 125.5526123046875, 112.8493423461914, 117.92861938476562, 103.31448364257812, 114.05989074707031, 115.81420135498047, 122.31001281738281, 124.38114166259766, 122.27930450439453, 124.36785888671875, 115.86811828613281, 139.6033172607422, 143.92056274414062, 152.2310791015625, 154.2863006591797, 157.79061889648438, 154.4591827392578, 147.37350463867188, 176.41831970214844, 177.27029418945312, 182.68492126464844, 180.23629760742188, 183.13613891601562, 173.37109375, 163.685791015625, 190.8319091796875, 184.77589416503906, 185.4127197265625, 177.50750732421875, 176.80404663085938, 163.75244140625, 151.33212280273438, 173.41357421875, 161.83868408203125, 160.03347778320312, 150.01429748535156, 146.6957550048828, 136.55694580078125, 124.39936828613281, 141.8348388671875, 129.14097595214844, 129.06167602539062, 121.70207214355469, 118.13565063476562, 116.28425598144531, 107.19512939453125, 121.12318420410156, 111.03927612304688, 115.10824584960938, 113.00547790527344, 109.92950439453125, 117.61009216308594, 111.57199096679688, 121.758544921875, 115.08334350585938, 122.3572998046875, 124.58753967285156, 120.4041519165039, 134.49330139160156, 128.85032653808594, 134.11581420898438, 129.34376525878906, 136.85049438476562, 140.51629638671875, 133.0845489501953, 148.65484619140625, 140.50677490234375, 140.77188110351562, 136.38580322265625, 141.80841064453125, 144.64398193359375, 133.55596923828125, 146.88409423828125, 135.33746337890625, 133.0020751953125, 129.072021484375, 132.35665893554688, 134.06814575195312, 121.28376770019531, 131.11032104492188, 117.56080627441406, 116.78791046142578, 114.58790588378906, 117.39274597167969, 118.94381713867188, 107.389404296875, 114.10438537597656, 100.68310546875, 105.15890502929688, 105.49357604980469, 109.38555908203125, 111.33526611328125, 102.8609619140625, 106.99420928955078, 94.80403900146484, 105.79945373535156, 107.77177429199219, 112.93404388427734, 114.52937316894531, 108.94769287109375, 110.51360321044922, 99.14219665527344, 115.26131439208984, 116.58694458007812, 122.01575469970703, 121.76885986328125, 117.5338134765625, 116.594482421875, 105.03225708007812, 123.5362548828125, 122.03094482421875, 126.74175262451172, 123.78945922851562, 119.45652770996094, 117.01457977294922, 104.89566040039062, 123.34661865234375, 118.27581787109375, 122.26371002197266, 117.21673583984375, 112.37440490722656, 110.49411010742188, 98.50894165039062, 115.55146789550781, 107.83243560791016, 111.97293090820312, 106.57149505615234, 101.64851379394531, 102.53677368164062, 91.78623962402344, 106.87028503417969, 98.19012451171875, 103.3265380859375, 99.3066635131836, 94.71652221679688, 99.47979736328125, 90.49021911621094, 103.23511505126953, 94.9661865234375, 101.09571838378906, 99.24098205566406, 94.77692413330078, 