{"train_losses": [353.9337594168527, 763.1467721121652, 5518.918526785715, 4654.321498325893, 1779.2330322265625, 159.04263959612166, 336.84039306640625, 372.172616141183, 95.71631840297154, 149.66622706821985, 92.83069828578404, 105.93249620710101, 88.9583020891462, 93.5721915108817, 92.75305938720703, 95.16050938197544, 97.37389046805245, 97.32415662493024, 96.56653376988002, 95.96917724609375, 96.2708271571568, 97.59622955322266, 99.58024270193917, 101.96532113211495, 104.59119197300502, 107.45216042654855, 110.5626722063337, 113.83021218436105, 117.05003138950893, 120.05852726527623, 122.77402714320591, 125.08387320382255, 126.9118172781808, 128.28858947753906, 129.32195172991072, 130.15566471644811, 130.91599818638392, 131.64473724365234, 132.26712799072266, 132.6492407662528, 132.68832397460938, 132.37755475725447, 131.79729897635323, 131.03492736816406, 130.10504695347376, 128.92925153459822, 127.37575857979911, 125.3163572038923, 122.68621281215123, 119.5522689819336, 116.12518092564174, 112.67435564313617, 109.44085148402623, 106.62837328229632, 104.42364065987724, 102.94675663539341, 102.14661080496651, 101.7711421421596, 101.45610809326172, 100.86876133510044, 99.85225895472935, 98.4865003313337, 97.01028333391461, 95.71478816441127, 94.8554458618164, 94.52379826136998, 94.55778503417969, 94.58232988630023, 94.20898546491351, 93.30407605852399, 92.08784920828683, 90.94852229527065, 90.15263257707868, 89.74771990094867, 89.64474814278739, 89.69219316755023, 89.7753186907087, 89.93167768205915, 90.29608481270927, 90.93884386335101, 91.81286185128349, 92.8246579851423, 93.88219342912946, 94.86629377092633, 95.64380318777901, 96.15259769984654, 96.45153699602399, 96.68953486851284, 97.0421633039202, 97.64905548095703, 98.56925637381417, 99.77808380126953, 101.19464111328125, 102.71219635009766, 104.22605351039341, 105.65927450997489, 106.96547372000558, 108.11517116001674, 109.08730752127511, 109.8708256312779, 110.47299630301339], "test_losses": [353.44676426478793, 773.5693446568081, 5515.917689732143, 4656.433035714285, 1782.3204345703125, 162.13950892857142, 339.2520446777344, 374.1040998186384, 97.99371991838727, 152.26269749232702, 95.061767578125, 107.82403564453125, 90.91864667619977, 95.3734850202288, 94.1932351248605, 96.52269635881696, 98.677490234375, 98.63083757672992, 97.98973083496094, 97.51290784563336, 97.89269583565849, 99.2267837524414, 101.1428473336356, 103.46334293910435, 106.03632572719029, 108.8646000453404, 111.9232918875558, 115.12412370954242, 118.28067779541016, 121.23484475272042, 123.89479064941406, 126.1458489554269, 127.92021724155971, 129.24723052978516, 130.23255048479353, 131.02435956682478, 131.7506103515625, 132.45440673828125, 133.06454031808036, 133.44896153041296, 133.50600106375558, 133.22818429129464, 132.69212559291296, 131.97932870047433, 131.09766714913505, 129.96480669294084, 128.45110866001673, 126.43676648821149, 123.86696406773159, 120.81323678152901, 117.4828120640346, 114.13841465541294, 111.01770346505302, 108.32395935058594, 106.24103437151227, 104.88258252825055, 104.1922858101981, 103.91609736851284, 103.69001770019531, 103.18663351876395, 102.26221575055804, 101.01421683175224, 99.69729832240513, 98.60867963518415, 97.99256569998605, 97.91258348737445, 98.16889190673828, 98.3484377179827, 98.03517041887555, 97.08931514195034, 95.75501142229352, 94.46881539481026, 93.5467278616769, 93.05971091134208, 92.90562438964844, 92.89773341587612, 92.89520917619977, 92.93916756766183, 93.18433489118304, 93.71033586774554, 94.46586499895368, 95.35809653145927, 96.30714743477958, 97.2052230834961, 97.92342485700335, 98.40108489990234, 98.69549996512276, 98.94750540597099, 99.31982421875, 99.93900953020368, 100.8546371459961, 102.03906358991351, 103.41570172991071, 104.88672964913505, 106.3554458618164, 107.74872480119977, 109.0194811139788, 110.1358413696289, 111.07590702601841, 111.82957785470145, 112.40516117640904], "minibatch_train_losses": [369.72540283203125, 55610.484375, 4709.1123046875, 12393.939453125, 30995.279296875, 22830.60546875, 6562.521484375, 765.020751953125, 7423.1025390625, 14992.0048828125, 13972.4189453125, 6658.07373046875, 1064.63720703125, 1225.083251953125, 5581.00439453125, 8399.166015625, 6895.546875, 2974.015625, 366.4031982421875, 961.5594482421875, 3368.0341796875, 4586.013671875, 3558.0810546875, 1359.6566162109375, 133.52389526367188, 773.8575439453125, 2092.10107421875, 2594.62109375, 1822.116455078125, 540.7906494140625, 119.05538940429688, 750.1016845703125, 1447.5303955078125, 1488.31396484375, 750.2638549804688, 153.80958557128906, 241.06961059570312, 702.639404296875, 926.2511596679688, 688.208740234375, 219.29736328125, 95.56228637695312, 321.7697448730469, 560.5506591796875, 502.8004455566406, 249.9591522216797, 94.24911499023438, 179.79998779296875, 336.9774169921875, 388.0298767089844, 216.58804321289062, 96.63612365722656, 155.80133056640625, 245.8116455078125, 275.5771789550781, 161.34825134277344, 94.59154510498047, 132.68930053710938, 197.95655822753906, 191.18917846679688, 126.86425018310547, 91.00535583496094, 117.78992462158203, 142.78143310546875, 137.36111450195312, 111.65530395507812, 96.87216186523438, 111.05949401855469, 123.19049072265625, 108.24807739257812, 96.94376373291016, 94.15179443359375, 115.8302230834961, 120.98844909667969, 98.99417114257812, 95.69651794433594, 89.25949096679688, 112.30512237548828, 112.98414611816406, 102.67015075683594, 93.04069519042969, 96.90504455566406, 110.37574005126953, 94.50381469726562, 90.62594604492188, 101.88078308105469, 108.2269287109375, 96.08613586425781, 94.23831176757812, 94.21171569824219, 94.77163696289062, 92.98301696777344, 97.62332153320312, 103.13351440429688, 93.99781799316406, 99.48880767822266, 90.06329345703125, 91.7633056640625, 93.23556518554688, 98.08314514160156, 106.59713745117188, 93.3128433227539, 100.69438171386719, 89.33558654785156, 93.36956024169922, 96.7196273803711, 98.94933319091797, 108.2152099609375, 94.38650512695312, 104.1240463256836, 89.98846435546875, 94.7536392211914, 98.87589263916016, 100.15216827392578, 110.08643341064453, 94.06723022460938, 106.25822448730469, 91.40467071533203, 96.73602294921875, 98.63225555419922, 99.47596740722656, 111.95915222167969, 93.13786315917969, 106.39723205566406, 91.5766372680664, 98.38153076171875, 97.83817291259766, 98.48014831542969, 113.25480651855469, 92.20613861083984, 106.23780059814453, 91.12271118164062, 99.04034423828125, 97.49225616455078, 97.90208435058594, 114.34642028808594, 91.24034881591797, 106.75518035888672, 90.93960571289062, 98.8922119140625, 98.17232513427734, 97.79158020019531, 115.43975067138672, 90.79694366455078, 107.70185852050781, 91.10164642333984, 98.82698059082031, 99.73882293701172, 97.64881134033203, 117.09376525878906, 90.8023910522461, 109.11126708984375, 91.51578521728516, 98.86071014404297, 101.85469055175781, 97.43913269042969, 119.05888366699219, 91.03047180175781, 110.65728759765625, 92.25433349609375, 98.84945678710938, 104.32485961914062, 96.90753936767578, 121.34269714355469, 91.40042114257812, 112.08876037597656, 93.33232879638672, 98.73698425292969, 107.11498260498047, 96.11611938476562, 123.84883880615234, 91.83650207519531, 113.34379577636719, 94.5711441040039, 98.52899932861328, 110.17002868652344, 95.20245361328125, 126.48258972167969, 92.46389770507812, 114.58103942871094, 95.8353042602539, 98.26615142822266, 113.44578552246094, 94.2365493774414, 129.19561767578125, 93.43635559082031, 115.7246322631836, 97.22220611572266, 98.02484130859375, 116.82612609863281, 93.13690185546875, 131.92141723632812, 94.712646484375, 116.59255981445312, 98.72474670410156, 97.84281921386719, 120.15045928955078, 91.90632629394531, 134.65887451171875, 96.20307159423828, 117.0904769897461, 100.3336410522461, 97.69587707519531, 123.25411987304688, 90.59788513183594, 137.4073486328125, 97.79183959960938, 117.22228240966797, 102.08622741699219, 97.56642150878906, 126.0049819946289, 89.29676055908203, 