{"train_losses": [353.9337594168527, 129.7065211704799, 111.43738882882255, 106.99997057233539, 94.1337160382952, 94.83745901925224, 90.32230377197266, 89.42986406598773, 88.48039027622768, 87.5163083757673, 87.03479548863002, 86.59686824253627, 86.24485451834542, 85.95650591169085, 85.73214285714286, 85.55330875941685, 85.39488329206195, 85.26946149553571, 85.16593170166016, 85.07715497698102, 85.00617327008929, 84.94415174211774, 84.89381626674107, 84.8507080078125, 84.81437465122768, 84.78390938895089, 84.75757489885602, 84.73551286969867, 84.7163325718471, 84.70008196149554, 84.68597739083427, 84.67387063162667, 84.6633802141462, 84.65430559430804, 84.64643859863281, 84.63959285191127, 84.63366263253349, 84.6284909929548, 84.62400163922992, 84.62009538922992, 84.61671120779855, 84.61376953125, 84.6112289428711, 84.60903712681362, 84.6071526663644, 84.6055428641183, 84.60417175292969, 84.60301862444196, 84.60205623081752, 84.60126059395927, 84.60062517438617, 84.60011836460659, 84.59973798479352, 84.59947095598493, 84.59929656982422, 84.59921046665737, 84.59920610700335, 84.59927368164062, 84.59940556117466, 84.59959629603794, 84.59983716692243, 84.60012381417411, 84.6004616873605, 84.60082898821149, 84.60123552594867, 84.60167367117745, 84.60214233398438, 84.60263170514789, 84.6031472342355, 84.60368020193917, 84.60423714773995, 84.6048093523298, 84.6053957257952, 84.60599735804966, 84.60660879952567, 84.60723005022321, 84.6078632899693, 84.60850742885044, 84.6091548374721, 84.60981096540179, 84.61047254289899, 84.61113521030971, 84.61180877685547, 84.61248234340123, 84.61315482003349, 84.61383492606026, 84.61451503208706, 84.61519513811383, 84.61587960379464, 84.61656297956195, 84.61724526541573, 84.61792646135602, 84.61860765729632, 84.6192866734096, 84.6199700491769, 84.62064579554966, 84.62132045200893, 84.62199401855469, 84.62266649518695, 84.62333461216518, 84.6239983694894], "test_losses": [353.44676426478793, 133.09649222237724, 113.82686505998883, 109.38590458461216, 96.57471030099052, 97.58313969203404, 92.89256504603794, 92.01337214878627, 91.15555899483817, 90.15292685372489, 89.65410505022321, 89.25325121198382, 88.87483215332031, 88.58946119035993, 88.37289646693638, 88.18089730398995, 88.03082057407924, 87.89932686941964, 87.79611315046039, 87.70670209612165, 87.63333565848214, 87.57101222446987, 87.51923588344029, 87.47481972830636, 87.43789236886161, 87.40611812046596, 87.37912859235492, 87.35618482317243, 87.33628518240792, 87.31936536516461, 87.3046406337193, 87.29198673793248, 87.28099714006696, 87.27147565569196, 87.26320321219308, 87.25601523263114, 87.24976893833706, 87.24432700020927, 87.23960985456195, 87.23550633021763, 87.23195430210659, 87.2288796561105, 87.22622571672711, 87.22394670758929, 87.2219979422433, 87.22034018380302, 87.2189461844308, 87.21778433663505, 87.21682957240513, 87.21605355398995, 87.21544538225446, 87.2149897984096, 87.21466609409877, 87.21445683070591, 87.214357648577, 87.214357648577, 87.21444266183036, 87.21460396902901, 87.21483939034599, 87.2151380266462, 87.21549660818917, 87.21590423583984, 87.2163565499442, 87.21685682024274, 87.21739196777344, 87.21796526227679, 87.21857125418526, 87.21920231410435, 87.21985953194755, 87.22053745814732, 87.2212415422712, 87.22195870535714, 87.22269657679966, 87.22344643729073, 87.22421155657086, 87.22498866489956, 87.2257799421038, 87.22657666887555, 87.22737993512835, 87.22819192068917, 87.22900717599052, 87.22983115059989, 87.2306627546038, 87.2314932686942, 87.23232596261161, 87.23316410609654, 87.23399897984096, 87.2348393031529, 87.23567744663784, 87.23651450020927, 87.23735918317523, 87.23819514683315, 87.23903438023159, 87.2398659842355, 87.24070194789341, 87.2415302821568, 87.24236406598773, 87.24318586077008, 87.24400765555245, 87.24482836042132, 87.24564470563617], "minibatch_train_losses": [369.72540283203125, 255.94175720214844, 182.69444274902344, 133.28466796875, 112.07746124267578, 113.42394256591797, 114.35680389404297, 129.07656860351562, 135.62908935546875, 146.97898864746094, 151.24081420898438, 132.5289306640625, 139.88172912597656, 115.00297546386719, 111.14730834960938, 104.04727172851562, 104.28368377685547, 102.3392333984375, 98.17134857177734, 101.94374084472656, 94.61766052246094, 113.03544616699219, 107.58171844482422, 111.24761962890625, 106.4229965209961, 101.70314025878906, 97.93490600585938, 87.02041625976562, 97.65616607666016, 92.66653442382812, 97.13760375976562, 97.77793884277344, 90.76789855957031, 99.65729522705078, 88.33015441894531, 96.15621948242188, 92.74374389648438, 96.42433166503906, 95.85005950927734, 88.19499969482422, 92.98370361328125, 82.40377807617188, 93.70718383789062, 89.89414978027344, 94.83247375488281, 93.66719818115234, 89.0019760131836, 91.02513122558594, 81.1823501586914, 92.96586608886719, 88.4733657836914, 92.69181060791016, 92.14309692382812, 85.93660736083984, 91.22636413574219, 81.1532211303711, 90.93836975097656, 87.3399887084961, 91.95587158203125, 91.742919921875, 85.264892578125, 90.03857421875, 79.78042602539062, 90.6155776977539, 86.79998779296875, 91.43513488769531, 90.78047180175781, 85.26705932617188, 88.84722900390625, 79.14308166503906, 90.26112365722656, 86.16134643554688, 90.71539306640625, 90.33573150634766, 84.3383560180664, 89.06237030029297, 79.08712768554688, 89.43977355957031, 85.7048110961914, 90.34603118896484, 90.03408813476562, 84.00608825683594, 88.41820526123047, 78.517333984375, 89.3986587524414, 85.44883728027344, 90.06995391845703, 89.59542083740234, 83.89934539794922, 88.01631164550781, 78.26321411132812, 89.04657745361328, 85.14478302001953, 89.77312469482422, 89.4413833618164, 83.48577117919922, 88.03096008300781, 78.14734649658203, 88.77257537841797, 84.90258026123047, 89.55892944335938, 89.18868255615234, 83.39326477050781, 87.65702819824219, 77.88008117675781, 88.69950866699219, 84.77735900878906, 89.4139633178711, 89.01539611816406, 83.22144317626953, 87.5681381225586, 77.7875747680664, 88.48800659179688, 84.59048461914062, 89.25016784667969, 88.900146484375, 83.07557678222656, 87.45738220214844, 77.66410827636719, 88.39312744140625, 84.49515533447266, 89.1541519165039, 88.76077270507812, 83.00556945800781, 87.30595397949219, 77.5586929321289, 88.30741882324219, 84.38887023925781, 89.04952239990234, 88.67757415771484, 82.89936828613281, 87.26412963867188, 77.50005340576172, 88.20750427246094, 84.30809020996094, 88.97534942626953, 88.59375, 82.84182739257812, 87.1671142578125, 77.42498016357422, 88.16350555419922, 84.24545288085938, 88.91217041015625, 88.5250244140625, 82.78500366210938, 87.1192398071289, 77.38101959228516, 88.09644317626953, 84.18719482421875, 88.8558349609375, 88.47380828857422, 82.73495483398438, 87.07279205322266, 77.33854675292969, 88.05965423583984, 84.14381408691406, 88.81404113769531, 88.42315673828125, 82.70298767089844, 87.0286865234375, 77.3030776977539, 88.02153778076172, 84.10629272460938, 88.77542114257812, 88.38720703125, 82.66706085205078, 87.0035400390625, 77.27882385253906, 87.99066162109375, 84.07502746582031, 88.74502563476562, 88.35298156738281, 82.64482116699219, 86.97247314453125, 77.25359344482422, 87.96797943115234, 84.0503921508789, 88.71894073486328, 88.32610321044922, 82.62214660644531, 86.9553451538086, 77.23776245117188, 87.94524383544922, 84.02909851074219, 88.69717407226562, 88.30308532714844, 82.60546875, 86.93637084960938, 77.2218246459961, 87.93000793457031, 84.012451171875, 88.67886352539062, 88.28334045410156, 82.59126281738281, 86.92364501953125, 77.21080017089844, 87.91470336914062, 83.99829864501953, 88.66336059570312, 88.26724243164062, 82.57936096191406, 86.91265106201172, 77.20114135742188, 87.90382385253906, 83.98728942871094, 88.65043640136719, 88.25316619873047, 82.57013702392578, 86.90385437011719, 77.19378662109375, 87.89385986328125, 83.97818756103516, 88.63939666748047, 88.24168395996094, 82.56205749511719, 86.89743041992188, 77.18806457519531, 87.88619995117188, 83.97111511230469, 