{"train_losses": [353.9337594168527, 353.40379115513394, 352.87483869280135, 352.3465358189174, 351.8189217703683, 351.29207938058033, 350.7659912109375, 350.24075753348217, 349.7163652692522, 349.1928056989397, 348.6701136997768, 348.14827619280135, 347.6273411342076, 347.10726056780135, 346.58805193219865, 346.06971522739957, 345.5522766113281, 345.0356968470982, 344.520010811942, 344.0051749093192, 343.491219656808, 342.9781276157924, 342.46593802315846, 341.954598563058, 341.44412667410717, 340.9345136369978, 340.42579868861606, 339.9179382324219, 339.4109409877232, 338.904793875558, 338.3994925362723, 337.8950849260603, 337.3915056501116, 336.8888201032366, 336.38696725027904, 335.885977608817, 335.38582938058033, 334.8865225655692, 334.3880876813616, 333.8905029296875, 333.3937334333147, 332.89782278878346, 332.4027622767857, 331.90855189732144, 331.41517421177457, 330.9226292201451, 330.430916922433, 329.9400634765625, 329.4500078473772, 328.9608067103795, 328.47242954799106, 327.98487636021207, 327.49815150669644, 327.0122506277902, 326.5271780831473, 326.0429251534598, 325.55948747907365, 325.0768781389509, 324.59507969447543, 324.11411830357144, 323.6339547293527, 323.1546151297433, 322.6760733468192, 322.19834681919644, 321.72143990652904, 321.2453308105469, 320.770028250558, 320.2955409458705, 319.82183837890625, 319.3489423479353, 318.87682669503346, 318.40553065708707, 317.9350367954799, 317.465323311942, 316.99639892578125, 316.5282767159598, 316.06095232282365, 315.59442138671875, 315.1286403111049, 314.66368321010043, 314.1994890485491, 313.7361101422991, 313.2735028948103, 312.81168038504467, 312.3506077357701, 311.89034598214283, 311.4308558872768, 310.97212873186385, 310.5141863141741, 310.0570155552455, 309.60060337611606, 309.14495849609375, 308.6901157924107, 308.2360185895647, 307.7826625279018, 307.33009556361606, 306.87828281947543, 306.427237374442, 305.97696358816967, 305.52745274135043, 305.0786655970982], "test_losses": [353.44676426478793, 352.92100742885043, 352.396248953683, 351.8721357073103, 351.3487069266183, 350.8260280064174, 350.3041425432478, 349.7830723353795, 349.2628391810826, 348.7434648786272, 348.2249232700893, 347.707266671317, 347.1904602050781, 346.674551827567, 346.1594935825893, 345.6453072684152, 345.1320103236607, 344.6195853097098, 344.1080104282924, 343.5973205566406, 343.0874764578683, 342.57853044782365, 342.07044764927457, 341.563232421875, 341.05688040597096, 340.5513698032924, 340.0467442103795, 339.542977469308, 339.0400870186942, 338.5380205426897, 338.0368085588728, 337.53649466378346, 337.03700474330356, 336.5383867536272, 336.0406058175223, 335.54366629464283, 335.0475856236049, 334.5523463657924, 334.05796595982144, 333.5644313267299, 333.0717032296317, 332.579833984375, 332.0888192313058, 331.598641531808, 331.1092965262277, 330.6207754952567, 330.1330827985491, 329.646248953683, 329.1602129255022, 328.67501395089283, 328.1906433105469, 327.70709228515625, 327.224373953683, 326.74247087751115, 326.26138741629467, 325.78112357003346, 325.30167497907365, 324.8230285644531, 324.345206124442, 323.8682076590402, 323.39200265066967, 322.91663033621654, 322.4420601981027, 321.9682922363281, 321.4953395298549, 321.0231628417969, 320.55179268973217, 320.0812465122768, 319.6114719935826, 319.1425083705357, 318.67432948521207, 318.2069658551897, 317.7403826032366, 317.2745884486607, 316.8095703125, 316.34535435267856, 315.88192313058033, 315.4192897251674, 314.95743669782365, 314.49635532924106, 314.0360586983817, 313.5765468052455, 313.1178240094866, 312.6598685128348, 312.2026803152902, 311.7462681361607, 311.2906406947545, 310.8357892717634, 310.38170950753346, 309.92838396344865, 309.4758082798549, 309.0240260532924, 308.57300240652904, 308.1227460588728, 307.6732439313616, 307.22450038364957, 306.7765110560826, 306.32928466796875, 305.8828342982701, 305.4371076311384, 304.9921569824219], "minibatch_train_losses": [369.72540283203125, 362.58551025390625, 361.038818359375, 352.4654541015625, 362.2336730957031, 337.73583984375, 330.18023681640625, 369.18231201171875, 362.0434875488281, 360.50762939453125, 351.9391174316406, 361.6944274902344, 337.22412109375, 329.6676940917969, 368.6401672363281, 361.5025634765625, 359.9771728515625, 351.41351318359375, 361.1558837890625, 336.71307373046875, 329.15570068359375, 368.09869384765625, 360.9623107910156, 359.4473876953125, 350.8884582519531, 360.61798095703125, 336.20269775390625, 328.6444091796875, 367.55792236328125, 360.42279052734375, 358.91827392578125, 350.36419677734375, 360.080810546875, 335.69305419921875, 328.1338806152344, 367.01788330078125, 359.8840026855469, 358.38995361328125, 349.8406982421875, 359.54443359375, 335.18414306640625, 327.6241149902344, 366.4786376953125, 359.3460388183594, 357.8623962402344, 349.3179931640625, 359.00885009765625, 334.67608642578125, 327.11517333984375, 365.94024658203125, 358.80889892578125, 357.3356628417969, 348.796142578125, 358.47412109375, 334.16888427734375, 326.60711669921875, 365.4027099609375, 358.27252197265625, 356.809814453125, 348.275146484375, 357.9402160644531, 333.66253662109375, 326.099853515625, 364.8659973144531, 357.7370910644531, 356.2847900390625, 347.7549743652344, 357.4071350097656, 333.1570129394531, 325.5934753417969, 364.3301696777344, 357.2025146484375, 355.7605895996094, 347.2356262207031, 356.875, 332.65234375, 325.0879211425781, 363.7951965332031, 356.66876220703125, 355.2372741699219, 346.71722412109375, 356.3436584472656, 332.1485595703125, 324.5832824707031, 363.26116943359375, 356.13592529296875, 354.71484375, 346.19964599609375, 355.8132629394531, 331.6456604003906, 324.0794982910156, 362.72796630859375, 355.6039123535156, 354.1932373046875, 345.6829833984375, 355.28369140625, 331.14361572265625, 323.57659912109375, 362.1956787109375, 355.0727844238281, 353.67254638671875, 345.16717529296875, 354.7550048828125, 330.6424560546875, 323.0745544433594, 361.66424560546875, 354.54254150390625, 353.1527099609375, 344.65228271484375, 354.2271728515625, 330.14215087890625, 322.5733642578125, 361.1336975097656, 354.0132141113281, 352.63372802734375, 344.1382141113281, 353.70025634765625, 329.6427307128906, 322.07305908203125, 360.60406494140625, 353.4847717285156, 352.11566162109375, 343.62506103515625, 353.1742248535156, 329.1441955566406, 321.5736389160156, 360.0753173828125, 352.9571533203125, 351.59844970703125, 343.11279296875, 352.6490478515625, 328.6465148925781, 321.0750732421875, 359.54742431640625, 352.4304504394531, 351.08209228515625, 342.6013488769531, 352.12469482421875, 328.1496887207031, 320.577392578125, 359.02044677734375, 351.90460205078125, 350.5666198730469, 342.0907897949219, 351.60125732421875, 327.65374755859375, 320.08056640625, 358.49432373046875, 351.379638671875, 350.0519714355469, 341.58111572265625, 351.0787353515625, 327.15869140625, 319.5846252441406, 357.9691162109375, 350.8555908203125, 349.5382385253906, 341.07232666015625, 350.5570373535156, 326.6644592285156, 319.08953857421875, 357.44476318359375, 350.33233642578125, 349.025390625, 340.56439208984375, 350.03619384765625, 326.171142578125, 318.5953369140625, 356.9212646484375, 349.81005859375, 348.51336669921875, 340.057373046875, 349.5162658691406, 325.67864990234375, 318.1019287109375, 356.398681640625, 349.28857421875, 348.002197265625, 339.5511474609375, 348.9971923828125, 325.1870422363281, 317.60943603515625, 355.876953125, 348.7679748535156, 347.4919128417969, 339.0458679199219, 348.47894287109375, 324.6962890625, 317.1177978515625, 355.35614013671875, 348.2482604980469, 346.98248291015625, 338.5413818359375, 347.9615783691406, 324.2063903808594, 316.62701416015625, 354.836181640625, 347.72943115234375, 346.473876953125, 338.037841796875, 347.4450988769531, 323.7173767089844, 316.1371154785156, 354.31707763671875, 347.21142578125, 345.9661865234375, 337.5350646972656, 346.929443359375, 323.2291564941406, 315.64801025390625, 353.7987976074219, 346.69427490234375, 345.4593200683594, 