{"train_losses": [353.9337594168527, 338.23067365373885, 299.9348580496652, 248.53055027553015, 195.12970188685827, 149.85407366071428, 119.78493935721261, 107.85157121930804, 112.77326965332031, 129.9230510166713, 152.79662214006697, 174.6812024797712, 190.1312997000558, 195.95596531459265, 191.57180786132812, 178.7359335763114, 160.80790056501115, 141.77195521763392, 125.26987784249442, 113.85591561453683, 108.6045913696289, 109.10471561976841, 113.78222220284599, 120.42990003313336, 126.79466901506696, 131.08280181884766, 132.28313991001673, 130.26451873779297, 125.66084616524833, 119.6030044555664, 113.38187735421317, 108.12938690185547, 104.5867200578962, 102.99835968017578, 103.13612910679409, 104.42713492257255, 106.13997105189732, 107.57756587437221, 108.23141043526786, 107.86807686941964, 106.53875514439174, 104.5218276977539, 102.2221429007394, 100.05696650913784, 98.35685403006417, 97.3020738874163, 96.90346309116909, 97.02538190569196, 97.4388405936105, 97.88790893554688, 98.15213448660714, 98.09129333496094, 97.66490391322544, 96.92606462751117, 95.99495806012835, 95.02129255022321, 94.14594268798828, 93.47057233537946, 93.04088592529297, 92.84509168352399, 92.82539694649833, 92.89792960030692, 92.97513798304966, 92.98529161725726, 92.88521466936383, 92.66463361467633, 92.34251512799945, 91.95775713239398, 91.55721500941685, 91.18423788888114, 90.87010192871094, 90.6297378540039, 90.46175057547433, 90.3519788469587, 90.27902221679688, 90.2200905936105, 90.15589359828404, 90.07364109584263, 89.9679707118443, 89.84010205950055, 89.69579642159599, 89.54297855922154, 89.38955579485211, 89.24193899972099, 89.10437338692802, 88.97896466936383, 88.86611938476562, 88.76517159598214, 88.67491476876395, 88.59384482247489, 88.5202887398856, 88.45233590262276, 88.38780103410993, 88.32428523472377, 88.25943102155414, 88.19129725864956, 88.11871991838727, 88.04164450509208, 87.9612295968192, 87.87967027936664, 87.79979269845145], "test_losses": [353.44676426478793, 337.8559003557478, 299.8484627859933, 248.877934047154, 196.0182168143136, 151.3485369001116, 121.90627070835659, 110.57832663399833, 116.04581669398716, 133.64991324288505, 156.8625008719308, 178.95598929268974, 194.47938973563058, 200.2454790387835, 195.68282427106584, 182.56750706263952, 164.28341020856584, 144.84251403808594, 127.91580200195312, 116.08618927001953, 110.4545418875558, 110.63217272077289, 115.06244441441127, 121.54973929268974, 127.84633200509208, 132.15766797746932, 133.46600232805525, 131.62860979352678, 127.2638931274414, 121.48450360979352, 115.56167711530414, 110.6076169695173, 107.34494454520089, 106.00184195382255, 106.33697945731026, 107.76808275495257, 109.55849892752511, 111.01012093680245, 111.61741965157645, 111.15352848597935, 109.67916870117188, 107.48443167550224, 104.98718697684151, 102.61815861293248, 100.72094617571149, 99.48763057163784, 98.9390117100307, 98.94704982212612, 99.28765651157924, 99.7069822038923, 99.98391723632812, 99.9749777657645, 99.63426099504743, 99.00770568847656, 98.20716421944755, 97.37343161446708, 96.63845716203961, 96.09551239013672, 95.78296225411552, 95.6830324445452, 95.7336676461356, 95.8485347202846, 95.93948582240513, 95.9359610421317, 95.79755074637276, 95.51804678780692, 95.12144797188895, 94.65230887276786, 94.16333988734654, 93.70359584263393, 93.30956050327846, 93.00060054234096, 92.77877807617188, 92.63223157610211, 92.54067775181362, 92.48125566755023, 92.43350982666016, 92.38254002162388, 92.32012285505023, 92.24408503941127, 92.15653010777065, 92.06167384556362, 91.9639151436942, 91.8665542602539, 91.77127184186664, 91.67828696114677, 91.5868639264788, 91.4959466116769, 91.40465000697544, 91.31246839250836, 91.21926007952008, 91.12504359654018, 91.02982657296317, 90.93352835518974, 90.83603777204242, 90.7374768938337, 90.63846806117466, 90.54035186767578, 90.4452383858817, 90.35579354422433, 90.27486964634487], "minibatch_train_losses": [369.72540283203125, 362.05865478515625, 359.40966796875, 349.20855712890625, 356.62469482421875, 329.81671142578125, 319.10223388671875, 353.6554870605469, 342.2606201171875, 336.28057861328125, 323.04437255859375, 326.3275146484375, 298.41986083984375, 284.78143310546875, 314.4063415527344, 300.498779296875, 292.7332458496094, 278.126708984375, 277.96112060546875, 251.750732421875, 236.55361938476562, 261.5487060546875, 246.75018310546875, 239.03671264648438, 224.95233154296875, 222.38436889648438, 200.558349609375, 185.2962188720703, 206.2994384765625, 192.25057983398438, 186.3203887939453, 174.4845428466797, 170.56549072265625, 155.288330078125, 141.2252655029297, 158.89749145507812, 146.91824340820312, 144.06365966796875, 135.71896362304688, 131.22061157226562, 123.83546447753906, 111.74884796142578, 126.54676818847656, 117.41224670410156, 118.2828369140625, 114.00511932373047, 109.26197814941406, 110.15419006347656, 100.22097778320312, 112.29840087890625, 106.16261291503906, 110.71729278564453, 110.3886489868164, 105.28297424316406, 113.91510009765625, 105.74769592285156, 114.98681640625, 111.45006561279297, 119.05467224121094, 121.9778060913086, 116.04995727539062, 131.1417236328125, 123.94496154785156, 130.0881805419922, 128.372802734375, 138.00318908691406, 143.11370849609375, 135.7528533935547, 155.5543670654297, 148.35275268554688, 151.1851806640625, 150.36526489257812, 160.8585205078125, 166.97689819335938, 157.63558959960938, 180.23031616210938, 172.10586547851562, 171.63267517089844, 170.85910034179688, 181.15345764160156, 187.21823120117188, 175.59585571289062, 199.1735382080078, 189.4608154296875, 186.03147888183594, 184.70330810546875, 194.01808166503906, 199.25421142578125, 185.40841674804688, 208.4643096923828, 196.865478515625, 191.2147674560547, 189.06658935546875, 196.99371337890625, 200.99147033691406, 185.35870361328125, 206.796630859375, 193.40280151367188, 186.60153198242188, 183.6995391845703, 190.20175170898438, 192.90382385253906, 176.23269653320312, 195.37413024902344, 180.60104370117188, 173.93075561523438, 170.5921173095703, 175.92349243164062, 177.53952026367188, 160.75978088378906, 177.2794647216797, 161.74368286132812, 156.5258331298828, 153.19056701660156, 157.77008056640625, 158.6495819091797, 142.7113800048828, 156.5318145751953, 140.90264892578125, 138.31973266601562, 135.4111785888672, 139.68508911132812, 140.1851806640625, 125.90521240234375, 137.08433532714844, 121.94694519042969, 122.89151000976562, 120.69883728027344, 125.02455139160156, 125.40357208251953, 113.34921264648438, 121.98985290527344, 107.74736785888672, 112.72505950927734, 111.33187866210938, 115.90592956542969, 116.26333618164062, 106.69337463378906, 112.89193725585938, 99.72150421142578, 108.82098388671875, 108.0901107788086, 112.92932891845703, 113.19882202148438, 106.06527709960938, 109.90348815917969, 97.76719665527344, 110.69450378417969, 110.30545806884766, 115.27667236328125, 115.26586151123047, 110.26799774169922, 111.8394775390625, 100.5388412475586, 116.7019271850586, 116.22614288330078, 121.10957336425781, 120.56976318359375, 117.2417984008789, 116.69745635986328, 105.9522933959961, 124.57354736328125, 123.56619262695312, 128.13217163085938, 126.83720397949219, 124.64739990234375, 122.24037170410156, 111.77037811279297, 132.0035400390625, 130.09011840820312, 134.16839599609375, 131.9825897216797, 130.42230224609375, 126.535888671875, 116.126220703125, 137.15711975097656, 134.0970458984375, 137.62344360351562, 134.54342651367188, 133.19081115722656, 128.33865356445312, 117.87734985351562, 138.99496459960938, 134.71212768554688, 137.7438201904297, 133.90756225585938, 132.45860290527344, 127.25475311279297, 116.73802185058594, 137.37118530273438, 131.94969177246094, 134.64979553222656, 130.31390380859375, 128.58200073242188, 123.685791015625, 113.19540405273438, 132.9180908203125, 126.56938171386719, 129.16793823242188, 124.66203308105469, 122.55345916748047, 118.60051727294922, 108.26303100585938, 126.77735900878906, 119.789794921875, 122.5329360961914, 