{"testproblem": "mnist_mlp", "batch_size": 128, "num_epochs": 100, "random_seed": 42, "weight_decay": null, "optimizer_hyperparams": {"lr": 0.001}, "train_losses": [2.3034798334806394, 0.11432426461042502, 0.07780276427570826, 0.05174806749878021, 0.03703971484150642, 0.02604483959909815, 0.018019191311815612, 0.015283734645121373, 0.016893616137214195, 0.012636568862944841, 0.020216647941523638, 0.022005177914905243, 0.010047645546877995, 0.007175851661043289, 0.01354530644722474, 0.01044340566612589, 0.005413431530961623, 0.007089616718869179, 0.006844776754195874, 0.015929649034753825, 0.0026359069996919385, 0.00901200153076878, 0.009729985637255969, 0.005406780932576229, 0.0038478198962715957, 0.0024351928956233538, 0.004334966222254129, 0.007201872145136197, 0.0024926761427941993, 0.0028586343217354556, 0.0027966971795719405, 0.004330017245732821, 0.0038508929025668362, 0.007662205491214991, 0.0025236550121544264, 0.0017427534390336429, 0.0023981695994734764, 0.012517769355326891, 0.0014471624954006611, 0.026588452860521965, 0.001667133293663844, 0.00218676436596956, 0.0008922854963785562, 0.002393832358603294, 0.009660094701804412, 0.001679063058243348, 9.917682753159449e-05, 0.004997544778654208, 0.005683476517263513, 0.0032036787448212123, 0.0051258101772803525, 0.007645851275764215, 0.0012732068649851359, 3.6057251959274974e-05, 2.977199470385527e-06, 1.3573429523370205e-06, 7.195302691215123e-07, 2.3435896787887964e-07, 1.022186225805527e-06, 1.8124970105978159e-07, 1.1343031357496213e-07, 5.2440624970656174e-08, 3.8924507605723846e-08, 3.2106748758218224e-08, 2.3951706213828846e-08, 1.0531109112959642e-08, 9.026664953965407e-09, 6.161057032071627e-09, 5.4207749855824e-09, 1.528324225010016e-09, 3.5103697043198805e-09, 1.623844489073142e-09, 1.4208639279389992e-09, 9.07442508599697e-10, 1.2298233998127472e-09, 8.11922244536571e-10, 4.2984118828406703e-10, 2.985008251972688e-10, 7.16401980473445e-11, 7.16401980473445e-11, 3.582009902367225e-11, 1.194003300789075e-10, 2.38800660157815e-11, 0.0, 4.7760132031563e-11, 0.005753023591704476, 0.003829263117856895, 0.00032959121745079756, 0.0018688868522309721, 0.00700311783928042, 0.0018845824703860742, 0.00021365698044880843, 2.792532531878887e-05, 0.00020863870994593852, 0.008576711669612007, 0.00291878450064896, 0.0033654085038086544, 0.0018762087968822855, 0.0003454794880384818, 0.0036985872026819447, 0.0035762939667806793], "test_losses": [2.3034419279832106, 0.12011570471506088, 0.09409418016767655, 0.0876722271578052, 0.08627276736287734, 0.07723012928349468, 0.07381126387283587, 0.08381961634716927, 0.07558022458583881, 0.08111193176741019, 0.09929954262975699, 0.08686155781675226, 0.08480056673765947, 0.08778501392748111, 0.10074653199467903, 0.08652158725099304, 0.09480010272743992, 0.07994713407391921, 0.09406921623322444, 0.10725558599313864, 0.0907130521746018, 0.10519305621393216, 0.09540775965135066, 0.0914645677862259, 0.09217763859301041, 0.09351112805784513, 0.10502016635086292, 0.0984990458505658, 0.08495250408752607, 0.10047655452329379, 0.09851229146648294, 0.09207114434013, 0.09200463373548327, 0.11092773196884455, 0.09341002825217751, 0.10504763119686873, 0.10730193795349735, 0.10720120597248659, 0.09052864452585196, 0.12740673428067031, 0.09255999966691701, 0.09541148648191339, 0.0873608013185171, 0.0981582957200515, 0.11734496072555582, 0.09539988933083339, 0.098844507870336, 0.11451101174148229, 0.13726077003117937, 0.09566937681908409, 0.12910222632285112, 0.12481481005222751, 0.10233081679027049, 0.10058909057615659, 0.12210533139892878, 0.13119192514568567, 0.13931477571336123, 0.14546542024860779, 0.1373953736291673, 0.14815353247551963, 0.15832582296421513, 0.16280778093884388, 0.17211893967424446, 0.17927847636672548, 0.18074587823297733, 0.18490720657297435, 0.19107535474288923, 0.19581031615439898, 0.20049566503327626, 0.2056263301951381, 0.20937992635971078, 0.21273721974247542, 0.21751088047256836, 0.2218857663564193, 0.22517725449198714, 0.22943971067583427, 0.23400825392216063, 0.239026132839708, 0.24072249785352212, 0.24434589753405023, 0.2471308296856781, 0.25088246415655774, 0.25525557596866305, 0.2599288226009753, 0.26513492733908767, 0.11257618571965931, 0.09921756649437623, 0.10195983930801351, 0.10694865010177287, 0.126560312600281, 0.11035611635694902, 0.09623182641987044, 0.10355383847267009, 0.11362347567979342, 0.13775048058671066, 0.10691691632979573, 0.10785162906783323, 0.12871532391709012, 0.13309779507108033, 0.15222958056256175, 0.12148769316860498], "train_accuracies": [0.08543669871794872, 0.9649439102564102, 0.9756610576923077, 0.9826722756410257, 0.9881810897435898, 0.9922876602564102, 0.9945913461538461, 0.9943910256410257, 0.9953926282051282, 0.9959935897435898, 0.9936899038461539, 0.9936899038461539, 0.9967948717948718, 0.9975961538461539, 0.9955929487179487, 0.9971955128205128, 0.9979967948717948, 0.9972956730769231, 0.9979967948717948, 0.9947916666666666, 0.999198717948718, 0.996895032051282, 0.9969951923076923, 0.9987980769230769, 0.9986979166666666, 0.9990985576923077, 0.9985977564102564, 0.9977964743589743, 0.9989983974358975, 0.9989983974358975, 0.9995993589743589, 0.9985977564102564, 0.9990985576923077, 0.9982972756410257, 0.9989983974358975, 0.9994991987179487, 0.9992988782051282, 0.9970953525641025, 0.9995993589743589, 0.9947916666666666, 0.9994991987179487, 0.9992988782051282, 0.9997996794871795, 0.9994991987179487, 0.9976963141025641, 0.9994991987179487, 1.0, 0.9996995192307693, 0.9984975961538461, 0.9992988782051282, 0.9984975961538461, 0.9981971153846154, 0.9995993589743589, 1.0, 1.0, 1.0, 1.0, 1.0, 1.0, 1.0, 1.0, 1.0, 1.0, 1.0, 1.0, 1.0, 1.0, 1.0, 1.0, 1.0, 1.0, 1.0, 1.0, 1.0, 1.0, 1.0, 1.0, 1.0, 1.0, 1.0, 1.0, 1.0, 1.0, 1.0, 1.0, 0.9982972756410257, 0.9987980769230769, 0.9997996794871795, 0.9995993589743589, 0.9986979166666666, 0.9992988782051282, 1.0, 1.0, 0.9998998397435898, 0.9978966346153846, 0.999198717948718, 0.9988982371794872, 0.9997996794871795, 0.9998998397435898, 0.9984975961538461, 0.999198717948718],