{"testproblem": "fmnist_mlp", "batch_size": 128, "num_epochs": 100, "random_seed": 42, "weight_decay": null, "optimizer_hyperparams": {"lr": 3.9810717055349776}, "train_losses": [2.3021158377329507, 2.3789235108937974, 2.3875301006512766, 2.416258469606057, 2.5375799124057474, 2.4436313280692468, 2.4034959322366958, 2.418286219621316, 2.5261070116972313, 2.4561427862216263, 2.374921147639935, 2.5353474555871425, 2.5037939151128135, 2.3567034067251744, 2.426612126521575, 2.401293213550861, 2.398901798786261, 2.3786360850700965, 2.455101477794158, 2.459755328985361, 2.43033342789381, 2.437290601241283, 2.487294676976326, 2.5138153571348925, 2.3727586452777567, 2.434714852235256, 2.487910237067785, 2.431346899423844, 2.4296255172827306, 2.7076943959945288, 2.4656343979713244, 2.49159207710853, 2.5199533150746274, 2.4292883475621543, 2.4210415406104846, 2.440803145750975, 2.391723562509586, 2.4753718131627793, 2.430397956799238, 2.539561925790249, 2.415708453227312, 2.4307696452507606, 2.3902017642290163, 2.4714740820420094, 2.6430937204605494, 2.4471501050851283, 2.526199921583518, 2.4756587804892125, 2.398427575062483, 2.528229554494222, 2.4375592592435007, 2.4309976314887023, 2.388052536891057, 2.4027997866655006, 2.4424146047005286, 2.3928918166038318, 2.417716854657882, 2.422332824804844, 2.4016680809167714, 2.426387453690553, 2.4634019380960708, 2.480655257518475, 2.38776250068958, 2.472561930998778, 2.471892387439043, 2.4594347996589465, 2.35112949518057, 2.4870398808748293, 2.480940057681157, 2.390081301713601, 2.466776120357024, 2.4547267296375375, 2.3645196633461194, 2.34970314686115, 2.4455564511127963, 2.4686162960834994, 2.507731718894763, 2.5258291440132337, 2.4137178231508303, 2.378598852035327, 2.3723453955772595, 2.383817266195248, 2.4475481938093138, 2.4250739843417435, 2.462353908098661, 2.5691430813226943, 2.4150748680799436, 2.3765997153062086, 2.4139367586527114, 2.4712781417064176, 2.4473333083666287, 2.4328510700128017, 2.392963794561533, 2.3398744876568136, 2.4718784735752988, 2.3728513381420036, 2.399807868859707, 2.7490896628453183, 2.535288196343642, 2.4107341368993125, 2.5478655038735805], "test_losses": [2.3022368321051965, 2.375286945929894, 2.380990062004481, 2.414292436379653, 2.5335642405045338, 2.4321336287718553, 2.3933408779975696, 2.416682075231503, 2.532028458057306, 2.455297405903156, 2.3751483666591153, 2.5403083868515797, 2.507801768107292, 2.3577754405828624, 2.4267283250124025, 2.4095664819081626, 2.40338663260142, 2.3817128798900504, 2.459120878806481, 2.4560409295253263, 2.420401325592628, 2.4374208480883865, 2.47379884047386, 2.518586177092332, 2.3701740014247403, 2.428883500588246, 2.479586258912698, 2.437254575582651, 2.429031943663573, 2.7108926589672384, 2.4700978688704662, 2.4958507892413015, 2.5256009835463304, 2.4330724630600367, 2.4172498354545007, 2.4481497208277383, 2.3971764277189207, 2.473027874261905, 2.4327351252237954, 2.5491754855865087, 2.414739040228037, 2.435743029300983, 2.389681461529854, 2.477512185390179, 2.6384466794820933, 2.4371996414967074, 2.520416122216445, 2.479640645858569, 2.4016935519683056, 2.526026392594362, 2.4368874537639127, 2.421074796945621, 2.390149089006277, 2.4004520728037906, 2.4441241790086794, 2.389131310658577, 2.4202586809794107, 2.418847930737031, 2.4021227176372824, 2.424015794044886, 2.4704000705327744, 2.482831582044944, 2.3842674371523733, 2.4727898775002894, 2.472067450865721, 2.4628036664082456, 2.348426176951482, 2.473656889719841, 2.4790787054942203, 2.385782336577391, 2.4631911852420907, 2.4592444896698, 2.3655438086925407, 2.3507762322059045, 2.4481988686781664, 2.465370590870197, 2.4986293407586904, 2.522060369833922, 2.41277486544389, 2.3749778882051125, 2.370311608681312, 2.3892969412681384, 2.4443944753744664, 2.438250019000127, 2.461685898976448, 2.5596830661480245, 2.418203876568721, 2.3819159147066946, 2.4126898845036826, 2.47014974630796, 2.4405322869618735, 2.424831821368291, 2.396580537160238, 2.335916357162671, 2.468796140108353, 2.372934717398423, 2.3961481803502793, 2.7420979218605237, 2.5454248159359665, 2.413980930279463, 2.546258678803077], "train_accuracies": [0.10817307692307693, 0.09965945512820513, 0.09685496794871795, 0.09705528846153846, 0.09955929487179487, 0.10256410256410256, 0.0967548076923077, 0.0985576923076923, 0.0999599358974359, 0.10036057692307693, 0.0992588141025641, 0.09825721153846154, 0.10296474358974358, 0.09965945512820513, 0.09935897435897435, 0.10046073717948718, 0.10196314102564102, 0.10036057692307693, 0.09915865384615384, 0.10016025641025642, 0.09755608974358974, 0.09945913461538461, 0.09435096153846154, 0.10416666666666667, 0.10216346153846154, 0.0953525641025641, 0.09915865384615384, 0.10446714743589744, 0.0967548076923077, 0.10046073717948718, 0.10697115384615384, 0.09765625, 0.1038661858974359, 0.10266426282051282, 0.09975961538461539, 0.10026041666666667, 0.09875801282051282, 0.10186298076923077, 0.09715544871794872, 0.10366586538461539, 0.09785657051282051, 0.10206330128205128, 0.10106169871794872, 0.10216346153846154, 0.0999599358974359, 0.09735576923076923, 0.09755608974358974, 0.10286458333333333, 0.10056089743589744, 0.0999599358974359, 0.09765625, 0.10086137820512821, 0.10226362179487179, 0.10146233974358974, 0.09695512820512821, 0.09915865384615384, 0.09825721153846154, 0.1031650641025641, 0.09875801282051282, 0.10056089743589744, 0.1031650641025641, 0.09865785256410256, 0.0960536858974359, 0.1024639423076923, 0.09815705128205128, 0.09745592948717949, 0.09585336538461539, 0.09495192307692307, 0.10006009615384616, 0.09985977564102565, 0.09835737179487179, 0.0992588141025641, 0.10116185897435898, 0.0999599358974359, 0.09865785256410256, 0.09665464743589744, 0.09795673076923077, 0.10226362179487179, 0.09645432692307693, 0.09715544871794872, 0.09975961538461539, 0.10436698717948718, 0.09975961538461539, 0.10116185897435898, 0.09905849358974358, 0.09955929487179487, 0.10046073717948718, 0.10406650641025642, 0.09945913461538461, 0.10116185897435898, 0.09705528846153846, 0.09685496794871795, 0.10286458333333333, 0.0999599358974359, 0.09825721153846154, 0.0960536858974359, 0.10106169871794872, 0.09835737179487179, 0.10306490384615384, 0.10326522435897435, 0.0999599358974359],