{"testproblem": "mnist_mlp", "batch_size": 128, "num_epochs": 100, "random_seed": 42, "weight_decay": null, "optimizer_hyperparams": {"lr": 0.39810717055349776}, "train_losses": [2.3034798334806394, 2.326058513078934, 2.3200224393453355, 2.3263818208987894, 2.3124533280348167, 2.306628108024597, 2.321279751948821, 2.3183925518622766, 2.33788879101093, 2.3232924174039793, 2.3138208939478946, 2.320015644415831, 2.3286941357148, 2.3206445406644773, 2.3129519652097654, 2.3374447914270253, 2.32732071631994, 2.319509435922672, 2.3249455996048756, 2.3233224092385707, 2.3144303682522898, 2.3375620933679433, 2.3178159395853677, 2.3233167850054226, 2.3204150994618735, 2.3166675659326406, 2.3215599915920158, 2.3163692278739734, 2.3186765786929007, 2.328052756113884, 2.3122506936391196, 2.3327213617471547, 2.3248630578701315, 2.3101299817745504, 2.3332190880408654, 2.312741071749956, 2.3219306774628468, 2.3179510892965856, 2.3119733180755224, 2.313164934133872, 2.311409149414454, 2.3254440014178934, 2.318785636852949, 2.3152440664095755, 2.3384269934434156, 2.318829973538717, 2.330072668882517, 2.3134646996473656, 2.315565491333986, 2.3160710671009164, 2.334343353907267, 2.3218872210918327, 2.3131981079395, 2.309647480646769, 2.3165413355216002, 2.327136825292538, 2.315324346224467, 2.312273914997394, 2.3229649036358566, 2.3131221685654078, 2.331646408790197, 2.331580100915371, 2.330090596125676, 2.3228312577956762, 2.324037946187533, 2.3181066513061523, 2.3067663327241554, 2.3480570194048758, 2.322921428924952, 2.31557183387952, 2.3372091360581226, 2.3318898586126475, 2.330700058203477, 2.306092075812511, 2.316702738786355, 2.332687958692893, 2.3186507714100375, 2.327239855741843, 2.3291312761795826, 2.343279459537604, 2.329778879116743, 2.3323440887989144, 2.3354727243765807, 2.3161345384059806, 2.328792082957732, 2.32702812170371, 2.316916899803357, 2.3279560468135734, 2.3128208838976345, 2.3224830749707346, 2.314834992090861, 2.3196296325096717, 2.3341613824550924, 2.315688371658325, 2.3423962929309945, 2.317617581440852, 2.3229243266276822, 2.3418708734023266, 2.3428832720487547, 2.316496674831097, 2.3276388339507275], "test_losses": [2.3034419279832106, 2.329704318291102, 2.3171815199729724, 2.322218879675254, 2.313357399060176, 2.3077455086585803, 2.3195723111812887, 2.3188749246108227, 2.3323804140090942, 2.32329653776609, 2.3154151898164015, 2.317550084529779, 2.331820704998114, 2.319153687892816, 2.312774208875803, 2.3384122053782144, 2.3329752653073044, 2.321886808444292, 2.3280935745972853, 2.3246513177187014, 2.3132416101602407, 2.3386952999310617, 2.318252053016271, 2.323818646944486, 2.3211519718170166, 2.316901974188976, 2.3204385317288914, 2.319694546552805, 2.3203464165712013, 2.326901362492488, 2.313760289779076, 2.327215341421274, 2.3182119772984433, 2.311256909981752, 2.329815928752606, 2.3114502735627003, 2.322780740566743, 2.317789068588844, 2.3123459235215797, 2.3132713605196047, 2.311648219059675, 2.3235002205922055, 2.3171832469793467, 2.310930359057891, 2.3332429635219083, 2.3197343135491395, 2.3290435870488486, 2.3134345641502967, 2.317283413349054, 2.318762421607971, 2.3319500654171677, 2.3226952247130566, 2.3139951718159213, 2.3085741049204116, 2.3159083953270545, 2.3331001905294566, 2.3185840233778343, 2.3128847739635368, 2.3217699711139383, 2.3087682082102847, 2.335480570793152, 2.3357084133686166, 2.3269478266055765, 2.319611136729901, 2.322174827257792, 2.314460965303274, 2.3088361697319226, 2.3506714900334678, 2.319918528581277, 2.3157922885356803, 2.3398517278524547, 2.3258252571790647, 2.3282269025460267, 2.307003690646245, 2.3170551917491813, 2.3329676328561244, 2.3175006157312636, 2.321852968289302, 2.3283992608388266, 2.3383433329753385, 2.3294074810468235, 2.33202553101075, 2.3361882888353787, 2.3149915505678225, 2.329479422324743, 2.3256714038359814, 2.3167337759947166, 2.3290921296828833, 2.313073564798404, 2.323599106226212, 2.318583372311714, 2.3179959853490195, 2.333834305787698, 2.3150107157536044, 2.340864157065367, 2.3133534407004333, 2.318019396219498, 2.3403794306975145, 2.3457597616391306, 2.318883788891328, 2.327438929142096], "train_accuracies": [0.08543669871794872, 0.09765625, 0.0960536858974359, 0.09865785256410256, 0.09915865384615384, 0.1045673076923077, 0.09835737179487179, 0.09915865384615384, 0.10046073717948718, 0.10536858974358974, 0.09385016025641026, 0.09725560897435898, 0.09715544871794872, 0.11338141025641026, 0.10146233974358974, 0.11017628205128205, 0.10817307692307693, 0.09795673076923077, 0.09875801282051282, 0.09895833333333333, 0.09945913461538461, 0.10977564102564102, 0.11478365384615384, 0.11458333333333333, 0.09905849358974358, 0.10056089743589744, 0.10086137820512821, 0.10376602564102565, 0.09985977564102565, 0.09755608974358974, 0.08814102564102565, 0.11408253205128205, 0.09495192307692307, 0.10506810897435898, 0.10056089743589744, 0.10657051282051282, 0.1102764423076923, 0.1116786858974359, 0.10116185897435898, 0.10196314102564102, 0.10606971153846154, 0.10236378205128205, 0.09735576923076923, 0.10767227564102565, 0.09314903846153846, 0.10146233974358974, 0.10136217948717949, 0.10016025641025642, 0.11408253205128205, 0.10016025641025642, 0.10116185897435898, 0.09775641025641026, 0.09595352564102565, 0.0992588141025641, 0.09835737179487179, 0.1024639423076923, 0.10266426282051282, 0.09885817307692307, 0.09905849358974358, 0.09545272435897435, 0.11318108974358974, 0.1015625, 0.10116185897435898, 0.10106169871794872, 0.10376602564102565, 0.11057692307692307, 0.10396634615384616, 0.10086137820512821, 0.09314903846153846, 0.10566907051282051, 0.09805689102564102, 0.10797275641025642, 0.09745592948717949, 0.11197916666666667, 0.09555288461538461, 0.09985977564102565, 0.09915865384615384, 0.09314903846153846, 0.09094551282051282, 0.08533653846153846, 0.10787259615384616, 0.09615384615384616, 0.09875801282051282, 0.09965945512820513, 0.10006009615384616, 0.1024639423076923, 0.11438301282051282, 0.0992588141025641, 0.09965945512820513, 0.09935897435897435, 0.11268028846153846, 0.10416666666666667, 0.09915865384615384, 0.09895833333333333, 0.10346554487179487, 0.10196314102564102, 0.09695512820512821, 0.09655448717948718, 0.10106169871794872, 0.09795673076923077, 0.09705528846153846],