{"testproblem": "mnist_mlp", "batch_size": 128, "num_epochs": 100, "random_seed": 42, "weight_decay": null, "optimizer_hyperparams": {"lr": 25.11886431509582, "momentum": 0.99}, "train_losses": [2.3034798334806394, 261.3563631497897, 178.694094144381, 84.31863266382462, 182.46443626208182, 212.84859564365485, 169.32533166347406, 243.14852455334787, 209.95340728759766, 155.44707068418845, 184.32871715839093, 121.54460104917868, 186.75023435934995, 270.89086072872846, 227.3706778501853, 216.97588348388672, 133.68559666168994, 130.96552462455554, 115.42253435575046, 178.86029600485776, 197.15792709741837, 238.11405573135767, 208.50880001752805, 161.59135309855142, 269.13310378637067, 151.11036486503406, 139.8411348783053, 119.69567069029196, 253.7063459738707, 187.52198830629007, 333.3794182019356, 231.05411451290814, 187.70228283221905, 137.5404924245981, 139.4903791378706, 184.75220802502756, 167.41835833818485, 226.064205463116, 196.8738561776968, 159.79661325307993, 268.5079533503606, 141.46059985038562, 178.34440162854318, 151.57010807135165, 142.53631787422376, 214.01653798421225, 91.66902845333784, 149.0053180792393, 116.16709606464093, 174.53799418914014, 211.8208465576172, 137.7375711294321, 337.4744763496595, 136.80417163555438, 222.00743513840897, 257.08060650947766, 179.92423424353967, 120.83782186263647, 164.26050978440506, 177.27234630095654, 252.02260961288061, 179.56947209284857, 211.6960955888797, 199.2279770679963, 185.32728185409155, 172.52556844858023, 127.80391096457457, 119.39630811642378, 180.96874373998398, 145.10189623710437, 256.23842562161957, 234.16774378067407, 158.04527752216046, 142.74568254519733, 130.67231192955603, 208.33710342798477, 152.44117727035132, 212.21946911934094, 168.9295879266201, 147.4464379335061, 259.0614205384866, 157.8737319555038, 197.10384525396884, 128.56215491661658, 207.2619102673653, 160.32496056189905, 137.3101069132487, 200.9278603578225, 130.952213482979, 205.24851931058444, 171.54495474008414, 238.28560266739282, 242.13414686154096, 212.2006618793194, 205.47344501201923, 180.28480725410657, 104.0200445713141, 209.91102658785306, 129.95705873538287, 111.82482010278946, 115.01330360999474], "test_losses": [2.3034419279832106, 261.0705595750075, 176.5563186254257, 83.88721074813452, 180.92710896027393, 214.3938295413286, 168.60639151548727, 238.91493772849057, 209.1150176219451, 155.18981512998923, 185.65374794984476, 120.55604533660106, 188.5003210214468, 274.1497344970703, 227.51821958101712, 221.78170678554437, 131.64573962871845, 130.1853916461651, 114.24366075564653, 177.59785735301483, 195.2452860123072, 238.14641903608273, 209.65454610188803, 161.9908455090645, 269.54222595997345, 153.67257475241635, 140.6413907760229, 118.65935320731921, 252.33797298333585, 190.03825143667368, 332.7766884045723, 227.41785528720953, 184.8298032711714, 136.2012052291479, 138.52631065173026, 185.506713280311, 169.43865360357822, 227.6141333946815, 192.82913931822165, 161.2450948861929, 265.15407092754657, 142.09065540020282, 176.95283782176483, 151.42874282445663, 142.69586240328275, 212.22236926739032, 91.6684925372784, 151.91556940323267, 115.79306049835988, 173.10119335468, 214.7665274204352, 135.35016651642627, 336.8918746556991, 135.8167070242075, 223.0972426976913, 256.94762303279, 178.40782732841296, 120.4226699242225, 165.53313661232974, 176.1502198439378, 254.03568248259717, 179.16134936992938, 209.96585865509815, 201.8242177718725, 185.23837925837591, 173.53585854554788, 128.16731897989908, 120.65907512566982, 179.9582053942558, 144.5097411718124, 255.33063859205978, 229.26771525847607, 157.62390449719553, 142.35024447318835, 130.97727614182693, 205.65263014573318, 151.48769681881635, 210.85587760729666, 167.76394770695612, 144.98246002197266, 258.71837557279144, 155.4349310459235, 198.13973764272836, 132.45961976662662, 203.6481201954377, 158.08575987204526, 137.31245197393955, 206.28329565586188, 133.16866067739633, 206.07696415827826, 170.87061896690955, 244.10568374242538, 247.80081861447064, 209.93941321739783, 203.48465572259366, 181.98087056477866, 103.18286494719676, 208.78979961688702, 128.09754239595853, 112.87489005846855, 113.54371838691907], "train_accuracies": [0.08543669871794872, 0.09845753205128205, 0.09885817307692307, 0.09895833333333333, 0.10046073717948718, 0.09585336538461539, 0.09505208333333333, 0.10236378205128205, 0.09875801282051282, 0.11217948717948718, 0.10206330128205128, 0.10947516025641026, 0.10096153846153846, 0.10717147435897435, 0.10016025641025642, 0.10256410256410256, 0.1141826923076923, 0.11318108974358974, 0.09875801282051282, 0.10286458333333333, 0.09795673076923077, 0.1006610576923077, 0.09945913461538461, 0.10606971153846154, 0.10526842948717949, 0.12049278846153846, 0.10086137820512821, 0.08693910256410256, 0.09775641025641026, 0.10236378205128205, 0.10376602564102565, 0.09455128205128205, 0.10817307692307693, 0.09775641025641026, 0.09835737179487179, 0.09364983974358974, 0.10647035256410256, 0.09595352564102565, 0.09685496794871795, 0.10406650641025642, 0.09835737179487179, 0.10236378205128205, 0.09805689102564102, 0.09765625, 0.10036057692307693, 0.10837339743589744, 0.10136217948717949, 0.10306490384615384, 0.11408253205128205, 0.09935897435897435, 0.10046073717948718, 0.09835737179487179, 0.09765625, 0.09785657051282051, 0.10216346153846154, 0.11217948717948718, 0.10797275641025642, 0.09885817307692307, 0.09965945512820513, 0.09545272435897435, 0.10306490384615384, 0.09645432692307693, 0.10506810897435898, 0.09865785256410256, 0.09875801282051282, 0.09445112179487179, 0.09555288461538461, 0.09825721153846154, 0.09705528846153846, 0.09725560897435898, 0.10206330128205128, 0.10326522435897435, 0.10026041666666667, 0.11197916666666667, 0.09725560897435898, 0.0960536858974359, 0.10026041666666667, 0.09044471153846154, 0.09835737179487179, 0.09625400641025642, 0.10356570512820513, 0.1045673076923077, 0.09234775641025642, 0.09965945512820513, 0.10006009615384616, 0.0992588141025641, 0.11438301282051282, 0.10446714743589744, 0.09565304487179487, 0.09935897435897435, 0.11268028846153846, 0.09615384615384616, 0.09304887820512821, 0.11197916666666667, 0.10346554487179487, 0.10346554487179487, 0.09655448717948718, 0.09655448717948718, 0.10877403846153846, 0.1006610576923077, 0.1015625],