{"testproblem": "fmnist_mlp", "batch_size": 128, "num_epochs": 100, "random_seed": 42, "weight_decay": null, "optimizer_hyperparams": {"lr": 0.001584893192461114, "momentum": 0.99}, "train_losses": [2.3021158377329507, 0.6323044720368508, 0.40167630941439897, 0.36019702905263656, 0.32855995324177617, 0.29569627249088043, 0.2853478661332375, 0.2789860914150874, 0.26178124375068224, 0.25170534677230394, 0.24401179319008803, 0.2578467061886421, 0.2415681744997318, 0.21311419380780977, 0.2377901430695485, 0.23312676258576223, 0.20793342418395555, 0.2072349788668828, 0.20375445236762366, 0.1827289636891622, 0.19571439854991743, 0.16783318811884293, 0.16520920844796377, 0.18289986348304993, 0.19614853681280062, 0.16801196107497582, 0.16420673387937057, 0.15221384067374927, 0.1533867529569528, 0.15231194203862777, 0.15798149582667229, 0.1426276153860948, 0.1284414308671004, 0.12570841992512727, 0.12543794063803476, 0.11469458411328304, 0.11813710075922501, 0.14099629634083846, 0.11108853572454208, 0.1016986610320134, 0.10941360312967728, 0.12437031690317851, 0.09313213041959664, 0.11157103269719161, 0.10446919386203472, 0.12483344107675247, 0.12231673496082807, 0.1160442978143692, 0.08899496782284516, 0.08065575647812623, 0.09834084134453382, 0.09299917270739873, 0.10307008715776297, 0.08543757172540212, 0.07162306104332973, 0.0832901949970386, 0.07845257838758138, 0.08460170598939443, 0.074991795544823, 0.05704509204205794, 0.07104610541883187, 0.06881559258088088, 0.05794207216837467, 0.0798640786550748, 0.06523032925831966, 0.057575941611176885, 0.0632227201683399, 0.08389187417924404, 0.054219334123608395, 0.08141033107844683, 0.06046233015755812, 0.04984725744296343, 0.06327086873352528, 0.045186444687155575, 0.06067150687942138, 0.04814729734491079, 0.07228969075740913, 0.045405823641862623, 0.04133880296005653, 0.03985305087497601, 0.04519452665669796, 0.03968507801301968, 0.02515312948097021, 0.03454963776927728, 0.03232452216056677, 0.04392424268791309, 0.03661299874194157, 0.04396409431520181, 0.04450514991409504, 0.03500019329098555, 0.03354001221939539, 0.036884058123597734, 0.03126563905523373, 0.046034111378666684, 0.032111811762054764, 0.02924310740752098, 0.027257795087420024, 0.022151573728292417, 0.019621756023321398, 0.03850417020611274, 0.02928749204446108], "test_losses": [2.3022368321051965, 0.6310002605120341, 0.4336685626170574, 0.4126016381077277, 0.3788994053999583, 0.3653609981903663, 0.3528070887311911, 0.3519736440517964, 0.34833152019060576, 0.3345442444850237, 0.3375694904571924, 0.3544778569768637, 0.3397946019585316, 0.3129999687274297, 0.3367715871486908, 0.3485699326564104, 0.32976821542550355, 0.3253699296560043, 0.3407472998667986, 0.3228335359539741, 0.3225568569241426, 0.3106419489933894, 0.3224947053270462, 0.3329519232114156, 0.3691637072807703, 0.3414289217728835, 0.34191005142071307, 0.3353608856216455, 0.3273421799143155, 0.3455869964300058, 0.3599702862974925, 0.3502105377041377, 0.3409723868736854, 0.3443841993426665, 0.3532919983069102, 0.3400229662656784, 0.3512685132714418, 0.3771101977580633, 0.3608278989409789, 0.3699034467721597, 0.3710106449822585, 0.38362779391881746, 0.3672049750502293, 0.3923708011324589, 0.37646810099100453, 0.3856080357845013, 0.41727194285545594, 0.41591793604386157, 0.39953769724338484, 0.38213643030478406, 0.4254870798725348, 0.39982667355201185, 0.4234127673583153, 0.44236906828024447, 0.4360898999640575, 0.44075416849973875, 0.4430206834505766, 0.46064433264426696, 0.4579667112766168, 0.4803889070947965, 0.48820506762235594, 0.4768853632685466, 0.4646791495764867, 0.48890267140590227, 0.49317649809213787, 0.4939920565065665, 0.5187498699778166, 0.504487240066131, 0.5148178342825327, 0.5363724810572771, 0.504556340093796, 0.5112038140113537, 0.5290586787920731, 0.5390824215152324, 0.6137292936253242, 0.5564212434184856, 0.5607269937411333, 0.547943570292913, 0.5242216276625792, 0.5711431726813316, 0.5738167894574312, 0.5639965035594426, 0.5840836671682504, 0.6337861298368528, 0.6194044964817854, 0.6102075299773461, 0.5748269480581467, 0.5972025856757776, 0.6043082038179423, 0.6033977661759425, 0.6499670361861204, 0.6560891022284826, 0.6399245825715554, 0.679590279666277, 0.6601912146195387, 0.6254476262972906, 0.6323324161080214, 0.6546858405837646, 0.6902969949520551, 0.7163113884818859, 0.6755169072212317], "train_accuracies": [0.10817307692307693, 0.7794471153846154, 0.8592748397435898, 0.8744991987179487, 0.8816105769230769, 0.8902243589743589, 0.8929286858974359, 0.8947315705128205, 0.9051482371794872, 0.9069511217948718, 0.9111578525641025, 0.9028445512820513, 0.9107572115384616, 0.9203725961538461, 0.9122596153846154, 0.9094551282051282, 0.9254807692307693, 0.9217748397435898, 0.9258814102564102, 0.9339943910256411, 0.9268830128205128, 0.9389022435897436, 0.9389022435897436, 0.9290865384615384, 0.924979967948718, 0.9390024038461539, 0.9371995192307693, 0.9448116987179487, 0.9440104166666666, 0.9413060897435898, 0.9417067307692307, 0.9453125, 0.9512219551282052, 0.9507211538461539, 0.9517227564102564, 0.9574318910256411, 0.9552283653846154, 0.9465144230769231, 0.9583333333333334, 0.9625400641025641, 0.9554286858974359, 0.9520232371794872, 0.9652443910256411, 0.9579326923076923, 0.9619391025641025, 0.9487179487179487, 0.9495192307692307, 0.9573317307692307, 0.9658453525641025, 0.969551282051282, 0.9625400641025641, 0.9661458333333334, 0.9596354166666666, 0.9684495192307693, 0.9732572115384616, 0.9683493589743589, 0.9709535256410257, 0.9674479166666666, 0.9699519230769231, 0.9780649038461539, 0.9721554487179487, 0.9714543269230769, 0.9789663461538461, 0.9663461538461539, 0.973457532051282, 0.9795673076923077, 0.9768629807692307, 0.9691506410256411, 0.9802684294871795, 0.9701522435897436, 0.9764623397435898, 0.9819711538461539, 0.9758613782051282, 0.9836738782051282, 0.9782652243589743, 0.9828725961538461, 0.9710536858974359, 0.9824719551282052, 0.9846754807692307, 0.9845753205128205, 0.9825721153846154, 0.9844751602564102, 0.9903846153846154, 0.9863782051282052, 0.9875801282051282, 0.9834735576923077, 0.9864783653846154, 0.9828725961538461, 0.9834735576923077, 0.9861778846153846, 0.9878806089743589, 0.9850761217948718, 0.9875801282051282, 0.9815705128205128, 0.9868790064102564, 0.9887820512820513, 0.9902844551282052, 0.9922876602564102, 0.9939903846153846, 0.9869791666666666, 0.9885817307692307],