{"testproblem": "mnist_mlp", "batch_size": 128, "num_epochs": 100, "random_seed": 42, "weight_decay": null, "optimizer_hyperparams": {"lr": 0.06309573444801936, "momentum": 0.99}, "train_losses": [2.3034798334806394, 1.4722403287887573, 2.309844114841559, 2.3120349248250327, 2.3128604094187417, 2.3128766738451443, 2.3149743936000724, 2.3145600954691568, 2.320964318055373, 2.3121776519677577, 2.3074784095470724, 2.307934956672864, 2.3170719880324144, 2.303948937318264, 2.3074899392250257, 2.3081958507880187, 2.3092925456854014, 2.312277622711964, 2.3113916287055383, 2.3043072743293567, 2.3056253500473805, 2.3097978891470494, 2.311583094107799, 2.3087200018075795, 2.3029771829262757, 2.3024942446977663, 2.3050675911781116, 2.313901723959507, 2.3152390718460083, 2.3045853773752847, 2.3111557899377284, 2.312375239836864, 2.3071906322088, 2.3135769947981224, 2.317963022452134, 2.311468671529721, 2.3155359090902867, 2.3092018426992955, 2.3079781196056266, 2.313508819311093, 2.319223999977112, 2.3072428000278964, 2.312273389253861, 2.3174967826941075, 2.3073543524130797, 2.3077876690106516, 2.311531635431143, 2.317716659643711, 2.309183527261783, 2.3223155645223765, 2.310644547144572, 2.3127920230229697, 2.3094900051752725, 2.3172878516026034, 2.317568396910643, 2.311747569304246, 2.307606049073048, 2.3124595330311704, 2.3112636590615296, 2.309759014692062, 2.3088370775565124, 2.3190363003657413, 2.310411165922116, 2.308507803158882, 2.3095180224149656, 2.3164141514362435, 2.3147182128368278, 2.31224507246262, 2.319405198097229, 2.302773802708357, 2.3040527808360562, 2.3075961852685, 2.310013697697566, 2.3145374120810094, 2.316842611019428, 2.3187623910414867, 2.3181010484695435, 2.3198738464942346, 2.308913765809475, 2.3126877271212063, 2.3143575436029677, 2.3075364247346535, 2.3142262269289064, 2.3150719159688706, 2.309225308589446, 2.322100098316486, 2.315756926169762, 2.3046067158381143, 2.307377815246582, 2.3141333690056434, 2.3155952661465378, 2.31065902648828, 2.313996122433589, 2.3078550344858413, 2.3079050412544837, 2.309165593905327, 2.3195320673477955, 2.307425951346373, 2.312147871041909, 2.307832800425016, 2.3149931736481495], "test_losses": [2.3034419279832106, 1.4422683929785705, 2.3102562702619114, 2.3115884432425866, 2.3142709946021056, 2.3133911597423062, 2.3152622809776893, 2.315495769182841, 2.3204356951591296, 2.310740223297706, 2.3070449278904843, 2.3088834224603114, 2.318162890580984, 2.3064350287119546, 2.3072211131071434, 2.309088110923767, 2.3068777934098854, 2.310737444804265, 2.307756231381343, 2.3045670741643662, 2.3047559566986866, 2.3095947228945217, 2.314070136119158, 2.307257606432988, 2.303160676589379, 2.303990602493286, 2.3063994615505905, 2.3122156858444214, 2.317575894869291, 2.3055986777330055, 2.312932842817062, 2.3103455305099487, 2.3092876489345846, 2.314066003530453, 2.31716036490905, 2.313170237418933, 2.3159932845678086, 2.3101593531095066, 2.307324076310182, 2.3122351994881263, 2.318090029251881, 2.30779029467167, 2.3101194363373976, 2.3147557209699583, 2.3087755258266744, 2.304908110545232, 2.3137478675597754, 2.3176195376958604, 2.3091393464650865, 2.3221351489042625, 2.3114818945909157, 2.3121064137189817, 2.3100222043502026, 2.3161297730910473, 2.3179689248402915, 2.311994570952195, 2.3096642738733535, 2.3112800121307373, 2.308776366404998, 2.3094217532720323, 2.307582891904391, 2.315256259380243, 2.3090768471742287, 2.3076719840367637, 2.3090649934915395, 2.3135732412338257, 2.3136552969614663, 2.3153736774738016, 2.3231794161674304, 2.3021099934211144, 2.304041923620762, 2.3057528275709887, 2.311581183702518, 2.3151622796669984, 2.3155267177483974, 2.3183101476767125, 2.3169117952004457, 2.316612286445422, 2.30804705619812, 2.3109891689740696, 2.3150199070954933, 2.3054936849153957, 2.312308614070599, 2.3113458981880775, 2.308124533066383, 2.321160915570381, 2.320062484496679, 2.3054140500533276, 2.306631115766672, 2.311242482601068, 2.315728850853749, 2.310650186660962, 2.3133241152152038, 2.309541534154843, 2.309413934365297, 2.3110092664376283, 2.319388997860444, 2.3074559584642067, 2.3121338929885473, 2.3076412769464345, 2.315248645268954], "train_accuracies": [0.08543669871794872, 0.5316506410256411, 0.11117788461538461, 0.09865785256410256, 0.10256410256410256, 0.09495192307692307, 0.10767227564102565, 0.10236378205128205, 0.09935897435897435, 0.10536858974358974, 0.11107772435897435, 0.10947516025641026, 0.09515224358974358, 0.10717147435897435, 0.11288060897435898, 0.10426682692307693, 0.10036057692307693, 0.10476762820512821, 0.10486778846153846, 0.11408253205128205, 0.11388221153846154, 0.10136217948717949, 0.11478365384615384, 0.09775641025641026, 0.10006009615384616, 0.12049278846153846, 0.11448317307692307, 0.11057692307692307, 0.11608573717948718, 0.11278044871794872, 0.10576923076923077, 0.10116185897435898, 0.10817307692307693, 0.09795673076923077, 0.10416666666666667, 0.10897435897435898, 0.09795673076923077, 0.09595352564102565, 0.10126201923076923, 0.0907451923076923, 0.09735576923076923, 0.09765625, 0.09805689102564102, 0.09795673076923077, 0.10036057692307693, 0.10837339743589744, 0.10016025641025642, 0.09845753205128205, 0.10106169871794872, 0.10076121794871795, 0.10046073717948718, 0.09945913461538461, 0.10206330128205128, 0.0992588141025641, 0.11187900641025642, 0.0967548076923077, 0.09775641025641026, 0.11338141025641026, 0.11067708333333333, 0.10366586538461539, 0.11318108974358974, 0.09665464743589744, 0.11077724358974358, 0.10106169871794872, 0.1045673076923077, 0.11057692307692307, 0.09775641025641026, 0.11568509615384616, 0.11227964743589744, 0.11087740384615384, 0.11298076923076923, 0.09915865384615384, 0.10506810897435898, 0.09955929487179487, 0.09555288461538461, 0.09805689102564102, 0.09645432692307693, 0.09314903846153846, 0.10146233974358974, 0.11227964743589744, 0.09815705128205128, 0.11338141025641026, 0.0946514423076923, 0.10987580128205128, 0.11117788461538461, 0.11057692307692307, 0.10476762820512821, 0.11368189102564102, 0.10326522435897435, 0.11137820512820513, 0.09785657051282051, 0.09615384615384616, 0.10346554487179487, 0.11197916666666667, 0.09905849358974358, 0.10817307692307693, 0.10046073717948718, 0.1015625, 0.10086137820512821, 0.11698717948717949, 0.10356570512820513],