{"train_losses": [353.9337594168527, 329.5627702985491, 307.6183602469308, 287.8550763811384, 270.0526689801897, 254.01333618164062, 239.55951145717077, 226.53173174176897, 214.7867715018136, 204.19601440429688, 194.64385768345423, 186.0264892578125, 178.25057111467635, 171.2322540283203, 164.89614868164062, 159.1744668143136, 154.00628008161272, 149.3367701939174, 145.11666216169084, 141.30158233642578, 137.8516616821289, 134.73097011021204, 131.90719277518136, 129.35125078473772, 127.03695351736886, 124.94070216587612, 123.04126957484654, 121.3195059640067, 119.75816345214844, 118.34173148018974, 117.05619376046317, 115.88892255510602, 114.82853480747768, 113.86477443150112, 112.98837498256138, 112.19097573416573, 111.46505083356585, 110.80379486083984, 110.20106615339007, 109.65131269182477, 109.1495383126395, 108.69120788574219, 108.2722407749721, 107.88893672398159, 107.53796277727399, 107.21630314418248, 106.92121996198382, 106.65024675641742, 106.40115465436664, 106.17191641671317, 105.96070861816406, 105.765869140625, 105.58590371268136, 105.41945212227958, 105.26527840750558, 105.12227303641183, 104.98942238943917, 104.86581202915737, 104.75060708182198, 104.64305223737445, 104.54246956961495, 104.44823564801898, 104.35978044782367, 104.27660260881696, 104.19823346819196, 104.1242436000279, 104.05425480433873, 103.98792266845703, 103.92492566789899, 103.8649673461914, 103.80779811314174, 103.753176007952, 103.7008786882673, 103.6507088797433, 103.6024911063058, 103.5560531616211, 103.51125880650112, 103.46795327322823, 103.42602648053851, 103.38536289760044, 103.34585571289062, 103.30741228376117, 103.2699475969587, 103.23337772914341, 103.19763292585101, 103.16265433175224, 103.12837219238281, 103.09474291120257, 103.06170436314174, 103.02921840122768, 102.9972414289202, 102.96573093959263, 102.93466077532086, 102.90398951939174, 102.87369319370815, 102.84374237060547, 102.81411743164062, 102.78478894914899, 102.75573839460101, 102.72694614955357, 102.69840131487165], "test_losses": [353.44676426478793, 329.24951607840404, 307.4685581752232, 287.8590567452567, 270.20129830496654, 254.29804338727678, 239.97223772321428, 227.06485421316964, 215.43314470563615, 204.94889177594865, 195.49690682547433, 186.97373962402344, 179.2864031110491, 172.35137503487724, 166.09358651297433, 160.44553702218192, 155.34657505580358, 150.74214608328683, 146.5832061767578, 142.8256378173828, 139.42975725446428, 136.35985674176897, 133.58382306780135, 131.07274518694197, 128.80059814453125, 126.74395206996373, 124.88173348563058, 123.1949223109654, 121.6664297921317, 120.28084673200335, 119.02428000313895, 117.88422066824776, 116.84939139229911, 115.90962873186383, 115.05575888497489, 114.27951921735492, 113.5734634399414, 112.93084934779576, 112.34562247140067, 111.81229945591518, 111.32593972342355, 110.882077898298, 110.47668566022601, 110.10612160818917, 109.76710183279855, 109.45665087018695, 109.17208317347935, 108.91098022460938, 108.67113821847099, 108.45058223179409, 108.24750736781529, 108.06030382428851, 107.88748713902065, 107.72773960658482, 107.57985578264508, 107.44274357386998, 107.31541442871094, 107.19698551722935, 107.08663068498883, 106.98362731933594, 106.88730076381138, 106.79705810546875, 106.71234893798828, 106.63267517089844, 106.55758775983539, 106.48668016706195, 106.41957419259208, 106.35594068254743, 106.29547446114677, 106.2378910609654, 106.18294416155133, 106.13039725167411, 106.0800530569894, 106.03171212332589, 105.9852044241769, 105.94037737165179, 105.89708382742745, 105.85519736153739, 105.81459481375558, 105.77517264229911, 105.73683057512555, 105.69948359898159, 105.66304234095982, 105.62743486676898, 105.5926023210798, 105.55847276960101, 105.52499716622489, 105.49211992536273, 105.4597887311663, 105.42797197614398, 105.39662061418805, 105.36570739746094, 105.33519962855748, 105.30506134033203, 105.27526201520648, 105.24578857421875, 105.21661267961774, 105.18770926339286, 105.15906415666852, 105.1306642804827, 105.10248129708427],