{"testproblem": "fmnist_mlp", "batch_size": 128, "num_epochs": 100, "random_seed": 43, "weight_decay": null, "optimizer_name": "Adam", "optimizer_hyperparams": {"lr": 0.00039810717055349735}, "train_losses": [2.301586860265487, 0.420338878264794, 0.3491127149034769, 0.3139492233212178, 0.29285660233253086, 0.28642462213069964, 0.26722698314831805, 0.24622364590565363, 0.24452250680098167, 0.21947311609983444, 0.19876170569123366, 0.208807414636398, 0.18961134409675232, 0.1806318847796856, 0.17736731030237982, 0.18356777756259993, 0.1574216090524808, 0.16377542588191155, 0.16026859186016595, 0.1441160119496859, 0.15578800965196046, 0.12692644719320995, 0.16066099273470733, 0.11698657603791127, 0.10926561941130039, 0.12465323144808793, 0.099576061591506, 0.11525463255552146, 0.08850963533115692, 0.10713961004064633, 0.08503022971443641, 0.09646196147570243, 0.08589299357472321, 0.09730818139341398, 0.06924218278473769, 0.09619957953691483, 0.08346412918315484, 0.0868856840981887, 0.07441095852603515, 0.06967176566234766, 0.05655554321427376, 0.052515809495861716, 0.05545413064268919, 0.0686735041702214, 0.0553100369273661, 0.049207871684279196, 0.04505900738951869, 0.048908030279935934, 0.05955874756312905, 0.059551888157446414, 0.04632067549018524, 0.061511236087729536, 0.05270687204140883, 0.050585749523284346, 0.048979055733443834, 0.05682926314572493, 0.03482969646127178, 0.035413992615082324, 0.04690865852320806, 0.04596318777364034, 0.046879720635330066, 0.03504092817923102, 0.03130464965644746, 0.03890219043032863, 0.026439809676211994, 0.022754372073671758, 0.030835110682229966, 0.04488373945395534, 0.04229425281907121, 0.04481957842094394, 0.028985421059844203, 0.043312093744484276, 0.02482652980595445, 0.03880912183712308, 0.01563974793475026, 0.024840376005531885, 0.02377280311133617, 0.01256227545822278, 0.014484862283540841, 0.02187377838596988, 0.029840910401290808, 0.04049191117370262, 0.025332370462516945, 0.02816490788394824, 0.02690179810190621, 0.026394052795158364, 0.018389483337672666, 0.03154604284403225, 0.017809661869437266, 0.020315540324633893, 0.028073333418713167, 0.0174414611612566, 0.013145836398530846, 0.01870990854401428, 0.022051824435878258, 0.016688311024783894, 0.016685652442109317, 0.013405922746572357, 0.017859561135992408, 0.016924766722159125, 0.013380192876912845], "test_losses": [2.3014699526322193, 0.43919956607696337, 0.39204002095338625, 0.35803201374335164, 0.35825292212076676, 0.3606664784825765, 0.3395770362172371, 0.32413744429747265, 0.33791027409143937, 0.332028373502768, 0.32661137787195355, 0.3314418110709924, 0.31441906495736194, 0.3082705617715151, 0.32883429756531346, 0.346874132561378, 0.33408695153701, 0.35419399616045827, 0.3457601886147108, 0.3471733986949309, 0.37067998678256303, 0.3564543611346147, 0.3985068805706807, 0.3750295096482986, 0.36891606125311976, 0.42249012356385207, 0.39186002008425885, 0.417968923273759, 0.43127399644790554, 0.45001018066436815, 0.4480280278202815, 0.4371692696825052, 0.42784497160942125, 0.5035872956116995, 0.4565276067990523, 0.5250732241532742, 0.5039638284689341, 0.5196634743076104, 0.5289351836993144, 0.5097716863338764, 0.5059134973547398, 0.5160273221822885, 0.5321514342839901, 0.5794555733983333, 0.5312906893400046, 0.5318586356364764, 0.560002649250703, 0.5731716658442448, 0.595376326296574, 0.6344243559317712, 0.5823835593003494, 0.6330447044128027, 0.6054152107009521, 0.6684685691426961, 0.6113088129040523, 0.6402251921021022, 0.6295201470836614, 0.6484583765268326, 0.7072759622182602, 0.6940308400453665, 0.6770053467689416, 0.7264637165726759, 0.7076763808727264, 0.7332401623328527, 0.7306788227497003, 0.6667257872147437, 0.6829514356377797, 0.6931164247485307, 0.7696267056923646, 0.6746324833769065, 0.6983135321583503, 0.7380575633201844, 0.747214830838717, 0.710999279259107, 0.7480922925930756, 0.7552294192405847, 0.7392916480700175, 0.7503348629061992, 0.7521894249396447, 0.7755937045201277, 0.7599542309076358, 0.8544231036152595, 0.7069748888413111, 0.7898742827849511, 0.7942601192073945, 0.7661064515511194, 0.7972541963442777, 0.8400219537508793, 0.8123243099603897, 0.8305827241677505, 0.7969614485135446, 0.8295938257987683, 0.8399014180669417, 0.8202981425401492, 0.7773829561013442, 0.7976269828967559, 0.8443928158436066, 0.8368390288490516, 0.8102923131141907, 0.8508373321248934, 0.8300743062908833], "train_accuracies": [0.07892628205128205, 0.8548677884615384, 0.8723958333333334, 0.8853165064102564, 0.8933293269230769, 0.8950320512820513, 0.8999399038461539, 0.9076522435897436, 0.9098557692307693, 0.9174679487179487, 0.9237780448717948, 0.9225761217948718, 0.9324919871794872, 0.9330929487179487, 0.9320913461538461, 0.9305889423076923, 0.9394030448717948, 0.9336939102564102, 0.9429086538461539, 0.9464142628205128, 0.9401041666666666, 0.9533253205128205, 0.9392027243589743, 0.9575320512820513, 0.9606370192307693, 0.9504206730769231, 0.9644431089743589, 0.9519230769230769, 0.9688501602564102, 0.9588341346153846, 0.9670472756410257, 0.9628405448717948, 0.9672475961538461, 0.9642427884615384, 0.9736578525641025, 0.9624399038461539, 0.9657451923076923, 0.9646434294871795, 0.971854967948718, 0.9746594551282052, 0.9793669871794872, 0.9800681089743589, 0.9788661858974359, 0.9746594551282052, 0.9797676282051282, 0.9816706730769231, 0.9844751602564102, 0.9826722756410257, 0.9761618589743589, 0.9776642628205128, 0.9829727564102564, 0.9780649038461539, 0.9793669871794872, 0.9790665064102564, 0.9802684294871795, 0.9787660256410257, 0.9870793269230769, 0.9869791666666666, 0.9819711538461539, 0.9834735576923077, 0.983573717948718, 0.9866786858974359, 0.9884815705128205, 0.9850761217948718, 0.9911858974358975, 0.9927884615384616, 0.9896834935897436, 0.983573717948718, 0.9840745192307693, 0.9838741987179487, 0.9895833333333334, 0.9846754807692307, 0.9914863782051282, 0.9849759615384616, 0.9945913461538461, 0.991386217948718, 0.9907852564102564, 0.9962940705128205, 0.9949919871794872, 0.9921875, 0.9892828525641025, 0.9841746794871795, 0.9904847756410257, 0.989082532051282, 0.989082532051282, 0.9892828525641025, 0.9927884615384616, 0.9876802884615384, 0.9940905448717948, 0.9919871794871795, 0.9899839743589743, 0.9931891025641025, 0.99609375, 0.9940905448717948, 0.9933894230769231, 0.9945913461538461, 0.9949919871794872, 0.9956931089743589, 0.9944911858974359, 0.9938902243589743, 0.9950921474358975],