{"testproblem": "fmnist_mlp", "batch_size": 128, "num_epochs": 100, "random_seed": 49, "weight_decay": null, "optimizer_name": "Adam", "optimizer_hyperparams": {"lr": 0.00039810717055349735}, "train_losses": [2.302996357282003, 0.4280335788543408, 0.3429847437983904, 0.31973595114854664, 0.284305228636815, 0.28672046882983965, 0.28067837006006485, 0.23611930165535364, 0.22088202834129333, 0.24072588368868217, 0.237177860755951, 0.20214758068323135, 0.21226548699614328, 0.20162045468504614, 0.16901842628916106, 0.19120913189955246, 0.15390720724677429, 0.16455334444076586, 0.15932157291815832, 0.13801402082810035, 0.1457446495978496, 0.1365656627294345, 0.11921962622839671, 0.11427908424192514, 0.09735064179851459, 0.11155746337503959, 0.10005103897016782, 0.09736798120996891, 0.10007296827359077, 0.08269110259910424, 0.10107740955666089, 0.07876863144338131, 0.08375822733610104, 0.07459198308583254, 0.07996125457187493, 0.08061423615958446, 0.07286573996624121, 0.06713303539137809, 0.06196226671529122, 0.05904423432329144, 0.06438060286335456, 0.07795158988581254, 0.056403577471008666, 0.053497025170005284, 0.05551582899613258, 0.04821301944171771, 0.0438720393830385, 0.035822294771862336, 0.03788976667401118, 0.045671119020344354, 0.03557854814407153, 0.035734847211875975, 0.03823421293726334, 0.061572795041287556, 0.03748362612886689, 0.03149324149275438, 0.03910426443251662, 0.037677547798897974, 0.05274808209819289, 0.024103316323210795, 0.039171599926283725, 0.05475435896704976, 0.035538092434692845, 0.024001740229626495, 0.044005367666100845, 0.031630830373615026, 0.04641606141693699, 0.03860583229181476, 0.02848372779165705, 0.02945266641342105, 0.02851627056654065, 0.024434204362571623, 0.019478658960463528, 0.021728753560007766, 0.02249374226308786, 0.03650752730810872, 0.023329354655475188, 0.024487528532074813, 0.01856165448538004, 0.023731031144658726, 0.03525579932074134, 0.019435076431060832, 0.021384005028849993, 0.015339855319605423, 0.02593592356126278, 0.017844129138841078, 0.01676004766844786, 0.03332641507045199, 0.0181578787891433, 0.03186179914822181, 0.043169621733399346, 0.007478808734912234, 0.04165224661716284, 0.019604270806153998, 0.021707921527708188, 0.02452311648103671, 0.017755642957173478, 0.026160835169064693, 0.011472266036061904, 0.010630446539905209, 0.03170671980254925], "test_losses": [2.30306997971657, 0.45981381031183094, 0.3929681965173819, 0.3541344379385312, 0.34943536917368573, 0.3567918917307487, 0.3682657254812045, 0.31977394433357775, 0.3255079012268629, 0.33942286383647186, 0.35482636361550063, 0.3184061354169479, 0.34601764648388594, 0.34170185373379636, 0.32124821975445134, 0.3397258766568624, 0.3197637376112816, 0.33722598573718315, 0.35440473067454803, 0.3536120229042493, 0.3621131708033574, 0.33964642146841073, 0.3709260817521658, 0.37542366351072604, 0.37995434800783795, 0.4161499625979326, 0.40900944765561664, 0.4184718833137781, 0.42027109460188794, 0.4033823168048492, 0.4385965649898236, 0.4389370139210652, 0.4417924248637297, 0.44634284174595124, 0.46806185788069016, 0.49865275965287137, 0.4711057948760497, 0.4837128397745964, 0.5162641203556305, 0.5086105139209673, 0.5341606641618105, 0.5513564156225095, 0.5533798193702331, 0.5173387886622013, 0.5716854286117431, 0.562701939772337, 0.5465573953130306, 0.5581641655701858, 0.5584760126777184, 0.5873591666802381, 0.5669661334309822, 0.607940711081028, 0.6158873977569433, 0.6743462486908987, 0.6249818396873963, 0.6243456571530073, 0.6356393937499095, 0.6137504256688632, 0.6961802293856939, 0.6730038838890883, 0.6468859737118086, 0.6720977303309318, 0.6767616006426322, 0.6862776460937965, 0.7581851524420273, 0.7098864806004059, 0.7181243747472763, 0.7931493906638561, 0.7347937742104897, 0.6875703854438586, 0.7131971178146509, 0.7371810275392655, 0.7234559101171982, 0.7147317717854793, 0.7713540479158744, 0.7507206828166277, 0.7603021136079079, 0.7487707548798659, 0.7767825999703163, 0.7717770613156832, 0.7993655724403186, 0.7950350806499139, 0.8014915690590174, 0.7911803814081045, 0.7763964625505301, 0.7398404614665569, 0.764343699774681, 0.7737447856328427, 0.7952788663216126, 0.8705641417167126, 0.8402696351210276, 0.8161594690038607, 0.7578094620735217, 0.8040341872435349, 0.8479791917862036, 0.7763125327153083, 0.8581378605121222, 0.8147531912112848, 0.855386899640927, 0.8577508949316465, 0.8930896075490193], "train_accuracies": [0.08463541666666667, 0.8463541666666666, 0.8769030448717948, 0.8845152243589743, 0.8954326923076923, 0.8935296474358975, 0.8978365384615384, 0.9106570512820513, 0.917167467948718, 0.91015625, 0.9083533653846154, 0.9236778846153846, 0.9195713141025641, 0.9207732371794872, 0.9384014423076923, 0.9219751602564102, 0.9432091346153846, 0.9357972756410257, 0.9372996794871795, 0.9482171474358975, 0.9448116987179487, 0.9475160256410257, 0.9553285256410257, 0.9572315705128205, 0.9624399038461539, 0.9583333333333334, 0.9620392628205128, 0.961738782051282, 0.9613381410256411, 0.9715544871794872, 0.9598357371794872, 0.9733573717948718, 0.9677483974358975, 0.9711538461538461, 0.9712540064102564, 0.9676482371794872, 0.9722556089743589, 0.9729567307692307, 0.9785657051282052, 0.9771634615384616, 0.9766626602564102, 0.9707532051282052, 0.979667467948718, 0.9793669871794872, 0.9797676282051282, 0.9824719551282052, 0.9845753205128205, 0.9868790064102564, 0.9865785256410257, 0.9827724358974359, 0.9873798076923077, 0.9868790064102564, 0.9859775641025641, 0.9763621794871795, 0.9860777243589743, 0.9881810897435898, 0.9857772435897436, 0.9865785256410257, 0.9790665064102564, 0.9917868589743589, 0.9856770833333334, 0.9780649038461539, 0.9866786858974359, 0.9914863782051282, 0.9852764423076923, 0.9886818910256411, 0.983573717948718, 0.9867788461538461, 0.9892828525641025, 0.9886818910256411, 0.9915865384615384, 0.9916866987179487, 0.9930889423076923, 0.9919871794871795, 0.9919871794871795, 0.9863782051282052, 0.991386217948718, 0.9916866987179487, 0.9932892628205128, 0.9915865384615384, 0.9887820512820513, 0.9931891025641025, 0.9917868589743589, 0.9940905448717948, 0.9909855769230769, 0.9939903846153846, 0.9940905448717948, 0.9868790064102564, 0.9936899038461539, 0.9891826923076923, 0.9875801282051282, 0.9978966346153846, 0.9865785256410257, 0.9934895833333334, 0.9924879807692307, 0.991386217948718, 0.9933894230769231, 0.9896834935897436, 0.9958934294871795, 0.9963942307692307, 0.9901842948717948],