{"testproblem": "fmnist_mlp", "batch_size": 128, "num_epochs": 100, "random_seed": 44, "weight_decay": null, "optimizer_name": "Adam", "optimizer_hyperparams": {"lr": 0.00039810717055349735}, "train_losses": [2.3043783200092807, 0.41048278984351033, 0.3628688441255154, 0.3301104192550366, 0.2960709866422873, 0.26272543997336656, 0.2637220582900903, 0.2508281157949032, 0.24537730923829934, 0.2227315990588604, 0.20897400340972802, 0.21696035840954536, 0.1847282402599469, 0.17710590152404246, 0.18045076116537437, 0.1509171853749416, 0.1543009813206318, 0.17607799420754114, 0.13505639580006784, 0.1472949049411676, 0.14334859756323007, 0.13894504318252587, 0.1181739365729766, 0.11373651209167945, 0.11494658290384671, 0.1135884646135263, 0.10405278774217153, 0.10894371373340106, 0.11512455559120728, 0.09383239788122666, 0.08738732533768201, 0.08172213171537106, 0.07997276340253077, 0.07125718948932794, 0.07319005354283711, 0.06373526213260797, 0.06735547125721589, 0.08583741286435188, 0.0706284412732109, 0.06414270434433068, 0.06695515929888456, 0.052173356645000286, 0.042258466044679664, 0.04454035776404616, 0.05587413079606799, 0.046577783982054546, 0.06224227694269174, 0.04513279963523532, 0.04941447781255612, 0.04143522405184996, 0.05631885022068253, 0.051077066538616635, 0.0433829962872924, 0.030555446465045977, 0.04454425446545848, 0.03935038716269609, 0.03527725739285159, 0.04213356438021247, 0.033589723317000345, 0.028634258647425435, 0.040175629361795306, 0.029192923460728847, 0.027990825736942965, 0.03527376973906007, 0.03668681270657824, 0.032518054149710596, 0.03015914309817629, 0.026487497409853417, 0.023323908388519134, 0.031047524753002785, 0.029858427420736123, 0.026226432635807075, 0.020631921919397056, 0.0373576785891484, 0.04165272408714279, 0.031240305958841093, 0.018528992340016443, 0.028325719400667228, 0.02047137200880127, 0.018266249322690643, 0.016097876347768575, 0.020786092061406143, 0.02972171225477583, 0.020473373289673757, 0.03567581694238843, 0.021039537094437923, 0.01507919531267805, 0.014123116810925497, 0.045345546976209454, 0.016811570779492076, 0.01929773706703996, 0.018130548996850848, 0.031418479340246476, 0.015139966355397915, 0.015877736857734047, 0.016649489428322665, 0.03581831646629442, 0.02634660323532537, 0.014420435453454653, 0.014657266211146727, 0.01739616071184476], "test_losses": [2.304389782440968, 0.4441322634617488, 0.4059812533549773, 0.38305376603817326, 0.35644752704180205, 0.3339629534345407, 0.3327341179052989, 0.3415963649749756, 0.3375580912599197, 0.32067073709689653, 0.3205740000957098, 0.34488572600560313, 0.30833536558426344, 0.31599598473463303, 0.32929018980417496, 0.31517730806118405, 0.33175652264020383, 0.3392274840137897, 0.3423036059890038, 0.34534850124365246, 0.35822170399702513, 0.3703576154433764, 0.35400912643243104, 0.3565279707694665, 0.3791057981359653, 0.411057258836734, 0.38561648512497926, 0.3961199409304521, 0.432792576841819, 0.43027996921386474, 0.43431198845307034, 0.4351855098054959, 0.4322283806709143, 0.4614428595090524, 0.46562321656025374, 0.4656405796607335, 0.45712383053241634, 0.4767954296026474, 0.4925644976588396, 0.5122704937672004, 0.5337726974334472, 0.49776336474296373, 0.5059207843091243, 0.5722339682472057, 0.5429127862056097, 0.5180919154141194, 0.5976388171697274, 0.5739502815099863, 0.5834423692371601, 0.5654241788463715, 0.5794555069162295, 0.6019444072093719, 0.5902495751014123, 0.6029237957719045, 0.5994461322059998, 0.6055573606147215, 0.5984716478448647, 0.6187176736883628, 0.5892141675337766, 0.6425595403863833, 0.663981865422848, 0.6296787579090167, 0.639993728353427, 0.6534361820190381, 0.6743038224104123, 0.7020073920870439, 0.7281393045798327, 0.7157196222971647, 0.6615352741418741, 0.6908221208514311, 0.666302991601137, 0.6878713205074652, 0.7309302244430933, 0.7310428386315321, 0.711151944903227, 0.7833972993569497, 0.7395381360099866, 0.749850754554455, 0.7727243203001145, 0.7175788710323664, 0.7471077724909171, 0.7636856167362287, 0.7636845383124474, 0.7889462837424034, 0.7999588957963846, 0.7712032330723909, 0.8456441914805999, 0.7674085375590202, 0.7812529420241331, 0.7431208403446735, 0.8030642548050636, 0.785917229568347, 0.846880813057606, 0.8134581780968568, 0.8470732250656837, 0.8341846764087677, 0.8367531144848237, 0.8380121712883314, 0.8638135649454899, 0.8217873227519866, 0.9023315725036156], "train_accuracies": [0.1505408653846154, 0.8578725961538461, 0.8675881410256411, 0.8788060897435898, 0.8896233974358975, 0.905448717948718, 0.9073517628205128, 0.9071514423076923, 0.9086538461538461, 0.9163661858974359, 0.9207732371794872, 0.921073717948718, 0.9308894230769231, 0.9341947115384616, 0.9323918269230769, 0.9457131410256411, 0.9442107371794872, 0.9338942307692307, 0.9520232371794872, 0.9435096153846154, 0.9454126602564102, 0.94921875, 0.9564302884615384, 0.9573317307692307, 0.9542267628205128, 0.9576322115384616, 0.9612379807692307, 0.9574318910256411, 0.953926282051282, 0.9631410256410257, 0.9655448717948718, 0.9665464743589743, 0.9697516025641025, 0.9729567307692307, 0.9710536858974359, 0.9764623397435898, 0.9764623397435898, 0.9673477564102564, 0.9719551282051282, 0.9755608974358975, 0.9731570512820513, 0.9802684294871795, 0.9847756410256411, 0.9847756410256411, 0.9786658653846154, 0.9831730769230769, 0.9763621794871795, 0.9822716346153846, 0.9805689102564102, 0.9833733974358975, 0.9767628205128205, 0.9806690705128205, 0.9823717948717948, 0.989082532051282, 0.9833733974358975, 0.9857772435897436, 0.9867788461538461, 0.9836738782051282, 0.9886818910256411, 0.9900841346153846, 0.9856770833333334, 0.9899839743589743, 0.9892828525641025, 0.9871794871794872, 0.9862780448717948, 0.9887820512820513, 0.9892828525641025, 0.9902844551282052, 0.9918870192307693, 0.9893830128205128, 0.9886818910256411, 0.9905849358974359, 0.9928886217948718, 0.9868790064102564, 0.9846754807692307, 0.9887820512820513, 0.9931891025641025, 0.9892828525641025, 0.9926883012820513, 0.9940905448717948, 0.9958934294871795, 0.9914863782051282, 0.9906850961538461, 0.9928886217948718, 0.9889823717948718, 0.9918870192307693, 0.9940905448717948, 0.995292467948718, 0.9831730769230769, 0.9932892628205128, 0.9933894230769231, 0.9932892628205128, 0.9901842948717948, 0.9949919871794872, 0.9937900641025641, 0.9937900641025641, 0.9880809294871795, 0.9911858974358975, 0.9949919871794872, 0.99609375, 0.9939903846153846],