{"testproblem": "fmnist_mlp", "batch_size": 128, "num_epochs": 100, "random_seed": 47, "weight_decay": null, "optimizer_name": "Adam", "optimizer_hyperparams": {"lr": 0.00039810717055349735}, "train_losses": [2.3047020924397006, 0.4351832816998164, 0.34714393203075117, 0.33238817541263044, 0.2851687043141096, 0.27891115041879505, 0.25463031767270505, 0.23172033138764211, 0.2419295154320888, 0.2136449684890417, 0.21765016143520674, 0.21293578029443055, 0.20269274749816993, 0.22296695143748552, 0.19846706856519747, 0.167109822615599, 0.18999824329064444, 0.16021137598615426, 0.1515091024339199, 0.1492802188373529, 0.1436822125926996, 0.13059187207657558, 0.13212988009819618, 0.12356056502232185, 0.10241907280989182, 0.11010232601219262, 0.12015526130413398, 0.09222695692322957, 0.09731282704533675, 0.10115059766058739, 0.08488431587242164, 0.09123968003460994, 0.07691243866410775, 0.08060531349231799, 0.07671743146597575, 0.06548915471499547, 0.06377470555404822, 0.06756290876999116, 0.07595705668418071, 0.07782264090835667, 0.06366110117867207, 0.04856730264444382, 0.04767325798718211, 0.06385435584263924, 0.05619614442380575, 0.04324181573704267, 0.048167709105958544, 0.058963651243501745, 0.05194292076600668, 0.04144095218716524, 0.04866151179736241, 0.042677526481640644, 0.04925811111640472, 0.047428990427691206, 0.03567594686188759, 0.03183719279387823, 0.04899877977247039, 0.03570165850508671, 0.05061745734359974, 0.03951237113095629, 0.04187274964239735, 0.04107831232249737, 0.04782618003157087, 0.034683947869313836, 0.046562577764957376, 0.02362754252046729, 0.0255990173572149, 0.023456424003084883, 0.026656520755913776, 0.03231497741758059, 0.03502833490403226, 0.022954792542478595, 0.02784452264985213, 0.026183620566884294, 0.032841567415744066, 0.03963516157072706, 0.02581503285238376, 0.026703421408549335, 0.029015798312731277, 0.020471850517564096, 0.02665071192985544, 0.021336753506404467, 0.025913291192876223, 0.026145256613978207, 0.025652927197277162, 0.018045956543527353, 0.023988098067303117, 0.018088612478608504, 0.024447754491120577, 0.015601607869403103, 0.029744415949934568, 0.015805383550170332, 0.013594217843208939, 0.020104304660493746, 0.013364161788605345, 0.03067670533887278, 0.06659748122239342, 0.0355361029983331, 0.020722105257356398, 0.01383746463733797, 0.0077201267465566974], "test_losses": [2.30488906456874, 0.46397578487029445, 0.39523445528287154, 0.3726187982620337, 0.3597718819211691, 0.34280495230968183, 0.3329165430787282, 0.3307522653769224, 0.33222443629533815, 0.3161828955396628, 0.33010729879905015, 0.3416289169436846, 0.3483404924090092, 0.3594534496466319, 0.36509318000231034, 0.3301833636867694, 0.3519462526608736, 0.34770932535712534, 0.3629360210437041, 0.35626547516156465, 0.3632156457274388, 0.35556953113812667, 0.3595646943610448, 0.3784379317210271, 0.36202943038481933, 0.38890498055097383, 0.4177884734593905, 0.38515104792821103, 0.4216616147985825, 0.43867625085971296, 0.42686729018504804, 0.44833395248040175, 0.46664463747770357, 0.45770680388579, 0.47642660695008743, 0.4681735510627429, 0.47737000022943205, 0.49094150903133243, 0.5173557735024354, 0.5263466086143103, 0.5045419407960696, 0.5136164957896258, 0.5402416259241409, 0.5308351134642576, 0.5451919530064632, 0.5470512045117525, 0.5666217794403051, 0.5612546593332902, 0.5876523093917431, 0.5980713046514071, 0.6377977956181917, 0.5881239920854568, 0.6147418474921813, 0.6140260486266552, 0.6253619981117737, 0.6190552638891416, 0.7056352983300502, 0.6874238638541638, 0.7122747619182636, 0.6730570433995663, 0.7058796552129281, 0.72013180798445, 0.7105679011497742, 0.6632455178560355, 0.7750500196065658, 0.7324218614361225, 0.6948681395405378, 0.6766946894618181, 0.707380317724668, 0.7399952854865637, 0.7457539752507821, 0.6960821690467688, 0.7667020926108727, 0.7244883752786196, 0.7291524165715927, 0.7135668826790956, 0.7624813591440519, 0.7955761530842537, 0.835034063229194, 0.7385432393505023, 0.7630413379042577, 0.7782736791250033, 0.7515835492656782, 0.7818548152079949, 0.8601191240625504, 0.8508772210050852, 0.7831251902075914, 0.7211699310021523, 0.7852121692819473, 0.8314654743060087, 0.84101480169174, 0.8031151309991494, 0.8816284254575387, 0.8278919813724664, 0.792657271409646, 0.8914668934467511, 0.9659204051280633, 0.8533612483969102, 0.8324858437363918, 0.8702226050007038, 0.8272542277207742], "train_accuracies": [0.07822516025641026, 0.8440504807692307, 0.875, 0.8767027243589743, 0.8962339743589743, 0.8967347756410257, 0.9061498397435898, 0.9164663461538461, 0.9091546474358975, 0.9219751602564102, 0.9214743589743589, 0.9177684294871795, 0.9235777243589743, 0.9166666666666666, 0.9258814102564102, 0.9369991987179487, 0.9277844551282052, 0.9399038461538461, 0.9431089743589743, 0.9411057692307693, 0.9465144230769231, 0.9504206730769231, 0.9489182692307693, 0.9505208333333334, 0.9622395833333334, 0.9546274038461539, 0.9544270833333334, 0.9662459935897436, 0.9627403846153846, 0.9607371794871795, 0.9685496794871795, 0.9658453525641025, 0.9704527243589743, 0.967948717948718, 0.9730568910256411, 0.9754607371794872, 0.9752604166666666, 0.9760616987179487, 0.9719551282051282, 0.9704527243589743, 0.9745592948717948, 0.9821714743589743, 0.9824719551282052, 0.9755608974358975, 0.9765625, 0.9849759615384616, 0.9817708333333334, 0.9776642628205128, 0.9816706730769231, 0.9836738782051282, 0.9821714743589743, 0.9829727564102564, 0.9815705128205128, 0.9825721153846154, 0.9867788461538461, 0.9886818910256411, 0.9808693910256411, 0.9850761217948718, 0.9816706730769231, 0.9857772435897436, 0.9850761217948718, 0.9848758012820513, 0.9827724358974359, 0.9881810897435898, 0.9860777243589743, 0.9907852564102564, 0.9903846153846154, 0.9921875, 0.9900841346153846, 0.9876802884615384, 0.9864783653846154, 0.9912860576923077, 0.9885817307692307, 0.9897836538461539, 0.9869791666666666, 0.9854767628205128, 0.9905849358974359, 0.9904847756410257, 0.9899839743589743, 0.9925881410256411, 0.9901842948717948, 0.9919871794871795, 0.9906850961538461, 0.9906850961538461, 0.9893830128205128, 0.9931891025641025, 0.991386217948718, 0.9932892628205128, 0.9915865384615384, 0.9940905448717948, 0.9902844551282052, 0.9948918269230769, 0.9947916666666666, 0.9924879807692307, 0.9953926282051282, 0.9899839743589743, 0.9801682692307693, 0.9869791666666666, 0.9925881410256411, 0.9953926282051282, 0.9976963141025641],