{"testproblem": "fmnist_mlp", "batch_size": 128, "num_epochs": 100, "random_seed": 48, "weight_decay": null, "optimizer_name": "Adam", "optimizer_hyperparams": {"lr": 0.00039810717055349735}, "train_losses": [2.303290944833022, 0.42249144460910404, 0.3475333685294176, 0.32507486163805693, 0.29492417990397185, 0.27937922741358096, 0.2665293359985718, 0.24215372250630304, 0.2253583237910882, 0.22746372213348365, 0.215845243479961, 0.1901089581541526, 0.18544383261066216, 0.18397150217340544, 0.17310670161476502, 0.17192588221186247, 0.1754923932827436, 0.14739676622244027, 0.13932068684162238, 0.15211713934938112, 0.1213660845771814, 0.13715147900466734, 0.12255252582522538, 0.12064094956104572, 0.10551056007926281, 0.0999387675561966, 0.10705468579171559, 0.10524457363555065, 0.08884667867842393, 0.09280798280945955, 0.09643587360206322, 0.09172802308622079, 0.08841136933710331, 0.08397484188660598, 0.0763045243250254, 0.09318467114980404, 0.0606607757986356, 0.07165215028306612, 0.0719669734677061, 0.09058474052028778, 0.05739794962872297, 0.05065456010066928, 0.045984124806590185, 0.05660713695658323, 0.05856376784877517, 0.04606777535846982, 0.04822913597887143, 0.08125810507828227, 0.0414111915951929, 0.0586347924067806, 0.04181303571049984, 0.038330627688899256, 0.0379990612108929, 0.04780868779963408, 0.04169573893961616, 0.04563249844627885, 0.046817883455122895, 0.03881957081074898, 0.026123261467243235, 0.04053036445298065, 0.03135674025338048, 0.03773795371540846, 0.026920559404131312, 0.033774464015060894, 0.05827845609149872, 0.05318140478518147, 0.03369698512296264, 0.033546191156626895, 0.023414603404652994, 0.042340599466115236, 0.02366984674993616, 0.026196264745428775, 0.03373832699771111, 0.03761069013331181, 0.017662632094027523, 0.04776751847627262, 0.041398951497215494, 0.02280111730289765, 0.02385870658625395, 0.024693754847901754, 0.02410203642331255, 0.019708027358716115, 0.01621055234826576, 0.023617266247478817, 0.02022655476601078, 0.0103664473296167, 0.033451780247000545, 0.012711288604455499, 0.026492868448631503, 0.017730670616938136, 0.03461103309662296, 0.050880705615362294, 0.02482508445301881, 0.01669118211318094, 0.02584623970473424, 0.052636224609345965, 0.015918308224242467, 0.01731358106749562, 0.02115045613848055, 0.02716731522471095, 0.028394105136752702], "test_losses": [2.3034486862329335, 0.45202994423034865, 0.3907179706371747, 0.37495975024425066, 0.3533630250738217, 0.3429339749690814, 0.35823244544175953, 0.34306760877370834, 0.3278462785558823, 0.33458066559754884, 0.32645036356571394, 0.3192300551976913, 0.32531777368142056, 0.3177233708974643, 0.32165782707623947, 0.3399854449507518, 0.3437175255937454, 0.3280599732429553, 0.33991908434873974, 0.3608043447901041, 0.3306783623993397, 0.3770665740355467, 0.3587532570728889, 0.3689796916949443, 0.3634091397890678, 0.3806369768885466, 0.39255085052588046, 0.4047770614807422, 0.41361546974915725, 0.4254730762197421, 0.4460208603204825, 0.4528799886122728, 0.44056576299361694, 0.4562481160347278, 0.4842703735981232, 0.4994880933410082, 0.477742337454588, 0.4928891701767078, 0.5008323309131157, 0.5300426733417388, 0.48448114746656173, 0.504702824430588, 0.534416584059214, 0.5457912395015742, 0.5828893983211273, 0.5337022840976715, 0.5416994364215777, 0.6061570436144487, 0.573982579776874, 0.6106227731857544, 0.5550033683196093, 0.5771198859199499, 0.6307253687618635, 0.6406829590216662, 0.6408465185608619, 0.6369947277200527, 0.6144987333279389, 0.6252043119225746, 0.6549819023945392, 0.613571529969191, 0.6699106362767708, 0.6613971585264573, 0.6891009012858073, 0.6969549948206315, 0.6775528450424855, 0.68374891158862, 0.6860383844528443, 0.6655843406915665, 0.6725972686440517, 0.663854300784759, 0.6660249254260308, 0.7081164597318723, 0.7447095240155855, 0.668942218598647, 0.7256065641458218, 0.7448600887870177, 0.8103465789403671, 0.7549816820866022, 0.742541009799028, 0.7259545251727104, 0.7670953204998603, 0.7431868152358593, 0.7638926397149379, 0.8086310315590638, 0.6913967996071546, 0.6869319612399126, 0.7445798772267807, 0.7728029518173292, 0.7489254424969355, 0.7613664313386648, 0.8192350165202067, 0.8384133982352722, 0.7682675438431593, 0.8386925810422653, 0.8669721814684379, 0.8581114938625922, 0.8515191504206413, 0.8157415002202376, 0.8088036548250761, 0.7766565046249292, 0.8515362403331659], "train_accuracies": [0.10286458333333333, 0.8446514423076923, 0.8800080128205128, 0.8827123397435898, 0.8917267628205128, 0.8951322115384616, 0.9000400641025641, 0.9098557692307693, 0.9155649038461539, 0.9174679487179487, 0.9205729166666666, 0.9258814102564102, 0.9312900641025641, 0.9332932692307693, 0.9363982371794872, 0.9353966346153846, 0.9336939102564102, 0.9442107371794872, 0.9499198717948718, 0.9424078525641025, 0.9558293269230769, 0.9479166666666666, 0.9534254807692307, 0.9548277243589743, 0.961738782051282, 0.9618389423076923, 0.9587339743589743, 0.9607371794871795, 0.965645032051282, 0.9637419871794872, 0.9627403846153846, 0.9644431089743589, 0.964042467948718, 0.9686498397435898, 0.9699519230769231, 0.964042467948718, 0.9775641025641025, 0.9728565705128205, 0.9729567307692307, 0.9622395833333334, 0.9789663461538461, 0.9822716346153846, 0.984375, 0.9785657051282052, 0.9785657051282052, 0.9827724358974359, 0.9837740384615384, 0.971854967948718, 0.9849759615384616, 0.9771634615384616, 0.9844751602564102, 0.9848758012820513, 0.9861778846153846, 0.9842748397435898, 0.9837740384615384, 0.9840745192307693, 0.9833733974358975, 0.984375, 0.9900841346153846, 0.9855769230769231, 0.9878806089743589, 0.9866786858974359, 0.9899839743589743, 0.9868790064102564, 0.9775641025641025, 0.9811698717948718, 0.9863782051282052, 0.9868790064102564, 0.9917868589743589, 0.9836738782051282, 0.9916866987179487, 0.9906850961538461, 0.9862780448717948, 0.9862780448717948, 0.9933894230769231, 0.9825721153846154, 0.9846754807692307, 0.9923878205128205, 0.9909855769230769, 0.9911858974358975, 0.9917868589743589, 0.9935897435897436, 0.9937900641025641, 0.9905849358974359, 0.9940905448717948, 0.9977964743589743, 0.9868790064102564, 0.9950921474358975, 0.9900841346153846, 0.9940905448717948, 0.9893830128205128, 0.9852764423076923, 0.9919871794871795, 0.9928886217948718, 0.9910857371794872, 0.9856770833333334, 0.9943910256410257, 0.9935897435897436, 0.9926883012820513, 0.9894831730769231, 0.9907852564102564],