{"testproblem": "fmnist_mlp", "batch_size": 128, "num_epochs": 100, "random_seed": 45, "weight_decay": null, "optimizer_name": "Adam", "optimizer_hyperparams": {"lr": 0.00039810717055349735}, "train_losses": [2.3028580928460145, 0.44800638655821484, 0.3427602001107656, 0.30535021137732726, 0.31464886856384766, 0.2745143215243633, 0.275634694366883, 0.24794478447009355, 0.24649397952434343, 0.22257798929245043, 0.2041218597919513, 0.18998089098395446, 0.19373939673487955, 0.16210545561252496, 0.16323497079503843, 0.1821652475075844, 0.1510238220485357, 0.15622369973705366, 0.1399339993412678, 0.14362657710145682, 0.15111067442175669, 0.12410421879627766, 0.12182183506397101, 0.12868627934501722, 0.10488630024095376, 0.1121387030595006, 0.10404413021527804, 0.11245032863166088, 0.09255232270329426, 0.08954813914039196, 0.08279912527172993, 0.07578617117057244, 0.07327868849134599, 0.07653037568506522, 0.07343433522738707, 0.07669297629633011, 0.06139874190856249, 0.06385895280310741, 0.058184212408004664, 0.05278978857378929, 0.07293977442746744, 0.05177325017463703, 0.0531712324024202, 0.06306973711038247, 0.06031119396002629, 0.061786773399664804, 0.06157524098092929, 0.04332823127221603, 0.0372216689089934, 0.04157419117072072, 0.06131743552545325, 0.03853049104173596, 0.049049303938563056, 0.049198995726421856, 0.05714050926363621, 0.029723214725844372, 0.041975257536157586, 0.03516953098229491, 0.03570115320288982, 0.057039906414082416, 0.03685456860619478, 0.041684503392435804, 0.027052431128537044, 0.03171378620064411, 0.03534705816314389, 0.023979140350069754, 0.025201850188657258, 0.02467241497614827, 0.03770869546450484, 0.03171179886573018, 0.019468749777819865, 0.02364310878328979, 0.030881954631648768, 0.02030848982767799, 0.035394210959426485, 0.021525393168513592, 0.02709231582374718, 0.03194699333741879, 0.02365032130947862, 0.017237879658261172, 0.04782585291048655, 0.03578448384546508, 0.0172324499163108, 0.032195499572807394, 0.018674857466696546, 0.018816250645054076, 0.02506033930545434, 0.024417095268384006, 0.028714660208863325, 0.017705060278949063, 0.02284990649861403, 0.010506973130246386, 0.03299751120189635, 0.021556114443601705, 0.009047465258612273, 0.020242669380819187, 0.01834736400259993, 0.016347714275933612, 0.033384361770004034, 0.024197575439197514, 0.016071804569293864], "test_losses": [2.302932326610272, 0.4796456140585435, 0.39489703396191966, 0.3601570244018848, 0.3676731687707779, 0.35334163694045484, 0.3528014730948668, 0.32124968427114, 0.334988368054231, 0.32855723263361514, 0.32456501057514775, 0.31063750290717834, 0.3280230838900957, 0.31979193557531405, 0.32016325417237407, 0.3385701168041963, 0.3278190287259909, 0.3332349231992012, 0.35279992356514317, 0.34701203516660595, 0.3766841394587969, 0.36692927624934757, 0.36993614794352114, 0.3737374878464601, 0.36809761860431767, 0.40682554168578905, 0.38971151812718463, 0.4027197024761102, 0.43129913145915055, 0.4029173182371335, 0.42379322017614657, 0.4363801807929308, 0.4630413737434607, 0.4630887474005039, 0.44627882033968586, 0.4894285159997451, 0.479180297599389, 0.476496805365269, 0.466749828404341, 0.4790998080219978, 0.5361688318542945, 0.5317043853111756, 0.5534443635589037, 0.5328034038345019, 0.5630594475720173, 0.5621902740154511, 0.574377032999809, 0.5646091980429796, 0.6149730117848287, 0.6029122962783544, 0.6363388506265787, 0.647321685957603, 0.6076927714240856, 0.6164405974440086, 0.632922059450394, 0.5934631100449806, 0.6114490697017083, 0.6374894409225538, 0.6546733855054929, 0.7138905246288348, 0.6785784529951903, 0.6838740461911911, 0.673479828505944, 0.6843545007017943, 0.7544125698697872, 0.6426094732223413, 0.6883543277016053, 0.6758705222835908, 0.6772456480524479, 0.6892347326263403, 0.7010904718668033, 0.7556528978240795, 0.7288130172170125, 0.7401127121769465, 0.7508843407416955, 0.6980108104837246, 0.7388505991070698, 0.7269870729591602, 0.7306204774440863, 0.7614744966610884, 0.8721577271054952, 0.7731379895256116, 0.7663742210238408, 0.7680435260901084, 0.7355175432868493, 0.7732518387910647, 0.7627598905028441, 0.7539781463833956, 0.833512272972327, 0.7764660809666682, 0.7606304182838171, 0.7932947950485425, 0.8232652024389842, 0.7557609052612231, 0.777586657840472, 0.7687420569933378, 0.8256135317377555, 0.7900553187116598, 0.8391008717127335, 0.7762808383275301, 0.7689763907438669], "train_accuracies": [0.09985977564102565, 0.8400440705128205, 0.8737980769230769, 0.8882211538461539, 0.8840144230769231, 0.8983373397435898, 0.8975360576923077, 0.9106570512820513, 0.9099559294871795, 0.9151642628205128, 0.9252804487179487, 0.9305889423076923, 0.9270833333333334, 0.9394030448717948, 0.9389022435897436, 0.9301883012820513, 0.9405048076923077, 0.9371995192307693, 0.9479166666666666, 0.942207532051282, 0.9423076923076923, 0.953125, 0.9541266025641025, 0.9501201923076923, 0.9600360576923077, 0.9566306089743589, 0.9626402243589743, 0.9567307692307693, 0.9651442307692307, 0.9651442307692307, 0.967948717948718, 0.9700520833333334, 0.9747596153846154, 0.9701522435897436, 0.9716546474358975, 0.9705528846153846, 0.9784655448717948, 0.9770633012820513, 0.9785657051282052, 0.9800681089743589, 0.9725560897435898, 0.9797676282051282, 0.9808693910256411, 0.9750600961538461, 0.9770633012820513, 0.9745592948717948, 0.9800681089743589, 0.9845753205128205, 0.9860777243589743, 0.985176282051282, 0.9769631410256411, 0.9850761217948718, 0.9819711538461539, 0.9830729166666666, 0.9789663461538461, 0.9886818910256411, 0.9850761217948718, 0.9859775641025641, 0.9864783653846154, 0.9784655448717948, 0.9867788461538461, 0.9852764423076923, 0.989082532051282, 0.9875801282051282, 0.9883814102564102, 0.9910857371794872, 0.9897836538461539, 0.9916866987179487, 0.9861778846153846, 0.9881810897435898, 0.9934895833333334, 0.9917868589743589, 0.989082532051282, 0.9928886217948718, 0.9871794871794872, 0.9919871794871795, 0.9894831730769231, 0.9866786858974359, 0.9914863782051282, 0.9926883012820513, 0.9847756410256411, 0.9879807692307693, 0.9931891025641025, 0.9901842948717948, 0.9934895833333334, 0.9937900641025641, 0.9910857371794872, 0.9928886217948718, 0.9901842948717948, 0.9932892628205128, 0.991386217948718, 0.9966947115384616, 0.9898838141025641, 0.9921875, 0.9973958333333334, 0.9924879807692307, 0.9922876602564102, 0.9945913461538461, 0.9868790064102564, 0.9906850961538461, 0.9948918269230769],