{"testproblem": "fmnist_mlp", "batch_size": 128, "num_epochs": 100, "random_seed": 51, "weight_decay": null, "optimizer_name": "Adam", "optimizer_hyperparams": {"lr": 0.00039810717055349735}, "train_losses": [2.301021089920631, 0.4216752079052803, 0.352393800058426, 0.33360057305067015, 0.30689939054159016, 0.26824117318177837, 0.27565928987967664, 0.239271981211809, 0.2463272601748124, 0.2105468000548008, 0.22765740465659362, 0.19445124621956777, 0.19213311632092184, 0.17364000376218405, 0.16784828366377416, 0.17074055262865165, 0.15580175979397234, 0.16187290684917036, 0.15746233822443548, 0.13716943385318303, 0.13210040158950365, 0.1260094975049679, 0.12318561522242351, 0.11035021198674655, 0.14465351947225058, 0.11914008960891993, 0.10208579711616039, 0.13196939022208637, 0.11543713404964177, 0.08980164777200955, 0.08112538625032474, 0.080234909716707, 0.0687804059483684, 0.08087498431977554, 0.08598552386348064, 0.07312272665783381, 0.08100178458083135, 0.07914649814558335, 0.0748329770584137, 0.073251709747964, 0.05460989843003261, 0.04933574365881773, 0.061662301659966126, 0.051612836917719014, 0.04351572249419032, 0.04529527467317306, 0.051500086003962234, 0.05412075876329954, 0.03693634628628691, 0.043398081635435425, 0.049804891483523905, 0.04679517627048951, 0.04476529130568871, 0.040088155175535344, 0.03676709726166267, 0.03582509282307747, 0.05965918362236176, 0.040786570439545006, 0.03797227072601135, 0.04653199070778031, 0.021058779490442995, 0.03240698648807712, 0.031911834656523586, 0.02534112208881057, 0.044355926605371326, 0.02600969536564289, 0.03883113499539785, 0.028348455826441448, 0.02411336843103457, 0.035164075288682796, 0.038910703673863255, 0.01917782192452787, 0.024761922364958968, 0.03422373989358162, 0.026221145493670914, 0.03506494036469704, 0.04995510254341822, 0.023319700852227516, 0.020283940952653304, 0.02328363764219177, 0.02824783334747339, 0.025760015093673688, 0.02061506708821234, 0.02291075913951947, 0.026610879334979333, 0.013673029219110807, 0.017639215014731653, 0.028643126324869882, 0.031962054614455275, 0.020156705155013464, 0.024187057744711637, 0.03665690578950139, 0.01588083547540009, 0.038674910785630345, 0.02299938267335678, 0.010815801510873895, 0.029343793789545696, 0.021908213953093555, 0.040058327468637474, 0.011424950509069439, 0.01634676619552267], "test_losses": [2.3011318108974357, 0.4548206451611641, 0.3954162723742999, 0.391446889593051, 0.3635569126942219, 0.3526147262026102, 0.3456684362429839, 0.3363120189079872, 0.3352530522224231, 0.32940943711079085, 0.35249150811861724, 0.325770589021536, 0.32193465473560184, 0.32394413344371015, 0.32278805321607834, 0.3182503749162723, 0.31815487700395095, 0.3343288455253992, 0.34012038852923954, 0.33351223724774826, 0.3490289873801745, 0.35471438845762837, 0.34708367116176164, 0.35484204441308975, 0.40861605661801803, 0.3900117677373764, 0.3798740817568241, 0.46898455306505543, 0.43152802876937085, 0.43340036081962097, 0.4225690958973689, 0.445166741617215, 0.4295765984898958, 0.46715643505255383, 0.47433561373215455, 0.4589215862827423, 0.49925921800044865, 0.5075841693159862, 0.5222080640303783, 0.5308549688794674, 0.4848745929507109, 0.5066859708764614, 0.5249427300997269, 0.5332935463923675, 0.5324753236312133, 0.5661590301837677, 0.5987720067302386, 0.5382120015147405, 0.5715404601815419, 0.580913717739093, 0.6083194388028903, 0.5966216937089578, 0.6120342467075739, 0.6031036277612051, 0.653412364805356, 0.5687434109739768, 0.6866607379454833, 0.6444214534683105, 0.6461719864836106, 0.6867092456191014, 0.6789913897713026, 0.6628000396184432, 0.6565567291317842, 0.6744973353850536, 0.7002345636869088, 0.6896949500227586, 0.6715032506065491, 0.6652448320618043, 0.7128266034982144, 0.7060503455308768, 0.7413923824444796, 0.7053216604086069, 0.7448051995955981, 0.7766569826083306, 0.708897080941078, 0.7179593132474483, 0.8403003112627909, 0.7444228887175902, 0.77361761033535, 0.751426511659072, 0.7404656253564053, 0.815838502958799, 0.7795637165888761, 0.7008808895181387, 0.7758886905816885, 0.7505824772211221, 0.7667627651722003, 0.7314159281742878, 0.7819745737390641, 0.8092336215269871, 0.8231589198112488, 0.7587062368790308, 0.8130856660696176, 0.8237976076511236, 0.7734180291493734, 0.833769807448754, 0.8344453328695053, 0.7683867128231586, 0.8660118323870194, 0.7925002009440691, 0.7896251938281915], "train_accuracies": [0.09054487179487179, 0.8518629807692307, 0.8711939102564102, 0.8787059294871795, 0.8890224358974359, 0.8984375, 0.8988381410256411, 0.9083533653846154, 0.9044471153846154, 0.9209735576923077, 0.914863782051282, 0.9281850961538461, 0.9287860576923077, 0.934395032051282, 0.9377003205128205, 0.9379006410256411, 0.9453125, 0.9398036858974359, 0.9413060897435898, 0.9502203525641025, 0.9502203525641025, 0.9522235576923077, 0.9552283653846154, 0.9598357371794872, 0.9442107371794872, 0.9519230769230769, 0.9622395833333334, 0.9564302884615384, 0.9549278846153846, 0.9651442307692307, 0.9693509615384616, 0.9691506410256411, 0.9754607371794872, 0.9685496794871795, 0.9673477564102564, 0.9717548076923077, 0.9688501602564102, 0.9682491987179487, 0.9721554487179487, 0.9715544871794872, 0.9803685897435898, 0.9817708333333334, 0.9741586538461539, 0.9802684294871795, 0.9841746794871795, 0.9834735576923077, 0.9811698717948718, 0.9786658653846154, 0.9861778846153846, 0.9833733974358975, 0.9788661858974359, 0.9811698717948718, 0.9816706730769231, 0.9849759615384616, 0.9865785256410257, 0.987479967948718, 0.9801682692307693, 0.9850761217948718, 0.9868790064102564, 0.9826722756410257, 0.9925881410256411, 0.9875801282051282, 0.9894831730769231, 0.9912860576923077, 0.9828725961538461, 0.9895833333333334, 0.9856770833333334, 0.9891826923076923, 0.9909855769230769, 0.9868790064102564, 0.9845753205128205, 0.9934895833333334, 0.9904847756410257, 0.9860777243589743, 0.9903846153846154, 0.9870793269230769, 0.9818709935897436, 0.9911858974358975, 0.9927884615384616, 0.991386217948718, 0.9898838141025641, 0.9915865384615384, 0.9935897435897436, 0.9921875, 0.9899839743589743, 0.9955929487179487, 0.9939903846153846, 0.9893830128205128, 0.9887820512820513, 0.9934895833333334, 0.9900841346153846, 0.9859775641025641, 0.9947916666666666, 0.9858774038461539, 0.9917868589743589, 0.9967948717948718, 0.9886818910256411, 0.9915865384615384, 0.9877804487179487, 0.9959935897435898, 0.9943910256410257],