{"testproblem": "fmnist_mlp", "batch_size": 128, "num_epochs": 100, "random_seed": 42, "weight_decay": null, "optimizer_hyperparams": {"lr": 0.00039810717055349735}, "train_losses": [2.3021158377329507, 0.43580802931235385, 0.37450741670834714, 0.3123599225893999, 0.29266829330187577, 0.2618552434902925, 0.24910201609898835, 0.2469887743011499, 0.2515132547571109, 0.2167296232894445, 0.19840445388586092, 0.20824941648886755, 0.20558913921316466, 0.21809873452935463, 0.17991510654489198, 0.18053845158563211, 0.1541337130161432, 0.14475485744575659, 0.14811055954450217, 0.16829116757099444, 0.14415367807333285, 0.1269348896562289, 0.1260966579310405, 0.1137085355913792, 0.12134719066894971, 0.13536478464420026, 0.10690231126948045, 0.10330599680160865, 0.11175621000046913, 0.08454831947500889, 0.11006647014083007, 0.11415486314739937, 0.08033305454330567, 0.07712325124213329, 0.06427244122068469, 0.06713208675575562, 0.062206824883245505, 0.06097999530342909, 0.07747675125033428, 0.05449825146784767, 0.052245095730401, 0.058094137419874854, 0.05311041788604015, 0.06052323593161045, 0.04801784733381982, 0.057604175502768695, 0.06402087389515379, 0.07475639251657785, 0.06030693026975943, 0.03795895499822039, 0.06361198151866213, 0.03500797925516963, 0.052438356077823885, 0.030493561656047136, 0.03278002994230542, 0.033968728799850516, 0.056113819579761, 0.04351596457835955, 0.029918791027739644, 0.05494380828279715, 0.03349291332639181, 0.034339706162707165, 0.04240303674641137, 0.03999217264115428, 0.027420636982871935, 0.03207488360408789, 0.030228732667194728, 0.02736925820891674, 0.029350815997578394, 0.027857335791803706, 0.022991494747260824, 0.03710864185809325, 0.020087297587918166, 0.037277272544228114, 0.02072672063532548, 0.01804960756085049, 0.028475601572352342, 0.043571060786071494, 0.019924517673177596, 0.029212583310137957, 0.025648194341323316, 0.032316145209523923, 0.031478813288208, 0.01937214208719058, 0.018139856222730417, 0.017133980290964246, 0.01962332506902898, 0.023896106184484102, 0.013745858307139805, 0.010907651498340644, 0.01759938093332144, 0.017047879262230337, 0.02732356141309421, 0.013167216072384363, 0.02501321311156528, 0.0290476572759545, 0.01507027073799131, 0.027421912273917444, 0.03982571050381431, 0.010504866866633678, 0.01826894649853691], "test_losses": [2.3022368321051965, 0.44815293680398893, 0.41337123398597425, 0.36509781025159055, 0.34496147491228885, 0.34784114570953906, 0.32748020516756254, 0.32910544520769364, 0.3516827493141859, 0.31719433802824754, 0.31428706703277737, 0.31952925427601886, 0.3335438624788553, 0.36155456896775806, 0.3369005729372685, 0.3512335771169418, 0.3317672908306122, 0.3304252068583782, 0.3420418481796216, 0.3435690553906636, 0.3627411300937335, 0.36695955292536664, 0.3731602865916032, 0.35557002287644607, 0.40332489498914814, 0.43133512922586537, 0.404865939838764, 0.44969106159913236, 0.4368927505535957, 0.4070706680799142, 0.4423289008629628, 0.4753812024226555, 0.47295802697921413, 0.457975977124312, 0.45669869963939375, 0.4500066865331087, 0.4662986120734459, 0.4859772607302054, 0.5583524337181678, 0.5024434820963786, 0.516519155448828, 0.5374836227259575, 0.5155889391899109, 0.5360161496851689, 0.5573272242760047, 0.6169109455285928, 0.5673701524352416, 0.597864894912793, 0.5991297215223312, 0.6065577226571548, 0.6328132398999654, 0.6162068064396198, 0.617047185699145, 0.6831046782242947, 0.6155979889325607, 0.6467906586252726, 0.6646588261310871, 0.6487206818583684, 0.6488211663105549, 0.7584956127863663, 0.6695466866860023, 0.7039601266002044, 0.6793453725866783, 0.7164875574601002, 0.6845068136850992, 0.6682271527556273, 0.7053543161123227, 0.7505949747103912, 0.7053078546738013, 0.7029396731119889, 0.7182827228919054, 0.7296841358527159, 0.7125250192788931, 0.7492927438937701, 0.7602172092749522, 0.801660609168884, 0.7422483496558971, 0.7582022108328648, 0.7529407533315512, 0.7519415607437109, 0.7629791685403922, 0.7279670316821489, 0.7818066943914462, 0.7963614979615579, 0.7910147332228147, 0.7845890065416311, 0.7507602220926529, 0.7983650530760105, 0.803648227873521, 0.8068543643905566, 0.7769870691192455, 0.7925957838694254, 0.8580339768758187, 0.8004298007641083, 0.7810173344153625, 0.7861520432126827, 0.842587805329225, 0.859591608055127, 0.8506494938180997, 0.845684826756135, 0.8291998589650179], "train_accuracies": [0.10817307692307693, 0.8451522435897436, 0.8652844551282052, 0.8877203525641025, 0.8929286858974359, 0.9030448717948718, 0.9084535256410257, 0.9061498397435898, 0.9095552884615384, 0.9206730769230769, 0.9285857371794872, 0.921073717948718, 0.9266826923076923, 0.9144631410256411, 0.9339943910256411, 0.9338942307692307, 0.9427083333333334, 0.9483173076923077, 0.9468149038461539, 0.9351963141025641, 0.9462139423076923, 0.9517227564102564, 0.9515224358974359, 0.9576322115384616, 0.9528245192307693, 0.9512219551282052, 0.9593349358974359, 0.9598357371794872, 0.9557291666666666, 0.9670472756410257, 0.9552283653846154, 0.9542267628205128, 0.9678485576923077, 0.96875, 0.9767628205128205, 0.9749599358974359, 0.9769631410256411, 0.9767628205128205, 0.967948717948718, 0.9785657051282052, 0.981270032051282, 0.9768629807692307, 0.9808693910256411, 0.9761618589743589, 0.9823717948717948, 0.9774639423076923, 0.977363782051282, 0.9709535256410257, 0.9768629807692307, 0.9862780448717948, 0.9763621794871795, 0.9873798076923077, 0.9815705128205128, 0.9881810897435898, 0.9888822115384616, 0.9878806089743589, 0.9799679487179487, 0.9872796474358975, 0.9892828525641025, 0.9803685897435898, 0.9873798076923077, 0.9873798076923077, 0.9833733974358975, 0.984375, 0.9897836538461539, 0.9894831730769231, 0.9893830128205128, 0.9900841346153846, 0.9894831730769231, 0.9909855769230769, 0.9918870192307693, 0.985176282051282, 0.9925881410256411, 0.9846754807692307, 0.9920873397435898, 0.9923878205128205, 0.9894831730769231, 0.9839743589743589, 0.9935897435897436, 0.9889823717948718, 0.9909855769230769, 0.9871794871794872, 0.9878806089743589, 0.9924879807692307, 0.992988782051282, 0.9945913461538461, 0.9924879807692307, 0.9909855769230769, 0.9954927884615384, 0.9954927884615384, 0.9942908653846154, 0.9945913461538461, 0.9899839743589743, 0.995292467948718, 0.9907852564102564, 0.9919871794871795, 0.9939903846153846, 0.9896834935897436, 0.9848758012820513, 0.996895032051282, 0.9930889423076923],