{"testproblem": "fmnist_mlp", "batch_size": 128, "num_epochs": 100, "random_seed": 50, "weight_decay": null, "optimizer_name": "Adam", "optimizer_hyperparams": {"lr": 0.00039810717055349735}, "train_losses": [2.3039638782158876, 0.4436641092865895, 0.37483037836276567, 0.3447886579311811, 0.3099130590756734, 0.275419757152215, 0.2715739796941097, 0.2379996522496908, 0.23440813655272508, 0.23196333818710768, 0.22262750432277337, 0.19610750703857496, 0.18031916643182436, 0.18346486135553092, 0.18254700188453382, 0.169861417168226, 0.15743470039123145, 0.16033459722231597, 0.14372827041034514, 0.1319522267828385, 0.1417329498590567, 0.12568672240162507, 0.13596566236363009, 0.13087765442637297, 0.12175600842023507, 0.0988318542114053, 0.10241620908849515, 0.10701996546525222, 0.09355883462688862, 0.09445855924143241, 0.11717409960543498, 0.09236922100759469, 0.0878791352495169, 0.08214980306533667, 0.0748796734529046, 0.08057263930543111, 0.06979651187952512, 0.06733645439052428, 0.07430988605110309, 0.07158882691501042, 0.06187589720894511, 0.058059748429327436, 0.05937651452871087, 0.050405194553045124, 0.05047426568583036, 0.0588985296109548, 0.04620328922875416, 0.04707185983753357, 0.04647994716054736, 0.03904789995449858, 0.06428497544943522, 0.04677473598470291, 0.038550454997815765, 0.047966196631582886, 0.04184871386641111, 0.05960606479157622, 0.03829714017084394, 0.04649641207204415, 0.03307990789508972, 0.028251519922214825, 0.046358729378344156, 0.034505881022852965, 0.029715246855257414, 0.03517937657829279, 0.034510433876839205, 0.0330623790072516, 0.027690312132621422, 0.021453943151311997, 0.03152590844398125, 0.10600522282318427, 0.02996253899226968, 0.03246181993148266, 0.021816608734810963, 0.017448502037530907, 0.03219779931868498, 0.023095059375732373, 0.024266898297728635, 0.028999504681007985, 0.029323229781137064, 0.03523935113723079, 0.030292517684686642, 0.025986191428576905, 0.015402695477510301, 0.022353361008497767, 0.017920041844869655, 0.03883665314135261, 0.023116342383078657, 0.023909257259219885, 0.0152046495081427, 0.02761531118542338, 0.014652999762732249, 0.018108567987114955, 0.010635333586460313, 0.023383832894838773, 0.01687790114337053, 0.0163773449185567, 0.006613827289607472, 0.01856508070173172, 0.024207028984211575, 0.02118476593078902, 0.01575781344376409], "test_losses": [2.303960635111882, 0.47291628481485903, 0.4096828443117631, 0.4023100678355266, 0.3725942061879696, 0.35116652724070424, 0.3593369328822845, 0.3188710403748048, 0.3320589296710797, 0.3355974310483688, 0.3261029512072221, 0.3177073148962779, 0.3225886290654158, 0.3172443339075798, 0.32955006710611856, 0.32659636036707806, 0.3475637565820645, 0.34235689693536514, 0.3244755174487065, 0.3465494311008698, 0.34405835125690853, 0.3596547609911515, 0.3732507517322516, 0.38853315111154163, 0.37531073276813215, 0.3842599428234956, 0.3819121527366149, 0.37630926340054244, 0.38414544803209794, 0.40246275277473986, 0.45265772537543225, 0.4303138428009473, 0.42188391700769085, 0.43754110084130216, 0.4689833300235944, 0.4813457876443863, 0.4522888035728381, 0.47925782165466213, 0.5333020394811263, 0.5074034426838924, 0.5279057493958718, 0.49160792067264897, 0.551470738572952, 0.5061959299521569, 0.5554935639867415, 0.5398548952279947, 0.543870472182066, 0.5603144579590895, 0.5828427978051014, 0.5819234272990471, 0.6300463992624711, 0.6074148771854547, 0.5818305714772298, 0.6144617190345739, 0.6169403443733851, 0.657862647030598, 0.6360835192295221, 0.6607021337900406, 0.6597901708804644, 0.6934503939671394, 0.6591326483549216, 0.6806768545737634, 0.63682948358548, 0.6700114223819512, 0.6790141612291336, 0.6760840488549991, 0.697903495377455, 0.7074864340516237, 0.7360577029295456, 0.8311593375909023, 0.6590876361498466, 0.7795959296516883, 0.7257903478084466, 0.7169279887890204, 0.7000183663689173, 0.7042542195472962, 0.7200014065855589, 0.7621439091670208, 0.7156717517437079, 0.7719971978893647, 0.6975340510790164, 0.8253645959954995, 0.7790169966144439, 0.7780049607539788, 0.7281879115945253, 0.7896721508258429, 0.7765819323368561, 0.719450447230767, 0.774043314732038, 0.8560224316823177, 0.7949433410779024, 0.8572338846249458, 0.8274669549786128, 0.8224732207182126, 0.7751481202550423, 0.8370392188811914, 0.8327809654367275, 0.8418104862555479, 0.7724069337814282, 0.8366895298927258, 0.8077896655752108], "train_accuracies": [0.07522035256410256, 0.8415464743589743, 0.8659855769230769, 0.8696915064102564, 0.8844150641025641, 0.8996394230769231, 0.9008413461538461, 0.9115584935897436, 0.9105568910256411, 0.9156650641025641, 0.9176682692307693, 0.9299879807692307, 0.9332932692307693, 0.9318910256410257, 0.9301883012820513, 0.9356971153846154, 0.9403044871794872, 0.9413060897435898, 0.9482171474358975, 0.9475160256410257, 0.9465144230769231, 0.9507211538461539, 0.9476161858974359, 0.9510216346153846, 0.952323717948718, 0.9607371794871795, 0.9607371794871795, 0.9566306089743589, 0.9649439102564102, 0.9654447115384616, 0.9541266025641025, 0.9660456730769231, 0.9668469551282052, 0.9681490384615384, 0.9723557692307693, 0.9684495192307693, 0.9741586538461539, 0.9729567307692307, 0.9714543269230769, 0.9733573717948718, 0.9778645833333334, 0.9786658653846154, 0.9755608974358975, 0.9811698717948718, 0.9823717948717948, 0.9776642628205128, 0.9822716346153846, 0.9818709935897436, 0.9801682692307693, 0.9852764423076923, 0.9762620192307693, 0.9828725961538461, 0.9855769230769231, 0.9823717948717948, 0.9829727564102564, 0.9759615384615384, 0.9855769230769231, 0.9809695512820513, 0.9884815705128205, 0.9898838141025641, 0.9834735576923077, 0.9870793269230769, 0.9895833333333334, 0.9867788461538461, 0.9877804487179487, 0.9883814102564102, 0.9892828525641025, 0.9920873397435898, 0.9883814102564102, 0.9790665064102564, 0.9883814102564102, 0.9870793269230769, 0.9932892628205128, 0.992988782051282, 0.9881810897435898, 0.9910857371794872, 0.9908854166666666, 0.9901842948717948, 0.9887820512820513, 0.9871794871794872, 0.9879807692307693, 0.9902844551282052, 0.9944911858974359, 0.9918870192307693, 0.9936899038461539, 0.9871794871794872, 0.9912860576923077, 0.9906850961538461, 0.9943910256410257, 0.9888822115384616, 0.9950921474358975, 0.9943910256410257, 0.9967948717948718, 0.9923878205128205, 0.9934895833333334, 0.9938902243589743, 0.9977964743589743, 0.9936899038461539, 0.9915865384615384, 0.9918870192307693, 0.9938902243589743],