{"testproblem": "fmnist_mlp", "batch_size": 128, "num_epochs": 100, "random_seed": 46, "weight_decay": null, "optimizer_name": "Adam", "optimizer_hyperparams": {"lr": 0.00039810717055349735}, "train_losses": [2.3022900086182814, 0.411369766944494, 0.3628537181096199, 0.31055442797832, 0.2925552848057869, 0.2686448045648061, 0.2538355193459071, 0.24198037615189186, 0.2384214758490905, 0.22617182326622498, 0.22367597829837066, 0.20693463392746755, 0.1969032798631069, 0.17693149069180855, 0.18083785015803117, 0.1536269714243901, 0.1702256154937622, 0.13813908512775713, 0.13625142436761123, 0.13451869217440104, 0.12885866753565958, 0.11812978147123104, 0.13671125404727766, 0.11155976273883612, 0.11169022235732812, 0.11199906473167431, 0.11260350951208518, 0.1000565211646832, 0.08710515866868007, 0.08070407406641887, 0.0840695942632663, 0.09385688655460492, 0.07705931905179451, 0.09003916249061242, 0.07980548265652779, 0.0735899893901287, 0.07593903105514936, 0.06476802472025156, 0.08083311363290517, 0.06551152649216163, 0.07351534190372778, 0.05939989350736141, 0.049947505410856165, 0.05036441394342826, 0.05822161238831587, 0.06555515040571873, 0.04317615665972997, 0.04847276934350912, 0.04266617647730387, 0.0669792390261323, 0.03648376140074852, 0.03704186665037504, 0.05393844881118872, 0.0371769920994456, 0.03650727612563433, 0.030904595238658097, 0.029823767830235645, 0.07199979830198945, 0.028702332494923703, 0.07070790993001981, 0.04024362418418511, 0.03285245134686239, 0.03369673860904116, 0.04614367972438534, 0.04013699588055412, 0.03258815943860473, 0.025167391277276553, 0.044943785115789905, 0.022268961756848372, 0.0278276091393752, 0.03538587563432371, 0.024474886156475313, 0.039827760989562824, 0.06728024663737951, 0.02976745427944339, 0.030774310207328737, 0.03292400448415906, 0.038343538995832205, 0.02284629346253589, 0.036392331403942824, 0.015228623864599146, 0.016077228260632508, 0.025121594564272806, 0.02526978704218681, 0.01959528541789414, 0.01047658073888996, 0.02980546078358132, 0.020978416847542692, 0.013201570377135888, 0.014170516879321674, 0.01948798660678455, 0.046852539209887765, 0.023373468364111315, 0.016650747412290327, 0.011889413393174227, 0.011579065076194895, 0.022603156570440684, 0.03702622500415414, 0.01984488840501469, 0.013243108629607238, 0.022472327509417366], "test_losses": [2.3023442916381054, 0.4395580620337755, 0.41081827382246655, 0.36375410988544804, 0.36552872470556164, 0.34541038137215835, 0.33415347777115995, 0.33357472201952565, 0.32637191449220365, 0.32006814961250013, 0.3257201237556262, 0.3283150627827033, 0.3342048564018347, 0.3166518262945689, 0.3287254967368566, 0.3247396162687204, 0.35772890387437284, 0.3254209821804976, 0.3374448991738833, 0.33165965114648527, 0.3690712721301959, 0.3501808607043364, 0.380387554757106, 0.3612720060807008, 0.3948882846878125, 0.3875791795360736, 0.42640427901194644, 0.40889867223226106, 0.40352544971765614, 0.4185336824411001, 0.4147888286373554, 0.44220360693259114, 0.4500308155249327, 0.44015790904179597, 0.4607495449674435, 0.4700658670984782, 0.4797785948866453, 0.47118875422538853, 0.4992481093758192, 0.5090181986108805, 0.527777336537838, 0.5521483753736203, 0.5139310298821865, 0.5682471889333848, 0.5855716386666665, 0.576356909596003, 0.5384103027291787, 0.5615949913477286, 0.5238404801258674, 0.6277291981073526, 0.5815948652915466, 0.6245902572304775, 0.6735700596219454, 0.5899976830069835, 0.6775394355257353, 0.6308600201438634, 0.693913883696764, 0.6917658887612514, 0.6109034594817039, 0.7195298801629971, 0.6662943254296596, 0.672904772636218, 0.6525617299171594, 0.6815868845352759, 0.700711842148732, 0.6814306512092932, 0.7080136415285941, 0.6590016663838656, 0.6573339314796985, 0.6698867564017956, 0.7030912729410025, 0.7570747811442766, 0.6958510445860716, 0.7681645275308535, 0.7451539933681488, 0.7566257117268367, 0.7432912708475039, 0.7137312491734823, 0.7399202764798434, 0.7941164328501775, 0.7633203791502194, 0.7800066331640269, 0.7069271611861694, 0.8005635910309278, 0.7376574444083067, 0.8192273248464633, 0.7788251846646651, 0.6932592197106435, 0.7860742261012396, 0.7868925866026145, 0.7478981877748783, 0.7932967184445797, 0.817848523075764, 0.7879828100021069, 0.7950151549317898, 0.7430992695765618, 0.8299994151561688, 0.879096813690968, 0.8255973395246726, 0.7988190377751986, 0.7917552869289349], "train_accuracies": [0.09905849358974358, 0.8560697115384616, 0.8699919871794872, 0.8892227564102564, 0.8949318910256411, 0.9008413461538461, 0.9040464743589743, 0.9103565705128205, 0.9129607371794872, 0.9149639423076923, 0.9177684294871795, 0.9216746794871795, 0.9220753205128205, 0.9330929487179487, 0.9307892628205128, 0.9452123397435898, 0.93359375, 0.9488181089743589, 0.9474158653846154, 0.94921875, 0.9517227564102564, 0.9559294871794872, 0.9485176282051282, 0.9579326923076923, 0.9564302884615384, 0.9582331730769231, 0.9582331730769231, 0.9627403846153846, 0.9693509615384616, 0.9693509615384616, 0.9684495192307693, 0.9644431089743589, 0.9698517628205128, 0.9663461538461539, 0.9715544871794872, 0.9721554487179487, 0.9714543269230769, 0.9760616987179487, 0.967948717948718, 0.9754607371794872, 0.9702524038461539, 0.9777644230769231, 0.9818709935897436, 0.9799679487179487, 0.9756610576923077, 0.9722556089743589, 0.9829727564102564, 0.9820713141025641, 0.984375, 0.9759615384615384, 0.9875801282051282, 0.9853766025641025, 0.9810697115384616, 0.9855769230769231, 0.9852764423076923, 0.9897836538461539, 0.9885817307692307, 0.9762620192307693, 0.9886818910256411, 0.9749599358974359, 0.9857772435897436, 0.9878806089743589, 0.987479967948718, 0.9840745192307693, 0.9847756410256411, 0.9880809294871795, 0.9898838141025641, 0.984375, 0.9935897435897436, 0.9896834935897436, 0.9876802884615384, 0.9910857371794872, 0.9855769230769231, 0.9782652243589743, 0.9879807692307693, 0.9884815705128205, 0.987479967948718, 0.9850761217948718, 0.9917868589743589, 0.9853766025641025, 0.9942908653846154, 0.9939903846153846, 0.9906850961538461, 0.9908854166666666, 0.9931891025641025, 0.9959935897435898, 0.9895833333333334, 0.9925881410256411, 0.99609375, 0.9945913461538461, 0.9938902243589743, 0.9831730769230769, 0.991386217948718, 0.9934895833333334, 0.9956931089743589, 0.9962940705128205, 0.9924879807692307, 0.9852764423076923, 0.9923878205128205, 0.9955929487179487, 0.9923878205128205],