{"testproblem": "fmnist_mlp", "batch_size": 128, "num_epochs": 100, "random_seed": 42, "weight_decay": null, "optimizer_hyperparams": {"lr": 0.006309573444801936, "momentum": 0.99}, "train_losses": [2.3021158377329507, 0.45632290610900295, 0.39366187613744, 0.3700774409450017, 0.3329062494329917, 0.30202690683878386, 0.2864493632163757, 0.2870186857688121, 0.3022798483188336, 0.2619526325128017, 0.2541603203385304, 0.24883079681641015, 0.25015113923030025, 0.23826499464802253, 0.23949569177169067, 0.24516263756996545, 0.22827092214272574, 0.2068965203869037, 0.22042971639296946, 0.19091590790030283, 0.21483044163920942, 0.18772963969371256, 0.17814622236750063, 0.20413460993231872, 0.19488006295301977, 0.19588462893779462, 0.1763838271682079, 0.1694209544131389, 0.17677427532199103, 0.16303886807499787, 0.15857437778359804, 0.19022055772634652, 0.13862769410778314, 0.14411252765701368, 0.13515299926392543, 0.14081628477344146, 0.13599470678048256, 0.13861863682858455, 0.15150049443428332, 0.1101349441286845, 0.13309791727134815, 0.11700899225588028, 0.13819802027100173, 0.12194633249862072, 0.12549836885852692, 0.135266104235481, 0.1360059939802457, 0.10368653687720115, 0.11329292505979538, 0.11763656158477832, 0.10703124244434711, 0.1064020579155439, 0.10520521078545314, 0.1036256578965829, 0.09696910329736196, 0.09898858899489427, 0.10730107300556622, 0.10183141571589005, 0.09135826462163375, 0.07487086545771514, 0.09795631110095061, 0.07324477065450107, 0.07645234241126439, 0.09401479587914088, 0.103931842228541, 0.08563125534699513, 0.08278245569612735, 0.08365927784679791, 0.07343644801622783, 0.08491158494964623, 0.07921500179247978, 0.06672153316247158, 0.07698416232298581, 0.08628670856929742, 0.09959932187428841, 0.06608786219014572, 0.07609482611028048, 0.06498225018955193, 0.06118330206626501, 0.06757825460189427, 0.08538209040386555, 0.07724975121135895, 0.07197629970808823, 0.06310514212609866, 0.07828895857509895, 0.05989282702406248, 0.06790673890366004, 0.056931981816887856, 0.06276623407999675, 0.05199809938382644, 0.05931852031976749, 0.061130094079253, 0.05888343516450662, 0.060338822551644765, 0.046425496634000384, 0.04521032742773875, 0.05294532773013298, 0.047686815596161745, 0.04484182753815101, 0.06662983879542504, 0.06439706098097257], "test_losses": [2.3022368321051965, 0.47971347738534975, 0.4265245436093746, 0.4271977935463954, 0.38937359207715744, 0.3791425487934015, 0.36263031990100175, 0.3605816895380998, 0.38807072375829404, 0.349348634099349, 0.3510865242435382, 0.3568014888427196, 0.34825621163233733, 0.33108315865198773, 0.34213055727573544, 0.3558088542941289, 0.36499950003165466, 0.329737704533797, 0.353492035315587, 0.34063441077103984, 0.3445178142342812, 0.3407110462968166, 0.3477637190849353, 0.3631526858378679, 0.3636145966175275, 0.377188588755253, 0.34439304108038926, 0.3816412131373699, 0.3547311669740921, 0.38043686690238804, 0.3515491529535025, 0.387730047870905, 0.3747635275507585, 0.36473968892525405, 0.38139237539890486, 0.3759936598631052, 0.39272026755870915, 0.4188261330127716, 0.40848314953156006, 0.3979831771590771, 0.40808972467978794, 0.4140713155651704, 0.4104426797383871, 0.40393924178221285, 0.44970541695753735, 0.4565205753613741, 0.4732641925414403, 0.43174969939849317, 0.4690560843700018, 0.42118689379630947, 0.4544554950717168, 0.4920991242696077, 0.4458195725694681, 0.492557246142473, 0.46261024532409817, 0.5074134006714209, 0.5251237650712332, 0.5092285420650091, 0.4755513773132593, 0.5041794131199518, 0.5375232041264192, 0.5135927901436121, 0.5317068824019188, 0.5223441700904797, 0.5310605065180705, 0.504099211249596, 0.5724854196111361, 0.5594944520256458, 0.5384483864674201, 0.5822047262619703, 0.5813184497066033, 0.6024059141293551, 0.6570265690485636, 0.5694768463189785, 0.5377619575995666, 0.5429120059960928, 0.6076606840659411, 0.6024272248913081, 0.640069930599286, 0.646860583852499, 0.6705550836064876, 0.6721025724441577, 0.671185552691802, 0.594046896084761, 0.6147471328194325, 0.6225313158371509, 0.6364181960622469, 0.6596313061622473, 0.6051718673835962, 0.6066612150424566, 0.708837000032266, 0.7265106638272604, 0.6649869004121194, 0.6872964701973475, 0.7375286779342554, 0.6655008750848281, 0.7077298771876556, 0.7316836652656397, 0.7339232861995697, 0.7269068950643907, 0.6838939600648024], "train_accuracies": [0.10817307692307693, 0.8302283653846154, 0.8597756410256411, 0.8671875, 0.8745993589743589, 0.8868189102564102, 0.8974358974358975, 0.8848157051282052, 0.8863181089743589, 0.9038461538461539, 0.9049479166666666, 0.9045472756410257, 0.9028445512820513, 0.9100560897435898, 0.9130608974358975, 0.9024439102564102, 0.9131610576923077, 0.9196714743589743, 0.9159655448717948, 0.9292868589743589, 0.9175681089743589, 0.9321915064102564, 0.9303886217948718, 0.9216746794871795, 0.9231770833333334, 0.9221754807692307, 0.9329927884615384, 0.9324919871794872, 0.9283854166666666, 0.9346955128205128, 0.9386017628205128, 0.9253806089743589, 0.9470152243589743, 0.9451121794871795, 0.948417467948718, 0.9470152243589743, 0.9462139423076923, 0.9458133012820513, 0.9411057692307693, 0.9590344551282052, 0.9483173076923077, 0.953125, 0.9446113782051282, 0.9525240384615384, 0.9520232371794872, 0.9458133012820513, 0.9496193910256411, 0.9588341346153846, 0.956229967948718, 0.9546274038461539, 0.9561298076923077, 0.9580328525641025, 0.9600360576923077, 0.9583333333333334, 0.9642427884615384, 0.9602363782051282, 0.9610376602564102, 0.9633413461538461, 0.9641426282051282, 0.9713541666666666, 0.9647435897435898, 0.9707532051282052, 0.9720552884615384, 0.9616386217948718, 0.9598357371794872, 0.9674479166666666, 0.9671474358974359, 0.9668469551282052, 0.9706530448717948, 0.9681490384615384, 0.9674479166666666, 0.9738581730769231, 0.9709535256410257, 0.9678485576923077, 0.961738782051282, 0.9741586538461539, 0.9704527243589743, 0.9751602564102564, 0.9752604166666666, 0.97265625, 0.9675480769230769, 0.9700520833333334, 0.9729567307692307, 0.9754607371794872, 0.9691506410256411, 0.9771634615384616, 0.9737580128205128, 0.9772636217948718, 0.9766626602564102, 0.9802684294871795, 0.9775641025641025, 0.9747596153846154, 0.977363782051282, 0.9768629807692307, 0.9817708333333334, 0.9814703525641025, 0.979667467948718, 0.98046875, 0.9836738782051282, 0.9760616987179487, 0.9756610576923077],