{"train_losses": [353.9337594168527, 455.6646030970982, 2425.5248674665177, 1759.4952915736608, 512.0628313337054, 104.3406001499721, 254.15574428013392, 160.2375008719308, 103.61469486781529, 109.29958888462612, 87.75917598179409, 93.79090663364956, 90.36652047293526, 88.94221714564732, 89.56780569893974, 89.77068655831474, 90.56651633126395, 90.49827575683594, 89.63856288364956, 88.87845502580915, 88.74105943952289, 89.25505719866071, 90.14923749651227, 91.10902077811105, 92.04620361328125, 93.0546144757952, 94.12559836251395, 95.11531502859933, 95.875, 96.30541229248047, 96.37543378557477, 96.08433750697544, 95.52628435407367, 94.90545218331474, 94.43263680594308, 94.24918256487165, 94.38184247698102, 94.74396623883929, 95.20911407470703, 95.68611471993583, 96.14077867780414, 96.56819261823382, 96.9668470110212, 97.33499799455915, 97.67757960728237, 98.00486864362445, 98.32758331298828, 98.65655953543526, 99.00348663330078, 99.37964303152901, 99.79527282714844, 100.25876290457589, 100.7760260445731, 101.35018811907086, 101.98166220528739, 102.6685289655413, 103.40683310372489, 104.19098554338727, 105.01404898507255, 105.86808122907367, 106.74455152239118, 107.63470676967076, 108.52975790841239, 109.4212886265346, 110.30154854910714, 111.16376277378627, 112.00245448521206, 112.81362806047711, 113.59478650774274, 114.34490312848773, 115.06393650599888, 115.75235094342914, 116.41036333356585, 117.0373295375279, 117.63126046316964, 118.18854413713727, 118.70405687604632, 119.17157200404576, 119.58435167585101, 119.9359370640346, 120.22080993652344, 120.43504987444196, 120.57679530552456, 120.64642442975726, 120.64655521937779, 120.5819582257952, 120.459228515625, 120.28645542689732, 120.0728018624442, 119.82796369280133, 119.56167602539062, 119.28346906389508, 119.00213841029576, 118.72561863490513, 118.46087319510323, 118.21366337367466, 117.98860604422433, 117.78921835763114, 117.61791120256696, 117.47617449079242, 117.36459568568638], "test_losses": [353.44676426478793, 463.3236519949777, 2425.4189104352677, 1760.7918003627233, 515.0909598214286, 107.25315420968192, 256.65760585239957, 162.4760458809989, 106.00069863455636, 111.80598994663784, 90.06065368652344, 95.87334769112724, 92.56240517752511, 90.98958369663784, 91.34146445138114, 91.52806963239398, 92.31462642124721, 92.26341465541294, 91.56356266566685, 90.90744018554688, 90.83439091273716, 91.33910696847099, 92.1791011265346, 93.11258370535714, 94.0447747366769, 95.054929460798, 96.10373251778739, 97.06697518484933, 97.80774906703404, 98.21971566336495, 98.26489911760602, 97.94656808035714, 97.36139787946429, 96.71010371616909, 96.20382145472935, 95.98604147774833, 96.08250863211495, 96.40763854980469, 96.83558763776507, 97.27512032645089, 97.6924329485212, 98.08242361886161, 98.44347381591797, 98.77397809709821, 99.07897077287946, 99.36903817313058, 99.65497589111328, 99.94755445207868, 100.2581547328404, 100.59768676757812, 100.97610364641461, 101.401611328125, 101.8800550188337, 102.4145006452288, 103.00540815080915, 103.65096827915737, 104.34747859409877, 105.08961704799107, 105.87074933733258, 106.68321881975446, 107.51873997279576, 108.36877877371651, 109.22470310756138, 110.07819475446429, 110.92157745361328, 111.74815913609096, 112.55255671909877, 113.33093152727399, 114.08101436070034, 114.80206189836774, 115.49439021519252, 116.15887669154576, 116.79613603864398, 117.4059077671596, 117.98651668003627, 118.5345458984375, 119.04495457240513, 119.51145608084542, 119.92715563092914, 120.28531210763114, 120.5801282610212, 120.80733925955636, 120.96476418631417, 121.05245971679688, 121.07276153564453, 121.03016226632255, 120.93101828438895, 120.78317260742188, 120.5955788748605, 120.37768990652901, 120.1390631539481, 119.8889890398298, 119.63607788085938, 119.38804517473493, 119.1516854422433, 118.93260737827846, 118.73528180803571, 118.5631103515625, 118.41842433384487, 118.30263955252511, 118.21628788539341], "minibatch_train_losses": [369.72540283203125, 20556.86328125, 2034.2752685546875, 4608.078125, 11298.623046875, 8140.27685546875, 2252.728515625, 455.59967041015625, 3077.69189453125, 5666.7138671875, 4932.75439453125, 2113.5205078125, 344.36480712890625, 742.8876953125, 2468.794189453125, 3201.018310546875, 2308.38818359375, 831.447509765625, 143.72341918945312, 680.1529541015625, 1564.19677734375, 1717.29736328125, 1111.1199951171875, 331.4903564453125, 124.73814392089844, 562.6952514648438, 971.8128662109375, 934.4400634765625, 534.2688598632812, 137.9591522216797, 180.55044555664062, 505.9808349609375, 643.7782592773438, 513.5763549804688, 197.3218994140625, 107.95082092285156, 258.9093322753906, 405.3614501953125, 371.4259338378906, 215.09640502929688, 94.35115051269531, 139.03347778320312, 242.00637817382812, 264.877685546875, 181.57708740234375, 104.58885192871094, 114.16793060302734, 164.070068359375, 184.57138061523438, 168.0763397216797, 100.88093566894531, 104.1850814819336, 156.81124877929688, 155.72503662109375, 135.07472229003906, 87.34788513183594, 107.09068298339844, 133.03147888183594, 137.37205505371094, 112.861328125, 87.49362182617188, 104.89124298095703, 112.1988525390625, 105.83734130859375, 92.39762878417969, 94.80948638916016, 101.6800537109375, 102.34099578857422, 97.40194702148438, 82.2717056274414, 88.86416625976562, 94.04175567626953, 102.76222229003906, 97.78689575195312, 85.27936553955078, 92.86639404296875, 85.53675842285156, 98.58828735351562, 93.86668395996094, 94.94221496582031, 96.27900695800781, 89.91255950927734, 97.58659362792969, 82.07490539550781, 93.72701263427734, 98.68170166015625, 97.24063110351562, 92.61824035644531, 88.09908294677734, 97.01898193359375, 85.34605407714844, 90.23883056640625, 94.8050537109375, 96.03716278076172, 93.8321533203125, 89.3527603149414, 92.05043029785156, 84.84186553955078, 90.51148986816406, 93.9362564086914, 95.18460083007812, 93.45407104492188, 90.75505828857422, 89.81233215332031, 84.58955383300781, 91.1353530883789, 94.34541320800781, 95.58160400390625, 94.40928649902344, 91.77909851074219, 89.25507354736328, 85.56332397460938, 92.25848388671875, 94.59999084472656, 96.1509780883789, 95.0899429321289, 92.45866394042969, 89.84966278076172, 86.76032257080078, 92.56781005859375, 94.62535095214844, 96.91384887695312, 94.51443481445312, 92.30292510986328, 90.57960510253906, 87.6717758178711, 91.98881530761719, 94.87899780273438, 97.49647521972656, 93.50386810302734, 92.1708984375, 90.72476196289062, 88.17780303955078, 91.52825927734375, 95.24103546142578, 97.99183654785156, 92.61827087402344, 92.60751342773438, 90.47325134277344, 88.40552520751953, 91.64036560058594, 95.77691650390625, 98.48368072509766, 92.45860290527344, 93.38589477539062, 90.28199768066406, 88.85424041748047, 92.29098510742188, 96.27885437011719, 99.32505798339844, 92.74089050292969, 94.513427734375, 90.19544982910156, 89.48056030273438, 93.27235412597656, 96.79777526855469, 100.21820831298828, 93.26911926269531, 95.68656158447266, 90.121826171875, 90.22111511230469, 94.36862182617188, 97.1190414428711, 101.19300842285156, 93.82904815673828, 96.75596618652344, 90.06300354003906, 90.99788665771484, 95.5223617553711, 97.36717987060547, 102.24163055419922, 94.45506286621094, 97.7210693359375, 89.96194458007812, 91.8665542602539, 96.75611114501953, 97.55181884765625, 103.40591430664062, 95.24153137207031, 98.71263122558594, 89.73078918457031, 92.8983154296875, 97.98974609375, 97.66702270507812, 104.75643157958984, 96.23577117919922, 99.65644836425781, 89.5394287109375, 94.1058349609375, 99.09130859375, 97.61129760742188, 106.29156494140625, 97.25945281982422, 100.39763641357422, 89.43933868408203, 95.4721908569336, 99.92779541015625, 97.43746948242188, 108.0532455444336, 98.18453979492188, 100.93392944335938, 89.45545959472656, 96.92337799072266, 100.37515258789062, 97.25997924804688, 110.04833984375, 98.87655639648438, 101.35939025878906, 89.69609069824219, 98.35214233398438, 100.36082458496094, 97.18907165527344, 112.19918823242188, 