{"testproblem": "mnist_mlp", "batch_size": 128, "num_epochs": 100, "random_seed": 42, "weight_decay": null, "optimizer_hyperparams": {"lr": 0.25118864315095824}, "train_losses": [2.3034798334806394, 2.3205814300439296, 2.311975277387179, 2.321193578915718, 2.309841541143564, 2.313656990344708, 2.3193905720343957, 2.30913429076855, 2.328544650322352, 2.3100048242471156, 2.3155353374970264, 2.321500992163634, 2.3109081708467922, 2.3083624870349198, 2.310951211513617, 2.315519079183921, 2.317695058309115, 2.3070648175019484, 2.3144149077244296, 2.3177236838218493, 2.308153831041776, 2.322413851053287, 2.3159192280891614, 2.3089976066198106, 2.318388514029674, 2.3088661096034904, 2.3134825779841495, 2.312702496846517, 2.309981095485198, 2.314325350981492, 2.3136036976789818, 2.3242432184708424, 2.3153494749313746, 2.3171663192602305, 2.3112438244697375, 2.317415197690328, 2.3139094603367343, 2.311139702796936, 2.3119252431087003, 2.307538546048678, 2.3115754158068924, 2.317921592639043, 2.318693057084695, 2.3174088490314975, 2.3204358907846303, 2.3138313568555393, 2.3187528451283774, 2.3111581955200586, 2.3198407338215756, 2.3193825605588083, 2.3229156182362485, 2.3136126689421825, 2.3132745730571256, 2.3201271020449123, 2.305968905106569, 2.3122272277489686, 2.3132687409718833, 2.310374935468038, 2.311380071517749, 2.310370582800645, 2.31249751494481, 2.313463400571774, 2.3244189543601794, 2.3172375086026316, 2.3125803287212667, 2.321334658524929, 2.313200470728752, 2.3324801341081276, 2.310328401052035, 2.3161571759444017, 2.3156948303565, 2.317291024403694, 2.325572371482849, 2.3041180739035974, 2.315649536939768, 2.3164972403110604, 2.3099503211486034, 2.320100573393015, 2.315922107452001, 2.3295974334081015, 2.3164236881794076, 2.3230264951021242, 2.3203541315518894, 2.3151385417351356, 2.309789633139586, 2.3148716657589645, 2.3092197668858065, 2.310671467047471, 2.318534704355093, 2.3138327537438808, 2.3083820954347267, 2.3222961731446095, 2.3294885525336633, 2.309484221996405, 2.321071126522162, 2.30979471328931, 2.323419118538881, 2.3250903685887656, 2.3136862241304836, 2.3115899776801085, 2.3094542240485167], "test_losses": [2.3034419279832106, 2.324386422450726, 2.309806444706061, 2.316157307380285, 2.3088984795105763, 2.3152651267173963, 2.317802701240931, 2.3097909811215525, 2.3250891061929555, 2.3103306262921066, 2.3170238030262484, 2.3179733050175204, 2.310965574704684, 2.3099054189828725, 2.3108515708874435, 2.317262958257626, 2.320242621959784, 2.30852224276616, 2.313219394439306, 2.3193390675080128, 2.306066082074092, 2.322775859099168, 2.315039426852495, 2.3076898654301963, 2.3198794982372184, 2.3104527424543333, 2.3136841028164596, 2.3132753800123167, 2.3095900401090965, 2.313928796694829, 2.3140599880463038, 2.322151474463634, 2.312242532387758, 2.3184653245485745, 2.3101492386597853, 2.319107935978816, 2.3149911134670944, 2.3116784554261427, 2.3113213930374537, 2.307048935156602, 2.311951044278267, 2.3171265736604347, 2.3183503640003695, 2.3129730163476405, 2.3167653328333144, 2.3181173648589697, 2.319385284032577, 2.3101291931592502, 2.3223270544639, 2.319941853865599, 2.3185638189315796, 2.313369014324286, 2.3120533472452407, 2.319286224169609, 2.3061894270089955, 2.3132341702779136, 2.3133594470146375, 2.3133306992359652, 2.3103001759602475, 2.3092463199908915, 2.3127127029956918, 2.315654198328654, 2.320269933113685, 2.3151546838956003, 2.310270064916366, 2.316995043020982, 2.3157956019426003, 2.3350711266199746, 2.309328690553323, 2.316579595590249, 2.3182181456150155, 2.313051165678562, 2.3217840653199415, 2.3054544681157823, 2.3160415521034827, 2.317262881841415, 2.308856047116793, 2.316053109291272, 2.3154310629918027, 2.326022206208645, 2.3161673882068734, 2.323007005911607, 2.320110097909585, 2.3153282893009677, 2.3097316332352467, 2.3144706457089157, 2.3108933522151065, 2.312083586668357, 2.3199530962185984, 2.313575863838196, 2.3081055787893443, 2.321262885362674, 2.327746730584365, 2.3087039635731625, 2.3210269824052467, 2.306674361228943, 2.318631331125895, 2.323141953884027, 2.315417054371956, 2.3126009977780857, 2.3094035234206762], "train_accuracies": [0.08543669871794872, 0.10506810897435898, 0.11117788461538461, 0.09745592948717949, 0.09915865384615384, 0.1045673076923077, 0.09835737179487179, 0.09915865384615384, 0.10046073717948718, 0.11217948717948718, 0.10306490384615384, 0.10947516025641026, 0.09715544871794872, 0.09935897435897435, 0.10146233974358974, 0.10466746794871795, 0.10817307692307693, 0.09795673076923077, 0.09695512820512821, 0.09895833333333333, 0.09795673076923077, 0.10977564102564102, 0.11478365384615384, 0.0985576923076923, 0.09705528846153846, 0.12049278846153846, 0.11448317307692307, 0.10026041666666667, 0.11608573717948718, 0.09755608974358974, 0.10376602564102565, 0.11408253205128205, 0.09775641025641026, 0.09795673076923077, 0.10416666666666667, 0.10657051282051282, 0.09725560897435898, 0.1116786858974359, 0.10987580128205128, 0.10196314102564102, 0.1123798076923077, 0.09625400641025642, 0.09915865384615384, 0.09635416666666667, 0.11207932692307693, 0.10146233974358974, 0.10136217948717949, 0.10927483974358974, 0.11408253205128205, 0.10887419871794872, 0.10086137820512821, 0.0960536858974359, 0.11278044871794872, 0.11147836538461539, 0.09835737179487179, 0.11217948717948718, 0.09775641025641026, 0.09795673076923077, 0.09595352564102565, 0.09545272435897435, 0.11318108974358974, 0.10106169871794872, 0.09935897435897435, 0.10697115384615384, 0.10376602564102565, 0.09445112179487179, 0.10997596153846154, 0.10006009615384616, 0.10526842948717949, 0.10266426282051282, 0.09805689102564102, 0.10797275641025642, 0.09745592948717949, 0.11197916666666667, 0.10016025641025642, 0.11278044871794872, 0.09645432692307693, 0.09785657051282051, 0.10126201923076923, 0.08533653846153846, 0.10797275641025642, 0.09615384615384616, 0.09234775641025642, 0.09965945512820513, 0.10006009615384616, 0.1024639423076923, 0.10476762820512821, 0.0992588141025641, 0.09965945512820513, 0.09935897435897435, 0.11268028846153846, 0.09615384615384616, 0.10346554487179487, 0.09895833333333333, 0.11498397435897435, 0.10266426282051282, 0.09695512820512821, 0.09655448717948718, 0.09955929487179487, 0.11698717948717949, 0.09705528846153846],