{"testproblem": "fmnist_mlp", "batch_size": 128, "num_epochs": 100, "random_seed": 42, "weight_decay": null, "optimizer_hyperparams": {"lr": 6.309573444801943}, "train_losses": [2.3021158377329507, 2.399431586265564, 2.3816406971369033, 2.526728095152439, 2.4599372943242392, 2.408655191079164, 2.367773710153042, 2.572370089017428, 2.412124508466476, 2.5766387413709593, 2.5440412759780884, 2.403630724320045, 2.491913942190317, 2.551218243745657, 2.6647990361238136, 2.534653801184434, 2.416756134766799, 2.5070926256668873, 2.5227753932659445, 2.55299851221916, 2.5125373357381577, 2.4134765099256468, 2.4357235645636535, 2.419422302490626, 2.387631459113879, 2.446657272485586, 2.5418650737175574, 2.3886071199025865, 2.4782471045469627, 2.5973499646553626, 2.499920157285837, 2.6613381795394115, 2.6537484786449332, 2.4587440001658902, 2.5027390932425475, 2.4387573462266188, 2.4435218542050094, 2.4944826609049087, 2.644421073106619, 2.51330893773299, 2.451189933679043, 2.519840821241721, 2.5661729207405677, 2.4748438046528745, 2.474354141797775, 2.5967392218418612, 2.6261826631350393, 2.4234464321381006, 2.6354648883526144, 2.520456014535366, 2.4715342949598265, 2.5653321956976867, 2.418262142401475, 2.742557177176842, 2.700024745403192, 2.469669522383274, 2.6220250679896426, 2.4499145654531627, 2.44177177013495, 2.4828326335320106, 2.3823492527008057, 2.5099201355225, 2.469716885151007, 2.6297896611384854, 2.622680899424431, 2.610767416464977, 2.5403411816328, 2.773876245205219, 2.491781778824635, 2.405305257210365, 2.6001698084366627, 2.49528353030865, 2.4967663563214817, 2.3713556864322762, 2.684753668613923, 2.5232412967926416, 2.474228165088556, 2.498490654505216, 2.4720207024843264, 2.488875930125897, 2.5303100500351343, 2.4516140895012097, 2.5507935163302298, 2.625135831343822, 2.4206840869707937, 2.6230177023471932, 2.3832847430155826, 2.328987317207532, 2.42064652687464, 2.450677758608109, 2.686364782162202, 2.372123054969005, 2.607417186101278, 2.675263707454388, 2.4466982101782775, 2.527682674236787, 2.4467946688334146, 2.561730595735403, 2.5445099702248206, 2.4760712721408944, 2.538969956911527], "test_losses": [2.3022368321051965, 2.3945558865865073, 2.3786639066842885, 2.528108239173889, 2.459982489928221, 2.3959968823653, 2.362909054144835, 2.5686771258329735, 2.406064226077153, 2.5733878918183155, 2.535111143038823, 2.3943269069378195, 2.5048873791327844, 2.556948102437533, 2.65540436292306, 2.5209948405241356, 2.4236513681900806, 2.5117933658453135, 2.5233315840745583, 2.5568581911233754, 2.5261099399664464, 2.412309053616646, 2.431193260046152, 2.4161709180245032, 2.386402365488884, 2.4438709815343223, 2.5335115683384433, 2.388408770928016, 2.4781213265198927, 2.600036144256592, 2.501791538336338, 2.6590122932042832, 2.655296414326399, 2.4602924249111076, 2.4898943350865292, 2.4485615766965427, 2.4399519302906136, 2.494880951367892, 2.6446860019977274, 2.521051076742319, 2.4518752220349436, 2.5270431622480736, 2.56513263629033, 2.46993656647511, 2.469040262393462, 2.5851382597898827, 2.613382483140016, 2.4244797443732238, 2.62869900617844, 2.5181416334250035, 2.472638276907114, 2.547236136901073, 2.4184718376550918, 2.7405344675748777, 2.704198482709053, 2.466293692588806, 2.6347239903914623, 2.4389352034299803, 2.4461410229022684, 2.485116903598492, 2.3832236986893873, 2.520102687371083, 2.471206396053999, 2.616482215049939, 2.6358749835919113, 2.604580738605597, 2.534905889095404, 2.7619440158208213, 2.493995956885509, 2.3992967147093553, 2.593337976015531, 2.49810944765042, 2.497931177799518, 2.368036817281674, 2.683678856262794, 2.52632326957507, 2.4638392252799792, 2.5075177259934254, 2.4673555814302883, 2.488697975109785, 2.5321071545283, 2.45098898655329, 2.5513444130237284, 2.6143004344059873, 2.4216350592099705, 2.616688508253831, 2.3818182731286073, 2.331894990725395, 2.4188727048727183, 2.453701682579823, 2.6745479809932218, 2.375258833934099, 2.6083035988685412, 2.6755853432875414, 2.440933135839609, 2.5172815781373243, 2.4497061295387073, 2.5564332405726113, 2.5547902095012174, 2.4771248407852955, 2.54398250579834], "train_accuracies": [0.10817307692307693, 0.09965945512820513, 0.10006009615384616, 0.09705528846153846, 0.10106169871794872, 0.09705528846153846, 0.09505208333333333, 0.09835737179487179, 0.09795673076923077, 0.10026041666666667, 0.0967548076923077, 0.09795673076923077, 0.09935897435897435, 0.09945913461538461, 0.09935897435897435, 0.09425080128205128, 0.10196314102564102, 0.10286458333333333, 0.10266426282051282, 0.10016025641025642, 0.10857371794871795, 0.09965945512820513, 0.09815705128205128, 0.09795673076923077, 0.10046073717948718, 0.10116185897435898, 0.09565304487179487, 0.10276442307692307, 0.10176282051282051, 0.10046073717948718, 0.09905849358974358, 0.10046073717948718, 0.10096153846153846, 0.10166266025641026, 0.09765625, 0.10787259615384616, 0.09935897435897435, 0.10166266025641026, 0.09965945512820513, 0.1031650641025641, 0.10196314102564102, 0.10206330128205128, 0.09795673076923077, 0.09835737179487179, 0.10186298076923077, 0.09725560897435898, 0.09785657051282051, 0.10146233974358974, 0.09875801282051282, 0.09725560897435898, 0.1063701923076923, 0.09445112179487179, 0.10206330128205128, 0.09825721153846154, 0.09845753205128205, 0.0992588141025641, 0.10416666666666667, 0.09595352564102565, 0.10426682692307693, 0.09635416666666667, 0.10046073717948718, 0.10967548076923077, 0.10216346153846154, 0.1024639423076923, 0.1038661858974359, 0.09705528846153846, 0.10296474358974358, 0.09875801282051282, 0.0999599358974359, 0.10036057692307693, 0.09825721153846154, 0.09905849358974358, 0.09915865384615384, 0.10086137820512821, 0.09815705128205128, 0.10326522435897435, 0.09865785256410256, 0.10106169871794872, 0.09645432692307693, 0.10436698717948718, 0.10396634615384616, 0.10436698717948718, 0.0992588141025641, 0.09705528846153846, 0.10116185897435898, 0.09615384615384616, 0.09725560897435898, 0.10086137820512821, 0.09835737179487179, 0.0967548076923077, 0.09865785256410256, 0.1024639423076923, 0.10056089743589744, 0.09725560897435898, 0.09795673076923077, 0.09815705128205128, 0.10096153846153846, 0.09695512820512821, 0.10476762820512821, 0.1006610576923077, 0.10056089743589744],