{"testproblem": "mnist_mlp", "batch_size": 128, "num_epochs": 100, "random_seed": 42, "weight_decay": null, "optimizer_hyperparams": {"lr": 0.006309573444801936, "momentum": 0.99}, "train_losses": [2.3034798334806394, 0.1963478779563537, 0.07880501907605392, 0.047330673616857104, 0.03743841071637013, 0.031145122833549976, 0.028205781028820917, 0.01616892013221215, 0.01647548160205285, 0.01779120608877677, 0.022064642932934638, 0.0070860858958883164, 0.008734963285044217, 0.006656147085894377, 0.00883702289026517, 0.003241498071031693, 0.006798865536275582, 0.004118639593705153, 0.008501095673403678, 0.0025438923293199293, 0.005032234705793552, 0.0034067914463006533, 0.001643013209104538, 0.0013401143443890107, 0.0009110788217721841, 0.0006445694046142774, 6.697154962099515e-05, 0.00042009367965734924, 3.3316847223501936e-05, 2.635857806755946e-05, 1.7958860366772384e-05, 1.664182696587e-05, 1.7907948066026736e-05, 1.3128496133364164e-05, 3.907375801832248e-05, 1.3698752109821025e-05, 1.2428523638309576e-05, 1.3705534048569509e-05, 1.353474381642464e-05, 1.0410467019447913e-05, 1.1646021635104449e-05, 9.125719467798868e-06, 9.66846560820555e-06, 8.746599539732322e-06, 2.2104344306847987e-05, 2.0655827262462713e-05, 9.571321499653352e-06, 8.505888474293244e-06, 7.954449989856817e-06, 7.883956034978231e-06, 8.539607127507528e-06, 7.141763583207742e-06, 8.136702653689263e-06, 6.646873095096686e-06, 1.4877997529812348e-05, 6.715074563637758e-06, 1.385382925852751e-05, 6.8442179606511045e-06, 6.19353392185309e-06, 5.946422998721783e-06, 6.686514004682883e-06, 5.787477279320741e-06, 6.232792750383035e-06, 6.407785874146682e-06, 6.130777108363616e-06, 6.041943262784909e-06, 5.978613327711057e-06, 6.233747953023666e-06, 5.109283404472547e-06, 5.078907960500473e-06, 4.87258419012412e-06, 7.794453547551082e-06, 5.2575308542985185e-06, 4.339772157180004e-06, 5.3124550061348155e-06, 4.2940179506937666e-06, 4.494992586282583e-06, 7.478185953238071e-06, 4.649162292480469e-06, 3.889967233706743e-06, 7.6168813766577305e-06, 7.266035446753869e-06, 3.9227306842803955e-06, 3.39545882665194e-06, 3.6252805819878213e-06, 3.2554261195353974e-06, 3.369763875618959e-06, 3.45840668066954e-06, 4.0245552857716875e-06, 3.8591141884143535e-06, 3.499289353688558e-06, 3.38017558440184e-06, 3.264500544621394e-06, 3.827496981009459e-06, 4.0035408276778e-06, 3.545425641231048e-06, 3.21731353417421e-06, 5.9545422211671485e-06, 3.5846844697609927e-06, 3.401667643816043e-06, 3.388103766319079e-06], "test_losses": [2.3034419279832106, 0.19211096292695937, 0.10404197995861371, 0.08361203037202358, 0.07793571131351666, 0.07254946862275784, 0.07712002048412195, 0.08456409729730624, 0.08984279544212115, 0.09461530338590726, 0.10296096705282345, 0.08183618749563511, 0.08271346642420842, 0.0774256872634093, 0.09203773894562171, 0.09048407613180387, 0.09601883819470039, 0.09308366343761101, 0.11615049967972133, 0.10135042839325391, 0.1077778425354224, 0.10709676712464827, 0.09192707334668973, 0.08953239348454353, 0.09307533717499329, 0.09511231898497312, 0.09573235042775288, 0.09727226890241489, 0.0959546108945058, 0.09634341996831772, 0.09681789968640377, 0.09724321006200252, 0.0977365487279036, 0.0980973141029095, 0.09839321510531963, 0.09868414308398198, 0.09902659679452579, 0.09930244981287381, 0.09955055591387627, 0.09976877463169587, 0.10001909350737548, 0.10035596530024822, 0.10050877169347726, 0.10073712983956704, 0.10096148688059586, 0.10119014581999718, 0.10138584014314872, 0.10156995803117752, 0.10177928605713905, 0.10194245625573856, 0.10210519126401497, 0.10229522949801041, 0.10245966500578782, 0.10263664098695302, 0.10280956022250347, 0.1029431313658372, 0.10308305599177495, 0.10324597693024537, 0.10340300775491275, 0.10356368014636712, 0.103699950596843, 0.10384627794608092, 0.10396184390171981, 0.10412282353410354, 0.10424976475918904, 0.10439102824490804, 0.10450196175430065, 0.10462737508500233, 0.10475109059077042, 0.10486669107698478, 0.10497453402823363, 0.10510038503278525, 0.1052176384971692, 0.10532204911876948, 0.1054452914171494, 0.10553694425676113, 0.10563901019019958, 0.1057278215407561, 0.10583567003218028, 0.10594470345248015, 0.10602476982734142, 0.10613428973234616, 0.10621345621079971, 0.10630754037545277, 0.10639836008732136, 0.10649921415516964, 0.10657757902756715, 0.10665262504838981, 0.1067592430477723, 0.10683526370960933, 0.10690944952269395, 0.10700009385935771, 0.10708991777247344, 0.10716946327533478, 0.10724125353571697, 0.107324806925578, 0.10740544002216595, 0.10747091042307708, 0.10755519707424518, 0.10764041332862316, 0.10771052095179375], "train_accuracies": [0.08543669871794872, 0.9426081730769231, 0.9758613782051282, 0.9849759615384616, 0.9886818910256411, 0.9897836538461539, 0.991386217948718, 0.9944911858974359, 0.9949919871794872, 0.9938902243589743, 0.992988782051282, 0.9977964743589743, 0.9974959935897436, 0.9974959935897436, 0.9967948717948718, 0.9993990384615384, 0.9975961538461539, 0.9986979166666666, 0.9971955128205128, 0.9988982371794872, 0.9981971153846154, 0.9986979166666666, 0.9993990384615384, 0.9996995192307693, 0.9997996794871795, 0.9998998397435898, 1.0, 0.9998998397435898, 1.0, 1.0, 1.0, 1.0, 1.0, 1.0, 1.0, 1.0, 1.0, 1.0, 1.0, 1.0, 1.0, 1.0, 1.0, 1.0, 1.0, 1.0, 1.0, 1.0, 1.0, 1.0, 1.0, 1.0, 1.0, 1.0, 1.0, 1.0, 1.0, 1.0, 1.0, 1.0, 1.0, 1.0, 1.0, 1.0, 1.0, 1.0, 1.0, 1.0, 1.0, 1.0, 1.0, 1.0, 1.0, 1.0, 1.0, 1.0, 1.0, 1.0, 1.0, 1.0, 1.0, 1.0, 1.0, 1.0, 1.0, 1.0, 1.0, 1.0, 1.0, 1.0, 1.0, 1.0, 1.0, 1.0, 1.0, 1.0, 1.0, 1.0, 1.0, 1.0, 1.0], "test_accuracies": [0.08383413461538461, 0.9417067307692307, 0.967948717948718, 0.9743589743589743, 0.9756610576923077, 0.9802684294871795, 0.9785657051282052, 0.9780649038461539, 0.9778645833333334, 0.9767628205128205, 0.9738581730769231, 0.9801682692307693, 0.9811698717948718, 0.9817708333333334, 0.9798677884615384, 0.9808693910256411, 0.9793669871794872, 0.9811698717948718, 0.9797676282051282, 0.9816706730769231, 0.9798677884615384, 0.9811698717948718, 0.9834735576923077, 0.9837740384615384, 0.9833733974358975, 0.9838741987179487, 0.9836738782051282, 0.9831730769230769, 0.9838741987179487, 0.9838741987179487, 0.9838741987179487, 0.9839743589743589, 0.9839743589743589, 0.9839743589743589, 0.9839743589743589, 0.9840745192307693, 0.9840745192307693, 0.9841746794871795, 0.9840745192307693, 0.9840745192307693, 0.9840745192307693, 0.9840745192307693, 0.9840745192307693, 0.9841746794871795, 0.9841746794871795, 0.9841746794871795, 0.9841746794871795, 0.9842748397435898, 0.9842748397435898, 0.9842748397435898, 0.984375, 0.9844751602564102, 0.9844751602564102, 0.9844751602564102, 0.9844751602564102, 0.9844751602564102, 0.9844751602564102, 0.9844751602564102, 0.9844751602564102, 0.984375, 0.9844751602564102, 0.9844751602564102, 0.9844751602564102, 0.9844751602564102, 0.984375, 0.984375, 0.984375, 0.984375, 0.984375, 0.984375, 0.984375, 0.984375, 0.9844751602564102, 0.9844751602564102, 0.9844751602564102, 0.9844751602564102, 0.9844751602564102, 0.9844751602564102, 0.9844751602564102, 0.9845753205128205, 0.9845753205128205, 0.9845753205128205, 0.9845753205128205, 0.9845753205128205, 0.9845753205128205, 0.9845753205128205, 0.9845753205128205, 0.9845753205128205, 0.9846754807692307, 0.9846754807692307, 0.9846754807692307, 0.9846754807692307, 0.9846754807692307, 0.9846754807692307, 0.9846754807692307, 0.9847756410256411, 0.9847756410256411, 0.9847756410256411, 0.9848758012820513, 0.9847756410256411, 0.9848758012820513], "analyzable_training_params": {"lr_sched_epochs": null, "lr_sched_factors": null}}