{"testproblem": "fmnist_mlp", "batch_size": 128, "num_epochs": 100, "random_seed": 42, "weight_decay": null, "optimizer_hyperparams": {"lr": 39.81071705534978}, "train_losses": [2.3021158377329507, 3729640.456979923, 15.337501978262877, 12.473926813174517, 19.366735262748524, 20.760047765878532, 25.96641445159912, 16.42425367159721, 16.26055529178717, 17.976786711277107, 14.580765002813095, 20.740204884455753, 18.601231795090897, 16.551174249404514, 22.625452335064228, 16.083400689638577, 11.033575302515274, 10.836505682040483, 12.907473894265982, 14.834620267916948, 16.95249743339343, 10.60444038342207, 17.19570304185916, 12.024378727643917, 10.05140138283754, 16.080403560247177, 18.651299794514973, 28.917429068149666, 15.069299600063227, 14.774467553847876, 13.895668604435064, 19.04578502361591, 14.03396637011797, 18.040963295178535, 21.29199729821621, 11.881275592706142, 10.559608948536408, 9.269975937329805, 20.6700845742837, 15.206666347308037, 16.106341814383484, 16.270516285529503, 16.540507744520138, 15.933387621855124, 15.433521918761425, 9.644658076457489, 12.520587603251139, 12.006184431222769, 14.259879405681904, 12.670266603812193, 13.816723273350643, 11.112658072740604, 13.906748429322855, 14.669481130746695, 11.765977419339693, 18.30564931722788, 23.343750073359562, 17.72398399695372, 14.950943641173534, 26.343529358888283, 19.118347070156, 10.993351043798985, 12.812601187290289, 29.812007781786797, 13.991000554500483, 14.823850216009678, 19.279812103662735, 14.077637892503004, 19.692868061554737, 16.037379350417698, 15.78963922842955, 8.87985662313608, 19.83604859083127, 21.267710318932167, 12.142979548527645, 21.08373869382418, 25.341236701378456, 14.215130133506579, 15.018393858885153, 18.886504319997933, 21.29724050179506, 11.317801316579184, 10.118754704793295, 20.923687054560734, 16.431942218389267, 10.870203507252228, 16.65187599720099, 11.828111929771227, 16.142635052020733, 23.013167112301556, 17.492013197678787, 15.915123364864252, 16.248725499862278, 9.676833201677372, 9.424509812624027, 21.73109775934464, 14.785777226472513, 14.78092346435938, 17.863491865304802, 14.444993850512382, 16.624620168637005], "test_losses": [2.3022368321051965, 9.378745641463842, 15.104204569107447, 12.602734639094425, 19.373273360423553, 20.55426719861153, 26.03118101755778, 16.436829236837532, 16.349665605104885, 17.798039803138145, 14.627509887401875, 20.74840680146829, 18.321239593701485, 16.480473139347176, 22.477355981484436, 15.871726292830248, 11.046645824725811, 10.806919171259953, 12.880355896093906, 14.695690998664269, 17.004995174897022, 10.613672146430382, 17.30091142654419, 12.090991753798265, 10.022012637211727, 16.27764577132005, 18.782674116966053, 28.768194956657215, 15.145083806453608, 14.849126180013021, 14.083968272575966, 18.94514203682924, 14.093500418540758, 18.01549411431337, 21.217560058985, 12.092009947850155, 10.532028369414501, 9.222868240796602, 20.858469645182293, 15.127837401169996, 16.3263140580593, 16.427021210010235, 16.671711383721767, 16.00714973302988, 15.420538987868872, 9.617871993627304, 12.632157240158472, 11.909107941847582, 14.3188366156358, 12.851395741487162, 13.930953563787998, 11.088497112958859, 13.813553565587753, 14.615939849462265, 11.757955245482616, 18.08814336092044, 23.12892326941857, 17.662081339420418, 14.941470195085575, 26.466932663550743, 18.982704798380535, 10.978928920550224, 12.759606520334879, 29.45858534788474, 14.10648861909524, 14.982829790848951, 19.295440331483498, 14.153441991561499, 19.496121431008362, 15.990503567915697, 15.970305993006779, 8.873587284332666, 19.804576678153797, 21.02749831859882, 12.300753556765043, 20.913367026891464, 25.29352559798803, 14.274246472578783, 15.070083764883188, 18.977636789664245, 21.283292134602863, 11.506036293812286, 10.089946649013422, 20.95330952375363, 16.330173724736923, 10.824719404562925, 16.544138125884228, 11.79682818437234, 15.966351851438864, 22.88183818719326, 17.44095928241045, 15.814343599172739, 16.165349434583614, 9.661881018907597, 9.49459266051268, 21.587075233459473, 14.687798133263222, 14.732118838872665, 18.07803828899677, 14.580795226952969, 16.661954684135242], "train_accuracies": [0.10817307692307693, 0.09835737179487179, 0.0999599358974359, 0.10667067307692307, 0.0999599358974359, 0.09665464743589744, 0.09495192307692307, 0.09985977564102565, 0.10276442307692307, 0.10006009615384616, 0.10136217948717949, 0.0914463141025641, 0.09425080128205128, 0.0985576923076923, 0.10266426282051282, 0.10006009615384616, 0.10196314102564102, 0.10016025641025642, 0.09885817307692307, 0.10266426282051282, 0.09715544871794872, 0.09945913461538461, 0.09915865384615384, 0.10406650641025642, 0.10046073717948718, 0.09705528846153846, 0.10036057692307693, 0.09725560897435898, 0.10106169871794872, 0.10226362179487179, 0.10677083333333333, 0.0967548076923077, 0.10266426282051282, 0.09665464743589744, 0.09945913461538461, 0.10757211538461539, 0.09515224358974358, 0.10026041666666667, 0.10216346153846154, 0.09815705128205128, 0.09775641025641026, 0.09975961538461539, 0.09845753205128205, 0.10206330128205128, 0.09895833333333333, 0.09695512820512821, 0.10016025641025642, 0.10106169871794872, 0.09975961538461539, 0.10076121794871795, 0.10146233974358974, 0.10166266025641026, 0.10196314102564102, 0.09795673076923077, 0.10116185897435898, 0.1015625, 0.10286458333333333, 0.10126201923076923, 0.09815705128205128, 0.09795673076923077, 0.09425080128205128, 0.10036057692307693, 0.09685496794871795, 0.09735576923076923, 0.10176282051282051, 0.10176282051282051, 0.10566907051282051, 0.09475160256410256, 0.09725560897435898, 0.10076121794871795, 0.10356570512820513, 0.09945913461538461, 0.10426682692307693, 0.09745592948717949, 0.10096153846153846, 0.09825721153846154, 0.09515224358974358, 0.09835737179487179, 0.0999599358974359, 0.09935897435897435, 0.09715544871794872, 0.10436698717948718, 0.09965945512820513, 0.1015625, 0.09935897435897435, 0.10016025641025642, 0.1024639423076923, 0.09865785256410256, 0.09805689102564102, 0.09935897435897435, 0.10216346153846154, 0.10196314102564102, 0.09705528846153846, 0.09705528846153846, 0.10406650641025642, 0.0967548076923077, 0.10016025641025642, 0.10106169871794872, 0.10446714743589744, 0.10266426282051282, 0.10226362179487179],