{"testproblem": "fmnist_mlp", "batch_size": 128, "num_epochs": 100, "random_seed": 42, "weight_decay": null, "optimizer_hyperparams": {"lr": 0.06309573444801936}, "train_losses": [2.3021158377329507, 1.0839815483643458, 1.5461254929884887, 1.0990077723295262, 0.9872737618593069, 1.0484995727355664, 0.9295233304683979, 0.9313530088999332, 0.8424777526121873, 1.1410846351048884, 1.0290707494968023, 0.8150257246616559, 0.851128394022966, 0.9072725642950107, 0.8504753403174572, 1.1584763664465685, 1.3091429808200934, 25.822834675128643, 1.832933560395852, 1.7052464485168457, 1.7120441427597632, 1.7051508732331104, 1.70475334693224, 1.7205973191139026, 1.7020698953897526, 1.6936144630114238, 1.7045095883882964, 1.7076505988072126, 1.701737987689483, 1.7101497527880547, 1.7106878971442199, 1.705410396441435, 1.7074368871175325, 1.7019433333323553, 1.7046450452926831, 1.704248526157477, 1.702691525985033, 1.7002086028074608, 1.699844635449923, 1.704532606479449, 1.715304895853385, 1.703065846210871, 1.6997445302131848, 1.6998617297563798, 1.7050591141749651, 1.7026844666554377, 1.695409676967523, 1.7076155252945728, 1.7112038884407434, 1.703899010633811, 1.701629326893733, 1.7015354465215633, 1.7011553538151276, 1.7099200395437388, 1.7091499780997252, 1.7049255814307775, 1.7090055163090045, 1.7031053824302478, 1.7058974519754067, 1.7039893590486968, 1.7040054920392158, 1.703516090527559, 1.705974008792486, 1.7044519033187475, 1.714855242998172, 1.7022518958800879, 1.7134643502724476, 1.701819895169674, 1.7058619597019293, 1.7062348692845075, 1.7043545215557783, 1.707277672413068, 1.7019080962890234, 1.6988458511156914, 1.7080502831018889, 1.7099183003107707, 1.7044447354781322, 1.7072305113841326, 1.7047462707910783, 1.7089619071055682, 1.705110979385865, 1.6997397939364116, 1.7159532476694157, 1.7007967417056744, 1.7094339330991108, 1.7115905789228587, 1.7083968397898552, 1.7097002451236432, 1.7084884414306054, 1.7055763021493568, 1.7153916450647206, 1.7052041292190552, 1.7031741509070764, 1.6955583538764563, 1.704276407376314, 1.7040409522178845, 1.7049347437345064, 1.6963744362195332, 1.7013884278444142, 1.7145731571393135, 1.7132855485647152], "test_losses": [2.3022368321051965, 1.1027266956292665, 1.5614650325897412, 1.1115417174803905, 1.0117029616465936, 1.0858076444038978, 0.9432603120803833, 0.9449057877063751, 0.8594814317348676, 1.1625966437352009, 1.0554304619630177, 0.8334289559951196, 0.8863396728650118, 0.9364540905524523, 0.8845066542808826, 1.152869926049159, 1.3137264542090588, 26.045890661386345, 1.8215468250788176, 1.7180494482700641, 1.712993785356864, 1.7085906863212585, 1.713442284327287, 1.7143698609792268, 1.7103421229582567, 1.709731788207323, 1.7112636000682147, 1.709725878177545, 1.7129433812239232, 1.7157253271494157, 1.7119993231235406, 1.70844505689083, 1.7130693655747633, 1.7080973478463979, 1.7088743876188228, 1.7137507994969685, 1.7120277484258015, 1.7084328058438423, 1.709516907349611, 1.708819398513207, 1.7183457933939421, 1.7112241830581274, 1.7088822890550663, 1.7099676162768633, 1.7116451599659064, 1.7116305308464246, 1.710450821962112, 1.7177491677113068, 1.7069320311913123, 1.7090034943360548, 1.7097671444599445, 1.709112978898562, 1.7110404677880116, 1.7102588965342596, 1.7131903339654972, 1.7084670586463733, 1.712708363166222, 1.7122105084932768, 1.7129597006699977, 1.7075314368957129, 1.708662204253368, 1.7080472906430562, 1.711126018793155, 1.7074140432553413, 1.7130520603595636, 1.7103752768956697, 1.710062557306045, 1.712455615019187, 1.7133068090830095, 1.7139636858915672, 1.7090855684035864, 1.711894507591541, 1.7116076212662916, 1.7093222859578254, 1.7081696635637529, 1.7117965878584447, 1.7130657785978072, 1.7138845721880596, 1.7099876663623712, 1.7153283923100202, 1.7122643482990754, 1.7112120665036714, 1.7139895145709698, 1.7093534576587188, 1.7107355747467432, 1.711536439565512, 1.7148377834222255, 1.718681893287561, 1.7139401328869355, 1.7087829403388195, 1.715180869285877, 1.711673317811428, 1.7093849273828359, 1.7092709571887286, 1.712026787109864, 1.7083674195485237, 1.7132514103865013, 1.709002204430409, 1.706374202019129, 1.7165635121174347, 1.7143389475651276], "train_accuracies": [0.10817307692307693, 0.5726161858974359, 0.34785657051282054, 0.5419671474358975, 0.6203926282051282, 0.5680088141025641, 0.6477363782051282, 0.6428285256410257, 0.6933092948717948, 0.5623998397435898, 0.5436698717948718, 0.6884014423076923, 0.6744791666666666, 0.6418269230769231, 0.6722756410256411, 0.5135216346153846, 0.4439102564102564, 0.30128205128205127, 0.1974158653846154, 0.1974158653846154, 0.19020432692307693, 0.19421073717948717, 0.18850160256410256, 0.19951923076923078, 0.20112179487179488, 0.20002003205128205, 0.2026241987179487, 0.19831730769230768, 0.19911858974358973, 0.19831730769230768, 0.19100560897435898, 0.19861778846153846, 0.19811698717948717, 0.19731570512820512, 0.19220753205128205, 0.20392628205128205, 0.19861778846153846, 0.19250801282051283, 0.203125, 0.18489583333333334, 0.19841746794871795, 0.2029246794871795, 0.20442708333333334, 0.19441105769230768, 0.19701522435897437, 0.2036258012820513, 0.19881810897435898, 0.1969150641025641, 0.20092147435897437, 0.1999198717948718, 0.19661458333333334, 0.2015224358974359, 0.2029246794871795, 0.1958133012820513, 0.19330929487179488, 0.19170673076923078, 0.19421073717948717, 0.2029246794871795, 0.20022035256410256, 0.19411057692307693, 0.18970352564102563, 0.19751602564102563, 0.19340945512820512, 0.19781650641025642, 0.20232371794871795, 0.1976161858974359, 0.1960136217948718, 0.19831730769230768, 0.1969150641025641, 0.1999198717948718, 0.20052083333333334, 0.20172275641025642, 0.19681490384615385, 0.20122195512820512, 0.19541266025641027, 0.19381009615384615, 0.19060496794871795, 0.19641426282051283, 0.19701522435897437, 0.19451121794871795, 0.19811698717948717, 0.2008213141025641, 0.2026241987179487, 0.19010416666666666, 0.1969150641025641, 0.19791666666666666, 0.1987179487179487, 0.20202323717948717, 0.19681490384615385, 0.20452724358974358, 0.19791666666666666, 0.203125, 0.19881810897435898, 0.20232371794871795, 0.19421073717948717, 0.19471153846153846, 0.20282451923076922, 0.1997195512820513, 0.19861778846153846, 0.19651442307692307, 0.19471153846153846],