{"train_losses": [353.9337594168527, 343.9442792619978, 334.3628714425223, 325.1725551060268, 316.3571341378348, 307.9010489327567, 299.78939383370533, 292.00789533342635, 284.5428946358817, 277.3813040597098, 270.5105678013393, 263.91866629464283, 257.5940726143973, 251.5257524762835, 245.70315769740515, 240.11614554268974, 234.75497218540735, 229.6103799002511, 224.6734335763114, 219.93558393205916, 215.38866097586495, 211.02481297084265, 206.8365238734654, 202.81659371512276, 198.9581059047154, 195.25445774623327, 191.69927978515625, 188.28653826032365, 185.01036725725447, 181.86519295828683, 178.8456813267299, 175.9466814313616, 173.16328648158483, 170.49075535365515, 167.92459978376115, 165.4604731968471, 163.094233921596, 160.82190159388952, 158.63965933663505, 156.54383414132255, 154.53093610491072, 152.59758649553572, 150.74056570870536, 148.956782749721, 147.24328395298548, 145.59722028459822, 144.01586042131697, 142.49658857073103, 141.0369142804827, 139.63441576276506, 138.2867889404297, 136.9918452671596, 135.74744742257255, 134.5515627179827, 133.4022500174386, 132.29763248988561, 131.23592158726282, 130.21539742606026, 129.2344033377511, 128.2913600376674, 127.38475145612445, 126.51312364850726, 125.67507825578961, 124.86926160539899, 124.09441484723773, 123.34928458077567, 122.63269151960101, 121.94349888392857, 121.28062329973493, 120.64301300048828, 120.02966962541852, 119.43963514055524, 118.87197004045758, 118.32580239432198, 117.80028097970145, 117.29458618164062, 116.80793871198382, 116.33958653041294, 115.88880920410156, 115.45491136823382, 115.0372292654855, 114.63512638636998, 114.24799455915179, 113.87523978097099, 113.51630401611328, 113.17063903808594, 112.83772604806083, 112.51707676478794, 112.20820072719029, 111.91064126150948, 111.62396349225726, 111.34773690359933, 111.08155059814453, 110.82502201625279, 110.57777295793805, 110.33944593157086, 110.1096910749163, 109.88817596435547, 109.67458888462612, 109.46861703055245, 109.26996503557477], "test_losses": [353.44676426478793, 343.527579171317, 334.01476614815846, 324.8914053780692, 316.1413356236049, 307.74903651646207, 299.69964599609375, 291.97892107282365, 284.57323782784596, 277.46954345703125, 270.6553061349051, 264.1185542515346, 257.8478022984096, 251.83201599121094, 246.0606972830636, 240.52371433803015, 235.21138872419084, 230.11446707589286, 225.22403826032365, 220.5315944126674, 216.02898297991072, 211.70838274274553, 207.56229727608817, 203.58355494907923, 199.76527186802454, 196.10084097726005, 192.58394731794084, 189.20856148856026, 185.9688502720424, 182.85926382882255, 179.87447248186385, 177.0093514578683, 174.25901576450892, 171.61875479561942, 169.0840846470424, 166.65068708147322, 164.3144269670759, 162.07134573800224, 159.9176526750837, 157.84969438825334, 155.8639678955078, 153.95714460100447, 152.1260049002511, 150.36747523716517, 148.67861938476562, 147.0565948486328, 145.49869646344865, 144.00231715611048, 142.5649697440011, 141.18426077706474, 139.85789271763392, 138.5836900983538, 137.35953412737166, 136.1833953857422, 135.0533447265625, 133.96752602713448, 132.9241463797433, 131.92151205880302, 130.95796857561385, 130.0319551740374, 129.14196123395647, 128.28653717041016, 127.46429661342076, 126.67391204833984, 125.91410391671317, 125.18365042550224, 124.4813733782087, 123.80615234375, 123.15690503801618, 122.53258514404297, 121.93220520019531, 121.35481480189732, 120.79948970249721, 120.26535361153739, 119.75157165527344, 119.25732530866351, 118.78184618268695, 118.3243898664202, 117.88423374720982, 117.46070098876953, 117.0531256539481, 116.66088213239398, 116.28336443219867, 115.91998726981026, 115.57019914899554, 115.23345511300224, 114.90924399239677, 114.59707641601562, 114.29647827148438, 114.00698743547711, 113.72818320138114, 113.45962415422711, 113.20092882428851, 112.95169830322266, 112.7115718296596, 112.48018646240234, 112.25719778878349, 112.04228755405971, 111.83513641357422, 111.63543919154576, 111.44290924072266],