{"train_losses": [353.9337594168527, 6428.420549665178, 73772.56584821429, 74483.71875, 38225.81194196428, 6204.38037109375, 938.4103393554688, 4846.486118861607, 1088.3265032087054, 496.56109619140625, 585.5790666852679, 150.2061767578125, 196.98226710728235, 137.89098249162947, 132.5377687726702, 131.87935311453683, 94.61259242466518, 91.1213847569057, 88.82232557024274, 88.24490901402065, 86.4303959437779, 87.17027173723493, 87.58416421072823, 87.89880916050502, 88.1153564453125, 88.28559221540179, 88.70511300223214, 89.26073564801898, 89.92953055245536, 91.76861136300224, 97.63103267124721, 108.90748705182757, 117.34366607666016, 112.06154305594308, 98.0555670601981, 90.20547812325614, 89.48514011928013, 88.40296064104352, 88.45132337297711, 97.15662057059151, 119.26641736711774, 148.73698207310267, 171.2487291608538, 177.1225869315011, 166.07337733677454, 144.97019740513392, 123.79807608468192, 109.56643458775112, 103.30213601248605, 103.2822265625, 109.26504516601562, 123.09127044677734, 146.4195077078683, 178.08489990234375, 213.51234218052454, 246.90875898088728, 273.8550371442522, 292.0790536063058, 300.7800074986049, 299.73144095284596, 288.62219674246654, 266.25848170689176, 230.18145533970423, 179.93987165178572, 126.3297587803432, 94.76639556884766, 91.27380916050502, 103.87112317766461, 95.10228184291294, 110.42381286621094, 167.25774492536272, 2384.3665945870534, 1377.8563755580358, 585.9383719308036, 99.5954360961914, 227.11174665178572, 168.10082353864397, 102.40453338623047, 102.97535378592355, 116.7642571585519, 135.81056758335657, 167.67791748046875, 214.2993883405413, 257.1648472377232, 258.0419464111328, 208.60375104631697, 166.97160121372767, 157.72333199637276, 149.73498753138952, 119.0672858101981, 90.13927895682198, 146.4776109967913, 366.56781005859375, 2481.978097098214, 1003.0967232840402, 472.37850516183033, 196.18661063058036, 116.59896523611886, 122.2797350202288, 136.4262956891741, 139.0504433768136], "test_losses": [353.44676426478793, 6451.908900669643, 73747.35379464286, 74497.96651785714, 38223.791294642855, 6211.710100446428, 941.4504743303571, 4844.675502232143, 1091.0824497767858, 499.74554443359375, 587.0699811662946, 151.6553497314453, 198.73215811593192, 139.23323931012834, 132.92766462053572, 132.23358372279577, 96.03413827078683, 93.31132180350167, 90.89527457101005, 90.11402784075055, 88.81244877406529, 89.4176504952567, 89.90612139020648, 90.14285169328961, 90.46373312813895, 90.60515594482422, 91.0538558959961, 91.59332929338727, 92.15127890450614, 93.76001521519252, 99.2226333618164, 110.02583639962333, 118.16077314104352, 112.92605481828961, 99.2911398751395, 91.89505985804966, 91.41532897949219, 90.25454493931362, 89.97117287772042, 98.17239052908761, 119.68831307547433, 148.6104474748884, 170.75647626604353, 176.51068333217077, 165.5811309814453, 144.7774897984096, 123.98337009974888, 110.09605189732143, 104.06644112723214, 104.15493338448661, 110.14850289481026, 123.94264657156808, 147.25917053222656, 178.9777592250279, 214.52846200125558, 248.08002580915178, 275.1482238769531, 293.4024353027344, 302.0226048060826, 300.81116158621654, 289.52005440848217, 267.0391540527344, 231.01209586007255, 181.10571071079798, 128.18401445661272, 97.47188241141183, 94.25708552769252, 106.00132969447544, 97.62981959751674, 112.10965510777065, 171.70213535853796, 2375.061941964286, 1371.064208984375, 582.4551217215402, 102.2702386038644, 233.08975873674666, 173.11802455357142, 105.58994511195591, 105.0205307006836, 118.25915091378349, 136.85154288155692, 168.13038853236608, 214.08074297223772, 256.4412057059152, 257.3370165143694, 208.6513192313058, 168.19073704310827, 159.5461164202009, 151.05513654436385, 120.92124829973493, 93.45115552629743, 149.0730939592634, 374.9665788922991, 2473.598876953125, 998.9795357840402, 471.42222377232144, 197.07742309570312, 118.79399980817523, 124.91147068568638, 138.9627729143415, 141.54427664620536], "minibatch_train_losses": [369.72540283203125, 967741.6875, 69457.6484375, 212398.609375, 547591.875, 418451.8125, 129240.9921875, 6442.04248046875, 108886.1015625, 251412.265625, 256537.984375, 139861.40625, 27417.16015625, 8567.84765625, 73985.4921875, 137052.671875, 132096.203125, 70683.3046875, 12919.08203125, 4550.7646484375, 40301.15625, 74219.265625, 71489.15625, 37336.63671875, 5882.46240234375, 3201.14306640625, 24033.6015625, 42160.59375, 38419.3046875, 17664.25390625, 1607.993408203125, 3642.9296875, 16899.60546875, 24930.83984375, 18755.025390625, 6133.841796875, 230.80897521972656, 4790.93017578125, 12351.923828125, 13685.4560546875, 7284.0673828125, 1027.718505859375, 908.9439086914062, 5472.849609375, 8310.55859375, 6080.2861328125, 1652.76025390625, 161.14251708984375, 2365.64501953125, 4908.3798828125, 4244.27392578125, 1527.047607421875, 118.79226684570312, 1180.3817138671875, 2875.245849609375, 2715.11962890625, 1056.2008056640625, 112.171875, 716.1983642578125, 1700.0802001953125, 1667.8199462890625, 635.7699584960938, 96.89056396484375, 477.6553039550781, 1077.4202880859375, 996.0513916015625, 387.7371826171875, 96.79810333251953, 393.4078369140625, 716.3358154296875, 609.0416259765625, 212.2208251953125, 130.7330322265625, 375.6501159667969, 493.29010009765625, 354.134521484375, 115.82030487060547, 159.93431091308594, 338.0635986328125, 349.1698303222656, 167.64013671875, 97.2193832397461, 192.9152069091797, 266.74005126953125, 188.54443359375, 106.63514709472656, 137.41477966308594, 168.32589721679688, 197.001953125, 123.53922271728516, 89.59149932861328, 132.64141845703125, 144.57611083984375, 163.43991088867188, 106.10581970214844, 108.402587890625, 137.64817810058594, 108.86445617675781, 135.04403686523438, 92.82948303222656, 133.75015258789062, 150.45706176757812, 100.64877319335938, 121.76390075683594, 86.44754028320312, 135.78335571289062, 121.86498260498047, 98.00105285644531, 133.99322509765625, 103.57740783691406, 119.59310150146484, 95.64515686035156, 96.3804702758789, 114.9639663696289, 98.29769897460938, 108.99227905273438, 100.83159637451172, 97.89777374267578, 93.24288940429688, 91.63697814941406, 88.32849884033203, 94.08860778808594, 95.72212219238281, 89.41706085205078, 90.3890151977539, 80.82533264160156, 89.1871337890625, 84.02630615234375, 92.111328125, 94.86296844482422, 84.78418731689453, 89.70121002197266, 78.28218078613281, 89.28071594238281, 84.24162292480469, 91.035888671875, 99.00651550292969, 86.352294921875, 89.04779052734375, 79.14247131347656, 89.14582061767578, 83.54114532470703, 89.61306762695312, 93.0296630859375, 84.52774047851562, 89.0149917602539, 76.58395385742188, 90.19804382324219, 84.36035919189453, 91.38642883300781, 96.41021728515625, 85.31878662109375, 89.64610290527344, 77.338623046875, 90.8543930053711, 85.24983215332031, 89.9963150024414, 94.69091796875, 86.41770935058594, 90.17521667480469, 76.57342529296875, 91.08444213867188, 85.84489440917969, 91.78752136230469, 97.40840148925781, 87.4415512084961, 90.74005126953125, 76.82310485839844, 91.50386047363281, 86.09109497070312, 91.7632827758789, 97.03976440429688, 87.62423706054688, 91.2688217163086, 76.58859252929688, 91.77491760253906, 86.27527618408203, 92.82709503173828, 100.00381469726562, 90.42217254638672, 92.33282470703125, 76.61003112792969, 92.38570404052734, 87.06462097167969, 95.20942687988281, 104.34014892578125, 93.89973449707031, 93.74368286132812, 77.01093292236328, 93.0606460571289, 87.80438995361328, 97.76754760742188, 110.22265625, 99.74301147460938, 97.32911682128906, 78.62361907958984, 93.79808044433594, 88.01597595214844, 100.99339294433594, 119.49906921386719, 111.06072998046875, 106.12445068359375, 83.87507629394531, 95.59091186523438, 87.39824676513672, 104.02883911132812, 131.89642333984375, 129.66587829589844, 123.82255554199219, 96.98690795898438, 101.21422576904297, 86.37181854248047, 105.0592041015625, 144.2713623046875, 152.9186248779297, 149.99923706054688, 119.00367736816406, 112.17436981201172, 86.46743774414062, 