{"testproblem": "fmnist_mlp", "batch_size": 128, "num_epochs": 100, "random_seed": 42, "weight_decay": null, "optimizer_hyperparams": {"lr": 0.15848931924611143, "momentum": 0.99}, "train_losses": [2.3021158377329507, 2.3389008870491614, 2.3182224982824082, 2.3271876726395044, 2.3139661733920756, 2.3215131087180896, 2.3307091884123974, 2.3103831853622046, 2.3146894039251866, 2.3254598593100524, 2.3301961452533035, 2.342677431228833, 2.3728212393247166, 2.3467765832558656, 2.324959479845487, 2.351790018570729, 2.3392999294476633, 2.3215720622967453, 2.3326666324566574, 2.315670539171268, 2.3297958098925076, 2.341231278884105, 2.3205197713313956, 2.354485117472135, 2.340317493829972, 2.3206787567872267, 2.330508922919249, 2.315498642432384, 2.3137128322552414, 2.337405574627412, 2.3248229913222485, 2.324389310983511, 2.3419770858226676, 2.322960071074657, 2.3170463886016455, 2.3346459651604676, 2.3606695334116616, 2.34821822704413, 2.3473142202083883, 2.3287307237967467, 2.349693876046401, 2.350445353067838, 2.3325489362080893, 2.313412693830637, 2.325283591563885, 2.3127267696918588, 2.3666458007616873, 2.3256423259392762, 2.320990427946433, 2.331570762854356, 2.3430781333874435, 2.317476587417798, 2.3394630352656045, 2.343095920024774, 2.3168362226241674, 2.317728742575034, 2.324221363434425, 2.32536794589116, 2.325132214106046, 2.3275940082012077, 2.3249999223611293, 2.3459230233461428, 2.3442054314491076, 2.319002289038438, 2.336655937708341, 2.313442988273425, 2.331963065343025, 2.3197170190322094, 2.3942555586496987, 2.3216562332251134, 2.3567707660870676, 2.3180455489036365, 2.3493065528380566, 2.3354107722257957, 2.3213718823897533, 2.337998008116698, 2.334639222193987, 2.377041290967892, 2.334116737047831, 2.3405872919620614, 2.337121367454529, 2.317306738633376, 2.331433531565544, 2.3162935911080775, 2.323166685226636, 2.3359379921204004, 2.353306797834543, 2.3306457843535986, 2.3135685951281815, 2.3242140794411683, 2.31531408505562, 2.3243750150387106, 2.37834348434057, 2.330355549469972, 2.3205045003157396, 2.3341513444215822, 2.321638217339149, 2.3223814414097714, 2.323081407791529, 2.312274660819616, 2.316489121852777], "test_losses": [2.3022368321051965, 2.342597166697184, 2.3180998258101635, 2.330077895751366, 2.3129083070999537, 2.3203631853445983, 2.334378734613076, 2.3095211585362754, 2.3153102031120887, 2.324810511026627, 2.325651181049836, 2.3444158755815945, 2.3746167237942037, 2.344121385843326, 2.3229902677046947, 2.3543974925310183, 2.3363555516952124, 2.320978262485602, 2.3336496292016444, 2.3138896929912076, 2.3294668258764806, 2.3417177505982227, 2.3221828937530518, 2.346128041927631, 2.340494238413297, 2.324183295934628, 2.3321615151869945, 2.3191267924431043, 2.314443154212756, 2.337786778425559, 2.3220768433350782, 2.323270709086687, 2.3424101762282543, 2.322148234416277, 2.3157878319422402, 2.3353715126331034, 2.3631644493494277, 2.352524934670864, 2.347332233037704, 2.3291009725668492, 2.348270926720057, 2.3488732545803757, 2.328034241994222, 2.311273822417626, 2.3233456183702517, 2.3109617630640664, 2.36546920813047, 2.327973261857644, 2.3210025017078104, 2.334261585504581, 2.342798040463374, 2.3150074512530594, 2.343113883947715, 2.345048351165576, 2.3140074748259325, 2.318981491602384, 2.3216829911256447, 2.3239878782859216, 2.32523246606191, 2.3268548861528053, 2.321736115675706, 2.350047160417606, 2.342589864364037, 2.320532092681298, 2.334931107667776, 2.314835857122372, 2.331645662967975, 2.320049435664446, 2.3892054649499745, 2.3236589095531364, 2.353170327651195, 2.317615194198413, 2.346717504354624, 2.3359739841558995, 2.322349820381556, 2.333161329611754, 2.3365129782603336, 2.375592378469614, 2.3344564132201366, 2.340904645430736, 2.3339164501581435, 2.317370518659934, 2.334473496828324, 2.314119449028602, 2.3238525023827186, 2.3331197744760757, 2.35203488667806, 2.3312510007467027, 2.314126934760656, 2.328234388278081, 2.3149931400250168, 2.3266516159742308, 2.3804908654628654, 2.3310712789877868, 2.319444280404311, 2.3323401579490075, 2.320301144551008, 2.3203665629411354, 2.325888856863364, 2.3130790239725356, 2.316899064259651], "train_accuracies": [0.10817307692307693, 0.10306490384615384, 0.09885817307692307, 0.09725560897435898, 0.09545272435897435, 0.09164663461538461, 0.10346554487179487, 0.10006009615384616, 0.09955929487179487, 0.1006610576923077, 0.09655448717948718, 0.10006009615384616, 0.10506810897435898, 0.09845753205128205, 0.09865785256410256, 0.10336538461538461, 0.09555288461538461, 0.10276442307692307, 0.10256410256410256, 0.09695512820512821, 0.10006009615384616, 0.09595352564102565, 0.09905849358974358, 0.09425080128205128, 0.0985576923076923, 0.10096153846153846, 0.1006610576923077, 0.09885817307692307, 0.10076121794871795, 0.09755608974358974, 0.09635416666666667, 0.09875801282051282, 0.10096153846153846, 0.10086137820512821, 0.10226362179487179, 0.09685496794871795, 0.0985576923076923, 0.10356570512820513, 0.10076121794871795, 0.09965945512820513, 0.0946514423076923, 0.09765625, 0.0953525641025641, 0.09785657051282051, 0.10026041666666667, 0.09695512820512821, 0.10236378205128205, 0.09705528846153846, 0.10306490384615384, 0.10266426282051282, 0.09895833333333333, 0.09415064102564102, 0.09895833333333333, 0.10406650641025642, 0.10016025641025642, 0.09875801282051282, 0.09515224358974358, 0.10126201923076923, 0.09835737179487179, 0.10076121794871795, 0.09725560897435898, 0.109375, 0.10116185897435898, 0.10356570512820513, 0.10176282051282051, 0.10176282051282051, 0.10056089743589744, 0.0985576923076923, 0.09815705128205128, 0.10276442307692307, 0.09775641025641026, 0.09945913461538461, 0.09895833333333333, 0.09815705128205128, 0.09875801282051282, 0.09485176282051282, 0.10506810897435898, 0.09935897435897435, 0.10136217948717949, 0.1015625, 0.09695512820512821, 0.10346554487179487, 0.10046073717948718, 0.10226362179487179, 0.10226362179487179, 0.09585336538461539, 0.09805689102564102, 0.10376602564102565, 0.10146233974358974, 0.10116185897435898, 0.10206330128205128, 0.10416666666666667, 0.10236378205128205, 0.10126201923076923, 0.09785657051282051, 0.10036057692307693, 0.09985977564102565, 0.0967548076923077, 0.10446714743589744, 0.1031650641025641, 0.09975961538461539],