{"testproblem": "fmnist_mlp", "batch_size": 128, "num_epochs": 100, "random_seed": 45, "weight_decay": null, "optimizer_name": "SGD", "optimizer_hyperparams": {"lr": 0.002511886431509582, "momentum": 0.99}, "train_losses": [2.3028580928460145, 0.5417295182362581, 0.3741978429830991, 0.3709158249772512, 0.3055821147102576, 0.2921513815720876, 0.30543340494235355, 0.2903951786649533, 0.25321249931286544, 0.25243903677432966, 0.2347467172986422, 0.22849148492782545, 0.2377540402305432, 0.2327402222615022, 0.20674259826923028, 0.22335539251948014, 0.1923378380254293, 0.17961050799259773, 0.18385120653189146, 0.181178380185977, 0.20840451169090393, 0.18115075653753218, 0.18584890176470464, 0.17174418762517282, 0.16696937019244218, 0.1816070546897558, 0.1523197990579483, 0.15421392133411688, 0.13817106364056086, 0.15226650591462088, 0.1534226981875224, 0.14274345414760786, 0.14033894365032515, 0.12715562729117197, 0.14633133969245812, 0.11797717184974597, 0.12157639278433262, 0.13858117602574518, 0.11562178823619317, 0.11025053644791627, 0.1003210922368826, 0.1203415321233945, 0.12008937056630085, 0.1039007552063618, 0.10158211303253968, 0.08355916816836749, 0.11849373196944213, 0.09414659115748528, 0.09350468180118462, 0.09367924737624633, 0.11089233643351457, 0.10157007298981532, 0.0871441783144688, 0.09666063703405552, 0.07476299800551854, 0.10139593152472606, 0.07132042557574235, 0.07116408803715156, 0.06899585942618358, 0.06971122849828158, 0.07166917918202205, 0.07029692513438371, 0.07360340275156957, 0.06742807496816684, 0.06949776320312268, 0.06646246840365422, 0.06441485213163571, 0.06534735318750907, 0.05526324800955944, 0.04970291643761671, 0.06043414298731547, 0.050142985314894944, 0.04945993638382508, 0.0572781114337536, 0.05228311391786123, 0.04365070603596859, 0.04053092547334158, 0.03882212459276884, 0.05076181764403979, 0.04771384759209095, 0.043346356791563526, 0.05518627835389895, 0.04406219926209022, 0.03584932239773946, 0.053259485138532445, 0.06219209138399515, 0.0447059441357851, 0.042658018855712354, 0.03563117388731394, 0.05628258266892189, 0.030645404655772906, 0.028958924066944, 0.03137897552014925, 0.04467100253663002, 0.03169161215042456, 0.04334394958538887, 0.024401206857500933, 0.028596061926621657, 0.04365215319184921, 0.02736640965136198, 0.031179908471993912], "test_losses": [2.302932326610272, 0.564602948152102, 0.4254302596434569, 0.4299689666965069, 0.3544311678180328, 0.36580961503279513, 0.3749910826102281, 0.3549193525925661, 0.33535087700837696, 0.3494137216072816, 0.3283703279418823, 0.3303370321026215, 0.3432799755380704, 0.3519973712853896, 0.333416505692861, 0.34068251725954884, 0.318591391428923, 0.30650816208276993, 0.33260650302355105, 0.321999334754088, 0.3615288031406892, 0.352085778155388, 0.32501356055339176, 0.32882742832104367, 0.3390092364488504, 0.3502369973904047, 0.3239495645348842, 0.3335666962158986, 0.32424511378392196, 0.3506622937245247, 0.37662833623397046, 0.3460284486795083, 0.352960453583644, 0.35415610594627184, 0.3650101656332994, 0.3606355986916102, 0.33887564343137616, 0.39072642093285537, 0.36918280531580633, 0.3990616814639324, 0.3863322383318192, 0.3862799373574746, 0.40849766708337343, 0.3856714213123688, 0.37764203796784085, 0.39282482614119846, 0.4227616053361159, 0.39817948820881355, 0.40782804414629936, 0.43687648135117996, 0.4186859409778546, 0.41220567642878264, 0.4263189424497959, 0.4484714265817251, 0.44143205527693796, 0.46957868566879857, 0.45091572298835486, 0.44117918132971495, 0.44842435878056747, 0.46321768084397685, 0.4656989776935333, 0.5159760000996101, 0.4899629757572443, 0.4751836233414136, 0.5024923443412169, 0.5127670421050146, 0.4798108601035216, 0.49688860582999694, 0.5097135165945078, 0.5412495896602288, 0.5662214410228606, 0.5444564013144909, 0.534618178048195, 0.5872280089518963, 0.580795596807431, 0.5465947152712406, 0.5534137279177324, 0.5902864499351917, 0.5974906440346669, 0.6101338731554838, 0.5980787928669881, 0.5554745990114335, 0.5679422443111738, 0.6059723249994792, 0.6490759287889187, 0.6026816312701274, 0.6060474814894872, 0.6612329295812509, 0.6238306067310847, 0.6331238914758731, 0.6798836298477955, 0.6592248983872242, 0.6836905962763689, 0.6661597104408802, 0.6757052920949764, 0.6184376590909102, 0.6359036937355995, 0.7461256368611103, 0.7006016973501596, 0.6698579499736811, 0.6612882182384149], "train_accuracies": [0.09985977564102565, 0.7996794871794872, 0.8612780448717948, 0.8604767628205128, 0.8877203525641025, 0.889823717948718, 0.8864182692307693, 0.8866185897435898, 0.9041466346153846, 0.9051482371794872, 0.9118589743589743, 0.9162660256410257, 0.9077524038461539, 0.9118589743589743, 0.921073717948718, 0.9135616987179487, 0.9254807692307693, 0.9309895833333334, 0.9323918269230769, 0.9296875, 0.9229767628205128, 0.9309895833333334, 0.928886217948718, 0.9340945512820513, 0.9354967948717948, 0.9256810897435898, 0.9419070512820513, 0.9404046474358975, 0.9496193910256411, 0.9416065705128205, 0.9451121794871795, 0.9439102564102564, 0.9479166666666666, 0.9496193910256411, 0.9428084935897436, 0.9526241987179487, 0.9553285256410257, 0.9429086538461539, 0.9552283653846154, 0.9558293269230769, 0.9628405448717948, 0.9524238782051282, 0.9533253205128205, 0.9606370192307693, 0.9594350961538461, 0.9682491987179487, 0.9545272435897436, 0.9647435897435898, 0.96484375, 0.9644431089743589, 0.9561298076923077, 0.9589342948717948, 0.965645032051282, 0.9612379807692307, 0.971854967948718, 0.9625400641025641, 0.9742588141025641, 0.9724559294871795, 0.9735576923076923, 0.9736578525641025, 0.9723557692307693, 0.9741586538461539, 0.9710536858974359, 0.9736578525641025, 0.9727564102564102, 0.9736578525641025, 0.9743589743589743, 0.9745592948717948, 0.9783653846153846, 0.9810697115384616, 0.9756610576923077, 0.9814703525641025, 0.9820713141025641, 0.977363782051282, 0.9791666666666666, 0.9828725961538461, 0.9850761217948718, 0.985176282051282, 0.9810697115384616, 0.9803685897435898, 0.9840745192307693, 0.9781650641025641, 0.9831730769230769, 0.9860777243589743, 0.9807692307692307, 0.9755608974358975, 0.9831730769230769, 0.9821714743589743, 0.9866786858974359, 0.977363782051282, 0.9884815705128205, 0.9884815705128205, 0.9879807692307693, 0.9829727564102564, 0.9873798076923077, 0.9836738782051282, 0.9907852564102564, 0.9899839743589743, 0.9840745192307693, 0.9899839743589743, 0.9880809294871795],