{"testproblem": "fmnist_mlp", "batch_size": 128, "num_epochs": 100, "random_seed": 49, "weight_decay": null, "optimizer_name": "SGD", "optimizer_hyperparams": {"lr": 0.002511886431509582, "momentum": 0.99}, "train_losses": [2.302996357282003, 0.5253768891860278, 0.4001914232205122, 0.34567277400921553, 0.31705389210046864, 0.33815804276710903, 0.26482562185862124, 0.27838313235686374, 0.2599702355189201, 0.2706066918296692, 0.23116206291776437, 0.24538054871253479, 0.23247873553862938, 0.21038396675617266, 0.20042257173321185, 0.20940936719759917, 0.2107539503620221, 0.20682224851006117, 0.19650499255229265, 0.19538790398301223, 0.21148236086353278, 0.17064704497655234, 0.16679437563587457, 0.18001513546093917, 0.18167282153780645, 0.16040623445923513, 0.16313714400315896, 0.15733949018594545, 0.1521324194394625, 0.1615678903957208, 0.13203138891512003, 0.16732016019523144, 0.15432885728585413, 0.14545342670037195, 0.12980955834381092, 0.11050530632910056, 0.12685947263470063, 0.11340509092387481, 0.11539185701463467, 0.11183692667728816, 0.11698664505130206, 0.10710712531820321, 0.12478526313908589, 0.1027908934136996, 0.0997142080599681, 0.08843172642473991, 0.09972484381153034, 0.10866608265309761, 0.09661915755042663, 0.11195591216286023, 0.0864429922344593, 0.08607969767390153, 0.0924859588058331, 0.07503253054351379, 0.09543694875752315, 0.08571301954679, 0.07244749176196563, 0.07720425481406543, 0.07093061895993276, 0.06427558807608409, 0.0885296718050272, 0.07410166345727749, 0.07258549480675122, 0.07615663861043942, 0.05348625005437778, 0.0822385315520641, 0.05042389441186037, 0.04732240110826798, 0.06282499972253273, 0.060308329235666834, 0.0532330623230873, 0.06414799788632454, 0.05469601928519133, 0.06453520900163895, 0.05082863932236647, 0.06312484676257157, 0.062215010898235515, 0.052153239432626806, 0.042624056148223385, 0.04770494744372673, 0.040375901672702566, 0.04391660842184837, 0.03622027959388036, 0.05374885460314078, 0.04970886978583458, 0.04900992145905128, 0.04219605639958993, 0.032326873153066024, 0.03285989764695748, 0.03309159697248386, 0.05788332290756397, 0.038416653584975466, 0.0317749931739691, 0.05151340733162868, 0.03478348713654738, 0.03896265094861006, 0.024964323888222378, 0.02940885431300371, 0.03024246285741146, 0.020029745900478117, 0.032809194177389145], "test_losses": [2.30306997971657, 0.5612750225342237, 0.4491193286883525, 0.3836616577628331, 0.3792020034713623, 0.40091314567969394, 0.34502050337883144, 0.35284128670509046, 0.3485597603214093, 0.3473406357642932, 0.3220625756642757, 0.3385029584169388, 0.3295440618426372, 0.31505962862418246, 0.31679490285042006, 0.3270061879585951, 0.33432154051768476, 0.32911001241359955, 0.32292655607064563, 0.3349781641975427, 0.34683706363042194, 0.3220304453220123, 0.32736711815381664, 0.3419798257259222, 0.3527631645019238, 0.3235576406885416, 0.3296602309132234, 0.3393864910572003, 0.3356798046674484, 0.35639148071790355, 0.3441893206192897, 0.35908422638208437, 0.35189645011455584, 0.3597233432989854, 0.34971303855761504, 0.3394071368070749, 0.34766813329397106, 0.36494804937870073, 0.3720540750103119, 0.3633532098088509, 0.3854817222708311, 0.3850637592184238, 0.4018934377684043, 0.37853384151672703, 0.37745397633466965, 0.388589977644957, 0.40777761928546125, 0.4167194463885747, 0.4470927245341815, 0.42980489192100674, 0.40892323565024596, 0.41625276570900893, 0.42448456508991045, 0.4248912559869962, 0.45171680320531893, 0.4509481029250683, 0.43296338331240874, 0.47616266965484005, 0.48528634814115673, 0.4928849874398647, 0.48044956360871977, 0.461304278136828, 0.4874928545875427, 0.5084958533063914, 0.4829660524160434, 0.5289402130322579, 0.5001127704595908, 0.5209115281319007, 0.5298190917342137, 0.5083548967272807, 0.5057292572962933, 0.536111457989766, 0.5280353390635588, 0.5762349252517407, 0.5891614126471373, 0.5867024283760633, 0.5542506012014854, 0.5942058847882808, 0.5446846372424028, 0.5343346561376865, 0.622950771680245, 0.5833630622961582, 0.5923983175785114, 0.6300135176533308, 0.6185736522460595, 0.6094639736872453, 0.5646175545377609, 0.6162434508785223, 0.6063694751415497, 0.6344937475828024, 0.6188428287322705, 0.6633162878644772, 0.6642230571462557, 0.676859512925148, 0.6675427791017753, 0.6746040871128057, 0.684542124470075, 0.6698215015423603, 0.7375127006417665, 0.7222362716610615, 0.7760114589562783], "train_accuracies": [0.08463541666666667, 0.8102964743589743, 0.8553685897435898, 0.8755008012820513, 0.8860176282051282, 0.8768028846153846, 0.9037459935897436, 0.89453125, 0.9053485576923077, 0.8980368589743589, 0.9149639423076923, 0.9089543269230769, 0.9116586538461539, 0.9193709935897436, 0.9231770833333334, 0.9208733974358975, 0.9189703525641025, 0.9199719551282052, 0.9217748397435898, 0.9263822115384616, 0.9176682692307693, 0.9337940705128205, 0.9365985576923077, 0.9334935897435898, 0.9307892628205128, 0.9394030448717948, 0.9397035256410257, 0.9399038461538461, 0.9417067307692307, 0.9398036858974359, 0.9468149038461539, 0.9355969551282052, 0.9423076923076923, 0.9431089743589743, 0.9526241987179487, 0.9581330128205128, 0.9518229166666666, 0.9552283653846154, 0.9561298076923077, 0.957832532051282, 0.9540264423076923, 0.9597355769230769, 0.9530248397435898, 0.9586338141025641, 0.9614383012820513, 0.9646434294871795, 0.9628405448717948, 0.957832532051282, 0.961738782051282, 0.9563301282051282, 0.9674479166666666, 0.9661458333333334, 0.9643429487179487, 0.9727564102564102, 0.9641426282051282, 0.9682491987179487, 0.9705528846153846, 0.969551282051282, 0.9730568910256411, 0.9753605769230769, 0.9623397435897436, 0.9716546474358975, 0.9690504807692307, 0.9714543269230769, 0.9802684294871795, 0.9652443910256411, 0.9811698717948718, 0.9817708333333334, 0.9744591346153846, 0.9758613782051282, 0.9780649038461539, 0.9737580128205128, 0.9792668269230769, 0.9740584935897436, 0.9807692307692307, 0.9741586538461539, 0.9771634615384616, 0.9809695512820513, 0.9828725961538461, 0.9826722756410257, 0.9852764423076923, 0.9827724358974359, 0.9869791666666666, 0.9785657051282052, 0.9803685897435898, 0.9817708333333334, 0.983573717948718, 0.9877804487179487, 0.987479967948718, 0.9862780448717948, 0.9769631410256411, 0.985176282051282, 0.9881810897435898, 0.9807692307692307, 0.9868790064102564, 0.9855769230769231, 0.9899839743589743, 0.9879807692307693, 0.9883814102564102, 0.9927884615384616, 0.9878806089743589],