{"testproblem": "fmnist_mlp", "batch_size": 128, "num_epochs": 100, "random_seed": 43, "weight_decay": null, "optimizer_name": "SGD", "optimizer_hyperparams": {"lr": 0.002511886431509582, "momentum": 0.99}, "train_losses": [2.301586860265487, 0.5555844975587649, 0.40417249004046124, 0.364002036742675, 0.32780629988664234, 0.3012920048756477, 0.29146861189450973, 0.3011749375324983, 0.2687358256333914, 0.2407017992093013, 0.2222154853053582, 0.24475282640793386, 0.2255856666045311, 0.23034943114870635, 0.23343613973030677, 0.20496465084262383, 0.210128249361729, 0.220105678607256, 0.20516718360476005, 0.18988969864753577, 0.17111057243668115, 0.1735607913862436, 0.17417303596933684, 0.18114912872895217, 0.15764320909212798, 0.16305487717573458, 0.16607414233760956, 0.1586465203227141, 0.15035313778580764, 0.16442030295729637, 0.1355700513873345, 0.14259268916570222, 0.13276612830276674, 0.1494582695647692, 0.14167425771936393, 0.12981939611908716, 0.12508163491311747, 0.12822767647986227, 0.14428897440815583, 0.11989551887680323, 0.10675746656190126, 0.11478401166506302, 0.1144534296905383, 0.11322099022949353, 0.10102954750450757, 0.09590429272980262, 0.10488433935321294, 0.09802690205665734, 0.09570393921473087, 0.09267218659321468, 0.09309011530608703, 0.1006783997783294, 0.09745714240349256, 0.0785572953426685, 0.06975251278625084, 0.08470023709994096, 0.06516981330246498, 0.08485651904573807, 0.0739283913698716, 0.07810152002061024, 0.07179190208896613, 0.07719837391796784, 0.08281480048138362, 0.07714072419091678, 0.06626786415775617, 0.05808715302592669, 0.06156740858195684, 0.06542671295121694, 0.05082399006455372, 0.07192535588565545, 0.06107229080337744, 0.05592660472179071, 0.04789852790343456, 0.04980479639310103, 0.04792323794502478, 0.058292208908078, 0.04330168903256074, 0.054579804197717935, 0.053004397509189755, 0.0486611920193984, 0.042727611194818445, 0.05323655100969168, 0.05202814444708519, 0.052705653346119784, 0.05427114842220759, 0.03503213187631888, 0.04728570489738232, 0.03884468294489078, 0.030989730300811622, 0.03433299972078739, 0.02981253942618003, 0.061645493866541445, 0.04193348528291935, 0.02939556744427253, 0.031032429817013252, 0.03290500964682836, 0.036073876497073054, 0.058203630961286716, 0.03365973120507521, 0.03991076880349563, 0.026993891892906945], "test_losses": [2.3014699526322193, 0.5686864115488834, 0.4452641480244123, 0.4073855282786565, 0.3883828385136066, 0.3644350142433093, 0.3600865608224502, 0.36789951779139346, 0.34126972196958005, 0.32763438404370576, 0.3260429014380162, 0.34828728915025026, 0.325525738680974, 0.33695000658432644, 0.33918037189122957, 0.3280800164510042, 0.3311122069374109, 0.35160301052607024, 0.3391110501610316, 0.3221412786306479, 0.3162592731607266, 0.32220164973002213, 0.3182188669840495, 0.3448443475824136, 0.3273743075820116, 0.32926313502666277, 0.3512659181769078, 0.3454203420342543, 0.33360765683345306, 0.37042014453655636, 0.33663692363561726, 0.3571226638861192, 0.34086878559528255, 0.37433490806665176, 0.3662559659435199, 0.36770430226356554, 0.348372655801284, 0.38858268295343107, 0.37753675476862836, 0.3640950771096425, 0.3876640126109123, 0.38043718594007003, 0.3809222936248168, 0.389828591583631, 0.39376020641663134, 0.39768400482642347, 0.38670875896246004, 0.4118120658856172, 0.40487054334237027, 0.42446126616918123, 0.4151065695362213, 0.4273056842577763, 0.40893056472906697, 0.43977233805717564, 0.4309566588355945, 0.4432524167574369, 0.4446335029907716, 0.4600773226374235, 0.46906827084529096, 0.47389622987845004, 0.4904171893229851, 0.4961379009943742, 0.5161731061645043, 0.5091555389838341, 0.5411969673557159, 0.49610987305641174, 0.5670882243758593, 0.4971126994261375, 0.5221118716857372, 0.5260217285309082, 0.5540003442229369, 0.5424859540966841, 0.5344039518863727, 0.5670192277966402, 0.5495695061026475, 0.5872219623281405, 0.553287773560255, 0.5807495957765824, 0.5918082677018948, 0.5888285759167794, 0.605808383379227, 0.6192091955588415, 0.6115102099302487, 0.5924249623830502, 0.618638195670568, 0.6079089559423618, 0.607536836885489, 0.579919882882864, 0.6063133640549122, 0.635559767866746, 0.6550329799453417, 0.7018449833759894, 0.630528198220791, 0.621544894690697, 0.670533034281853, 0.6436556892899367, 0.690892175413095, 0.6555752396965638, 0.6139723375821725, 0.6914592406306511, 0.6687865180846972], "train_accuracies": [0.07892628205128205, 0.8068910256410257, 0.8505608974358975, 0.8665865384615384, 0.8776041666666666, 0.8861177884615384, 0.8916266025641025, 0.8881209935897436, 0.9012419871794872, 0.9133613782051282, 0.9192708333333334, 0.9081530448717948, 0.9180689102564102, 0.9121594551282052, 0.9083533653846154, 0.9212740384615384, 0.9222756410256411, 0.9149639423076923, 0.9232772435897436, 0.9273838141025641, 0.9352964743589743, 0.9338942307692307, 0.9389022435897436, 0.932792467948718, 0.9436097756410257, 0.9389022435897436, 0.9364983974358975, 0.94140625, 0.9413060897435898, 0.9371995192307693, 0.9460136217948718, 0.9473157051282052, 0.9483173076923077, 0.9412059294871795, 0.9451121794871795, 0.9489182692307693, 0.9559294871794872, 0.9520232371794872, 0.9447115384615384, 0.9549278846153846, 0.9592347756410257, 0.95703125, 0.9589342948717948, 0.9554286858974359, 0.9634415064102564, 0.9636418269230769, 0.9613381410256411, 0.9621394230769231, 0.9628405448717948, 0.9630408653846154, 0.9661458333333334, 0.9622395833333334, 0.9613381410256411, 0.9702524038461539, 0.9722556089743589, 0.9661458333333334, 0.9741586538461539, 0.9674479166666666, 0.9720552884615384, 0.9688501602564102, 0.971854967948718, 0.9705528846153846, 0.9662459935897436, 0.9720552884615384, 0.9748597756410257, 0.9776642628205128, 0.9779647435897436, 0.9743589743589743, 0.9806690705128205, 0.9715544871794872, 0.9758613782051282, 0.9799679487179487, 0.9819711538461539, 0.9791666666666666, 0.9822716346153846, 0.9766626602564102, 0.984375, 0.9789663461538461, 0.9807692307692307, 0.9799679487179487, 0.9825721153846154, 0.9788661858974359, 0.9811698717948718, 0.9786658653846154, 0.9791666666666666, 0.9854767628205128, 0.9814703525641025, 0.9854767628205128, 0.9880809294871795, 0.9878806089743589, 0.9878806089743589, 0.977363782051282, 0.9850761217948718, 0.9886818910256411, 0.9879807692307693, 0.9871794871794872, 0.9856770833333334, 0.9762620192307693, 0.9881810897435898, 0.9847756410256411, 0.9903846153846154],