{"testproblem": "fmnist_mlp", "batch_size": 128, "num_epochs": 100, "random_seed": 46, "weight_decay": null, "optimizer_name": "SGD", "optimizer_hyperparams": {"lr": 0.002511886431509582, "momentum": 0.99}, "train_losses": [2.3022900086182814, 0.5881157039831846, 0.3832550728932405, 0.33614669071558195, 0.3169505233183885, 0.2808384492229193, 0.3259353328209657, 0.28590673762254226, 0.2708130853298383, 0.252500818325923, 0.2835580544211926, 0.24484864393105873, 0.22367654444697577, 0.23223697795317724, 0.2206717932071441, 0.19053876677002662, 0.21515164008507362, 0.19993842851657134, 0.19546348611131692, 0.17790754970449668, 0.17688209296036989, 0.1672992103565962, 0.17399292572950706, 0.1701190500305249, 0.1598930469690225, 0.16297093836160806, 0.17400501066675553, 0.1675106073037172, 0.14322185382629052, 0.1606762821857746, 0.17830267472144884, 0.15030714793082994, 0.15017342147154686, 0.1319590522788274, 0.13346014706752238, 0.1361221372603606, 0.13314059328956482, 0.11466893338813232, 0.13487529176741075, 0.1020274910216148, 0.11598208809319215, 0.127868547080419, 0.11356563039888175, 0.12002536067022727, 0.10366046151671654, 0.10282814760620777, 0.10673164910612962, 0.10197541566613393, 0.0823644179946337, 0.08736476693779995, 0.10363424278031556, 0.10715869938333829, 0.08937103134126236, 0.09192143657650703, 0.08697493890157112, 0.08497104726922818, 0.07707961725118832, 0.07819915510331973, 0.05803807648137594, 0.08842031719783942, 0.07101732162901989, 0.08101729332254483, 0.07858651933761743, 0.06616817276256207, 0.07515337155797543, 0.06716958041756581, 0.04664008008937041, 0.07004899288026187, 0.06706684249906968, 0.06615799206953782, 0.05354759440972255, 0.0545793836697554, 0.06765254782751584, 0.07856463951369126, 0.057885826063843876, 0.05739917381642721, 0.058975913299199864, 0.04486338440806438, 0.05505791898721304, 0.06002769122521082, 0.07015171040518162, 0.04807140128925825, 0.046817607986621365, 0.0399869537124267, 0.046678258918034725, 0.04190386358935099, 0.05091816793458584, 0.039429272835453354, 0.042946222954644606, 0.03181813614299664, 0.03245703751842181, 0.04329990910796019, 0.043573645588297114, 0.035979736978426956, 0.02861622171715284, 0.02659372923274835, 0.0367315092530006, 0.024011650003301792, 0.031159698103482906, 0.027427323544636752, 0.03847644745539396], "test_losses": [2.3023442916381054, 0.6205493150613247, 0.435972721912922, 0.3862046379691515, 0.38096254701033616, 0.35099597103320634, 0.39568380323740154, 0.366365457765567, 0.3504093434566107, 0.3324286282444612, 0.3662274382435359, 0.34638382284305036, 0.3266583495797255, 0.3334445670629159, 0.3413404012337709, 0.3251110387918277, 0.33939792617009235, 0.32379775800001925, 0.3347557634115219, 0.32358057949787533, 0.3317617281125142, 0.3268882217697608, 0.35135365029176074, 0.3216811464383052, 0.3269724228825325, 0.33206374102678055, 0.35949108176506483, 0.35386758469618285, 0.3345741285727574, 0.3534872279717372, 0.36701257756123173, 0.3682401187908955, 0.36447664082814485, 0.3541313104140453, 0.36736349742382, 0.3538577929139137, 0.3740149608407265, 0.36910622719770825, 0.3867553697946744, 0.3623198580283385, 0.3780363589907304, 0.35909621264690006, 0.39890828451667076, 0.4099586783693387, 0.4125428564655475, 0.3849163174820252, 0.4172094798622987, 0.4304556588713939, 0.40975799678992003, 0.4190546174844106, 0.44559837323732865, 0.42612624359436524, 0.447300754296474, 0.4506263844668865, 0.4402326250878664, 0.42905480643877614, 0.45534222410657466, 0.4460952799671736, 0.45667140911786985, 0.4811331891478636, 0.5073979019354551, 0.5131061353171483, 0.5185525524310577, 0.5463661123544742, 0.503075563086149, 0.5179143981673778, 0.5196686272437756, 0.5365547919884707, 0.5251237081411557, 0.5148237221516095, 0.5207401286715116, 0.5403915867209435, 0.5470374218928509, 0.5998064550833825, 0.5665477395821841, 0.5271590470503538, 0.6196596475365834, 0.5727185710118368, 0.5806713893245428, 0.6143770676392776, 0.6286684937584095, 0.592004082332819, 0.6204422548986398, 0.5926273233997517, 0.6149042923098955, 0.604633065370413, 0.6678340480877802, 0.6510224732068869, 0.655054587393235, 0.6582710972199073, 0.6572897869807023, 0.6925235365827879, 0.6690524466908895, 0.6622785337460346, 0.6671610222412989, 0.669352338482172, 0.7223314167215273, 0.699262916468657, 0.6838468005641912, 0.7453720741547071, 0.7204945009106245], "train_accuracies": [0.09905849358974358, 0.7822516025641025, 0.8627804487179487, 0.8791065705128205, 0.8845152243589743, 0.897636217948718, 0.8794070512820513, 0.8927283653846154, 0.8963341346153846, 0.9050480769230769, 0.8901241987179487, 0.9092548076923077, 0.9159655448717948, 0.9115584935897436, 0.9166666666666666, 0.9302884615384616, 0.9145633012820513, 0.9237780448717948, 0.9246794871794872, 0.9328926282051282, 0.9350961538461539, 0.9349959935897436, 0.9342948717948718, 0.9377003205128205, 0.9388020833333334, 0.9360977564102564, 0.9329927884615384, 0.9330929487179487, 0.9438100961538461, 0.9377003205128205, 0.9319911858974359, 0.9426081730769231, 0.9434094551282052, 0.9505208333333334, 0.9479166666666666, 0.9481169871794872, 0.948417467948718, 0.9561298076923077, 0.9480168269230769, 0.9588341346153846, 0.9564302884615384, 0.9510216346153846, 0.9540264423076923, 0.9521233974358975, 0.9599358974358975, 0.9611378205128205, 0.9577323717948718, 0.9593349358974359, 0.967948717948718, 0.9661458333333334, 0.9619391025641025, 0.9572315705128205, 0.9652443910256411, 0.9649439102564102, 0.965645032051282, 0.9683493589743589, 0.9692508012820513, 0.9698517628205128, 0.9785657051282052, 0.9644431089743589, 0.9719551282051282, 0.9689503205128205, 0.9686498397435898, 0.9737580128205128, 0.9710536858974359, 0.9733573717948718, 0.9829727564102564, 0.971854967948718, 0.9731570512820513, 0.9733573717948718, 0.9805689102564102, 0.9776642628205128, 0.9723557692307693, 0.9703525641025641, 0.9775641025641025, 0.9775641025641025, 0.9782652243589743, 0.9828725961538461, 0.9791666666666666, 0.9752604166666666, 0.9735576923076923, 0.9815705128205128, 0.9819711538461539, 0.9858774038461539, 0.9822716346153846, 0.9846754807692307, 0.9780649038461539, 0.9847756410256411, 0.9834735576923077, 0.9887820512820513, 0.9879807692307693, 0.9842748397435898, 0.9838741987179487, 0.9860777243589743, 0.989082532051282, 0.9907852564102564, 0.9866786858974359, 0.9922876602564102, 0.98828125, 0.989082532051282, 0.9849759615384616],