{"testproblem": "fmnist_mlp", "batch_size": 128, "num_epochs": 100, "random_seed": 50, "weight_decay": null, "optimizer_name": "SGD", "optimizer_hyperparams": {"lr": 0.002511886431509582, "momentum": 0.99}, "train_losses": [2.3039638782158876, 0.5352413058280945, 0.3978909233059639, 0.33197711331722063, 0.3163647088102805, 0.28791077587849057, 0.26577457288901013, 0.26532559459790206, 0.26605456074078876, 0.24487599634971374, 0.2701078296089784, 0.23053654111348665, 0.21185675569069692, 0.22047999157355383, 0.21524733314529443, 0.21123968007472846, 0.21352695845640624, 0.21474831837874192, 0.1816460805443617, 0.1882190665182395, 0.18857577786995813, 0.17000294094666457, 0.18021096461094344, 0.16130710049317434, 0.17168109816236374, 0.1409999243915081, 0.17843439219853816, 0.1599206747725988, 0.1480552336344352, 0.14999846254403776, 0.14084453011552492, 0.13188936279561275, 0.1463558009515206, 0.1269512216632183, 0.11904731908669838, 0.13105577058517015, 0.12547494308688703, 0.12304843083406106, 0.12974231341519418, 0.11990623004161395, 0.1219097434137112, 0.11289362041040873, 0.11162675625811784, 0.11771510937848152, 0.1081067570604575, 0.11098935106434883, 0.10697212624244201, 0.11507898592987122, 0.08155631531889622, 0.09300396581872916, 0.09231562019349673, 0.08886585652064054, 0.08176091456642517, 0.08760869178252342, 0.07980743738321158, 0.07929530415015343, 0.08067637352416149, 0.07653206882950588, 0.08091771540542443, 0.07485972698300312, 0.07152803648167695, 0.0746285948329247, 0.07286072670458218, 0.07292524214165333, 0.05548399118467783, 0.059341573037016086, 0.06855924131396489, 0.05917954425781201, 0.06634784900607207, 0.07425165343552063, 0.06634584522973268, 0.05645527017231171, 0.04970810213723244, 0.03900544822980196, 0.06161902319544401, 0.060064379030313246, 0.051478225976610795, 0.05305085183145144, 0.05148875336043346, 0.04350337696572145, 0.05562418957169239, 0.05554975144183024, 0.04622581130705583, 0.03419427597560944, 0.03877573393476315, 0.04411518812561647, 0.04461957194293157, 0.029966964792364683, 0.037482992913096376, 0.03224045372544191, 0.03063762765855361, 0.05226950361751593, 0.03349804209593015, 0.02416278751423726, 0.021310534614783067, 0.0401532974285193, 0.04682343204816183, 0.0385299123919163, 0.04870025947307929, 0.04238052885883894, 0.028353677202875797], "test_losses": [2.303960635111882, 0.5615271822764323, 0.423275650311739, 0.3861378219265204, 0.3761077106763155, 0.3597045177832628, 0.3428247588185164, 0.3371063040999266, 0.34302155119486344, 0.33714375377465516, 0.35573035612320286, 0.3297078143327664, 0.3359534876086773, 0.327826667481508, 0.3213040597545795, 0.3328929788027054, 0.3332630917429924, 0.328059084331378, 0.32802159453813845, 0.3288394510746002, 0.32575330692224014, 0.32400543414629424, 0.32687503959123904, 0.3168578117321699, 0.3405786177668816, 0.32809516883049256, 0.35339682797590893, 0.3325322828231714, 0.34615316872413343, 0.3457765260185951, 0.34368307964924055, 0.3329940921603105, 0.3566469655205042, 0.34232995487176454, 0.3458085958010111, 0.36474284739830554, 0.3651204323157286, 0.3838918638917116, 0.3905498924163672, 0.36278603951900434, 0.4007982181815001, 0.3676779594941017, 0.3745190292978898, 0.3969294902605888, 0.3931324376891821, 0.41735625591797704, 0.4224722987184158, 0.4371865044992704, 0.39126292444192445, 0.4254715008040269, 0.41062664641783786, 0.42787558547197246, 0.4220457333975878, 0.4443141517157738, 0.44944938959983677, 0.4228069856762886, 0.45722506157098675, 0.4913821291082945, 0.4745418607042386, 0.4722741450636815, 0.49411516655714083, 0.5004894039951838, 0.48926749940101916, 0.4914960524974725, 0.46996427203218144, 0.46551805887466824, 0.49493573185725087, 0.5402654783848004, 0.560559980189189, 0.5656642840267756, 0.5536740229297907, 0.5164409044843453, 0.5133600447040337, 0.5472313543924918, 0.5452628137591558, 0.5223782973793837, 0.529096856331214, 0.5615799452822942, 0.5862946760578033, 0.618848667312891, 0.5841912356897806, 0.6001976640560688, 0.5860220915040909, 0.5986268118214912, 0.6012841019874964, 0.6434208899736404, 0.6445737651143318, 0.6086978462453072, 0.6720917356701998, 0.6516232742713048, 0.6832757187195313, 0.6578880542745957, 0.6567948105243536, 0.6880265536407629, 0.6606904411545167, 0.7093079632673508, 0.7232924470534692, 0.7011141081651052, 0.7343504409759473, 0.7279104617161628, 0.6947150629682418], "train_accuracies": [0.07522035256410256, 0.8087940705128205, 0.8563701923076923, 0.8800080128205128, 0.8823116987179487, 0.8944310897435898, 0.9052483974358975, 0.9032451923076923, 0.9022435897435898, 0.9036458333333334, 0.8963341346153846, 0.9159655448717948, 0.9203725961538461, 0.9172676282051282, 0.9206730769230769, 0.9206730769230769, 0.9170673076923077, 0.9185697115384616, 0.9310897435897436, 0.9260817307692307, 0.9283854166666666, 0.9352964743589743, 0.9314903846153846, 0.9380008012820513, 0.9353966346153846, 0.9456129807692307, 0.9322916666666666, 0.936698717948718, 0.9416065705128205, 0.9431089743589743, 0.9459134615384616, 0.9501201923076923, 0.9424078525641025, 0.9517227564102564, 0.9547275641025641, 0.9494190705128205, 0.9521233974358975, 0.9499198717948718, 0.9498197115384616, 0.953926282051282, 0.9508213141025641, 0.9550280448717948, 0.9576322115384616, 0.9541266025641025, 0.9577323717948718, 0.9569310897435898, 0.9567307692307693, 0.9522235576923077, 0.9688501602564102, 0.9644431089743589, 0.9660456730769231, 0.9667467948717948, 0.9701522435897436, 0.9664463141025641, 0.9706530448717948, 0.9701522435897436, 0.9693509615384616, 0.9680488782051282, 0.9688501602564102, 0.9725560897435898, 0.9712540064102564, 0.9710536858974359, 0.9719551282051282, 0.9721554487179487, 0.9801682692307693, 0.9769631410256411, 0.9720552884615384, 0.9774639423076923, 0.9744591346153846, 0.9717548076923077, 0.9741586538461539, 0.9789663461538461, 0.9816706730769231, 0.9854767628205128, 0.9769631410256411, 0.9766626602564102, 0.9803685897435898, 0.9791666666666666, 0.9813701923076923, 0.9832732371794872, 0.9784655448717948, 0.9791666666666666, 0.9816706730769231, 0.9872796474358975, 0.9827724358974359, 0.9828725961538461, 0.9820713141025641, 0.9885817307692307, 0.9852764423076923, 0.9880809294871795, 0.9887820512820513, 0.9797676282051282, 0.9861778846153846, 0.9920873397435898, 0.9928886217948718, 0.9860777243589743, 0.9810697115384616, 0.9855769230769231, 0.9808693910256411, 0.9829727564102564, 0.9888822115384616],