{"testproblem": "fmnist_mlp", "batch_size": 128, "num_epochs": 100, "random_seed": 48, "weight_decay": null, "optimizer_name": "SGD", "optimizer_hyperparams": {"lr": 0.002511886431509582, "momentum": 0.99}, "train_losses": [2.303290944833022, 0.5661926502600695, 0.3965858966112137, 0.3312475282030228, 0.31233392579433245, 0.3100300259315051, 0.28113137319301945, 0.276523127196691, 0.25219777895089907, 0.2581093498529532, 0.24407651256292295, 0.24289367424371916, 0.23661548281327272, 0.22112800983282235, 0.2274241047218824, 0.21146232338669974, 0.1994307093704358, 0.19921213407547045, 0.18526706147270325, 0.19314660237003595, 0.18484527350236207, 0.1826836726604364, 0.16744869030438936, 0.16260837180874285, 0.16181503551510665, 0.17007300162162536, 0.15073924588087279, 0.145540296458281, 0.15315412615354246, 0.14216440810989112, 0.14365423313127115, 0.13477368409243914, 0.15278100566222116, 0.1339215679715077, 0.13502741996676493, 0.11443112184030887, 0.11678758760293324, 0.13393511465535715, 0.12756653980184823, 0.11611695549426934, 0.12289161851199773, 0.09793154231439798, 0.10406574143622166, 0.11403041586088829, 0.10487769267115837, 0.10634746392950034, 0.10153624157492931, 0.085180215155467, 0.09142950726434207, 0.10646118247547211, 0.08402203787595798, 0.0813080064761333, 0.09585963509594783, 0.08100903210922694, 0.07874050148977683, 0.07564508188993503, 0.06918232386501935, 0.06942015141248703, 0.08046003923011132, 0.0811943536481032, 0.0795048670604443, 0.07082585168954654, 0.08012141483143354, 0.06658381715607949, 0.06609820550641952, 0.05803259934943456, 0.07243604719256744, 0.06107067216474276, 0.06460341075674081, 0.0684231633368211, 0.06750084961263034, 0.05295528547886091, 0.04887637190329723, 0.04074057573691393, 0.0553726008018622, 0.06075963229896166, 0.045028953216014765, 0.057760987526331194, 0.04640330278720611, 0.06032935706659769, 0.0442116189843569, 0.05485472441292726, 0.04308569068327928, 0.05235038950848274, 0.04285399868893318, 0.04847979015455796, 0.055734447084176235, 0.036421238898466796, 0.03683655202770845, 0.03638675813682568, 0.04628243865684057, 0.03597718792466017, 0.029067678663593072, 0.03665817762987736, 0.040059290014398403, 0.026503879720201858, 0.04606906358057108, 0.034433676120944515, 0.04350559442089154, 0.04742128540499088, 0.033354111827718906], "test_losses": [2.3034486862329335, 0.5773822095913764, 0.4399796166481116, 0.3831732276922617, 0.37214649239411723, 0.37228569025412583, 0.3601125434805185, 0.3664473593235016, 0.33730355000648743, 0.3475343747398792, 0.3325605774537111, 0.336868561231173, 0.33987674575585586, 0.32499805092811584, 0.351713488308283, 0.33395053178836137, 0.31015636084171444, 0.33466714983567214, 0.32184284715316236, 0.3286790561217528, 0.3261866147319476, 0.3362371377073802, 0.3076300151073016, 0.3329748683250867, 0.31125308114748734, 0.3458542682421513, 0.325440268485974, 0.34289806947494167, 0.3371335168679555, 0.34370353397650594, 0.33933939966253746, 0.3336421631467648, 0.3676221303832837, 0.3727554302567091, 0.3658911404319299, 0.3422522195256673, 0.368205997806329, 0.3827008610734573, 0.3838405653070181, 0.3859273753105066, 0.39888341132646954, 0.38810837211517185, 0.3884034995467235, 0.417139776242085, 0.3824699742671771, 0.39836442126677585, 0.41516209088074857, 0.41257526496281993, 0.4134512090912232, 0.4171698307379698, 0.41834256301323575, 0.4198614041774701, 0.4401811848466213, 0.4632059123653632, 0.4508047961653807, 0.46116920579702425, 0.4574902485578488, 0.4369852007963719, 0.4529902776464438, 0.4615127952435078, 0.4975471174678741, 0.47392789408182484, 0.5033546485579931, 0.5098822817970545, 0.481367317147744, 0.5280825046774669, 0.4862806017582233, 0.5089888253655189, 0.5214574428705069, 0.5404685252369978, 0.4902876613613887, 0.5382921852362461, 0.5757360836634269, 0.5936623777334507, 0.5888708997995425, 0.6013874971331694, 0.5731598024184887, 0.6064977036454738, 0.5680009191616987, 0.6177570861883652, 0.6354115274854195, 0.6527953203289937, 0.6126177803828166, 0.6283349664165423, 0.6051094892124335, 0.661856068441501, 0.6374368434533094, 0.6526365889570652, 0.6448823727476292, 0.6314026848054849, 0.6761626645158498, 0.6673655867194518, 0.6820525601506233, 0.6998931297507042, 0.7301963256337703, 0.6836194470524788, 0.6626673734340912, 0.7084704838120021, 0.7515283377888875, 0.6934660669320669, 0.6776512060792018], "train_accuracies": [0.10286458333333333, 0.7942708333333334, 0.852363782051282, 0.8805088141025641, 0.8841145833333334, 0.8816105769230769, 0.895332532051282, 0.8962339743589743, 0.9045472756410257, 0.9011418269230769, 0.9100560897435898, 0.9089543269230769, 0.910957532051282, 0.9152644230769231, 0.9144631410256411, 0.9206730769230769, 0.9223758012820513, 0.9255809294871795, 0.9299879807692307, 0.9256810897435898, 0.9300881410256411, 0.9317908653846154, 0.9361979166666666, 0.9385016025641025, 0.9381009615384616, 0.9363982371794872, 0.9443108974358975, 0.9467147435897436, 0.94140625, 0.9436097756410257, 0.9453125, 0.9515224358974359, 0.9423076923076923, 0.9493189102564102, 0.9475160256410257, 0.953926282051282, 0.9557291666666666, 0.9471153846153846, 0.9465144230769231, 0.9568309294871795, 0.9535256410256411, 0.9627403846153846, 0.9590344551282052, 0.9544270833333334, 0.9599358974358975, 0.9609375, 0.9615384615384616, 0.9661458333333334, 0.9655448717948718, 0.9575320512820513, 0.9677483974358975, 0.9691506410256411, 0.9626402243589743, 0.9677483974358975, 0.9684495192307693, 0.9715544871794872, 0.9736578525641025, 0.9750600961538461, 0.9699519230769231, 0.9682491987179487, 0.96875, 0.9719551282051282, 0.9678485576923077, 0.973457532051282, 0.9741586538461539, 0.9764623397435898, 0.9723557692307693, 0.9748597756410257, 0.9729567307692307, 0.9740584935897436, 0.9736578525641025, 0.9789663461538461, 0.9810697115384616, 0.9850761217948718, 0.9801682692307693, 0.9767628205128205, 0.9815705128205128, 0.9781650641025641, 0.9815705128205128, 0.9763621794871795, 0.9824719551282052, 0.9815705128205128, 0.9832732371794872, 0.9803685897435898, 0.9840745192307693, 0.9805689102564102, 0.9784655448717948, 0.9858774038461539, 0.9856770833333334, 0.9870793269230769, 0.9813701923076923, 0.9855769230769231, 0.9894831730769231, 0.9862780448717948, 0.9849759615384616, 0.9894831730769231, 0.9820713141025641, 0.9869791666666666, 0.9842748397435898, 0.9806690705128205, 0.9877804487179487],