{"testproblem": "fmnist_mlp", "batch_size": 128, "num_epochs": 100, "random_seed": 47, "weight_decay": null, "optimizer_name": "SGD", "optimizer_hyperparams": {"lr": 0.002511886431509582, "momentum": 0.99}, "train_losses": [2.3047020924397006, 0.5197316935429206, 0.37413841294936645, 0.3557930391950485, 0.326113716340982, 0.301987669024712, 0.27351813362194943, 0.26449745415877074, 0.25335617688221806, 0.2518074909845988, 0.25000189187435, 0.22657592384478983, 0.2148103195314224, 0.22664108681373107, 0.21569451374503282, 0.20537100627254218, 0.21842976544912046, 0.19145710537066826, 0.19340181981141752, 0.2085316288165557, 0.18341782335669565, 0.19312725674647552, 0.16849107534075394, 0.18540584028531343, 0.1779204303255448, 0.16408465205667874, 0.157695151387881, 0.1521857572862735, 0.14513481876406914, 0.14947352138085243, 0.15201213354101548, 0.12251731380820274, 0.12189506830122226, 0.13843788703282675, 0.13179885672453123, 0.12855023403580373, 0.1326126453395073, 0.12943814971890205, 0.10979705423307724, 0.10772538433472316, 0.12633579295988268, 0.12637268002025592, 0.09647215539828324, 0.09009874096283546, 0.1004764820711735, 0.09873183205341682, 0.1041435343810381, 0.10386199480256973, 0.10185560388251758, 0.08697685322318321, 0.09813920809672429, 0.09261455644781773, 0.0869334954290818, 0.10665901989126816, 0.08019865055878957, 0.09135541663720058, 0.08654244191562518, 0.08568352642349708, 0.09050402436883022, 0.07814714995523293, 0.07567726925779612, 0.0786715881087077, 0.07271159029541871, 0.07553442386098397, 0.06709363855994664, 0.07794992601833282, 0.060881784615608364, 0.05728118403408772, 0.06036252561861124, 0.05837125469667789, 0.05382318618014837, 0.05774557112883299, 0.04430784681477608, 0.061260113397087805, 0.0655990838049314, 0.05040639314131859, 0.049433572695423394, 0.05109810724090307, 0.04736668396836672, 0.05699067639234739, 0.07469765851512933, 0.05821700537433991, 0.06148856539183702, 0.052790702535555914, 0.032101111056712955, 0.038617044543990724, 0.043405003320330225, 0.03347278582170988, 0.042704307402555756, 0.0293963549610896, 0.032381817555198304, 0.03200179204726831, 0.026857528978815444, 0.04756907770075859, 0.031074495030901372, 0.039726265061360136, 0.032296195960579775, 0.039994396412601836, 0.04644610355488765, 0.030610262010342035, 0.03134384130438169], "test_losses": [2.30488906456874, 0.5581326744495294, 0.41888403242979294, 0.39578868525150496, 0.39441712277057844, 0.361408721942168, 0.34471870767764556, 0.34687462773842687, 0.33948524869405305, 0.3380649057336343, 0.33524895707766217, 0.32164254230566514, 0.3288878263571324, 0.3353948453680063, 0.317048137768721, 0.32385630447130936, 0.33546390938453186, 0.31403357841265506, 0.3353737831497804, 0.35199985443017423, 0.32158482666963184, 0.32693672199279833, 0.3301381243345065, 0.34601523641210336, 0.36815408216072965, 0.33815301878330034, 0.33264013972037876, 0.32745867318067795, 0.34487492113541335, 0.3378018182821763, 0.33400954669102645, 0.34510307300549287, 0.3391350003389212, 0.3780049230807867, 0.36102602363396913, 0.3660112575460703, 0.348273961016765, 0.39042841375638276, 0.3635257497811929, 0.358201264953002, 0.41144642539513415, 0.3987133625226143, 0.3794405489013745, 0.4055117462307979, 0.45447479283962494, 0.4034661977336957, 0.4255258803948378, 0.4422284619739422, 0.430436726181935, 0.40961721329352796, 0.42125402008875823, 0.4379614715774854, 0.4507604078986706, 0.44923530251551896, 0.4523451198370029, 0.44285273513732815, 0.5059174497922262, 0.46144922154072004, 0.45805975794792175, 0.46710697523294353, 0.4897683972540574, 0.4866204410791397, 0.48784422874450684, 0.4766656857652542, 0.47484330718333906, 0.49934076938109523, 0.5381531382027345, 0.50915194914127, 0.5127324662529505, 0.4933047580222289, 0.5310437291478499, 0.5766639438195106, 0.5435774905177263, 0.5914022449690562, 0.5920606574568993, 0.578071459554709, 0.5755555029862967, 0.5610445630856049, 0.5577732788828703, 0.5771321172897632, 0.6052736267447472, 0.5447204730067498, 0.5576106827610579, 0.5980151618520418, 0.5771837941347024, 0.6600445870023507, 0.6092618174659901, 0.591486506546155, 0.6148247535412128, 0.6126760011300062, 0.6768377157740104, 0.6645444910495709, 0.6380491667451003, 0.7002004969578522, 0.688051350414753, 0.6803917898199497, 0.6499991776087345, 0.7231939599300042, 0.6625860140491755, 0.638512240197414, 0.7122724709602503], "train_accuracies": [0.07822516025641026, 0.8160056089743589, 0.8638822115384616, 0.8715945512820513, 0.8793068910256411, 0.8872195512820513, 0.8974358974358975, 0.9039463141025641, 0.9042467948717948, 0.9052483974358975, 0.9051482371794872, 0.9151642628205128, 0.9224759615384616, 0.9136618589743589, 0.9183693910256411, 0.9221754807692307, 0.9169671474358975, 0.9275841346153846, 0.9282852564102564, 0.9224759615384616, 0.9318910256410257, 0.9248798076923077, 0.9353966346153846, 0.9273838141025641, 0.9316907051282052, 0.9359975961538461, 0.9391025641025641, 0.9425080128205128, 0.9419070512820513, 0.9444110576923077, 0.9412059294871795, 0.953125, 0.9547275641025641, 0.9457131410256411, 0.9502203525641025, 0.9510216346153846, 0.9468149038461539, 0.9491185897435898, 0.9553285256410257, 0.957832532051282, 0.9481169871794872, 0.9511217948717948, 0.96484375, 0.9653445512820513, 0.9614383012820513, 0.9620392628205128, 0.9596354166666666, 0.9597355769230769, 0.9619391025641025, 0.9661458333333334, 0.9636418269230769, 0.9642427884615384, 0.965645032051282, 0.9576322115384616, 0.9693509615384616, 0.9650440705128205, 0.9669471153846154, 0.9655448717948718, 0.9639423076923077, 0.969551282051282, 0.9701522435897436, 0.9688501602564102, 0.9715544871794872, 0.9716546474358975, 0.9738581730769231, 0.96875, 0.9755608974358975, 0.9767628205128205, 0.9767628205128205, 0.9764623397435898, 0.9791666666666666, 0.9769631410256411, 0.9829727564102564, 0.9764623397435898, 0.9754607371794872, 0.9797676282051282, 0.9815705128205128, 0.9808693910256411, 0.9817708333333334, 0.977363782051282, 0.9728565705128205, 0.9777644230769231, 0.9755608974358975, 0.9794671474358975, 0.98828125, 0.9850761217948718, 0.9833733974358975, 0.9870793269230769, 0.9826722756410257, 0.9888822115384616, 0.9872796474358975, 0.987479967948718, 0.9904847756410257, 0.981270032051282, 0.9885817307692307, 0.9852764423076923, 0.9876802884615384, 0.9850761217948718, 0.9821714743589743, 0.9886818910256411, 0.9881810897435898],