{"testproblem": "fmnist_mlp", "batch_size": 128, "num_epochs": 100, "random_seed": 44, "weight_decay": null, "optimizer_name": "SGD", "optimizer_hyperparams": {"lr": 0.002511886431509582, "momentum": 0.99}, "train_losses": [2.3043783200092807, 0.512660339474678, 0.4039741643728354, 0.3450181407806201, 0.3179844663693355, 0.3014061426122983, 0.2852165120152327, 0.27535013204965836, 0.2759451256730618, 0.25430394976567, 0.24314396140667108, 0.23783022509171411, 0.23489409551406518, 0.2151764611212107, 0.20669269781464186, 0.21230642564403704, 0.23278542359670004, 0.2238341212654725, 0.19555480864185554, 0.18368629289743227, 0.19798207340332177, 0.17942615885000962, 0.17235619078079858, 0.17603227448387024, 0.19311125643360308, 0.16526366617435065, 0.16063111915420264, 0.16141887238392463, 0.16244461635748544, 0.15260969494015741, 0.14095165714239463, 0.1530821467630374, 0.14289606219300857, 0.1303721901315909, 0.1286636296277627, 0.14136804067171538, 0.13074322651403072, 0.11810231060744861, 0.12288445917268594, 0.12045137961514485, 0.11311300495305122, 0.1013662597307792, 0.10478156317885105, 0.10924485717446376, 0.09911039729530995, 0.09641657831768195, 0.09621075521676968, 0.1005128327375039, 0.10709581700846171, 0.11255348000962001, 0.09695020766976552, 0.08000531549064013, 0.10910731296126659, 0.09275926320025554, 0.0715218332524483, 0.07443127179375061, 0.0712462540429372, 0.08461377602548172, 0.08271145682113293, 0.08507463622551698, 0.07413114067644645, 0.06482997297858581, 0.07303275230030219, 0.06066431874074997, 0.06394937409995458, 0.060542732095107056, 0.04831216426996084, 0.06492641071478526, 0.05828356207945408, 0.04420219925351632, 0.05883165673376658, 0.06992893145443538, 0.05821706368946112, 0.043247682018539846, 0.0596688788336439, 0.05392322183037416, 0.03777504889055704, 0.041238522013792626, 0.048834788254820384, 0.060793775921830766, 0.038051326448718704, 0.048708257432549425, 0.04571160019781345, 0.04872745848619021, 0.043320928007746354, 0.04412348721271906, 0.04717278523513904, 0.0405646046766868, 0.0383943394304086, 0.02966466689339051, 0.04196262584091761, 0.04600246890615194, 0.0364996140392927, 0.04242028969411667, 0.02793764313444113, 0.03739465505648882, 0.023500262210384395, 0.05324556635549435, 0.03472497634207591, 0.027608052158776004, 0.023099338444761742], "test_losses": [2.304389782440968, 0.5443824407381889, 0.44597762784896755, 0.39982686440149945, 0.36969345043867063, 0.3634834681183864, 0.35316947389107484, 0.3529607227597481, 0.3557908739417027, 0.34409073549203384, 0.3387684730383066, 0.3311743186070369, 0.32596358542258924, 0.32797876439797574, 0.328479324777921, 0.3378136112139775, 0.34377365903212476, 0.33155452269010055, 0.33152985248046046, 0.32591789464155835, 0.34347206373245287, 0.32741443736430925, 0.3273884957799545, 0.3669944502986394, 0.3596766443970876, 0.32561210886790204, 0.3313685579177661, 0.3603834813603988, 0.34501884209039885, 0.3512766611499664, 0.35728713870048523, 0.35309906685963655, 0.3667418719866337, 0.36551181150552553, 0.3657249254293931, 0.3810021741650043, 0.37310904531906813, 0.3738154757481355, 0.3694975995100461, 0.37795328348875046, 0.3969710900997504, 0.38160837298402417, 0.39736413382566893, 0.4241507692405811, 0.41287561582449156, 0.40852377611475116, 0.418875447068459, 0.4165324891606967, 0.42679821298672604, 0.43295215108455753, 0.42087708298976606, 0.3947068145259833, 0.4579993685086568, 0.46289974661209643, 0.42296401182046306, 0.45269572706176686, 0.45339878361958724, 0.45812825591136247, 0.46725088873734844, 0.4500237906781527, 0.4826333780701344, 0.48262349783610076, 0.5352722507638809, 0.5054514824579923, 0.5151633845689969, 0.5220266005549675, 0.5114471879907143, 0.5682994740513655, 0.5100437068404295, 0.5493974536657333, 0.5383180270974453, 0.5459103895685612, 0.5217642434514486, 0.5230783986357542, 0.6035898150159762, 0.6018239206228501, 0.5749840709643487, 0.5748313642465152, 0.6407110910767164, 0.5591291441367223, 0.6029557581895437, 0.6412848814939841, 0.6206442345029268, 0.561710353081043, 0.6081092980427619, 0.5968388829093713, 0.6557877073303248, 0.6329331231804994, 0.6394969591727624, 0.6475014814581627, 0.721924881140391, 0.7229277588044986, 0.642936607870536, 0.6811681172022452, 0.6855878174687043, 0.6931504076107954, 0.7349027855656086, 0.6764770260988138, 0.6680296434041781, 0.6923233333688515, 0.7006704029746544], "train_accuracies": [0.1505408653846154, 0.8137019230769231, 0.8466546474358975, 0.8716947115384616, 0.8832131410256411, 0.8904246794871795, 0.8949318910256411, 0.89453125, 0.8997395833333334, 0.9064503205128205, 0.9087540064102564, 0.9142628205128205, 0.9105568910256411, 0.9161658653846154, 0.9237780448717948, 0.9177684294871795, 0.9117588141025641, 0.9131610576923077, 0.9252804487179487, 0.9310897435897436, 0.9223758012820513, 0.9308894230769231, 0.9355969551282052, 0.9332932692307693, 0.9277844551282052, 0.9391025641025641, 0.9371995192307693, 0.9403044871794872, 0.9353966346153846, 0.9388020833333334, 0.9441105769230769, 0.9397035256410257, 0.9448116987179487, 0.9475160256410257, 0.9493189102564102, 0.9452123397435898, 0.9485176282051282, 0.9555288461538461, 0.9540264423076923, 0.9541266025641025, 0.9557291666666666, 0.9610376602564102, 0.9596354166666666, 0.9582331730769231, 0.9624399038461539, 0.9637419871794872, 0.9624399038461539, 0.9594350961538461, 0.9609375, 0.9554286858974359, 0.9608373397435898, 0.9697516025641025, 0.9607371794871795, 0.9643429487179487, 0.9730568910256411, 0.97265625, 0.9719551282051282, 0.9684495192307693, 0.9678485576923077, 0.9698517628205128, 0.969551282051282, 0.9741586538461539, 0.9701522435897436, 0.9760616987179487, 0.9764623397435898, 0.977363782051282, 0.9821714743589743, 0.9736578525641025, 0.9768629807692307, 0.9831730769230769, 0.9792668269230769, 0.9729567307692307, 0.9772636217948718, 0.9826722756410257, 0.975761217948718, 0.9790665064102564, 0.9857772435897436, 0.9834735576923077, 0.9821714743589743, 0.9762620192307693, 0.9850761217948718, 0.98046875, 0.9802684294871795, 0.9820713141025641, 0.9847756410256411, 0.983573717948718, 0.9801682692307693, 0.9841746794871795, 0.9847756410256411, 0.9881810897435898, 0.9846754807692307, 0.9831730769230769, 0.9862780448717948, 0.9848758012820513, 0.9898838141025641, 0.9861778846153846, 0.9907852564102564, 0.9794671474358975, 0.9875801282051282, 0.9903846153846154, 0.9906850961538461],