{"testproblem": "fmnist_mlp", "batch_size": 128, "num_epochs": 100, "random_seed": 42, "weight_decay": null, "optimizer_hyperparams": {"lr": 0.002511886431509582, "momentum": 0.99}, "train_losses": [2.3021158377329507, 0.5344240485857694, 0.3794107721784176, 0.34393906383178174, 0.30824436763158214, 0.2766118809962884, 0.2878781182643695, 0.2966940200481659, 0.24981031089256972, 0.24477787678822494, 0.2294266756910544, 0.2335631753771733, 0.24219035930358446, 0.22165920929266855, 0.24434022700939423, 0.25350049157173205, 0.22519929038408476, 0.2049515592173124, 0.1898257068525522, 0.18632542513884032, 0.1904723826700296, 0.16424562447728255, 0.1698931292272531, 0.2045180575014689, 0.1868174106646807, 0.17733526879396194, 0.15109466455685786, 0.15390943301220736, 0.16575551290924734, 0.14815122567308256, 0.15259249575245074, 0.15712632377369282, 0.12935355515816274, 0.1332624892775829, 0.1502695535429013, 0.12096512131392956, 0.12617394375877503, 0.1302640654433232, 0.11684212002616662, 0.12278506283958752, 0.10552632732269092, 0.12222594734376822, 0.10036424666834183, 0.12790359093401676, 0.10691947413560672, 0.11568656110037596, 0.11645919523942165, 0.10634186768378967, 0.10232056042131706, 0.088542112077658, 0.08743213098018597, 0.09411403579780689, 0.10005952121737675, 0.0782728291188295, 0.0888637107056685, 0.0764357944807181, 0.07356251117128593, 0.09023387653705402, 0.08105555014350475, 0.07972592936876492, 0.07668954692780972, 0.07412824564828323, 0.06728672608733177, 0.0786395464092493, 0.05630967933206986, 0.0758522842079401, 0.053586722566531256, 0.05243979160411236, 0.06768689992336127, 0.06415025598536699, 0.0707247933993737, 0.051663767880736254, 0.06068310547524538, 0.053083947453743376, 0.05015683837999136, 0.05946425759257414, 0.06436954056605315, 0.05026329069947585, 0.0550456164070429, 0.03713023466750597, 0.04446546594874981, 0.05540951890632128, 0.06179264230796924, 0.041932616621637955, 0.043730199050444826, 0.04747769112388293, 0.04875743083464794, 0.038327598466705054, 0.03518615715587751, 0.035357056806484856, 0.032695225320565395, 0.04468572416748756, 0.034343020154688604, 0.042665839911653444, 0.048162880138708994, 0.02858270317889177, 0.03507112587491671, 0.027015275250260647, 0.031627243313078694, 0.03118761160816902, 0.02661648344917175], "test_losses": [2.3022368321051965, 0.5428568266141109, 0.4187320852890993, 0.39795528199428165, 0.36479414923068804, 0.3615147889806674, 0.35679630782359684, 0.37306910428481227, 0.3378346302570441, 0.332972020483934, 0.3266529761827909, 0.33233231267867946, 0.3423722172394777, 0.3244367560897118, 0.35248932777306974, 0.37209498500212645, 0.35282208483952743, 0.3282820953008456, 0.32095320981282455, 0.3263944929991013, 0.325309561804319, 0.3225786823492784, 0.3382747320410533, 0.3668820580992943, 0.36276467125385237, 0.3607606281263706, 0.3285989990601173, 0.3324520089305364, 0.3393279266281006, 0.33162386142290556, 0.372946166075193, 0.3576127915428235, 0.3527081847572938, 0.34977071445721847, 0.3786941367464188, 0.3424554711733109, 0.36560963361691207, 0.37793898104857176, 0.36809562041591376, 0.38172801373860776, 0.3791335983536182, 0.40224986790846556, 0.3639511389610095, 0.4323468987758343, 0.37551962775297654, 0.392160632671454, 0.42725756955452454, 0.42203843956574416, 0.4353719401435974, 0.3987293216662529, 0.3891694555297876, 0.41415184889084256, 0.4461055495418035, 0.4299363973431098, 0.4463871295253436, 0.44884673620645815, 0.47068242747814226, 0.4993072221867549, 0.48091485962653774, 0.45582706070481205, 0.4571868868974539, 0.4641471151740123, 0.44013561633152837, 0.4874173731375963, 0.4708126168220471, 0.5041478217030183, 0.5071526060883815, 0.5532887965822831, 0.5165428125705475, 0.5026094179887038, 0.5207594136397043, 0.5197587173718673, 0.581546946022755, 0.5115545285053742, 0.5705529168630258, 0.5469261111739354, 0.5601426810026169, 0.573055932059502, 0.5570367645376768, 0.558737979676479, 0.5527210545081359, 0.5741992709346306, 0.5949001489923551, 0.6035211603993025, 0.6103355634288911, 0.6121163870661687, 0.6280250747998556, 0.5904069777864677, 0.6565446118131663, 0.6228803089604928, 0.6139611601829529, 0.6394523722239029, 0.664011925076827, 0.7148730600109467, 0.6804392644419119, 0.6759901977120302, 0.6910556487930126, 0.6983677501288744, 0.6686507628705257, 0.7307875683674445, 0.7395246056601023], "train_accuracies": [0.10817307692307693, 0.811698717948718, 0.86328125, 0.875801282051282, 0.8896233974358975, 0.8970352564102564, 0.8929286858974359, 0.8818108974358975, 0.9095552884615384, 0.9063501602564102, 0.9136618589743589, 0.9127604166666666, 0.9067508012820513, 0.9181690705128205, 0.9073517628205128, 0.9024439102564102, 0.9151642628205128, 0.9232772435897436, 0.9282852564102564, 0.9319911858974359, 0.9297876602564102, 0.9397035256410257, 0.9356971153846154, 0.9200721153846154, 0.9250801282051282, 0.9313902243589743, 0.9436097756410257, 0.9410056089743589, 0.9369991987179487, 0.9458133012820513, 0.9399038461538461, 0.9413060897435898, 0.9491185897435898, 0.9469150641025641, 0.9405048076923077, 0.9534254807692307, 0.9517227564102564, 0.9510216346153846, 0.9545272435897436, 0.9495192307692307, 0.9590344551282052, 0.9526241987179487, 0.9620392628205128, 0.9509214743589743, 0.9610376602564102, 0.9541266025641025, 0.9541266025641025, 0.9583333333333334, 0.9597355769230769, 0.9663461538461539, 0.9660456730769231, 0.9654447115384616, 0.9606370192307693, 0.9693509615384616, 0.9664463141025641, 0.9715544871794872, 0.9707532051282052, 0.965645032051282, 0.9691506410256411, 0.9693509615384616, 0.9719551282051282, 0.973457532051282, 0.9746594551282052, 0.9701522435897436, 0.9771634615384616, 0.9705528846153846, 0.9795673076923077, 0.9801682692307693, 0.9731570512820513, 0.9733573717948718, 0.9738581730769231, 0.9805689102564102, 0.9760616987179487, 0.9814703525641025, 0.9794671474358975, 0.9787660256410257, 0.9759615384615384, 0.98046875, 0.9787660256410257, 0.9864783653846154, 0.9826722756410257, 0.9775641025641025, 0.9770633012820513, 0.9829727564102564, 0.9830729166666666, 0.9816706730769231, 0.9808693910256411, 0.9857772435897436, 0.9869791666666666, 0.9864783653846154, 0.9884815705128205, 0.9824719551282052, 0.9872796474358975, 0.9825721153846154, 0.9823717948717948, 0.9901842948717948, 0.9870793269230769, 0.9902844551282052, 0.9888822115384616, 0.9883814102564102, 0.9898838141025641],