{"testproblem": "fmnist_mlp", "batch_size": 128, "num_epochs": 100, "random_seed": 51, "weight_decay": null, "optimizer_name": "SGD", "optimizer_hyperparams": {"lr": 0.002511886431509582, "momentum": 0.99}, "train_losses": [2.301021089920631, 0.5289707821913254, 0.3947597447878275, 0.35508522123862535, 0.34107324442802334, 0.29693229572895247, 0.3079780112856474, 0.26072743993539077, 0.2598997574204054, 0.2605524481489108, 0.2429584902830613, 0.2304196086449501, 0.22942990962511453, 0.21951136050316003, 0.21246967178124648, 0.20935809688690382, 0.18706480767100286, 0.21306046356375402, 0.201307715036166, 0.19193429987017924, 0.179849551178706, 0.17094285432726908, 0.17289184301327437, 0.16489797066419554, 0.1680243239761927, 0.16855207071281397, 0.16751100877538705, 0.1571417982952717, 0.1571627769810267, 0.14555532122269654, 0.13513126496512157, 0.14935964728013063, 0.13304406117934447, 0.13819966150017884, 0.1507828258551084, 0.1175345617513626, 0.13862515728061015, 0.10656575968441291, 0.12881250746357134, 0.13847430059925103, 0.12335432631274064, 0.11123227499998532, 0.0985313657289132, 0.09383896279793519, 0.11376124381636962, 0.08765781527528396, 0.09597403537004422, 0.0938737772596188, 0.10231114522768901, 0.08909475784271191, 0.0898031102350125, 0.09650463434175038, 0.09031763285971604, 0.09684415037433307, 0.08680696623065533, 0.07614948247105648, 0.08939537950433217, 0.08631977209678063, 0.07799615632169522, 0.06909425695164081, 0.0783665898996286, 0.07351201175688168, 0.07079439763075267, 0.05963486466461267, 0.06755172021878071, 0.06332494299381207, 0.062327031475993305, 0.05244049764214418, 0.05198782233473582, 0.06102292445034553, 0.06607375685603191, 0.057516406457393594, 0.07064299060939214, 0.052377187002163664, 0.04769979159419353, 0.07393065859109928, 0.05377319302314367, 0.06212646977450603, 0.05649012394058399, 0.05051593277125786, 0.04524427260725926, 0.06395796051201148, 0.04158134414599492, 0.0400992365888296, 0.0408210396193541, 0.04329157095306959, 0.03812732626325809, 0.04027121762434641, 0.029930037326919727, 0.024169342162517402, 0.03164703828784136, 0.038849408189073585, 0.035779657845313735, 0.03339871706870886, 0.036977424453466363, 0.04719050147403509, 0.04629159795168119, 0.040779535634777486, 0.026643139334061205, 0.028690512841328595, 0.03111460527930504], "test_losses": [2.3011318108974357, 0.5636421327407544, 0.43146285452903843, 0.41586630543073017, 0.3959353820253641, 0.37085416359015, 0.3666215602021951, 0.33957102302557385, 0.33509085843196285, 0.34882199114713913, 0.3298462795523497, 0.3312308729076997, 0.3233482463237567, 0.3347682114212941, 0.33007883891845363, 0.32648173433083755, 0.31628383218477935, 0.3314507756477747, 0.31499625226626027, 0.33931739953083867, 0.32330118654630124, 0.31740172341083867, 0.33177991918264294, 0.3252197047456717, 0.32949046656871456, 0.3364571019625052, 0.34904975195725757, 0.3314250321724476, 0.3531418410249246, 0.3477470177488449, 0.337601506175139, 0.3624032592544189, 0.3654586069094829, 0.36662460290468657, 0.377659576634566, 0.3549509189831905, 0.38399401001441175, 0.3832520517783287, 0.4012454729049634, 0.38821573822926253, 0.36614639789630204, 0.36444347351789474, 0.40625682167517835, 0.39559694799857265, 0.40640244823999894, 0.40415989550260395, 0.3820248876626675, 0.4101466874663646, 0.4175826750504665, 0.4187962300120256, 0.41148089760771167, 0.45331077697949534, 0.42903144084490263, 0.44951977695410067, 0.4635515480469435, 0.45391871665532774, 0.4491338903705279, 0.4281357210607101, 0.4634284407664568, 0.44299352417389554, 0.45183941970268887, 0.47157659859229356, 0.5240399417204734, 0.4936163836182692, 0.4813727344840001, 0.5411165425410638, 0.5166653635410162, 0.565712491957805, 0.5259572622867731, 0.5458513868924899, 0.5469920923694586, 0.5207621149527721, 0.593669542326377, 0.5684921817901807, 0.5280648043904549, 0.5968213104284726, 0.5843522061522191, 0.5596860838242066, 0.5399459623373472, 0.5930364582783136, 0.5929246879158876, 0.6313669986258714, 0.5591040318593, 0.6290265822257751, 0.6196573439698952, 0.6394621978203455, 0.61803615016815, 0.6636800332329212, 0.6547385501937989, 0.6740165271629126, 0.6638692928812443, 0.6846636711404874, 0.6610685569735674, 0.6584810012808213, 0.6712916638606634, 0.6024950536397787, 0.6857783914758608, 0.723192049906804, 0.705987094495541, 0.7168158877354401, 0.7024396237654563], "train_accuracies": [0.09054487179487179, 0.8167067307692307, 0.8538661858974359, 0.8682892628205128, 0.878104967948718, 0.8872195512820513, 0.8844150641025641, 0.9026442307692307, 0.9013421474358975, 0.9067508012820513, 0.9058493589743589, 0.9155649038461539, 0.9126602564102564, 0.918770032051282, 0.9205729166666666, 0.9204727564102564, 0.9290865384615384, 0.9183693910256411, 0.9244791666666666, 0.9293870192307693, 0.9328926282051282, 0.9359975961538461, 0.932792467948718, 0.9389022435897436, 0.9367988782051282, 0.9317908653846154, 0.9344951923076923, 0.940604967948718, 0.9370993589743589, 0.9411057692307693, 0.9473157051282052, 0.9423076923076923, 0.9490184294871795, 0.9485176282051282, 0.9419070512820513, 0.9550280448717948, 0.9464142628205128, 0.9574318910256411, 0.9473157051282052, 0.9473157051282052, 0.9517227564102564, 0.9579326923076923, 0.9621394230769231, 0.9647435897435898, 0.953926282051282, 0.9669471153846154, 0.9625400641025641, 0.9635416666666666, 0.9591346153846154, 0.9638421474358975, 0.9653445512820513, 0.9620392628205128, 0.9655448717948718, 0.9619391025641025, 0.9659455128205128, 0.9705528846153846, 0.9633413461538461, 0.9658453525641025, 0.9700520833333334, 0.9747596153846154, 0.9686498397435898, 0.9712540064102564, 0.9750600961538461, 0.9765625, 0.9745592948717948, 0.9753605769230769, 0.9744591346153846, 0.9801682692307693, 0.98046875, 0.9769631410256411, 0.9741586538461539, 0.977363782051282, 0.971854967948718, 0.981270032051282, 0.9820713141025641, 0.9738581730769231, 0.9805689102564102, 0.9759615384615384, 0.9782652243589743, 0.9809695512820513, 0.9828725961538461, 0.9755608974358975, 0.9845753205128205, 0.9852764423076923, 0.9832732371794872, 0.9832732371794872, 0.9857772435897436, 0.9836738782051282, 0.9883814102564102, 0.9907852564102564, 0.9878806089743589, 0.985176282051282, 0.9860777243589743, 0.9877804487179487, 0.9855769230769231, 0.9842748397435898, 0.9822716346153846, 0.9831730769230769, 0.9903846153846154, 0.9889823717948718, 0.9884815705128205],