{"train_losses": [353.9337594168527, 191.8777618408203, 136.00813947405135, 116.1303209577288, 108.73665945870536, 105.79042707170758, 104.47780282156808, 103.78656223842076, 103.3414775303432, 102.99885014125279, 102.70174952915737, 102.42684173583984, 102.16419655936105, 101.90944562639508, 101.66058676583427, 101.41666412353516, 101.1771719796317, 100.9418454851423, 100.7104982648577, 100.48301587785993, 100.25931004115513, 100.03928702218192, 99.8228781563895, 99.61001477922711, 99.40062931605748, 99.19466400146484, 98.99204690115792, 98.792724609375, 98.59663827078683, 98.40372467041016, 98.21393258231026, 98.02720533098493, 97.84348406110492, 97.66272408621651, 97.48486655099052, 97.30986022949219, 97.13765716552734, 96.96820613316127, 96.80146135602679, 96.63736615862165, 96.47588784354073, 96.31697191510882, 96.16057477678571, 96.00664629255023, 95.85515376499721, 95.706052507673, 95.55929892403739, 95.41484723772321, 95.27265930175781, 95.13269914899554, 94.99492427280971, 94.85930415562221, 94.72579084123883, 94.5943581717355, 94.46496037074498, 94.33756801060268, 94.21214076450893, 94.08865356445312, 93.9670660836356, 93.84734671456474, 93.7294671194894, 93.61339351109096, 93.49908883231026, 93.38653019496373, 93.2756816319057, 93.16652025495257, 93.05901663643974, 92.95313480922154, 92.84885733468192, 92.74615260532924, 92.64499119349888, 92.54535239083427, 92.44720241001674, 92.35052272251674, 92.25528608049665, 92.16146523611886, 92.0690416608538, 91.97798919677734, 91.88828495570591, 91.7999027797154, 91.71282632010323, 91.62703268868583, 91.54250008719308, 91.45920235770089, 91.3771242414202, 91.2962417602539, 91.21653856549945, 91.13799176897321, 91.06058829171317, 90.98429870605469, 90.90911429268974, 90.83501216343471, 90.76197378976005, 90.68998282296317, 90.61902509416852, 90.54907335553851, 90.48012978690011, 90.41215406145368, 90.34514617919922, 90.27909088134766, 90.2139663696289], "test_losses": [353.44676426478793, 192.7624795096261, 137.6163046700614, 118.11739240373883, 110.92052132742745, 108.07549830845424, 106.81437683105469, 106.14912414550781, 105.71712711879185, 105.38123975481305, 105.08786010742188, 104.81530434744698, 104.55445643833706, 104.30132838657924, 104.05406515938895, 103.81177411760602, 103.57396262032645, 103.34035818917411, 103.11077117919922, 102.88507080078125, 102.66315133231026, 102.44491577148438, 102.23030090332031, 102.01921844482422, 101.81160518101284, 101.6073978969029, 101.40653010777065, 101.20894077845982, 101.0145743233817, 100.82336534772601, 100.63526371547154, 100.45021275111607, 100.26815141950335, 100.08904048374721, 99.91281127929688, 99.73942347935268, 99.56882149832589, 99.40096282958984, 99.2357897077288, 99.07326071602958, 98.91332571847099, 98.75594220842633, 98.60106222970145, 98.44864654541016, 98.29864392961774, 98.15102168491909, 98.00572967529297, 97.86273411342076, 97.72198595319476, 97.58345249720982, 97.4470966884068, 97.31287384033203, 97.18075452532086, 97.05069405691964, 96.92266191755023, 96.79662322998047, 96.67253657749721, 96.55037689208984, 96.43010711669922, 96.3116934640067, 96.19510541643415, 96.08031027657645, 95.96728188650948, 95.85597882952008, 95.7463847569057, 95.63845825195312, 95.53218187604632, 95.42752075195312, 95.32444327218192, 95.22293308803013, 95.12295423235211, 95.02448381696429, 94.92750004359654, 94.83196803501674, 94.73787580217633, 94.64518737792969, 94.55388532366071, 94.46394348144531, 94.3753422328404, 94.28805650983539, 94.20206124441964, 94.11733790806362, 94.03386579241071, 93.95162309919085, 93.87058803013393, 93.79073987688336, 93.71206665039062, 93.63453783307757, 93.55813816615513, 93.48284912109375, 93.40865325927734, 93.33553205217633, 93.26346915108817, 93.19244384765625, 93.12243761335101, 93.05343954903739, 92.9854234967913, 92.9183850969587, 92.85230364118304, 92.7871573311942, 92.72293962751117], "minibatch_train_losses": [369.72540283203125, 325.942626953125, 293.95550537109375, 260.85369873046875, 245.29666137695312, 210.41574096679688, 187.78912353515625, 202.8421630859375, 183.44891357421875, 173.9272003173828, 160.39413452148438, 154.56199645996094, 140.6915740966797, 127.15199279785156, 143.95547485351562, 133.40914916992188, 132.09951782226562, 125.91256713867188, 122.1026611328125, 117.43758392333984, 106.54473876953125, 122.18817138671875, 115.1317138671875, 117.01925659179688, 113.79959106445312, 109.9195556640625, 109.63400268554688, 99.37515258789062, 113.60821533203125, 108.08480072021484, 111.31768035888672, 109.39909362792969, 105.02591705322266, 106.97968292236328, 96.76271057128906, 109.91496276855469, 105.14696502685547, 108.9979248046875, 107.69784545898438, 102.85926055908203, 106.02574920654297, 95.70632934570312, 108.13034057617188, 103.77381896972656, 107.93525695800781, 106.95060729980469, 101.76256561279297, 105.61479187011719, 95.18208312988281, 107.13977813720703, 103.02422332763672, 107.3549575805664, 106.5403060913086, 101.10989379882812, 105.36219787597656, 94.83882904052734, 106.50413513183594, 102.53628540039062, 106.96585845947266, 106.24676513671875, 100.65373992919922, 105.1447525024414, 94.55661010742188, 106.03968811035156, 102.16473388671875, 106.65522766113281, 105.99163818359375, 100.29117584228516, 104.92677307128906, 94.29515838623047, 105.66439819335938, 101.84859466552734, 106.37824249267578, 105.74783325195312, 99.97689819335938, 104.70081329345703, 94.04159545898438, 105.339111328125, 101.56110382080078, 106.11676025390625, 105.50680541992188, 99.68987274169922, 104.4677734375, 93.79222106933594, 105.04388427734375, 101.28996276855469, 105.86335754394531, 105.26651763916016, 99.41967010498047, 104.23027038574219, 93.54624938964844, 104.76802062988281, 101.02928924560547, 105.61508178710938, 105.02703857421875, 99.16088104248047, 103.99080657958984, 93.3037109375, 104.50541687011719, 100.77609252929688, 105.37076568603516, 104.78898620605469, 98.91050720214844, 103.7512435913086, 93.06474304199219, 104.25257110595703, 100.52883911132812, 105.13003540039062, 104.55300903320312, 98.66681671142578, 103.51289367675781, 92.8294906616211, 104.00727844238281, 100.28667449951172, 104.89276123046875, 104.31959533691406, 98.42875671386719, 103.2766342163086, 92.5980224609375, 103.76820373535156, 100.04907989501953, 104.65898132324219, 104.08911895751953, 98.19566345214844, 103.04302978515625, 92.37032318115234, 103.53446960449219, 99.81575012207031, 104.42869567871094, 103.86180114746094, 97.96708679199219, 102.81243133544922, 92.14636993408203, 103.30548095703125, 99.58645629882812, 104.20193481445312, 103.63780212402344, 97.74271392822266, 102.58506774902344, 91.9261245727539, 103.08085632324219, 99.36104583740234, 103.97869873046875, 103.41719055175781, 97.5223388671875, 102.36103820800781, 91.70952606201172, 102.86032104492188, 99.13941955566406, 103.75897216796875, 103.20000457763672, 97.3057861328125, 102.1404037475586, 91.49652099609375, 102.64364624023438, 98.92146301269531, 103.54273986816406, 102.98623657226562, 97.0929183959961, 101.92318725585938, 91.28702545166016, 102.43071746826172, 98.70708465576172, 103.3299560546875, 102.77586364746094, 96.88362884521484, 101.70939636230469, 91.08099365234375, 102.22137451171875, 98.49623107910156, 103.12059020996094, 102.56889343261719, 96.67782592773438, 101.49899291992188, 90.87834930419922, 102.01551818847656, 98.28878784179688, 102.91458892822266, 102.365234375, 96.47543334960938, 101.29192352294922, 90.67904663085938, 101.81307983398438, 98.0847396850586, 102.7119140625, 102.16487884521484, 96.2763671875, 101.08817291259766, 90.48300170898438, 101.61396789550781, 97.88398742675781, 102.51249694824219, 101.96775817871094, 96.08056640625, 100.88768005371094, 90.29017639160156, 101.41812133789062, 97.68647766113281, 102.3162841796875, 101.7738265991211, 95.8879623413086, 100.69039916992188, 90.1004867553711, 101.22544860839844, 97.49215698242188, 102.12325286865234, 101.5830307006836, 95.69850158691406, 100.49628448486328, 