{"testproblem": "fmnist_mlp", "batch_size": 128, "num_epochs": 100, "random_seed": 42, "weight_decay": null, "optimizer_hyperparams": {"lr": 2.5118864315095824}, "train_losses": [2.3021158377329507, 2.3654694373791036, 2.3720896427447977, 2.3739152352015176, 2.449572150523846, 2.3847258182672353, 2.4984665650587816, 2.4250216514636307, 2.4271080799591846, 2.4182564264688735, 2.3416506327115574, 2.353572264695779, 2.3702763471847925, 2.491993344747103, 2.4756606970077906, 2.378920545944801, 2.356723598944835, 2.374459826029264, 2.5124872097602258, 2.3639568946300407, 2.5789088988915467, 2.398304746701167, 2.4693863086211376, 2.3812277958943295, 2.371663600970537, 2.422457352662698, 2.376038893675193, 2.481938200119214, 2.412621015157455, 2.455554118523231, 2.3902886922542868, 2.3671131470264535, 2.4116347355720325, 2.3763589767309337, 2.4237864231451964, 2.381954251191555, 2.3555580774943032, 2.38378853064317, 2.4294347243431287, 2.3931002066685605, 2.3594448627569737, 2.485283157764337, 2.3628944831016736, 2.409311205912859, 2.5067020715811315, 2.456130794989757, 2.3585656820199428, 2.380607015047318, 2.3969361873773427, 2.432478382037236, 2.3932494811522655, 2.3790171849421964, 2.459098470516694, 2.3792209930908985, 2.3457274987147403, 2.421509544054667, 2.334789587901189, 2.4040935773115892, 2.340687760939965, 2.389044871697059, 2.453438074160845, 2.4108955493340125, 2.4048398916537943, 2.3551688377673807, 2.36570938428243, 2.363412407728342, 2.369507074356079, 2.363264976403652, 2.41289667899792, 2.332189850318126, 2.3791668598468485, 2.418847077932113, 2.377383195436918, 2.339679574355101, 2.479992667833964, 2.467375385455596, 2.3698493303396764, 2.45123819510142, 2.362459191909203, 2.3615200978059034, 2.379768955401885, 2.3859538787450547, 2.3519132198431554, 2.3786312494522486, 2.391691492154048, 2.4619485904008913, 2.385299630654164, 2.3868210285137863, 2.3325900848095236, 2.3899627832266, 2.367877104343512, 2.382386143390949, 2.3870784563895984, 2.389805264962025, 2.396209643437312, 2.4025723964740067, 2.5674532865866637, 2.4587068068675504, 2.401951701213152, 2.4839039949270396, 2.3854899131334744], "test_losses": [2.3022368321051965, 2.360981348233345, 2.372053476480337, 2.370587018819956, 2.44995030378684, 2.373731949390509, 2.4946922858556113, 2.427440184813279, 2.4327391508298044, 2.418475933564015, 2.335858326691848, 2.354792359547737, 2.376127738219041, 2.4946183608128476, 2.4723103841145835, 2.37785232372773, 2.3568509755990443, 2.3724251037988906, 2.515005973669199, 2.36231616521493, 2.556264727543562, 2.399622006294055, 2.46299820068555, 2.382900629288111, 2.3719776685421285, 2.416842524821942, 2.3712590902279587, 2.4740143372462344, 2.4098475590730324, 2.455117494632036, 2.383633323204823, 2.364727090566586, 2.417583465576172, 2.3755585505412173, 2.421793894890027, 2.39044818511376, 2.3554075620113273, 2.381495552185254, 2.4310510586469603, 2.4026674368442635, 2.364831817455781, 2.482019895162338, 2.3660823687528953, 2.4057287100033884, 2.508160037872119, 2.447936883339515, 2.3602736057379308, 2.379841012832446, 2.3982279881452904, 2.435965501345121, 2.394052028656006, 2.3715068101882935, 2.44921735005501, 2.3727050041541076, 2.3453879172985372, 2.4164961056831555, 2.3351193238527346, 2.4048544688102527, 2.3415639522748117, 2.3873442258590307, 2.455480178197225, 2.4089672534893722, 2.3970736387448435, 2.3491311409534554, 2.363830942374009, 2.366386755918845, 2.375441856873341, 2.3596557073104076, 2.4127956934464283, 2.3304133048424354, 2.384864804072258, 2.42274856261718, 2.3846773642760057, 2.33920728854644, 2.4831768457706156, 2.4696878378207865, 2.371331676458701, 2.4396660939241066, 2.3574671072837634, 2.3595783160283017, 2.3841392474296765, 2.382596330764966, 2.3548682072223763, 2.38570834734501, 2.390102053299928, 2.463046064743629, 2.3871594086671486, 2.390825650630853, 2.3331279387840858, 2.3918654796404715, 2.370393646069062, 2.3778586112535915, 2.393169158544296, 2.3846947871721706, 2.4058619095728946, 2.4034075431334667, 2.5622622630535026, 2.45524277136876, 2.405883562870515, 2.4826207038683767, 2.384079853693644], "train_accuracies": [0.10817307692307693, 0.09685496794871795, 0.0967548076923077, 0.09705528846153846, 0.10106169871794872, 0.09174679487179487, 0.09625400641025642, 0.1045673076923077, 0.10426682692307693, 0.09815705128205128, 0.09415064102564102, 0.10787259615384616, 0.10206330128205128, 0.09865785256410256, 0.09935897435897435, 0.10436698717948718, 0.09565304487179487, 0.10036057692307693, 0.09895833333333333, 0.09935897435897435, 0.09895833333333333, 0.09935897435897435, 0.0960536858974359, 0.1031650641025641, 0.09985977564102565, 0.0953525641025641, 0.09865785256410256, 0.09875801282051282, 0.0967548076923077, 0.10046073717948718, 0.0992588141025641, 0.09685496794871795, 0.10366586538461539, 0.10106169871794872, 0.10106169871794872, 0.1077724358974359, 0.10416666666666667, 0.10446714743589744, 0.1024639423076923, 0.10336538461538461, 0.09785657051282051, 0.09525240384615384, 0.09815705128205128, 0.0946514423076923, 0.10176282051282051, 0.0953525641025641, 0.10216346153846154, 0.09555288461538461, 0.10056089743589744, 0.0999599358974359, 0.09825721153846154, 0.0946514423076923, 0.09955929487179487, 0.09805689102564102, 0.09755608974358974, 0.09905849358974358, 0.10366586538461539, 0.09915865384615384, 0.09965945512820513, 0.10016025641025642, 0.09745592948717949, 0.09655448717948718, 0.0960536858974359, 0.09445112179487179, 0.10136217948717949, 0.10546875, 0.10206330128205128, 0.10086137820512821, 0.09825721153846154, 0.09955929487179487, 0.10356570512820513, 0.10376602564102565, 0.10526842948717949, 0.09875801282051282, 0.09815705128205128, 0.10136217948717949, 0.09745592948717949, 0.09475160256410256, 0.09645432692307693, 0.10056089743589744, 0.09955929487179487, 0.10436698717948718, 0.10076121794871795, 0.10166266025641026, 0.09815705128205128, 0.10256410256410256, 0.10216346153846154, 0.1006610576923077, 0.10016025641025642, 0.10086137820512821, 0.1024639423076923, 0.10236378205128205, 0.10276442307692307, 0.09835737179487179, 0.10406650641025642, 0.09715544871794872, 0.10006009615384616, 0.09835737179487179, 0.10466746794871795, 0.09695512820512821, 0.09985977564102565],