{"train_losses": [353.9337594168527, 233.8534916469029, 172.28966631208147, 140.40691920689173, 123.69631522042411, 114.80755942208427, 109.9889657156808, 107.30987548828125, 105.7678702218192, 104.8374492100307, 104.24023546491351, 103.82716587611607, 103.51747349330357, 103.26686532156808, 103.05077144077846, 102.85536520821708, 102.6727763584682, 102.49847739083427, 102.32980782645089, 102.16521235874721, 102.00375039236886, 101.84484209333148, 101.68813759940011, 101.53341238839286, 101.3805171421596, 101.22935376848493, 101.0798590523856, 100.9319839477539, 100.78568703787667, 100.64093889508929, 100.49771227155414, 100.35598536900112, 100.21574401855469, 100.07695552280971, 99.93960898263114, 99.80369131905692, 99.66918400355748, 99.5360608782087, 99.40431322370257, 99.27393123081752, 99.14489092145648, 99.01717921665737, 98.89078085763114, 98.76567949567523, 98.64186423165458, 98.51931435721261, 98.3980244227818, 98.27797045026507, 98.15915025983539, 98.04153551374164, 97.92512730189732, 97.80989837646484, 97.6958476475307, 97.58295222691127, 97.47120775495257, 97.360595703125, 97.25110299246651, 97.14272090366909, 97.03543308803013, 96.92923082624164, 96.82409776960101, 96.72002410888672, 96.61700439453125, 96.51501791817802, 96.41405378069196, 96.31410435267857, 96.2151598249163, 96.11720493861607, 96.02022988455636, 95.92422158377511, 95.8291745867048, 95.73507690429688, 95.64191436767578, 95.5496804373605, 95.45835658482143, 95.36795043945312, 95.27843366350446, 95.18980516706195, 95.102052961077, 95.01516614641461, 94.92914472307477, 94.84396144321987, 94.75962284633091, 94.67611258370536, 94.59342738560268, 94.5115476335798, 94.43047114780971, 94.35019138881138, 94.27069636753627, 94.19197518484933, 94.11402893066406, 94.03683253696987, 93.96039363316127, 93.88469696044922, 93.8097403390067, 93.73550306047711, 93.66198621477399, 93.5891865321568, 93.51708657400948, 93.44567980085101, 93.37496621268136], "test_losses": [353.44676426478793, 234.31935555594308, 173.3970685686384, 141.9452383858817, 125.5233404976981, 116.82741873604911, 112.137204851423, 109.5432880946568, 108.05757250104632, 107.16420636858258, 106.59131186349052, 106.1941637311663, 105.89490073067802, 105.65115465436664, 105.43962860107422, 105.2473384312221, 105.0669686453683, 104.8943339756557, 104.72701481410435, 104.56358664376395, 104.40319061279297, 104.24531882149833, 104.08963448660714, 103.93593488420758, 103.78408922467914, 103.63398851667132, 103.4855706351144, 103.33878762381417, 103.19359043666294, 103.04995727539062, 102.90785217285156, 102.76725224086216, 102.62813459123883, 102.490478515625, 102.35426221575055, 102.21946825299945, 102.08608136858258, 101.95408412388393, 101.82345472063336, 101.69418116978237, 101.56624821254185, 101.43963950020927, 101.31433432442802, 101.19032287597656, 101.06759207589286, 100.94612557547433, 100.82590593610492, 100.70692334856305, 100.5891603742327, 100.4726072038923, 100.35724421909877, 100.2430648803711, 100.1300517490932, 100.0181884765625, 99.907472882952, 99.79787772042411, 99.6894051688058, 99.58203016008649, 99.47574724469867, 99.37054225376674, 99.26640319824219, 99.16331917898995, 99.061277117048, 98.96026720319476, 98.8602796282087, 98.76129259381976, 98.6633061000279, 98.5663070678711, 98.47028132847377, 98.37521580287388, 98.28111049107143, 98.1879414149693, 98.09570966448102, 98.00439889090401, 97.91400255475726, 97.82449667794364, 97.7358899797712, 97.64816284179688, 97.56130981445312, 97.4753178187779, 97.39017268589565, 97.3058842250279, 97.22242082868304, 97.13978140694755, 97.05795615059989, 96.97694178989956, 96.89672524588448, 96.81730215890067, 96.73865073067802, 96.66077750069755, 96.58366176060268, 96.50731004987445, 96.43169403076172, 96.35682133265904, 96.28268105643136, 96.20926121303013, 96.13655526297433, 96.06455993652344, 95.99325888497489, 95.92265101841518, 95.85272979736328], "minibatch_train_losses": [369.72540283203125, 339.16241455078125, 316.944580078125, 290.5985107421875, 281.3921813964844, 247.22976684570312, 226.69338989257812, 246.37368774414062, 227.45530700683594, 217.03424072265625, 201.6637725830078, 197.141845703125, 177.18368530273438, 162.50302124023438, 182.36972045898438, 169.64280700683594, 165.55438232421875, 156.189208984375, 153.25177001953125, 141.86776733398438, 129.92446899414062, 148.66571044921875, 139.34213256835938, 138.73831176757812, 132.75872802734375, 130.0550994873047, 124.01558685302734, 113.29090118408203, 130.59466552734375, 123.21981811523438, 124.58905029296875, 120.58175659179688, 117.57878112792969, 114.97111511230469, 104.73509216308594, 120.68879699707031, 114.48298645019531, 117.00567626953125, 114.18710327148438, 110.72203826904297, 110.37692260742188, 100.28775024414062, 115.10896301269531, 109.63951873779297, 112.860107421875, 110.78228759765625, 106.85064697265625, 108.03132629394531, 97.93704223632812, 111.85951232910156, 106.8759765625, 110.5340576171875, 108.93231964111328, 104.58932495117188, 106.81866455078125, 96.65885925292969, 109.88964080810547, 105.24002075195312, 109.18209075927734, 107.89476013183594, 103.2111587524414, 106.17262268066406, 95.92994689941406, 108.6378173828125, 104.22528076171875, 108.35787963867188, 107.28302001953125, 102.32669067382812, 105.805908203125, 95.48213958740234, 107.79885864257812, 103.558837890625, 107.8231201171875, 106.89457702636719, 101.72401428222656, 105.57328796386719, 95.17786407470703, 107.20368957519531, 103.09139251708984, 107.44912719726562, 106.6229019165039, 101.28596496582031, 105.40196990966797, 94.9465103149414, 106.75660705566406, 102.7400131225586, 107.16558837890625, 106.41182708740234, 100.94648742675781, 105.25613403320312, 94.75196838378906, 106.40220642089844, 102.45785522460938, 106.93360900878906, 106.231689453125, 100.66767883300781, 105.11868286132812, 94.57589721679688, 106.1075668334961, 102.21798706054688, 106.73147583007812, 106.0669937133789, 100.42729187011719, 104.98193359375, 94.40910339355469, 105.85264587402344, 102.0046615600586, 106.54691314697266, 105.90972137451172, 100.2120361328125, 104.84288024902344, 94.24710083007812, 105.62486267089844, 101.80853271484375, 106.37294006347656, 105.75582122802734, 100.01376342773438, 104.70069122314453, 94.08773803710938, 105.41622924804688, 101.6239013671875, 106.20559692382812, 105.60336303710938, 99.82734680175781, 104.5555648803711, 93.93008422851562, 105.2214126586914, 101.44729614257812, 106.04255676269531, 105.45150756835938, 99.6495361328125, 104.4080810546875, 93.77377319335938, 105.03689575195312, 101.27651977539062, 105.88251495361328, 105.29998779296875, 99.47817993164062, 104.25887298583984, 93.61870574951172, 104.8602294921875, 101.11013793945312, 105.7247314453125, 105.14879608154297, 99.31187438964844, 104.10858154296875, 93.46489715576172, 104.6897201538086, 100.94728088378906, 105.56878662109375, 104.99803924560547, 99.14961242675781, 103.95774841308594, 93.31239318847656, 104.5241470336914, 100.78733825683594, 105.41444396972656, 104.84788513183594, 98.99075317382812, 103.80682373046875, 93.1612548828125, 104.36263275146484, 100.6299057006836, 105.26158142089844, 104.69847106933594, 98.83476257324219, 103.65616607666016, 93.01152801513672, 104.2045669555664, 100.47469329833984, 105.11016082763672, 104.54995727539062, 98.68133544921875, 103.50605010986328, 92.86326599121094, 104.04945373535156, 100.32151794433594, 104.96012878417969, 104.40245056152344, 98.53019714355469, 103.35670471191406, 92.71644592285156, 103.89694213867188, 100.17022705078125, 104.8115005493164, 104.25605773925781, 98.38115692138672, 103.20829772949219, 92.57113647460938, 103.74676513671875, 100.02073669433594, 104.66425323486328, 104.11083221435547, 98.23406219482422, 103.0609359741211, 92.42730712890625, 103.59873962402344, 99.8729476928711, 104.51841735839844, 103.96685791015625, 98.08882141113281, 102.91473388671875, 92.28496551513672, 103.45268249511719, 99.72682189941406, 104.37397766113281, 103.82416534423828, 97.9453125,