{"testproblem": "mnist_mlp", "batch_size": 128, "num_epochs": 100, "random_seed": 42, "weight_decay": null, "optimizer_hyperparams": {"lr": 0.003981071705534973}, "train_losses": [2.3034798334806394, 0.1312895966693759, 0.07773178823005694, 0.050226478109088465, 0.053423582612035364, 0.032912354331272535, 0.030052366403815072, 0.03192755926209383, 0.032258098742041066, 0.04466595812342488, 0.02316315222579317, 0.031448161778732754, 0.038011866669433236, 0.015649937057437804, 0.020056983545565836, 0.01704324397425621, 0.01939073733937664, 0.011779677170591477, 0.021853569130866956, 0.036991692876491025, 0.06925810229940674, 0.06422050065623644, 0.01801720704549016, 0.0506606460787738, 0.006893920688292919, 0.011888244631103216, 0.017100824401355706, 0.018801900764139227, 0.0198905677236139, 0.01101875961280595, 0.012777824910023274, 0.018821204809519727, 0.005606831696171027, 0.01512999273239611, 0.009898040186948119, 0.01008845115892398, 0.01464071722390751, 0.01900297564526017, 0.012761924408364277, 0.007444483204147754, 0.006470547989010811, 0.009702195234310169, 0.01793620768838968, 0.019037716956331562, 0.009699435874771995, 0.01515930502090412, 0.00882009850241817, 0.01630475609533441, 0.007457758149263473, 0.009124391504790252, 0.010442910286096426, 0.009668984381744686, 0.07595102219149852, 0.00564342237656745, 0.006400952020134681, 0.0017245468438770145, 0.017856984321648877, 0.007415734858323748, 0.008716752528786086, 0.014122760166617062, 0.01244633108114776, 0.00506328150200156, 0.005687958414991721, 0.003917260155923521, 0.030087115669933457, 0.020521669544112414, 0.004055314470464602, 0.009643760853438064, 0.013956485196757011, 0.010138924369433274, 0.006655606144191459, 0.007585964605916673, 0.004007818826954836, 0.007612143313356985, 0.0029860668388816216, 0.00943324961908496, 0.005456979904407397, 0.008317203952733858, 0.008188212246750481, 0.005209323120279572, 0.005381700055202087, 0.00882223928690506, 0.04191770465769924, 0.002920965796921593, 0.009915143901404614, 0.009178508567483498, 0.006263485324616807, 0.004824709033784576, 0.017931081488943443, 0.0056956448287774734, 0.0032102387071622964, 0.0074992941704411535, 0.0039296941913795685, 0.004821428356733985, 0.00462467316323548, 0.005275361511545877, 0.006154689221427991, 0.0029401905977955232, 0.01707141730003059, 0.004583990827179663, 0.017847244571058605], "test_losses": [2.3034419279832106, 0.15705002254496017, 0.10934138372062872, 0.08582397833323249, 0.10018398486173306, 0.07841680680091183, 0.09118430505100733, 0.09928160677783382, 0.11612952751322435, 0.12503168889536306, 0.10463316874721876, 0.11094107770193846, 0.12776894121168134, 0.10196919929092893, 0.11205949645656614, 0.11512352853344801, 0.11921071973987497, 0.12028224968040983, 0.12174037837972626, 0.14238979844137645, 0.19152191148784298, 0.17311652716344747, 0.1529292733504031, 0.16842184564433035, 0.13847748362101042, 0.12440501664502499, 0.16276125583606652, 0.12376972051480642, 0.15525657806593257, 0.15209811030385587, 0.1425795434639813, 0.1526841121391417, 0.17172179366342533, 0.16580500948027924, 0.1557273116464225, 0.1877567074022805, 0.2310998451967652, 0.19467660452788457, 0.18212971719316182, 0.18936816092508918, 0.17540126755976906, 0.20404923538892314, 0.22321119165430084, 0.20709442085801408, 0.19308653669670606, 0.2263798364557517, 0.24529808722675228, 0.17135526412405455, 0.18776708096862796, 0.21466434363108605, 0.2269102711087236, 0.21950771447080067, 0.29734703632764137, 0.21034781052730978, 0.18449262701548064, 0.21360830480877596, 0.24282014249967268, 0.19323838737387306, 0.24015132826155958, 0.20182275735229874, 0.2571860421807147, 0.22850702661806002, 0.2594865275821529, 0.20513899438680175, 0.25444061507303745, 0.1920652596088938, 0.21648612975751838, 0.2086236006162392, 0.2095770190905732, 0.27589087209735924, 0.2415041675379213, 0.22025514383448097, 0.1992067323717026, 0.20975684594864455, 0.25495100536649357, 0.2613560365757738, 0.245396746095652, 0.27985593339932774, 0.2397256707140164, 0.1866423577720968, 0.231766666775235, 0.2451713499493706, 0.4041613231245906, 0.25308719520361567, 0.19792253553541975, 0.3337016875007882, 0.27549443720207095, 0.30972097197678894, 0.3060538567459354, 0.21064883374418011, 0.20647073981056635, 0.23322382933185556, 0.23838918775660345, 0.24470868940727833, 0.2829845828968339, 0.2573047954610024, 0.25918287040444854, 0.25170629979887355, 0.3161328237097806, 0.25669945212893, 0.3372165008585375], "train_accuracies": [0.08543669871794872, 0.9616386217948718, 0.9770633012820513, 0.9853766025641025, 0.9846754807692307, 0.9891826923076923, 0.9906850961538461, 0.9897836538461539, 0.9907852564102564, 0.9868790064102564, 0.9925881410256411, 0.9924879807692307, 0.9903846153846154, 0.9953926282051282, 0.9950921474358975, 0.9949919871794872, 0.9951923076923077, 0.9957932692307693, 0.995292467948718, 0.9902844551282052, 0.9906850961538461, 0.9928886217948718, 0.9953926282051282, 0.9898838141025641, 0.9982972756410257, 0.9971955128205128, 0.99609375, 0.9943910256410257, 0.9965945512820513, 0.9969951923076923, 0.9963942307692307, 0.9956931089743589, 0.9981971153846154, 0.9962940705128205, 0.9983974358974359, 0.9976963141025641, 0.9973958333333334, 0.9971955128205128, 0.9970953525641025, 0.9983974358974359, 0.9981971153846154, 0.9982972756410257, 0.9962940705128205, 0.9965945512820513, 0.9969951923076923, 0.9967948717948718, 0.9983974358974359, 0.9981971153846154, 0.9977964743589743, 0.9983974358974359, 0.9984975961538461, 0.9982972756410257, 0.9917868589743589, 0.9987980769230769, 0.9987980769230769, 0.9995993589743589, 0.9974959935897436, 0.9983974358974359, 0.9988982371794872, 0.9982972756410257, 0.9980969551282052, 0.9990985576923077, 0.9982972756410257, 0.9989983974358975, 0.9979967948717948, 0.9964943910256411, 0.9990985576923077, 0.9980969551282052, 0.9967948717948718, 0.9978966346153846, 0.9984975961538461, 0.9981971153846154, 0.9993990384615384, 0.9980969551282052, 0.9992988782051282, 0.9980969551282052, 0.9987980769230769, 0.9986979166666666, 0.9984975961538461, 0.9992988782051282, 0.9989983974358975, 0.9974959935897436, 0.9971955128205128, 0.9993990384615384, 0.9977964743589743, 0.9985977564102564, 0.9978966346153846, 0.9988982371794872, 0.9988982371794872, 0.9989983974358975, 0.9993990384615384, 0.9986979166666666, 0.9988982371794872, 0.999198717948718, 0.999198717948718, 0.9989983974358975, 0.9989983974358975, 0.9989983974358975, 0.9983974358974359, 0.9985977564102564, 0.9977964743589743],