{"train_losses": [353.9337594168527, 101.81985146658761, 98.4928229195731, 95.92452348981585, 93.92969076974052, 92.3685324532645, 91.13708387102399, 90.15774863106864, 89.37238529750279, 88.73724474225726, 88.21925789969308, 87.79329681396484, 87.44018990652901, 87.14518519810268, 86.89689527239118, 86.68645368303571, 86.50692313058036, 86.3528322492327, 86.21981920514789, 86.10441480364118, 86.0038092476981, 85.91571153913226, 85.83826337541852, 85.76993233816964, 85.70943232945034, 85.65570068359375, 85.60784694126674, 85.56510707310268, 85.52684565952846, 85.4925046648298, 85.46161869594029, 85.43377794538226, 85.40862819126674, 85.38587733677456, 85.36524200439453, 85.34649985177177, 85.32943943568638, 85.31389508928571, 85.29969351632255, 85.28670610700335, 85.27479989188058, 85.26387677873883, 85.25382777622768, 85.2445820399693, 85.23604801722935, 85.22816794259208, 85.2208753313337, 85.21411895751953, 85.20784541538784, 85.20201437813895, 85.1965833391462, 85.19152069091797, 85.1867915562221, 85.182373046875, 85.17823464529855, 85.17434801374164, 85.17069898332868, 85.16727011544364, 85.1640374319894, 85.16099548339844, 85.15812138148716, 85.15540204729352, 85.15283094133649, 85.15038953508649, 85.14807891845703, 85.14588165283203, 85.14378901890346, 85.14180319649833, 85.13990674700055, 85.13810185023716, 85.1363765171596, 85.13472856794085, 85.13315146309989, 85.1316408429827, 85.13019670758929, 85.12881033761161, 85.12747955322266, 85.12619890485492, 85.12496948242188, 85.12378692626953, 85.12265341622489, 85.12155478341239, 85.12049974714007, 85.1194828578404, 85.11849757603237, 85.11755044119698, 85.11663164411273, 85.11574336460659, 85.1148910522461, 85.11405835832868, 85.1132572719029, 85.11247907366071, 85.11172485351562, 85.11099352155414, 85.11028725760323, 85.1095951625279, 85.10892922537667, 85.10828072684151, 85.10764748709542, 85.10703386579242, 85.10643986293248], "test_losses": [353.44676426478793, 103.88615090506417, 100.58632223946708, 98.0426494053432, 96.06915937151227, 94.52650233677456, 93.31110273088727, 92.34568895612445, 91.57240295410156, 90.94773537772042, 90.43884168352399, 90.02077375139508, 89.67450714111328, 89.38544573102679, 89.14230782645089, 88.93634251185826, 88.7606920514788, 88.60996355329242, 88.47987038748605, 88.36698913574219, 88.26856776646206, 88.18236868722099, 88.10655648367745, 88.03963361467633, 87.98035212925502, 87.92767007010323, 87.88071550641742, 87.8387451171875, 87.80114201136998, 87.76736014229911, 87.73695155552456, 87.70951298304966, 87.68470328194755, 87.66223035539899, 87.64183262416294, 87.62327684674945, 87.6063722882952, 87.59094347272601, 87.57683999197823, 87.56392124720982, 87.55206843784877, 87.54117584228516, 87.53114645821708, 87.5219007219587, 87.51336124965123, 87.50546155657086, 87.4981438773019, 87.49135371616909, 87.48503984723773, 87.47916848318917, 87.47368839808873, 87.46857670375279, 87.46379634312221, 87.45932333809989, 87.45512390136719, 87.45118168422154, 87.44747488839286, 87.44398825509208, 87.44069562639508, 87.43759482247489, 87.43465750558036, 87.43188367571149, 87.42925153459821, 87.426755632673, 87.42438725062779, 87.42213112967355, 87.41998944963727, 87.41794695172992, 87.41600145612445, 87.41413988385882, 87.41236332484654, 87.4106674194336, 87.40903799874442, 87.40748160226005, 87.40599060058594, 87.40456063406808, 87.40318298339844, 87.40186200823102, 87.40058898925781, 87.39936828613281, 87.398191179548, 87.39705657958984, 87.39596121651786, 87.39490618024554, 87.39388711111886, 87.39290182931083, 87.39195142473493, 87.39102499825614, 87.390138898577, 87.38927786690849, 87.38844190325055, 87.38763209751674, 87.38685062953404, 87.38608986990792, 87.3853519984654, 87.38463483537946, 87.38394056047711, 87.38326481410435, 87.38261086600167, 87.38196781703404, 87.381349836077], "minibatch_train_losses": [369.72540283203125, 115.76026153564453, 109.12738037109375, 107.38694763183594, 100.66355895996094, 106.08380889892578, 94.07017517089844, 104.31361389160156, 100.39795684814453, 105.0248794555664, 103.59967803955078, 96.92583465576172, 102.36717224121094, 90.66995239257812, 100.9905014038086, 97.1593246459961, 101.91827392578125, 100.6351318359375, 94.08384704589844, 99.55044555664062, 88.06105041503906, 98.42675018310547, 94.65616607666016, 99.51617431640625, 98.34320068359375, 91.885986328125, 97.36280822753906, 86.04203796386719, 96.43630981445312, 92.70647430419922, 97.64492797851562, 96.55825805664062, 90.17386627197266, 95.65099334716797, 84.46798706054688, 94.87937927246094, 91.17599487304688, 96.1759262084961, 95.15742492675781, 88.82987976074219, 94.30095672607422, 83.23130798339844, 93.65198516845703, 89.96479797363281, 95.01341247558594, 94.04925537109375, 87.76641845703125, 93.22758483886719, 82.25179290771484, 92.67654418945312, 88.9981918334961, 94.08583068847656, 93.16532135009766, 86.91800689697266, 92.36711883544922, 81.4695053100586, 91.8948974609375, 88.22016906738281, 93.33943939208984, 92.45433044433594, 86.2354736328125, 91.67152404785156, 80.83940887451172, 91.26329040527344, 87.58854675292969, 92.73377227783203, 91.87762451171875, 85.68177032470703, 91.1045150756836, 80.32757568359375, 90.74867248535156, 87.07138061523438, 92.23817443847656, 91.40591430664062, 85.22882843017578, 90.63853454589844, 79.90827941894531, 90.3259048461914, 86.64436340332031, 91.82930755615234, 91.01689910888672, 84.85528564453125, 90.25247955322266, 79.56192779541016, 89.97582244873047, 86.28890228271484, 91.48928833007812, 90.69353485107422, 84.54478454589844, 89.93021392822266, 79.27354431152344, 89.68367767333984, 85.9906997680664, 91.20437622070312, 90.42269134521484, 84.28471374511719, 89.65919494628906, 79.03155517578125, 89.4380874633789, 85.73868560791016, 90.96392059326172, 90.1941909790039, 84.06533813476562, 89.42967224121094, 78.82701873779297, 89.23018646240234, 85.52418518066406, 90.75958251953125, 90.00010681152344, 83.87901306152344, 89.23405456542969, 78.6529312133789, 89.05305480957031, 85.34044647216797, 90.5848388671875, 89.83421325683594, 83.71977233886719, 89.06629943847656, 78.50382232666016, 88.90120697021484, 85.1821060180664, 90.43452453613281, 89.69154357910156, 83.5828857421875, 88.92164611816406, 78.37533569335938, 88.77030944824219, 85.04487609863281, 90.30452728271484, 89.56822204589844, 83.4645767211914, 88.79625701904297, 78.26400756835938, 88.65689086914062, 84.92534637451172, 90.19151306152344, 89.46107482910156, 83.36181640625, 88.68704223632812, 78.16706848144531, 88.55813598632812, 84.82073974609375, 90.09284973144531, 89.36756134033203, 83.27217102050781, 88.59151458740234, 78.08226013183594, 88.4717788696289, 84.72879028320312, 90.00634002685547, 89.28560638427734, 83.19361114501953, 88.50760650634766, 78.00774383544922, 88.39595031738281, 84.64764404296875, 89.93017578125, 89.2135009765625, 83.12454223632812, 88.43363952636719, 77.94202423095703, 88.32913970947266, 84.57579040527344, 89.86290740966797, 89.14983367919922, 83.06359100341797, 88.36820983886719, 77.88385009765625, 88.27006530761719, 84.51193237304688, 89.80328369140625, 89.09343719482422, 83.00962829589844, 88.31015014648438, 77.83219146728516, 88.2176513671875, 84.45502471923828, 89.75028991699219, 89.04334259033203, 82.96171569824219, 88.25848388671875, 77.78617095947266, 88.17102813720703, 84.4041519165039, 89.70304870605469, 88.99870300292969, 82.91905212402344, 88.21238708496094, 77.74506378173828, 88.12942504882812, 84.35855865478516, 89.66083526611328, 88.95884704589844, 82.8809814453125, 88.17113494873047, 77.70824432373047, 88.09223937988281, 84.31758880615234, 89.62301635742188, 88.92317199707031, 82.846923828125, 88.13414001464844, 77.6751937866211, 88.05888366699219, 84.28070068359375, 89.58905029296875, 88.8911361694336, 82.81637573242188, 88.10089111328125, 77.64544677734375, 88.0289306640625, 84.24739074707031, 89.55847930908203, 88.86235046386719, 82.7889404296875, 88.07093048095703, 77.61862182617188, 88.00194549560547, 