{"train_losses": [353.9337594168527, 352.6037902832031, 351.27891758510043, 349.9585222516741, 348.6429356166295, 347.3323756626674, 346.0270472935268, 344.7270943777902, 343.4325605119978, 342.1434980119978, 340.8599548339844, 339.58189610072543, 338.30930873325894, 337.04222324916293, 335.7806134905134, 334.5244576590402, 333.2737513950893, 332.02847726004467, 330.78859165736606, 329.5540858677455, 328.32496425083707, 327.10117885044644, 325.88272966657365, 324.6696210588728, 323.46178763253346, 322.2592032296317, 321.06188528878346, 319.8698032924107, 318.68294416155135, 317.5012773786272, 316.3247724260603, 315.1534205845424, 313.9872131347656, 312.8261195591518, 311.67010498046875, 310.51920427594865, 309.3733346121652, 308.2325177873884, 307.09671892438615, 305.96592494419644, 304.8401096888951, 303.7192818777902, 302.6033673967634, 301.4923880440848, 300.38633510044644, 299.2851824079241, 298.1888907296317, 297.0974600655692, 296.01086861746654, 294.9291033063616, 293.85213361467635, 292.7799290248326, 291.71250697544644, 290.6498238699777, 289.59187970842635, 288.5386483328683, 287.49012538364957, 286.4462672642299, 285.40708705357144, 284.3725367954799, 283.3426208496094, 282.3173086983817, 281.2966090611049, 280.2804609026228, 279.2688642229353, 278.2618321010045, 277.2593035016741, 276.2612958635603, 275.26777212960377, 274.2787519182478, 273.29417637416293, 272.31404767717635, 271.3383549281529, 270.3670676095145, 269.40016392299106, 268.4376416887556, 267.47950962611606, 266.5257001604353, 265.5762394496373, 264.6310773577009, 263.69022478376115, 262.75365556989397, 261.82135009765625, 260.89329746791293, 259.9695063999721, 259.04989842006137, 258.13452584402904, 257.2233363560268, 256.31633431570873, 255.4134804861886, 254.5147705078125, 253.62020438058036, 252.7297581263951, 251.84339468819755, 250.96114676339286, 250.08294459751673, 249.20880780901228, 248.3387233189174, 247.47265625, 246.6106196812221, 245.75256129673548], "test_losses": [353.44676426478793, 352.1273411342076, 350.8130187988281, 349.5031302315848, 348.198006766183, 346.8979056222098, 345.60302734375, 344.3134983607701, 343.0293535505022, 341.7506670270647, 340.47747802734375, 339.20972115652904, 337.94744873046875, 336.6906215122768, 335.4392656598772, 334.19332013811385, 332.9528111049107, 331.7176818847656, 330.48795427594865, 329.26356724330356, 328.0445295061384, 326.8307887486049, 325.6223842075893, 324.4192897251674, 323.22141810825894, 322.0287824358259, 320.8414088657924, 319.6592232840402, 318.4822300502232, 317.31040736607144, 316.1437290736607, 314.98216029575894, 313.82572283063615, 312.67435564313615, 311.52805873325894, 310.3868495396205, 309.2506365094866, 308.1194632393973, 306.99324689592635, 305.87203107561385, 304.7557678222656, 303.6444745744978, 302.53804670061385, 301.43653651646207, 300.33992658342635, 299.2481951032366, 298.1613071986607, 297.07921927315846, 296.00196620396207, 294.9295174734933, 293.86182076590404, 292.79888916015625, 291.7406790597098, 290.6872035435268, 289.63844517299106, 288.5943821498326, 287.5549577985491, 286.5202113560268, 285.49009922572543, 284.464590890067, 283.4436950683594, 282.42736380440846, 281.4156232561384, 280.4084254673549, 279.40575735909596, 278.4075840541295, 277.41393607003346, 276.4247567313058, 275.4400438581194, 274.45979963030135, 273.4839826311384, 272.51259068080356, 271.5455867222377, 270.5829860142299, 269.6247362409319, 268.67083740234375, 267.72128513881137, 266.7760554722377, 265.8351396833147, 264.8985072544643, 263.9661560058594, 263.0380423409598, 262.1141836983817, 261.19456481933594, 260.2791486467634, 259.367919921875, 258.46087864467074, 257.5580073765346, 256.6592908586775, 255.76470075334822, 254.87423706054688, 253.98788452148438, 253.1056191580636, 252.22742353166853, 251.35330200195312, 250.48321969168526, 249.61717224121094, 248.7551509312221, 247.89712742396765, 247.0430864606585, 246.1930193219866], "minibatch_train_losses": [369.72540283203125, 362.46868896484375, 360.8087158203125, 352.12371826171875, 361.7669982910156, 337.1824951171875, 329.5155944824219, 368.3623962402344, 361.1087341308594, 359.4764099121094, 350.8040466308594, 360.415283203125, 335.9002380371094, 328.2314758300781, 367.0044860839844, 359.754150390625, 358.14849853515625, 349.4886474609375, 359.06781005859375, 334.62225341796875, 326.9516906738281, 365.6510314941406, 358.4041748046875, 356.8251953125, 348.1778259277344, 357.72503662109375, 333.3489990234375, 325.6766357421875, 364.30242919921875, 357.0591125488281, 355.5067138671875, 346.8719787597656, 356.3872375488281, 332.0807189941406, 324.4065856933594, 362.9588623046875, 355.7190856933594, 354.193359375, 345.57122802734375, 355.05450439453125, 330.817626953125, 323.1417236328125, 361.62060546875, 354.38433837890625, 352.8851318359375, 344.2757873535156, 353.7271423339844, 329.559814453125, 321.8822021484375, 360.2877502441406, 353.05499267578125, 351.58233642578125, 342.98577880859375, 352.40521240234375, 328.30743408203125, 320.6280822753906, 358.96038818359375, 351.7310485839844, 350.28497314453125, 341.701171875, 351.0887145996094, 327.0605163574219, 319.37939453125, 357.6385192871094, 350.41265869140625, 348.9930114746094, 340.4221496582031, 349.7776794433594, 325.81903076171875, 318.1361999511719, 356.322265625, 349.09979248046875, 347.7065734863281, 339.1485595703125, 348.47216796875, 324.5830078125, 316.8984375, 355.0115661621094, 347.7923889160156, 346.4255676269531, 337.8804626464844, 347.172119140625, 323.3525085449219, 315.66619873046875, 353.7063903808594, 346.49053955078125, 345.1500244140625, 336.6178894042969, 345.8775634765625, 322.12744140625, 314.4393310546875, 352.40673828125, 345.1942138671875, 343.8799133300781, 335.36077880859375, 344.5885314941406, 320.90777587890625, 313.21795654296875, 351.1126708984375, 343.9033203125, 342.615234375, 334.10919189453125, 343.304931640625, 319.693603515625, 312.0019836425781, 349.8241271972656, 342.6179504394531, 341.3560485839844, 332.8630065917969, 342.02679443359375, 318.48486328125, 310.79144287109375, 348.54107666015625, 341.3380126953125, 340.1022033691406, 331.622314453125, 340.75408935546875, 317.281494140625, 309.5862731933594, 347.26348876953125, 340.06353759765625, 338.8537902832031, 330.38702392578125, 339.4867858886719, 316.08349609375, 308.3865051269531, 345.9913330078125, 338.7945556640625, 337.6107177734375, 329.1571350097656, 338.22491455078125, 314.890869140625, 307.1920166015625, 344.72467041015625, 337.5309753417969, 336.373046875, 327.9326171875, 336.9683837890625, 313.7035827636719, 306.0029296875, 343.46343994140625, 336.2727355957031, 335.1406555175781, 326.7134704589844, 335.7171630859375, 312.5215759277344, 304.81915283203125, 342.2076110839844, 335.0199279785156, 333.9136047363281, 325.4996643066406, 334.4713439941406, 311.34490966796875, 303.640625, 340.9571533203125, 333.7724609375, 332.69183349609375, 324.2912292480469, 333.2308349609375, 310.17352294921875, 302.4674072265625, 339.71209716796875, 332.5303955078125, 331.47540283203125, 323.0881042480469, 331.99566650390625, 309.0074462890625, 301.2994384765625, 338.47235107421875, 331.2936096191406, 330.2641906738281, 321.8902587890625, 330.7657470703125, 307.8465576171875, 300.1366882324219, 337.23797607421875, 330.06207275390625, 329.0581970214844, 320.6976318359375, 329.5411071777344, 306.69091796875, 298.97918701171875, 336.00885009765625, 328.8359375, 327.8574523925781, 319.5102844238281, 328.3216857910156, 305.5404968261719, 297.82684326171875, 334.7850646972656, 327.6150207519531, 326.6618957519531, 318.32818603515625, 327.10748291015625, 304.39520263671875, 296.6796875, 333.5665588378906, 326.39935302734375, 325.4715576171875, 317.15130615234375, 325.89849853515625, 303.255126953125, 295.53765869140625, 332.353271484375, 325.1889343261719, 324.286376953125, 315.9796142578125, 324.6947021484375, 302.12017822265625, 294.4007568359375, 331.1452331542969, 323.98370361328125, 323.10626220703125, 