{"train_losses": [353.9337594168527, 349.9101867675781, 345.9528111049107, 342.0605991908482, 338.2323739188058, 334.4671107700893, 330.76375470842635, 327.1212724958147, 323.53863525390625, 320.0148228236607, 316.54891531808033, 313.1398620605469, 309.7867693219866, 306.4887128557478, 303.2447509765625, 300.05398995535717, 296.91551426478793, 293.82847813197543, 290.79203142438615, 287.8052978515625, 284.8674795968192, 281.9777526855469, 279.1353018624442, 276.339344569615, 273.58912222726, 270.88388279506137, 268.2228546142578, 265.6052900041853, 263.0304957798549, 260.49774387904574, 258.006336757115, 255.5555899483817, 253.14483642578125, 250.77339390345983, 248.4406236921038, 246.14586094447546, 243.88850620814733, 241.66791643415178, 239.48347691127233, 237.33459690638952, 235.220707484654, 233.14120265415735, 231.0955069405692, 229.08307320731026, 227.1033477783203, 225.15577479771204, 223.23985072544642, 221.3550262451172, 219.50080217633928, 217.6766597202846, 215.88211277553015, 214.11665780203683, 212.37983049665178, 210.67114039829798, 208.99012974330358, 207.33634512765067, 205.70933532714844, 204.10865565708704, 202.53387015206474, 200.9845428466797, 199.46026175362724, 197.96062360491072, 196.48520987374442, 195.03361293247767, 193.60546003069197, 192.2003457205636, 190.81791033063615, 189.45776585170202, 188.11954825265067, 186.8029044015067, 185.50745500837053, 184.2328622000558, 182.9788055419922, 181.7449210030692, 180.5308881487165, 179.3363756452288, 178.16105433872767, 177.00461905343192, 175.86676679338728, 174.74717930385046, 173.64557320731026, 172.56161499023438, 171.49504743303572, 170.44559151785714, 169.41295296805245, 168.3968462262835, 167.39701407296317, 166.41319710867745, 165.4451163155692, 164.4925079345703, 163.55514308384485, 162.63275146484375, 161.72509765625, 160.8319331577846, 159.95303562709265, 159.0881587437221, 158.23707362583704, 157.39955357142858, 156.57537405831474, 155.76434108189173, 154.96621922084265], "test_losses": [353.44676426478793, 349.4513506208147, 345.52186366489957, 341.6572745186942, 337.8564235142299, 334.1182381766183, 330.4417201450893, 326.82581002371654, 323.2695050920759, 319.7717590332031, 316.3316737583705, 312.94818115234375, 309.6204354422433, 306.34745134626115, 303.1283394949777, 299.96217128208707, 296.8480747767857, 293.785164969308, 290.77262224469865, 287.80956595284596, 284.8951982770647, 282.02868216378346, 279.209228515625, 276.43605259486606, 273.7083936418806, 271.02549743652344, 268.38659232003346, 265.7909415108817, 263.2378605433873, 260.72659955705916, 258.2564893450056, 255.8268301827567, 253.43695286342077, 251.086186000279, 248.77388872419084, 246.4994158063616, 244.26215471540178, 242.06146022251673, 239.896728515625, 237.76737322126115, 235.67279488699776, 233.61243983677454, 231.58568681989397, 229.592041015625, 227.6309095110212, 225.70174952915735, 223.80405970982142, 221.93729073660714, 220.10096086774553, 218.29453822544642, 216.5175301688058, 214.7694571358817, 213.04983738490515, 211.35819353376115, 209.69405909946985, 208.05698939732142, 206.44653102329798, 204.86224365234375, 203.30369349888392, 201.77044677734375, 200.26209368024553, 198.7782244001116, 197.31842694963728, 195.8823024204799, 194.46946280343192, 193.07952444893974, 191.7121102469308, 190.3668452671596, 189.04336547851562, 187.7413068498884, 186.46031406947546, 185.20003836495536, 183.9601549421038, 182.7403106689453, 181.54017203194755, 180.35941859654017, 179.19774518694197, 178.05480739048548, 176.93033272879464, 175.82398550851005, 174.7354736328125, 173.66451808384485, 172.6108158656529, 171.57408796037947, 170.55406188964844, 169.55044555664062, 168.562992640904, 167.59141976492745, 166.63546752929688, 165.69488089425224, 164.76940264020647, 163.85880606515067, 162.96281215122767, 162.08120727539062, 161.21374293736048, 160.3602011544364, 159.52033124651228, 158.69393702915735, 157.8807591029576, 157.08062526157923, 156.29329136439733], "minibatch_train_losses": [369.72540283203125, 362.05865478515625, 359.9992980957031, 350.93951416015625, 360.15460205078125, 335.2901306152344, 327.2645263671875, 365.609130859375, 357.959716796875, 355.9600524902344, 346.9692077636719, 356.07611083984375, 331.4620056152344, 323.4302673339844, 361.5596618652344, 353.9275817871094, 351.9870300292969, 343.06451416015625, 352.06396484375, 327.6980895996094, 319.66009521484375, 357.5760498046875, 349.961181640625, 348.0791320800781, 339.22430419921875, 348.11712646484375, 323.9972839355469, 315.9529724121094, 353.6570739746094, 346.059326171875, 344.2352600097656, 335.4476013183594, 344.23443603515625, 320.35845947265625, 312.3077087402344, 349.8017272949219, 342.2210693359375, 340.4543762207031, 331.7332763671875, 340.4149475097656, 316.7806396484375, 308.723388671875, 346.0089111328125, 338.4453430175781, 336.73541259765625, 328.0802917480469, 336.6575012207031, 313.2627868652344, 305.19891357421875, 342.27764892578125, 334.7309875488281, 333.0773010253906, 324.48760986328125, 332.96112060546875, 309.80389404296875, 301.7333068847656, 338.6068115234375, 331.07708740234375, 329.47906494140625, 320.9542236328125, 329.3247375488281, 306.40289306640625, 298.3255615234375, 334.9954833984375, 327.48260498046875, 325.9397277832031, 317.47918701171875, 325.7474060058594, 303.05889892578125, 294.9747314453125, 331.44268798828125, 323.94659423828125, 322.458251953125, 314.0614318847656, 322.2281188964844, 299.7708740234375, 291.6797790527344, 327.9473571777344, 320.4679870605469, 319.03369140625, 310.7000732421875, 318.7658996582031, 296.5379333496094, 288.4398498535156, 324.5086364746094, 317.0459289550781, 315.6651611328125, 307.3941650390625, 315.35986328125, 293.359130859375, 285.25396728515625, 321.12554931640625, 313.679443359375, 312.35162353515625, 304.14276123046875, 312.009033203125, 290.23358154296875, 282.12127685546875, 317.7971496582031, 310.3675842285156, 309.09222412109375, 300.9449462890625, 308.7125244140625, 287.1603088378906, 279.0408020019531, 314.5225830078125, 307.1094970703125, 305.8860778808594, 297.7998352050781, 305.4693908691406, 284.13848876953125, 276.01171875, 311.3009033203125, 303.90423583984375, 302.7322692871094, 294.7065734863281, 302.2787780761719, 281.167236328125, 273.03314208984375, 308.1312561035156, 300.7509765625, 299.6299133300781, 291.66424560546875, 299.1397705078125, 278.2457275390625, 270.104248046875, 305.0127868652344, 297.6487731933594, 296.57818603515625, 288.6719970703125, 296.0516052246094, 275.3730773925781, 267.2241516113281, 301.94464111328125, 294.596923828125, 293.57623291015625, 285.7290344238281, 293.01336669921875, 272.54852294921875, 264.3920593261719, 298.92596435546875, 291.59442138671875, 290.6231994628906, 282.8345031738281, 290.02423095703125, 269.77117919921875, 261.6071472167969, 295.9559631347656, 288.6405944824219, 287.71832275390625, 279.98760986328125, 287.0834045410156, 267.0403137207031, 258.86865234375, 293.0338439941406, 285.7345275878906, 284.86077880859375, 277.18756103515625, 284.1900634765625, 264.3551025390625, 256.1757507324219, 290.1587829589844, 282.87548828125, 282.04974365234375, 274.4335632324219, 281.34344482421875, 261.71484375, 253.52774047851562, 287.33001708984375, 280.062744140625, 279.2845458984375, 271.7248840332031, 278.54278564453125, 259.11871337890625, 250.92381286621094, 284.54681396484375, 277.29541015625, 276.5643005371094, 269.0606994628906, 275.787353515625, 256.5659484863281, 248.36326599121094, 281.808349609375, 274.5728759765625, 273.88836669921875, 266.4403381347656, 273.0762939453125, 254.055908203125, 245.8453369140625, 279.11395263671875, 271.89422607421875, 271.25592041015625, 263.8630065917969, 270.40899658203125, 251.5877685546875, 243.36929321289062, 276.46282958984375, 269.2589111328125, 268.66632080078125, 261.3280334472656, 267.78466796875, 249.1609344482422, 240.93450927734375, 273.8543395996094, 266.6661071777344, 266.1187744140625, 258.834716796875, 265.2026062011719, 