{"train_losses": [353.9337594168527, 347.5855800083705, 341.40223911830356, 335.3793640136719, 329.51273454938615, 323.79822213309154, 318.23181588309154, 312.8095964704241, 307.5277884347098, 302.3826686314174, 297.3706752232143, 292.48828560965404, 287.7320861816406, 283.0987548828125, 278.58509608677457, 274.1879141671317, 269.90416826520647, 265.7309047154018, 261.66519818987166, 257.7042258126395, 253.84522792271204, 250.08556038992745, 246.422607421875, 242.8538338797433, 239.37677437918526, 235.98901585170202, 232.68822370256697, 229.47212873186385, 226.33851187569755, 223.28523472377233, 220.31016322544642, 217.41127450125558, 214.58659144810267, 211.83415876116072, 209.152099609375, 206.53857421875, 203.99177769252233, 201.51000322614397, 199.09154619489397, 196.73475646972656, 194.43800789969308, 192.19977024623327, 190.01848929268974, 187.89271763392858, 185.8209947858538, 183.80191693987166, 181.83411734444755, 179.91627066476005, 178.04707554408483, 176.2252676827567, 174.44961765834265, 172.71893310546875, 171.03205217633928, 169.38783700125558, 167.7851780482701, 166.22300938197546, 164.70027596609933, 163.21595328194755, 161.76908220563615, 160.358646937779, 158.9837384905134, 157.6434369768415, 156.33684430803572, 155.0630841936384, 153.82130868094308, 152.61071123395647, 151.43047877720423, 150.27982657296317, 149.15801130022322, 148.06426783970423, 146.99789210728235, 145.95817129952567, 144.94442531040735, 143.9559783935547, 142.99219839913505, 142.05243573869978, 141.13607461111886, 140.24253409249442, 139.3712114606585, 138.52154105050224, 137.69297354561942, 136.88497052873885, 136.09700666155135, 135.3285653250558, 134.57914188929968, 133.8482666015625, 133.13545663016183, 132.44024876185827, 131.76219722202845, 131.10086713518416, 130.45582471575057, 129.82667214529855, 129.2129898071289, 128.61439078194755, 128.03048488071985, 127.46090916224888, 126.90528869628906, 126.363279070173, 125.83453151157924, 125.3187005179269, 124.8154798235212], "test_losses": [353.44676426478793, 347.1431100027902, 341.0036141531808, 335.023917061942, 329.1998073032924, 323.5271780831473, 318.0020185198103, 312.6204092843192, 307.3786097935268, 302.2729012625558, 297.29969569614957, 292.4555140904018, 287.73695155552457, 283.1406773158482, 278.6635044642857, 274.3022678920201, 270.0539245605469, 265.91552080426897, 261.88413783482144, 257.95696803501676, 254.13127790178572, 250.4043971470424, 246.7737274169922, 243.23674883161272, 239.79100036621094, 236.43408421107702, 233.16365705217635, 229.97747148786272, 226.87331063406808, 223.84903390066964, 220.90252685546875, 218.0317644391741, 215.23477608816964, 212.5096195765904, 209.85440717424666, 207.26733180454798, 204.74659729003906, 202.29047284807478, 199.89725603376115, 197.56533813476562, 195.2930951799665, 193.07897731236048, 190.92144993373327, 188.81905691964286, 186.7703639439174, 184.7739715576172, 182.82850646972656, 180.93264988490515, 179.08510262625558, 177.28460911342077, 175.52997262137276, 173.81996154785156, 172.1534380231585, 170.52927725655692, 168.94635445731026, 167.40362548828125, 165.9000287737165, 164.434565952846, 163.00623648507255, 161.61409432547433, 160.25716945103235, 158.9345921107701, 157.64544023786272, 156.38885498046875, 155.16400146484375, 153.97006007603235, 152.8062264578683, 151.6717289515904, 150.56580461774553, 149.48772539411272, 148.43675667898995, 147.41221836635046, 146.41341291155135, 145.43968200683594, 144.49039132254464, 143.5648934500558, 142.66258021763392, 141.7828652518136, 140.92516435895647, 140.08890424455916, 139.2735334123884, 138.47853088378906, 137.70335170200892, 136.947509765625, 136.21050371442522, 135.49183654785156, 134.79104832240515, 134.10768345424108, 133.44129071916853, 132.79143742152624, 132.15769631522042, 131.53966413225447, 130.9369354248047, 130.34911346435547, 129.77582550048828, 129.21670641217912, 128.67137908935547, 128.1394980294364, 127.62072317940849, 127.11471339634487, 126.62116023472377],