{"train_losses": [353.9337594168527, 128.32505798339844, 233.6236855643136, 245.53338841029577, 124.66883959089007, 242.44724600655692, 148.5699201311384, 169.07283673967635, 179.7150399344308, 127.15608651297433, 177.23197501046317, 126.80421556745257, 140.89669363839286, 150.28495352608817, 115.52010127476284, 139.09132930210657, 130.73421478271484, 117.24965013776507, 125.81535884312221, 126.38241577148438, 108.79482596261161, 121.1010981968471, 118.569333757673, 101.24941689627511, 120.11090087890625, 103.3072269984654, 104.78166089739118, 110.33783394949776, 95.8192138671875, 108.56161281040737, 95.46696036202567, 100.5779299054827, 102.67078726632255, 89.70290265764508, 104.78927067347935, 91.95721217564174, 93.98042733328683, 100.47190638950893, 88.06606619698661, 97.29327719552177, 92.15506853376117, 90.84181649344308, 94.26242174421039, 88.71391078404018, 92.77735137939453, 88.85725511823382, 89.65487779889789, 90.82374027797154, 86.88494001116071, 90.18984549386161, 87.94445691789899, 87.40332903180804, 88.77718353271484, 87.18431745256696, 87.39396449497768, 87.3335189819336, 87.32296861921039, 86.48116193498883, 87.12138257707868, 86.70220947265625, 85.98394993373326, 86.90622384207589, 85.79868425641742, 86.26312255859375, 85.97163609095982, 85.61541966029576, 86.1573017665318, 85.10461752755302, 86.01620483398438, 85.4193583897182, 85.0528063092913, 85.96655382428851, 84.77782876150948, 85.41383797781808, 85.39275251116071, 84.79610116141183, 85.4080320085798, 84.87911878313336, 85.03326960972377, 85.02504621233258, 84.83592878069196, 85.0299094063895, 84.71262795584542, 84.89362335205078, 84.80336107526507, 84.70350755964007, 84.83017403738839, 84.67002323695591, 84.70718165806362, 84.67506190708706, 84.70381927490234, 84.6338141305106, 84.62544904436383, 84.68243735177177, 84.53595624651227, 84.66766902378627, 84.59589059012276, 84.52964455740792, 84.62903921944755, 84.5152108328683, 84.58078220912388], "test_losses": [353.44676426478793, 130.25714002336775, 238.54838126046317, 249.6580810546875, 125.49454280308315, 242.3338121686663, 151.23014613560267, 174.2495356968471, 183.63131059919084, 127.90074048723493, 177.37004743303572, 129.69227382114954, 146.0589098249163, 154.24029105050224, 116.64149693080357, 139.66045706612724, 133.60148402622767, 121.99341801234654, 129.60150037493025, 127.96472712925502, 109.99657767159599, 124.02889687674386, 122.7454103742327, 104.55757686070034, 121.87808663504464, 105.07717677525112, 107.9301016671317, 114.13393838065011, 98.61834934779576, 110.22167641775948, 97.48910304478237, 103.89566476004464, 106.33116258893695, 92.26225171770368, 106.35006168910435, 93.97816685267857, 97.22610909598214, 104.01456451416016, 90.63844735281808, 99.00161743164062, 94.2172110421317, 93.87132808140346, 97.53463963099888, 91.2946548461914, 94.79150717599052, 91.16832079206195, 92.5817129952567, 93.77598789760044, 89.3225348336356, 92.40948050362724, 90.5741195678711, 90.43064662388393, 91.56877899169922, 89.44264003208706, 89.62315041678292, 90.12416730608258, 90.4904305594308, 89.30186680385044, 89.33847917829242, 88.8844015938895, 88.74334389822823, 90.07211521693638, 88.67440904889789, 88.575193132673, 88.20074135916573, 88.30453491210938, 89.19247000558036, 87.9300068446568, 88.41683741978237, 87.7712173461914, 87.75154331752232, 88.88438742501395, 87.48882293701172, 87.81482478550502, 87.8291985648019, 87.5492412022182, 88.29639434814453, 87.52705710274833, 87.40403202601841, 87.4672121320452, 87.59659685407367, 87.92156546456474, 87.37951115199498, 87.2904052734375, 87.23680332728794, 87.41092027936664, 87.68171037946429, 87.37049429757255, 87.18727111816406, 87.14861079624721, 87.3592027936663, 87.4030031476702, 87.31416647774833, 87.23798261369977, 87.08524104527065, 87.31628090994698, 87.2943344116211, 87.17254093715123, 87.21196528843471, 87.12302943638393, 87.2496087210519], "minibatch_train_losses": [369.72540283203125, 347.703125, 318.77032470703125, 274.5741271972656, 239.39968872070312, 184.2203369140625, 141.8112335205078, 135.91543579101562, 111.53306579589844, 111.15882110595703, 120.3111343383789, 131.40716552734375, 178.27378845214844, 202.49899291992188, 228.40115356445312, 254.13046264648438, 285.9217529296875, 305.40899658203125, 287.973388671875, 309.07904052734375, 275.4222717285156, 237.33343505859375, 209.05593872070312, 187.67559814453125, 165.18540954589844, 131.0996551513672, 127.97933959960938, 108.0657958984375, 125.77897644042969, 141.26788330078125, 164.13314819335938, 182.73333740234375, 204.83926391601562, 210.40908813476562, 213.4598388671875, 253.810302734375, 248.96633911132812, 242.8590087890625, 221.548583984375, 207.9810791015625, 177.24119567871094, 152.228515625, 159.73947143554688, 135.29476928710938, 131.51609802246094, 127.17741394042969, 128.8155059814453, 148.9104461669922, 156.2691192626953, 170.90472412109375, 174.7894287109375, 191.33502197265625, 202.53021240234375, 192.98031616210938, 210.30567932128906, 192.53839111328125, 174.46096801757812, 162.41671752929688, 155.16351318359375, 149.5994110107422, 128.69940185546875, 130.8385009765625, 114.35452270507812, 124.727294921875, 135.7769012451172, 148.6615447998047, 158.2835235595703, 162.1890106201172, 164.10447692871094, 156.06838989257812, 183.1099853515625, 179.9419403076172, 180.19821166992188, 166.01124572753906, 154.5532989501953, 141.395263671875, 122.77955627441406, 136.2895965576172, 118.78561401367188, 121.93224334716797, 116.62721252441406, 115.89118957519531, 131.29251098632812, 132.50534057617188, 145.7952423095703, 142.0015411376953, 153.20700073242188, 159.48294067382812, 154.65921020507812, 166.2500762939453, 155.91757202148438, 148.96456909179688, 140.95448303222656, 136.22471618652344, 135.80516052246094, 123.22774505615234, 120.23681640625, 107.16191101074219, 114.02072143554688, 119.26773071289062, 124.0888671875, 130.11854553222656, 129.1795196533203, 128.11441040039062, 120.15186309814453, 142.8134002685547, 143.32467651367188, 150.07669067382812, 144.59408569335938, 137.21197509765625, 136.88406372070312, 122.78131866455078, 137.80130004882812, 124.21232604980469, 130.34652709960938, 121.73888397216797, 112.42355346679688, 124.40960693359375, 114.50099182128906, 121.68558502197266, 112.02839660644531, 119.7972412109375, 121.2574234008789, 115.81269836425781, 128.7747039794922, 122.42782592773438, 125.71572875976562, 125.40620422363281, 128.05499267578125, 134.49334716796875, 130.56439208984375, 128.48321533203125, 119.7657470703125, 126.18282318115234, 126.58721923828125, 123.91188049316406, 124.39700317382812, 118.7685546875, 108.09333038330078, 97.57354736328125, 112.97348022460938, 109.32572174072266, 114.52288055419922, 112.63490295410156, 110.09062957763672, 114.55096435546875, 108.09837341308594, 128.0011444091797, 120.25886535644531, 132.02230834960938, 127.19076538085938, 118.49934387207031, 131.18911743164062, 117.3733139038086, 122.6257553100586, 109.67179107666016, 113.99610137939453, 109.11724853515625, 96.95787811279297, 108.27055358886719, 96.2705078125, 100.57762908935547, 101.8301773071289, 107.14652252197266, 114.9659194946289, 112.71446990966797, 116.52200317382812, 110.07345581054688, 119.25843811035156, 122.43463134765625, 121.49574279785156, 123.20365905761719, 117.85043334960938, 106.78364562988281, 96.39122009277344, 107.38483428955078, 100.50326538085938, 102.46691131591797, 99.84227752685547, 97.67644500732422, 98.20472717285156, 93.79277038574219, 112.63313293457031, 103.947998046875, 115.46675109863281, 112.4374008178711, 107.3239974975586, 117.93099212646484, 106.82553100585938, 115.78628540039062, 103.59141540527344, 108.75984191894531, 103.82331848144531, 92.17431640625, 103.09126281738281, 89.152587890625, 95.52775573730469, 96.4794921875, 101.5906982421875, 107.0927734375, 101.48939514160156, 108.3274154663086, 98.08197021484375, 106.40003967285156, 110.47059631347656, 110.6122055053711, 112.43547058105469, 105.16072845458984, 99.51948547363281, 