{"testproblem": "fmnist_mlp", "batch_size": 128, "num_epochs": 100, "random_seed": 42, "weight_decay": null, "optimizer_hyperparams": {"lr": 0.002511886431509582}, "train_losses": [2.3021158377329507, 0.439568382425186, 0.3577995332769858, 0.29365456906648785, 0.280991959075133, 0.2495741742925766, 0.2558201604928726, 0.23653617272010216, 0.2588879114542252, 0.24367152612942916, 0.21604193813907793, 0.21121440827846527, 0.20054002564686996, 0.2180665315916905, 0.20519044269353914, 0.1936759655483258, 0.19048703901278666, 0.1761513139383915, 0.1606456750096419, 0.18082965213136795, 0.17016210727011546, 0.1649475871370389, 0.15233691648030892, 0.14494369379602945, 0.15536117057005563, 0.15100501305781877, 0.13437310544153055, 0.14204141788948804, 0.1494268160790969, 0.13890381606343466, 0.12189480456977318, 0.15046754001806945, 0.11453951919117035, 0.11447675473605975, 0.10083089276957206, 0.12824277675304657, 0.11093447653528972, 0.11777970462273328, 0.09556587890554698, 0.09701541281090333, 0.08684806236758447, 0.0945182496156448, 0.08203760006775458, 0.10016580293766963, 0.09993919066320626, 0.08405646832229999, 0.08301814165539466, 0.08737475310380642, 0.08533308420998928, 0.0744134695866169, 0.08231818998375764, 0.07294915955609237, 0.1052692825308977, 0.11493440344929695, 0.07129347694512361, 0.08350314598721571, 0.08331514632281585, 0.0990939563474594, 0.07444895032602243, 0.06731764554308775, 0.13227421919313762, 0.05560081774512163, 0.09811595309143648, 0.059640473495118126, 0.08191180307991229, 0.06801320257811592, 0.05679161771415518, 0.05395526708796238, 0.06887980832312351, 0.0745599932777576, 0.06461074945922846, 0.0649786316192685, 0.0770786473623071, 0.05223904024714079, 0.0792705052627776, 0.05430621917669972, 0.061079514427826956, 0.07479493876393789, 0.0522572824683709, 0.04746907621096724, 0.06282075322591342, 0.05895757324133928, 0.04818388234632902, 0.07748257889388463, 0.055590771664029516, 0.05518552183340757, 0.07590146350841491, 0.057780347286890715, 0.0471686188203211, 0.08347136832964726, 0.048133336688176945, 0.049038008583757356, 0.06841147207440092, 0.06288263471558309, 0.0394457613882155, 0.04770272739756948, 0.043094286002600804, 0.0712746645992574, 0.03960404814913487, 0.06221608540568596, 0.052555724853076614], "test_losses": [2.3022368321051965, 0.47115518687627256, 0.4145172566939623, 0.3553087101914944, 0.342862959473561, 0.3458643402808752, 0.33806538600952196, 0.3333089189269604, 0.367087609683856, 0.35901884161509, 0.33789642308002865, 0.335721934453035, 0.33188371226573604, 0.37276218888851315, 0.37211527274205136, 0.3595855876039236, 0.3648570453127225, 0.3506240189457551, 0.3565919464215254, 0.37773405397549653, 0.38113163258784855, 0.35493376258856213, 0.3960925546976236, 0.366317949233911, 0.42950734133139634, 0.437242828309536, 0.4063658297826082, 0.4173708640230008, 0.4775454329374509, 0.42571151084624803, 0.41961968422700197, 0.4763080515922644, 0.47259538697126585, 0.44067244976758957, 0.48053281983503926, 0.5289419572322797, 0.4560973168565677, 0.5025497567959321, 0.4973043165145776, 0.5406050066917371, 0.5184122308706626, 0.5851863842362013, 0.5653945058584213, 0.5581577223462936, 0.5580407778422037, 0.5910086085398992, 0.5360094360434092, 0.6022238590014286, 0.6092550240648098, 0.6195701851676672, 0.5599324988822142, 0.5889342956435986, 0.6369969970904864, 0.5799503914820843, 0.6312952312903527, 0.6065213915247184, 0.6551583838195373, 0.6063220594555904, 0.6143668295863347, 0.6135091044199772, 0.6782578113369453, 0.7227054066382922, 0.6640196807491474, 0.6898179694246023, 0.7041248889305652, 0.6704833230529076, 0.6999634508139048, 0.6925984903787955, 0.6732305408670352, 0.7617453508652173, 0.7497973982722331, 0.7325314843119719, 0.7289545925763937, 0.7460596078099349, 0.8065473647453846, 0.7420748544809146, 0.769980040498269, 0.7081877516630368, 0.7572010163313303, 0.7666609224218589, 0.827715380069537, 0.7699282134954746, 0.7701407214387869, 0.8032047370305428, 0.8246346947092277, 0.7771813315458787, 0.7713936968491628, 0.724091445788359, 0.8524161617343242, 0.818539691850161, 0.7757690254694376, 0.8494679998510923, 0.8899503506911106, 0.8702119244978979, 0.8326705314027958, 0.8376443684101105, 0.8641884884773157, 0.8923824817324296, 0.8970725272710507, 0.8058168870898393, 0.8496596360435853], "train_accuracies": [0.10817307692307693, 0.8327323717948718, 0.8696915064102564, 0.8934294871794872, 0.8927283653846154, 0.9060496794871795, 0.9077524038461539, 0.910957532051282, 0.9048477564102564, 0.9060496794871795, 0.922676282051282, 0.91796875, 0.924979967948718, 0.9168669871794872, 0.9225761217948718, 0.9254807692307693, 0.9255809294871795, 0.9334935897435898, 0.9359975961538461, 0.9264823717948718, 0.9326923076923077, 0.9360977564102564, 0.9417067307692307, 0.9411057692307693, 0.9397035256410257, 0.9412059294871795, 0.9464142628205128, 0.9449118589743589, 0.9441105769230769, 0.9448116987179487, 0.9502203525641025, 0.9403044871794872, 0.9548277243589743, 0.9550280448717948, 0.9588341346153846, 0.9495192307692307, 0.9571314102564102, 0.9565304487179487, 0.9624399038461539, 0.9593349358974359, 0.9661458333333334, 0.9649439102564102, 0.9665464743589743, 0.9609375, 0.9618389423076923, 0.9661458333333334, 0.9671474358974359, 0.9658453525641025, 0.9665464743589743, 0.9709535256410257, 0.9658453525641025, 0.9719551282051282, 0.9592347756410257, 0.9563301282051282, 0.9727564102564102, 0.9682491987179487, 0.9692508012820513, 0.9625400641025641, 0.9709535256410257, 0.9758613782051282, 0.9537259615384616, 0.9782652243589743, 0.964042467948718, 0.975761217948718, 0.9678485576923077, 0.9741586538461539, 0.9772636217948718, 0.9788661858974359, 0.9739583333333334, 0.9707532051282052, 0.9751602564102564, 0.9747596153846154, 0.9721554487179487, 0.9801682692307693, 0.9740584935897436, 0.9797676282051282, 0.9764623397435898, 0.9727564102564102, 0.9780649038461539, 0.9822716346153846, 0.977363782051282, 0.9777644230769231, 0.9807692307692307, 0.9703525641025641, 0.9778645833333334, 0.9775641025641025, 0.9735576923076923, 0.9777644230769231, 0.9824719551282052, 0.9731570512820513, 0.9817708333333334, 0.9815705128205128, 0.9754607371794872, 0.9783653846153846, 0.985176282051282, 0.9839743589743589, 0.9825721153846154, 0.9775641025641025, 0.9845753205128205, 0.9762620192307693, 0.9809695512820513],