{"train_losses": [353.9337594168527, 36848.67131696428, 444374.4598214286, 466174.73660714284, 253212.84375, 48566.46930803572, 2862.570242745536, 28609.79520089286, 8463.203683035714, 1779.8601771763392, 3683.3219866071427, 245.42396763392858, 917.5626656668527, 222.36288234165735, 236.72627912248885, 211.26995849609375, 94.62797219412667, 104.70179094587054, 99.8090329851423, 88.12717982700893, 88.11948612758091, 89.76349857875279, 89.8540518624442, 89.37825884137835, 88.88412039620536, 88.85277230398995, 89.54041072300502, 94.73104095458984, 126.94141932896206, 235.47725568498885, 307.9124668666295, 139.85289437430245, 123.4808327811105, 146.77523585728235, 256.8513946533203, 2235.4747140066966, 1318.2630092075892, 594.3558088030134, 158.04254368373327, 86.81892939976284, 89.62757982526507, 89.10160391671317, 148.0951145717076, 307.0305437360491, 341.20399693080356, 110.21111515590123, 140.99222019740515, 257.2475106375558, 618.0441632952009, 2467.9183175223216, 1028.74418422154, 346.6353672572545, 107.42008318219867, 111.00498853410993, 104.09309714181083, 182.8572278703962, 144.01703534807478, 683.5171508789062, 4371.126604352678, 731.2611432756696, 114.84220559256417, 234.77493940080916, 563.7241908482143, 593.2755650111607, 196.2764630998884, 128.74048069545202, 90.71928296770368, 221.26409476143974, 646.2247924804688, 5776.609514508928, 442.6368321010045, 96.74430302211216, 164.8004869733538, 224.07459586007255, 131.84850529262, 151.60660226004464, 160.66721888950892, 157.34495980398995, 451.88960920061385, 2603.7723563058034, 7016.598423549107, 3961.7809709821427, 1788.7555629185267, 687.6814488002232, 208.52798897879464, 161.55164228166853, 205.72864423479353, 145.64098031180245, 174.386226109096, 119.77496991838727, 307.5451921735491, 1169.1248430524554, 12923.945731026786, 1385.630615234375, 703.306396484375, 494.69683837890625, 247.5667266845703, 105.63881356375558, 97.77293940952846, 106.17095729282924, 98.61995043073382], "test_losses": [353.44676426478793, 36895.240513392855, 444304.89285714284, 466213.8839285714, 253198.171875, 48583.79631696428, 2866.6269182477677, 28600.77511160714, 8468.2626953125, 1784.2466692243304, 3682.745675223214, 246.5571790422712, 920.4229125976562, 224.22615705217635, 236.7560577392578, 211.4715358189174, 96.561281476702, 106.97413199288505, 101.54538399832589, 90.37537493024554, 90.36305672781808, 92.05291530064174, 92.08275931222099, 91.6902825491769, 91.11115373883929, 91.06925419398716, 91.63096836635044, 96.37546212332589, 127.545652117048, 234.46226065499442, 306.15941074916293, 140.1863534109933, 127.20270320347377, 146.7782963344029, 262.2675214494978, 2224.8672921316966, 1310.7793666294642, 590.3107038225446, 157.7258584158761, 88.70666394914899, 91.92660849434989, 90.56468309674945, 147.8954794747489, 304.97031947544644, 338.80564662388394, 110.66831643240792, 144.46876525878906, 255.55102321079798, 625.6076311383929, 2457.3294503348216, 1022.8484148297991, 344.61643763950894, 108.71632058279855, 115.01609257289341, 108.3557880946568, 184.50484793526786, 150.05750819614954, 682.2019566127232, 4392.317522321428, 742.2753470284598, 119.97982788085938, 236.0153067452567, 562.157958984375, 591.2122628348214, 197.13174438476562, 133.69689614432198, 94.19043622698102, 221.4910845075335, 655.1774815150669, 5760.03125, 440.6996416364397, 99.41465977260044, 169.60164969308036, 229.77367074148995, 136.01840209960938, 152.2000972202846, 161.10145132882255, 161.58275059291296, 449.24792044503346, 2619.3775809151784, 6995.354561941965, 3946.3944963727677, 1779.6763218470983, 683.3354056222098, 208.46424647739954, 164.9858136858259, 210.08135986328125, 147.4748317173549, 174.9340536934989, 124.91411481584821, 308.4476056780134, 1182.5962437220983, 12895.327706473214, 1380.3379429408483, 703.151384626116, 496.36448451450894, 250.1668483189174, 108.39732360839844, 101.02963692801339, 110.69312286376953, 101.9396231515067], "minibatch_train_losses": [369.72540283203125, 6221007.5, 438090.78125, 1357879.25, 3528689.0, 2721228.0, 856400.8125, 36885.36328125, 672427.5, 1599925.125, 1665310.625, 934466.75, 194824.390625, 42974.90625, 444890.09375, 864824.5625, 862629.3125, 482439.5625, 98382.8984375, 19321.27734375, 235193.078125, 465521.28125, 469420.9375, 260646.984375, 49061.38671875, 12645.0029296875, 138199.5625, 263339.21875, 253704.40625, 127310.5, 15959.9912109375, 15477.595703125, 97000.859375, 156058.21875, 127523.9375, 48365.23828125, 1696.4593505859375, 23179.943359375, 73035.2734375, 88759.625, 53422.39453125, 10168.17578125, 2806.624755859375, 29664.021484375, 51750.4453125, 42114.4140625, 13969.5966796875, 207.75747680664062, 11536.5859375, 28758.396484375, 28287.68359375, 12144.205078125, 587.6351928710938, 4963.1494140625, 16055.595703125, 17723.9765625, 8370.5888671875, 604.7224731445312, 2648.666259765625, 9350.7646484375, 10766.927734375, 5033.67578125, 350.2122497558594, 1740.2196044921875, 5893.04248046875, 6383.615234375, 2759.572265625, 147.06939697265625, 1477.574951171875, 3902.28369140625, 3742.822021484375, 1285.310302734375, 139.5220947265625, 1414.679931640625, 2630.29296875, 2019.953369140625, 453.58251953125, 259.88446044921875, 1307.146240234375, 1711.47998046875, 861.3709106445312, 131.48928833007812, 444.4389343261719, 1068.9356689453125, 891.900146484375, 305.16534423828125, 153.01283264160156, 487.38970947265625, 738.8704833984375, 406.86285400390625, 106.78385925292969, 212.41934204101562, 444.105712890625, 448.8734130859375, 184.282958984375, 117.9064712524414, 275.7926025390625, 313.93280029296875, 246.23199462890625, 101.33750915527344, 187.29502868652344, 298.21636962890625, 198.55674743652344, 137.99514770507812, 107.39080047607422, 220.64291381835938, 215.04664611816406, 115.8663558959961, 132.58154296875, 156.73191833496094, 178.6110076904297, 121.94770050048828, 96.46971130371094, 135.38558959960938, 142.24334716796875, 115.50687408447266, 99.12112426757812, 115.61103820800781, 115.65177917480469, 102.36162567138672, 87.93064880371094, 101.52861022949219, 110.71994018554688, 98.17633819580078, 89.51619720458984, 86.27337646484375, 97.59248352050781, 89.01630401611328, 94.90167236328125, 104.20960998535156, 94.1989974975586, 91.65596771240234, 81.73184204101562, 88.9857177734375, 86.0809326171875, 93.27523803710938, 95.78797912597656, 87.33621215820312, 90.05534362792969, 79.12673950195312, 91.10128784179688, 84.04220581054688, 94.43206787109375, 99.56060791015625, 85.6346435546875, 89.2747802734375, 78.69285583496094, 93.49671173095703, 85.51300048828125, 90.85314178466797, 97.59017944335938, 88.41111755371094, 90.89466094970703, 77.19277954101562, 93.51728057861328, 87.28974151611328, 93.18623352050781, 99.9664306640625, 89.94449615478516, 91.72081756591797, 77.26676940917969, 92.84662628173828, 87.94805908203125, 93.34349060058594, 99.04714965820312, 90.21342468261719, 92.90257263183594, 77.11152648925781, 92.15325164794922, 87.50651550292969, 94.71016693115234, 102.69586181640625, 94.50941467285156, 95.41804504394531, 77.54512786865234, 92.12042236328125, 87.80218505859375, 98.18661499023438, 110.19587707519531, 102.5751953125, 100.64385986328125, 79.53462219238281, 92.78716278076172, 87.92167663574219, 101.73047637939453, 121.3953857421875, 118.54421997070312, 115.41130065917969, 89.6536636352539, 97.5797348022461, 86.88743591308594, 100.78453826904297, 132.78994750976562, 145.981689453125, 153.29983520507812, 129.24658203125, 128.7882080078125, 97.83761596679688, 90.34317016601562, 120.39285278320312, 156.0774383544922, 200.1330108642578, 213.79037475585938, 235.70249938964844, 190.13327026367188, 128.3478546142578, 95.60160827636719, 97.47908020019531, 149.8294219970703, 210.56759643554688, 307.52569580078125, 332.9115295410156, 292.17596435546875, 213.99317932128906, 133.03631591796875, 97.90608215332031, 83.36000061035156, 142.10459899902344, 192.58056640625, 229.8662109375, 236.89422607421875, 214.4364471435547, 198.8942108154297, 151.60067749023438, 