{"train_losses": [353.9337594168527, 201.8881334577288, 176.08509172712053, 255.11633954729353, 205.35514395577567, 171.32854352678572, 198.40814208984375, 196.62245178222656, 115.46463557652065, 233.0339835030692, 155.31629943847656, 128.5315889630999, 166.4129137311663, 148.88423810686385, 128.34611075265067, 155.26929364885603, 146.4544634137835, 105.87849426269531, 149.49227469308036, 116.31010001046317, 117.43678828648159, 128.9365681239537, 125.74542781284877, 104.01781354631696, 120.66998182024274, 103.99478694370815, 111.5738285609654, 116.05145590645927, 105.98506273542132, 98.90855407714844, 107.78911372593471, 98.84012821742466, 101.40926797049386, 107.38943154471261, 94.07840401785714, 100.70229775565011, 95.81011962890625, 93.85648563929966, 94.607912336077, 103.20596967424665, 90.51195090157645, 92.68705095563617, 93.46947261265346, 89.23149762834821, 95.29558454241071, 93.15381622314453, 90.45902252197266, 88.25170571463448, 92.64898790631976, 86.4750475202288, 91.10944366455078, 91.69260624476841, 88.01460593087333, 88.31346893310547, 87.21132223946708, 87.9286128452846, 88.1628646850586, 90.78707122802734, 85.65499550955636, 87.3269282749721, 86.24081202915737, 87.08848353794643, 87.63833945138114, 87.91904994419643, 86.01307678222656, 85.99713679722377, 86.25775037493024, 85.8174078805106, 87.03054373604911, 86.83545357840401, 86.00745282854352, 85.37346649169922, 85.31961822509766, 85.59007154192243, 86.84856741768974, 86.33912658691406, 85.14650617327008, 84.97048732212612, 85.44918278285435, 85.6577878679548, 86.0353513445173, 85.6030763898577, 85.10330418178013, 85.36984361921039, 84.98200443812779, 85.18816702706474, 85.73313685825893, 85.76830618722099, 84.9626966203962, 84.89713723318917, 84.81874193464007, 85.34975869315011, 85.79650987897601, 85.19267054966518, 84.78854043143136, 84.85548945835659, 85.15433611188617, 85.16788046700614, 85.37283543178013, 85.02154105050224, 84.9921395438058], "test_losses": [353.44676426478793, 201.14762660435267, 178.7233646937779, 261.5475289481027, 210.7647225516183, 173.3738272530692, 198.88697814941406, 197.21824210030692, 118.45211138044085, 238.35372270856584, 159.3578098842076, 130.7138933454241, 167.49834333147322, 149.23640877859933, 131.3310819353376, 160.9376438685826, 150.69157191685267, 107.82638113839286, 150.02663094656808, 117.55063084193638, 121.65159279959542, 133.4265856061663, 128.31031036376953, 106.23842511858258, 122.71054513113839, 106.00669642857143, 114.49369703020368, 119.47341918945312, 109.69665091378349, 101.91431971958706, 108.87734985351562, 100.09383937290737, 105.0182636805943, 111.96115003313336, 97.34160505022321, 102.27574920654297, 97.2298583984375, 96.76364135742188, 98.37249428885323, 106.10973794119698, 92.85087367466518, 95.45115988595145, 96.09142085484096, 91.44428144182477, 97.87666538783482, 96.48088073730469, 94.10907091413226, 90.8467548915318, 93.94082750592914, 88.64195360456195, 94.86828722272601, 95.29726082938058, 90.52834974016461, 90.1946770804269, 89.58389936174665, 91.19171142578125, 91.16107177734375, 93.28284999302456, 88.4900894165039, 90.18660409109933, 88.62717655726841, 89.40006801060268, 90.43849073137555, 91.3043212890625, 89.10894230433873, 88.13884517124721, 88.33489772251674, 88.72752053397042, 90.31779479980469, 89.7322278703962, 88.44315011160714, 87.79421125139508, 88.04165431431362, 88.43466295514789, 89.58737400599888, 89.14186205182757, 88.01895468575614, 87.56167602539062, 87.86577606201172, 88.33311026436942, 89.00620487758091, 88.58970097133091, 87.75512804303851, 87.7386703491211, 87.59404536655971, 88.10332489013672, 88.59514944893974, 88.50927080426898, 87.60449872698102, 87.50791931152344, 87.51315743582589, 88.06940133231026, 88.58133588518415, 88.05199541364398, 87.481443132673, 87.39198412214007, 87.78892735072544, 87.97090802873883, 88.23993137904576, 87.77493395124164, 87.59007699148995], "minibatch_train_losses": [369.72540283203125, 178.67234802246094, 120.76888275146484, 278.6337585449219, 356.8669738769531, 274.1075439453125, 118.51481628417969, 207.9119110107422, 342.5624694824219, 295.4688720703125, 159.28953552246094, 170.78672790527344, 304.34326171875, 291.0809020996094, 169.44784545898438, 173.1938934326172, 267.1069030761719, 278.8831481933594, 194.20059204101562, 164.29605102539062, 225.04808044433594, 257.437255859375, 215.14186096191406, 179.28805541992188, 200.34075927734375, 217.06820678710938, 210.42723083496094, 203.00347900390625, 214.58938598632812, 172.28765869140625, 173.94705200195312, 216.4652557373047, 241.84649658203125, 188.60752868652344, 136.61654663085938, 181.4512939453125, 217.50743103027344, 235.280029296875, 174.02508544921875, 137.83958435058594, 188.57968139648438, 212.5068359375, 199.94056701660156, 152.71429443359375, 165.70855712890625, 201.46473693847656, 193.38377380371094, 172.10813903808594, 139.3365936279297, 188.39219665527344, 229.0470733642578, 166.2705078125, 128.9116668701172, 184.7859344482422, 245.74905395507812, 188.15823364257812, 120.6712417602539, 163.23397827148438, 243.9861297607422, 235.49375915527344, 134.22000122070312, 130.3917694091797, 210.700927734375, 249.0187530517578, 157.5848388671875, 126.62789154052734, 180.99655151367188, 212.23106384277344, 178.72451782226562, 126.092529296875, 158.74386596679688, 176.8829345703125, 174.79966735839844, 129.95364379882812, 144.3673095703125, 174.19552612304688, 157.65280151367188, 124.79924774169922, 119.1745376586914, 165.92770385742188, 176.79074096679688, 140.78427124023438, 114.00845336914062, 121.80084991455078, 167.56411743164062, 167.67935180664062, 133.58377075195312, 133.82070922851562, 144.88174438476562, 160.68544006347656, 136.24024963378906, 155.42568969726562, 164.32679748535156, 148.9893035888672, 142.43368530273438, 151.66648864746094, 183.357421875, 152.529541015625, 137.18450927734375, 147.11695861816406, 182.0858612060547, 166.99966430664062, 123.79032897949219, 149.41281127929688, 166.87380981445312, 156.8956298828125, 121.02651977539062, 135.65060424804688, 161.8075408935547, 156.5284423828125, 118.21154022216797, 110.72795104980469, 144.35812377929688, 153.6832275390625, 128.2801513671875, 104.44747161865234, 132.07476806640625, 142.98345947265625, 130.1184539794922, 112.87821960449219, 102.02458190917969, 139.85275268554688, 154.9337921142578, 116.2698974609375, 102.17623901367188, 104.91043090820312, 157.5658721923828, 136.6776580810547, 109.89598846435547, 116.37327575683594, 132.7024688720703, 155.22157287597656, 105.41207122802734, 116.35295104980469, 149.88320922851562, 150.45907592773438, 118.84382629394531, 112.17051696777344, 151.49566650390625, 148.22610473632812, 118.14107513427734, 118.90083312988281, 142.81741333007812, 145.71803283691406, 120.52392578125, 117.42668151855469, 131.38082885742188, 134.50677490234375, 110.72225189208984, 116.80106353759766, 134.2781524658203, 129.48545837402344, 104.39155578613281, 97.06246948242188, 132.76925659179688, 120.76358032226562, 111.81575775146484, 103.1292953491211, 113.27977752685547, 125.50928497314453, 104.79425048828125, 108.89888000488281, 99.61514282226562, 120.75064086914062, 126.36136627197266, 106.30225372314453, 108.34193420410156, 98.09707641601562, 119.959716796875, 124.59432983398438, 111.39096069335938, 108.15032958984375, 117.2083740234375, 126.74868774414062, 102.5717544555664, 104.67922973632812, 131.0968780517578, 133.2569580078125, 108.80149841308594, 97.14764404296875, 125.11677551269531, 128.97891235351562, 119.71673583984375, 98.43476867675781, 115.2153091430664, 129.9615936279297, 110.59979248046875, 111.65351867675781, 105.56976318359375, 122.25090026855469, 102.31504821777344, 105.162109375, 117.63345336914062, 117.82780456542969, 104.88619995117188, 89.68641662597656, 106.9438247680664, 112.23641967773438, 113.21332550048828, 99.3013916015625, 99.3893051147461, 105.09532165527344, 100.11002349853516, 101.38569641113281, 97.64588928222656, 108.71599578857422, 107.5938720703125, 94.3629150390625, 