{"testproblem": "fmnist_mlp", "batch_size": 128, "num_epochs": 100, "random_seed": 42, "weight_decay": null, "optimizer_hyperparams": {"lr": 0.025118864315095822, "momentum": 0.99}, "train_losses": [2.3021158377329507, 0.5116971272688645, 0.49247242510318756, 0.4847877812691224, 0.49278179078530043, 0.43487040851360714, 0.5250736719522721, 0.5820302279331745, 0.49787905659431064, 0.6259072751570971, 0.6394166594896561, 0.6623268077770869, 0.6609839101632436, 1.0537999532161615, 1.556078811486562, 1.6622303281074915, 1.7500594105475988, 1.8078193420018904, 1.9005011121431987, 1.721409953557528, 1.754075702948448, 1.8494065205256145, 1.7744731200047028, 1.9039477002926362, 1.9545327149904692, 1.9064650550866737, 1.8854702405440502, 1.8891840898073637, 1.823146647367722, 1.698074215497726, 3.835146787839058, 2.3075261421692677, 2.305819425827418, 2.306794356077145, 2.305289491628989, 2.309268159744067, 2.3069928089777627, 2.304539686594254, 2.304115753907424, 2.3054547951771664, 2.3047532118283787, 2.3108467566661344, 2.303522058022328, 2.3056867030950694, 2.3098254326062326, 2.3072846241486378, 2.3100835237747583, 2.3110840076055283, 2.308741997449826, 2.3053703491504374, 2.306212605574192, 2.3117370177537966, 2.3078037255849595, 2.309052491799379, 2.305968639178154, 2.304143945376078, 2.304640898337731, 2.304866659335601, 2.3064886087026353, 2.3114894108894544, 2.306144451483702, 2.3064530996175914, 2.304849309798999, 2.3063737887602587, 2.3107302830769467, 2.3048727298394227, 2.3075052897135415, 2.304642133223705, 2.3045301070580115, 2.3059031260319247, 2.310061460886246, 2.309125924721742, 2.305387943218916, 2.3073412669010653, 2.314073623755039, 2.3053422340979943, 2.308878852770879, 2.311432428849049, 2.3073036273320517, 2.3077358527061267, 2.304862459500631, 2.3122335275014243, 2.3051212445283547, 2.306397129327823, 2.305998670749175, 2.3059859489783263, 2.3049505398823666, 2.3079826770684657, 2.307758838702471, 2.3096890174425564, 2.309503436088562, 2.3082462671475534, 2.306644937930963, 2.307642542398893, 2.305507947237064, 2.3088077153915014, 2.309533510452662, 2.3055859345656176, 2.3078487561299252, 2.3053880502016115, 2.3057704797157874], "test_losses": [2.3022368321051965, 0.5382124582926432, 0.5262633661429087, 0.5365197933637179, 0.5476951140623826, 0.5236393136855884, 0.5730263892656717, 0.6575704553188422, 0.5513175229231516, 0.6909255652855604, 0.7013841691689614, 0.7321745134316958, 0.7056573128853089, 1.1309688022503486, 1.561315133021428, 1.6817920819306984, 1.753025797697214, 1.833191842604906, 1.9103950017537825, 1.7444341427240617, 1.771670787762373, 1.8371833455868256, 1.792694125420008, 1.9104177814263563, 2.0510158706934023, 1.9177744908210559, 1.885157013550783, 1.8881086569565992, 1.8338922155209076, 1.7180182551726317, 3.812025715143253, 2.3085326903905625, 2.3054560117232494, 2.3079906824307566, 2.3052313450055246, 2.3087400595347085, 2.305903205504784, 2.3043007911779942, 2.30433980623881, 2.3055692941714554, 2.3041355304228954, 2.310714162313021, 2.3038826966897035, 2.30650009558751, 2.309837023417155, 2.3067054076072497, 2.309588591257731, 2.3122564462515025, 2.3087508189372525, 2.3047001575812316, 2.3068719032483225, 2.3108274783843603, 2.308648488460443, 2.3101191490124435, 2.3050539707526183, 2.3042786518732705, 2.305179470624679, 2.3047693845553274, 2.3071793103829408, 2.309949483626928, 2.305803522085532, 2.3067097511046972, 2.30469818909963, 2.305869298103528, 2.310376078654558, 2.304826666147281, 2.3066759690260277, 2.304607990460518, 2.305224534792778, 2.306141089170407, 2.3117209458962464, 2.3096864957075853, 2.3050647729482407, 2.306679361905807, 2.3133356357232118, 2.3048729468614626, 2.307572759114779, 2.309154443251781, 2.3067105366633487, 2.3071173704587498, 2.304798887326167, 2.310026214672969, 2.3043505992644873, 2.305132419635088, 2.3062002781109934, 2.3066560060550003, 2.305513238295531, 2.307244401711684, 2.30820937645741, 2.3087681287374253, 2.3094444488867736, 2.3078688046871085, 2.306160874855824, 2.3075583225641494, 2.305690340506725, 2.310190592056666, 2.3102695697393174, 2.305861066549252, 2.307252232845013, 2.3055713940889406, 2.3053833674161863], "train_accuracies": [0.10817307692307693, 0.8125, 0.8274238782051282, 0.8337339743589743, 0.8372395833333334, 0.8547676282051282, 0.8010817307692307, 0.8061899038461539, 0.8294270833333334, 0.7946714743589743, 0.7626201923076923, 0.7674278846153846, 0.7302684294871795, 0.5735176282051282, 0.3661858974358974, 0.39893830128205127, 0.26001602564102566, 0.21314102564102563, 0.2633213141025641, 0.3017828525641026, 0.28535657051282054, 0.21424278846153846, 0.18780048076923078, 0.18920272435897437, 0.2759415064102564, 0.19821714743589744, 0.18529647435897437, 0.19050480769230768, 0.20552884615384615, 0.27654246794871795, 0.19260817307692307, 0.10026041666666667, 0.09775641025641026, 0.10146233974358974, 0.10446714743589744, 0.09895833333333333, 0.09525240384615384, 0.09505208333333333, 0.09695512820512821, 0.10286458333333333, 0.09845753205128205, 0.09865785256410256, 0.09895833333333333, 0.10176282051282051, 0.10006009615384616, 0.10106169871794872, 0.10166266025641026, 0.10036057692307693, 0.09835737179487179, 0.09695512820512821, 0.09945913461538461, 0.10346554487179487, 0.10126201923076923, 0.10106169871794872, 0.10116185897435898, 0.1031650641025641, 0.09645432692307693, 0.09425080128205128, 0.0985576923076923, 0.09575320512820513, 0.10036057692307693, 0.09735576923076923, 0.10166266025641026, 0.10356570512820513, 0.10046073717948718, 0.10176282051282051, 0.10176282051282051, 0.09985977564102565, 0.09735576923076923, 0.09955929487179487, 0.10236378205128205, 0.10346554487179487, 0.09685496794871795, 0.09865785256410256, 0.09775641025641026, 0.10306490384615384, 0.09735576923076923, 0.10116185897435898, 0.09845753205128205, 0.0953525641025641, 0.10356570512820513, 0.09825721153846154, 0.09895833333333333, 0.09785657051282051, 0.10096153846153846, 0.10336538461538461, 0.09815705128205128, 0.09945913461538461, 0.10186298076923077, 0.0967548076923077, 0.09865785256410256, 0.10126201923076923, 0.09695512820512821, 0.10566907051282051, 0.10396634615384616, 0.10046073717948718, 0.09965945512820513, 0.09785657051282051, 0.09575320512820513, 0.10266426282051282, 0.09965945512820513],