{"testproblem": "mnist_mlp", "batch_size": 128, "num_epochs": 100, "random_seed": 42, "weight_decay": null, "optimizer_hyperparams": {"lr": 0.1, "momentum": 0.99}, "train_losses": [2.3034798334806394, 2.4094102688324757, 2.319472713348193, 2.3148106122628236, 2.3152959713569055, 2.3306348598920383, 2.3177702702008762, 2.314904179328527, 2.333862378047063, 2.326659694696084, 2.311036834349999, 2.3107875799521422, 2.308880784572699, 2.336919164046263, 2.3171315559974084, 2.309979035304143, 2.3250416670090113, 2.3096214471719203, 2.3278529246648154, 2.3142139942218094, 2.319370376758086, 2.3163870511910853, 2.306303336070134, 2.320917138686547, 2.3175666882441592, 2.319159617790809, 2.327183038760454, 2.3213348480371327, 2.3215196224359365, 2.3183835592025366, 2.3060964193099585, 2.3216044383171277, 2.317358625240815, 2.3135747420482144, 2.3195054959028196, 2.3136151876205053, 2.3232867809442372, 2.314997761677473, 2.313331056863834, 2.3174586326648026, 2.315329542526832, 2.3130376522357645, 2.327056814462711, 2.3161160945892334, 2.3175585086529074, 2.321298810151907, 2.3090894497357883, 2.322949006007268, 2.318633641952123, 2.3285090098014245, 2.3230625146474595, 2.320035864145328, 2.315244265091725, 2.327411706631, 2.3138001393049192, 2.308592689342988, 2.313097024575258, 2.3198474706747594, 2.312276873833094, 2.336258133252462, 2.3158766887126823, 2.3357771268257728, 2.3276530779325046, 2.3319787704027615, 2.3275809104625997, 2.306426610702123, 2.3063221191748595, 2.328884925597753, 2.3128284552158456, 2.315611631442339, 2.3172494173049927, 2.3102746315491505, 2.3280308093780127, 2.3323384859623055, 2.3247639491007877, 2.3236340162081595, 2.3083598002409325, 2.3210320381017833, 2.3157118314351792, 2.318076714491233, 2.313391923904419, 2.3174314193236523, 2.3076786322471423, 2.3168229353733554, 2.3136321061696763, 2.3175876323993387, 2.3096294494775624, 2.310068506460923, 2.314953305782416, 2.3437497921479054, 2.315106654778505, 2.3208709894082484, 2.3352633103346214, 2.313908555568793, 2.321175651672559, 2.3065708783956675, 2.324581571114369, 2.3215842766639514, 2.3184731556819034, 2.3142716395549283, 2.3176840207515617], "test_losses": [2.3034419279832106, 2.411275869760758, 2.3190929003250904, 2.3178626787968173, 2.3146081551527367, 2.332153176650023, 2.3189496780053163, 2.314081739156674, 2.3338725169499717, 2.3208795357973147, 2.310263367799612, 2.3076856992183585, 2.308289668498895, 2.337107606423207, 2.319218336007534, 2.308326470546233, 2.3278790223292813, 2.3098894449380727, 2.323556600472866, 2.314794509838789, 2.3218990625479283, 2.3176610194719753, 2.307758548320868, 2.323821966464703, 2.316482629531469, 2.3190461702835865, 2.332488851669507, 2.3188019593556723, 2.322241884011489, 2.3173106205769076, 2.307169165366735, 2.322216278467423, 2.31681590508192, 2.3116819124955397, 2.3197030409788475, 2.3138364736850443, 2.3186443188251595, 2.3151799043019614, 2.317678310932257, 2.316424562380864, 2.3135275076597166, 2.3108478081532016, 2.3258913999948745, 2.3159023890128503, 2.3196572921214957, 2.3208937981189828, 2.307814836502075, 2.322432557741801, 2.319480082927606, 2.3254109743313913, 2.325902290833302, 2.317585135117555, 2.3138864560004992, 2.3283215852884145, 2.317199673408117, 2.307985993532034, 2.3136766201410537, 2.317179410885542, 2.3125672401526036, 2.3340688149134317, 2.3166887362798056, 2.33418000355745, 2.3250285753837, 2.3293744264504848, 2.3243789703418045, 2.307339249513088, 2.3089804313121696, 2.3335441992833066, 2.3118841648101807, 2.3136508220281358, 2.3170061264282618, 2.308739567414308, 2.3273794712164464, 2.3292733400295944, 2.3237481667445254, 2.322325810407981, 2.309827829018617, 2.3241623701193395, 2.3145264264864798, 2.3198226384627514, 2.3146779445501475, 2.318313409120609, 2.3072397189262586, 2.314701645802229, 2.31306032034067, 2.3185524390294003, 2.310232761578682, 2.310797330660698, 2.3192894275371847, 2.3360944405580177, 2.314649591079125, 2.3219879315449643, 2.333511163026859, 2.313909928003947, 2.3207460825259867, 2.305172852980785, 2.3245983704542503, 2.319188558138334, 2.3215900537295218, 2.312612172884819, 2.315290961510096], "train_accuracies": [0.08543669871794872, 0.09114583333333333, 0.0960536858974359, 0.09865785256410256, 0.09955929487179487, 0.09845753205128205, 0.10727163461538461, 0.09635416666666667, 0.1123798076923077, 0.09725560897435898, 0.11107772435897435, 0.10947516025641026, 0.10096153846153846, 0.09765625, 0.09765625, 0.10426682692307693, 0.09264823717948718, 0.11318108974358974, 0.09875801282051282, 0.11408253205128205, 0.09795673076923077, 0.10416666666666667, 0.11478365384615384, 0.11458333333333333, 0.09905849358974358, 0.09825721153846154, 0.10086137820512821, 0.09935897435897435, 0.09485176282051282, 0.10236378205128205, 0.09695512820512821, 0.10116185897435898, 0.09745592948717949, 0.10506810897435898, 0.10416666666666667, 0.09364983974358974, 0.1102764423076923, 0.1116786858974359, 0.10987580128205128, 0.0907451923076923, 0.1123798076923077, 0.09765625, 0.1015625, 0.10536858974358974, 0.10006009615384616, 0.10406650641025642, 0.10927483974358974, 0.10026041666666667, 0.0992588141025641, 0.0960536858974359, 0.09405048076923077, 0.0960536858974359, 0.11278044871794872, 0.09815705128205128, 0.1038661858974359, 0.10566907051282051, 0.10006009615384616, 0.09795673076923077, 0.0985576923076923, 0.10556891025641026, 0.11318108974358974, 0.10186298076923077, 0.10116185897435898, 0.09865785256410256, 0.0967548076923077, 0.10486778846153846, 0.11708733974358974, 0.10096153846153846, 0.09815705128205128, 0.09725560897435898, 0.10286458333333333, 0.09865785256410256, 0.09915865384615384, 0.09955929487179487, 0.10166266025641026, 0.09304887820512821, 0.11468349358974358, 0.10466746794871795, 0.11187900641025642, 0.09885817307692307, 0.10356570512820513, 0.11338141025641026, 0.10126201923076923, 0.09625400641025642, 0.09595352564102565, 0.11057692307692307, 0.10476762820512821, 0.11368189102564102, 0.09965945512820513, 0.09955929487179487, 0.09785657051282051, 0.09745592948717949, 0.09845753205128205, 0.11197916666666667, 0.10126201923076923, 0.10817307692307693, 0.10016025641025642, 0.09505208333333333, 0.10436698717948718, 0.1006610576923077, 0.08904246794871795],