{"testproblem": "fmnist_mlp", "batch_size": 128, "num_epochs": 100, "random_seed": 42, "weight_decay": null, "optimizer_hyperparams": {"lr": 0.01, "momentum": 0.99}, "train_losses": [2.3021158377329507, 0.42022940592888075, 0.3955114713081947, 0.33238972551547563, 0.3482625094743875, 0.3024956952684965, 0.3328878401945799, 0.2946043962087387, 0.2934841330234821, 0.2892184494397579, 0.2586281874623054, 0.33257051041493046, 0.27416387773477113, 0.2690426718730193, 0.2564819369178552, 0.2705514157811801, 0.23984223394057688, 0.24139172001144824, 0.2392061754870109, 0.21802761090489534, 0.23818681962214983, 0.22190481825516775, 0.20044321270707327, 0.2297150229032223, 0.21969541821342248, 0.23388808717330298, 0.20485249801706046, 0.20402595840203455, 0.18383432714602885, 0.19491468876218185, 0.21054491458030847, 0.20363027325425392, 0.1793649781208772, 0.1845291025745563, 0.17334886019428572, 0.16835037370522818, 0.16071960186729065, 0.15856497199871603, 0.16470578408394104, 0.2050887554501876, 0.15455211460208282, 0.1445789543004372, 0.1690800021856259, 0.16508241914785826, 0.1597469653456639, 0.1296249574575669, 0.15545224436582664, 0.15656554966400832, 0.15779555512544435, 0.12099132529244973, 0.1343473167373584, 0.1428259870944879, 0.1529870556715207, 0.1621409977475802, 0.1326234185924897, 0.16031744722754526, 0.13753250379783985, 0.12269371881698951, 0.1276716146713648, 0.1125310329386057, 0.12268478652605644, 0.13745715206441206, 0.12875340707026994, 0.13197100850252005, 0.1417969080309073, 0.14224168519752148, 0.12348507182338299, 0.127277528676085, 0.11885215972478573, 0.11836382288199204, 0.12169016978870599, 0.1194770102126476, 0.10549892160372856, 0.1165890768647958, 0.11879782722546504, 0.10499527601477428, 0.11627101840881202, 0.12914769881619856, 0.09748247762521108, 0.09921469993125169, 0.1027013957978059, 0.10142264987986821, 0.11120122169645932, 0.09877462890476753, 0.09708397768628903, 0.10916405868453857, 0.1128584078202645, 0.11252267610950348, 0.11049400504009846, 0.10681603614909527, 0.11647637164554535, 0.0893534694153529, 0.09608490483309978, 0.10402711017582661, 0.09632885021468003, 0.08847419965343598, 0.09532304361271553, 0.09134185772675735, 0.1165220948557059, 0.12114483767595047, 0.106125632683054], "test_losses": [2.3022368321051965, 0.44980747004350025, 0.43726322322319716, 0.3934991972950789, 0.40210601897575915, 0.38787140276951665, 0.4072857779952196, 0.3675760166385235, 0.37296709169944126, 0.3799565940713271, 0.34819824344072586, 0.4197264369099568, 0.36412812005250883, 0.36664070704808605, 0.35594251656379455, 0.39684932010296065, 0.36306611257485855, 0.34604672342538834, 0.3636864771445592, 0.3519507251106776, 0.3604971573520929, 0.340446759110842, 0.3527973427986487, 0.3571990953806119, 0.3610173614743428, 0.37901905274544007, 0.3535944609305797, 0.3720245686097023, 0.3537880682792419, 0.36965450740013367, 0.3923560516574444, 0.39350915853029644, 0.36252216822825944, 0.3806313490256285, 0.3624109440507033, 0.38458574219391894, 0.37039477817523175, 0.3924961827504329, 0.39942309031119716, 0.42917860337556935, 0.39478251127860486, 0.39266501118739444, 0.4117953060911252, 0.41296154776444804, 0.3984443952257817, 0.3873307403081503, 0.3992818649380635, 0.4313265486405446, 0.40648063959983677, 0.41176888002799106, 0.420389113517908, 0.4276835398796277, 0.4411760285878793, 0.4535415059862993, 0.4376962729371511, 0.4026969136335911, 0.4101098420528265, 0.44924810452338976, 0.46621564202583754, 0.45773911686279833, 0.4715705624757669, 0.45940002512473327, 0.4643018262890669, 0.4781013215199495, 0.4735138026567606, 0.48275476407546264, 0.48788350094587374, 0.5344509033438487, 0.5546775318873234, 0.46201125647013, 0.5090317645898232, 0.5041618698682541, 0.5232022490638953, 0.5146724232114278, 0.49003727122759205, 0.5287649287627294, 0.4948580135137607, 0.5699517593169824, 0.5153918677033522, 0.5633289193113645, 0.5546570792794228, 0.5700677547317284, 0.55540408518834, 0.5567753861347834, 0.5877176190798099, 0.6340454555092714, 0.5320328252437787, 0.5461769212897007, 0.5675219824680915, 0.5583600736199281, 0.6025371519036782, 0.570067673539504, 0.5852498415953074, 0.5642724839540628, 0.6154176791508993, 0.5801853082883053, 0.6247748468930905, 0.595208215025755, 0.6183469624091418, 0.6994476444446124, 0.6854762797936415], "train_accuracies": [0.10817307692307693, 0.8472556089743589, 0.8569711538461539, 0.8811097756410257, 0.8736979166666666, 0.889823717948718, 0.8768028846153846, 0.8873197115384616, 0.8929286858974359, 0.8920272435897436, 0.9055488782051282, 0.8720953525641025, 0.8942307692307693, 0.8970352564102564, 0.9027443910256411, 0.8960336538461539, 0.9092548076923077, 0.9063501602564102, 0.9117588141025641, 0.9186698717948718, 0.9116586538461539, 0.9133613782051282, 0.9240785256410257, 0.9091546474358975, 0.9156650641025641, 0.9131610576923077, 0.9217748397435898, 0.9209735576923077, 0.9272836538461539, 0.9291866987179487, 0.9212740384615384, 0.9185697115384616, 0.9302884615384616, 0.9255809294871795, 0.9341947115384616, 0.9330929487179487, 0.9379006410256411, 0.9384014423076923, 0.9332932692307693, 0.9225761217948718, 0.9405048076923077, 0.9431089743589743, 0.9397035256410257, 0.9364983974358975, 0.9411057692307693, 0.9473157051282052, 0.9402043269230769, 0.936698717948718, 0.9390024038461539, 0.9533253205128205, 0.9488181089743589, 0.9403044871794872, 0.9423076923076923, 0.9384014423076923, 0.9508213141025641, 0.9398036858974359, 0.9456129807692307, 0.9511217948717948, 0.9489182692307693, 0.9585336538461539, 0.9528245192307693, 0.9475160256410257, 0.9498197115384616, 0.9501201923076923, 0.9440104166666666, 0.9477163461538461, 0.9493189102564102, 0.9534254807692307, 0.953926282051282, 0.9511217948717948, 0.9519230769230769, 0.9533253205128205, 0.9603365384615384, 0.9538261217948718, 0.9568309294871795, 0.9597355769230769, 0.9550280448717948, 0.9556290064102564, 0.9605368589743589, 0.9618389423076923, 0.9584334935897436, 0.9584334935897436, 0.9590344551282052, 0.9615384615384616, 0.9599358974358975, 0.960136217948718, 0.9568309294871795, 0.9576322115384616, 0.9595352564102564, 0.9598357371794872, 0.9559294871794872, 0.9658453525641025, 0.964042467948718, 0.9589342948717948, 0.9612379807692307, 0.9661458333333334, 0.9637419871794872, 0.9649439102564102, 0.9560296474358975, 0.9577323717948718, 0.9607371794871795],