{"train_losses": [353.9337594168527, 315.7776620047433, 234.20000348772322, 153.15311976841517, 110.39713832310268, 118.60886710030692, 162.36801147460938, 210.36861310686385, 234.18246459960938, 222.66615513392858, 185.03508649553572, 142.7187739780971, 116.07740020751953, 113.85830579485211, 130.5609577723912, 151.81732831682478, 163.5782710484096, 159.54302542550224, 143.13787187848772, 123.91164071219308, 111.25948878696987, 109.34176853724888, 115.75531877790179, 124.02922712053571, 127.9128919328962, 124.79011971609933, 116.49066598074776, 107.50033024379185, 102.00524139404297, 101.60510798863002, 104.8475843157087, 108.53330448695591, 109.77086966378349, 107.52086421421596, 102.86445617675781, 98.06551688058036, 95.14562007359096, 94.8328377859933, 96.38952091761998, 98.255373273577, 99.01208823067802, 98.09396144321987, 95.9154804774693, 93.46383558000836, 91.68011910574776, 90.99748992919922, 91.24140058244977, 91.85918753487724, 92.2804925101144, 92.19044167654855, 91.60056413922992, 90.74103437151227, 89.88532039097377, 89.21923065185547, 88.8036618913923, 88.60972050258091, 88.57149941580636, 88.61542728969029, 88.66292136056083, 88.63022940499442, 88.4475326538086, 88.0950197492327, 87.62974221365792, 87.17515672956195, 86.86764308384487, 86.7852031162807, 86.9003655569894, 87.08863394601005, 87.19180079868862, 87.10171835763114, 86.81709943498883, 86.44099862234933, 86.12135314941406, 85.96949659075055, 86.00289045061383, 86.14262063162667, 86.2635029384068, 86.26542663574219, 86.12474496023995, 85.89902169363839, 85.68678065708706, 85.56889125279018, 85.56608145577567, 85.63452475411552, 85.6979740687779, 85.69426509312221, 85.6085455758231, 85.47579738071987, 85.35478755405971, 85.29145050048828, 85.2938483101981, 85.33174678257534, 85.35839189801898, 85.3394546508789, 85.27179500034877, 85.18214852469308, 85.10867200578961, 85.07763671875, 85.08919198172433, 85.11956460135323, 85.13670458112445], "test_losses": [353.44676426478793, 315.56992885044644, 234.68329511369978, 154.59929547991072, 112.90335518973214, 122.09317670549665, 166.59405953543526, 214.9936043875558, 238.81920514787947, 226.94827706473214, 188.675053187779, 145.54951913016183, 118.07233646937779, 115.12757764543805, 131.32615552629744, 152.36987958635603, 164.22920445033483, 160.57245309012276, 144.7522735595703, 126.21533639090401, 114.2436763218471, 112.892092023577, 119.67557307652065, 128.07652173723494, 131.83807918003626, 128.37692369733537, 119.5874742780413, 110.04001290457589, 104.01081957135882, 103.18108258928571, 106.15922110421317, 109.7777099609375, 111.14498465401786, 109.19130379813058, 104.9438956124442, 100.59874616350446, 98.10685403006417, 98.13400159563336, 99.89746420724052, 101.81491197858539, 102.4709003993443, 101.32540239606585, 98.8360355922154, 96.04282706124442, 93.94073922293526, 93.00960213797433, 93.10772269112724, 93.69747161865234, 94.2046628679548, 94.29364558628627, 93.94260515485492, 93.3417739868164, 92.72463662283761, 92.24306379045758, 91.93475341796875, 91.76113564627511, 91.66054098946708, 91.5758786882673, 91.45382472446987, 91.24009486607143, 90.89372798374721, 90.41875784737724, 89.88779122488839, 89.42981610979352, 89.17665100097656, 89.19315665108817, 89.43285587855748, 89.74984305245536, 89.96556854248047, 89.95575932094029, 89.70938110351562, 89.32716696602958, 88.96190752301898, 88.73565782819476, 88.68030548095703, 88.73248182024274, 88.78114754813058, 88.73672812325614, 88.58116040910993, 88.37208339146206, 88.20299639020648, 88.14581189836774, 88.21011243547711, 88.34066336495536, 88.45139857700893, 88.47342245919364, 88.38906533377511, 88.23464638846261, 88.07389504568917, 87.9603271484375, 87.91080038888114, 87.90362439836774, 87.89895520891461, 87.8667711530413, 87.80508204868862, 87.73863656180245, 87.70096697126117, 87.71196528843471, 87.76478903634208, 87.82915823800224, 87.86803763253349], "minibatch_train_losses": [369.72540283203125, 361.1465759277344, 356.7311706542969, 344.0035400390625, 347.84844970703125, 317.66693115234375, 302.41790771484375, 330.6544189453125, 313.52349853515625, 301.85040283203125, 282.95074462890625, 278.3094787597656, 247.50082397460938, 227.57855224609375, 246.76499938964844, 226.94105529785156, 214.75082397460938, 196.7667236328125, 188.56736755371094, 166.579345703125, 148.2245330810547, 162.38626098632812, 146.454345703125, 140.38290405273438, 129.72161865234375, 122.55012512207031, 116.08995819091797, 103.67658996582031, 115.7537612915039, 107.5960693359375, 110.88739013671875, 110.21477508544922, 105.63835906982422, 116.06523132324219, 109.96356964111328, 120.05328369140625, 119.32316589355469, 130.6766357421875, 138.12281799316406, 134.248046875, 157.59039306640625, 154.4742431640625, 160.34251403808594, 163.36959838867188, 178.2333984375, 188.9667205810547, 182.13726806640625, 211.40057373046875, 206.49618530273438, 205.70606994628906, 207.98812866210938, 221.2784881591797, 230.2891082763672, 217.6678466796875, 245.99752807617188, 235.80441284179688, 227.9769744873047, 226.68923950195312, 235.31568908691406, 239.78707885742188, 221.25360107421875, 244.31883239746094, 228.29043579101562, 216.12081909179688, 211.2978515625, 215.2227783203125, 215.336669921875, 193.71450805664062, 210.35658264160156, 190.80284118652344, 179.30685424804688, 173.26792907714844, 174.80148315429688, 172.83407592773438, 152.50051879882812, 163.74923706054688, 144.27801513671875, 138.7799072265625, 134.38027954101562, 136.39288330078125, 134.89036560058594, 119.68756866455078, 127.06883239746094, 110.611083984375, 114.60948181152344, 113.44679260253906, 117.64407348632812, 117.828125, 109.44397735595703, 113.68272399902344, 101.20274353027344, 115.18954467773438, 116.75050354003906, 122.92910766601562, 124.16670227050781, 121.74424743652344, 122.51654052734375, 112.96794128417969, 134.65159606933594, 136.72959899902344, 143.247802734375, 143.702880859375, 144.68434143066406, 141.34347534179688, 132.67489624023438, 158.29164123535156, 158.27273559570312, 163.268798828125, 161.18609619140625, 162.75914001464844, 155.3975830078125, 145.88421630859375, 171.7959442138672, 168.00656127929688, 170.56448364257812, 165.3732452392578, 165.68667602539062, 155.78472900390625, 144.91009521484375, 168.69821166992188, 161.09962463378906, 161.71890258789062, 154.36598205566406, 152.95559692382812, 143.200927734375, 131.69000244140625, 152.37171936035156, 142.34654235839844, 142.5563201904297, 134.98643493652344, 132.37515258789062, 125.76263427734375, 114.89824676513672, 132.4232177734375, 121.91938781738281, 123.3719711303711, 117.547607421875, 114.43163299560547, 113.150634765625, 103.87564086914062, 118.40129852294922, 108.98956298828125, 112.60183715820312, 109.64170837402344, 106.21696472167969, 110.90280151367188, 103.24529266357422, 114.6890640258789, 107.03192138671875, 112.6297836303711, 112.48898315429688, 108.28523254394531, 117.96087646484375, 111.05397033691406, 119.14215087890625, 113.05682373046875, 119.63420104980469, 121.39212036132812, 115.62344360351562, 128.27044677734375, 120.86724090576172, 125.5491943359375, 120.49005889892578, 126.84649658203125, 129.33633422851562, 121.47563934326172, 134.87631225585938, 126.00495910644531, 127.8869400024414, 123.47782135009766, 128.8354949951172, 131.21929931640625, 121.41778564453125, 133.84747314453125, 123.2321548461914, 123.70791625976562, 119.99978637695312, 124.28153991699219, 126.28269958496094, 115.3958740234375, 125.90729522705078, 113.96992492675781, 114.93487548828125, 112.28426361083984, 115.97308349609375, 117.72264862060547, 106.95913696289062, 115.2630615234375, 102.77772521972656, 106.06478881835938, 104.76918029785156, 108.5088119506836, 110.18635559082031, 100.60292053222656, 106.7503433227539, 94.39813232421875, 101.21792602539062, 101.16928100585938, 105.37501525878906, 106.90644836425781, 99.02619934082031, 103.14331817626953, 91.22331237792969, 101.86557006835938, 102.43889617919922, 107.12960052490234, 108.12351989746094, 