{"testproblem": "mnist_mlp", "batch_size": 128, "num_epochs": 100, "random_seed": 42, "weight_decay": null, "optimizer_hyperparams": {"lr": 0.0001, "momentum": 0.99}, "train_losses": [2.3034798334806394, 2.2824143904906053, 2.185084942059639, 1.543125684444721, 0.6976700493922601, 0.4991509830340361, 0.43323126702736586, 0.374531348546346, 0.3438096128595181, 0.3239982831172454, 0.3055556533046258, 0.2809624391106459, 0.25754205385843915, 0.24305042987450576, 0.2405876379746657, 0.2267409746463482, 0.21022169731366327, 0.19733310863375664, 0.1976559341717989, 0.18390020680351135, 0.17580495650569597, 0.1665870218227307, 0.1592642753265607, 0.14936586808508787, 0.13729553922819784, 0.13334575367088503, 0.12449046553900608, 0.12662485552330813, 0.120110556578789, 0.11523039849140705, 0.10635797860912788, 0.10179779523362716, 0.10840094003539819, 0.10324018195462532, 0.0927972791191095, 0.08649662977609879, 0.08810814345876376, 0.08474578994971055, 0.08557317907420489, 0.07299110713677529, 0.07934941552006282, 0.0702825574299846, 0.06665019347117497, 0.0665507603627749, 0.06754392638611488, 0.0611610910974634, 0.06182429521607283, 0.0635342734077802, 0.057360044752175994, 0.05821201661362862, 0.05399579091522938, 0.05002066703178944, 0.050325717442692854, 0.04724203537289913, 0.0493307856317514, 0.04179088928951667, 0.043144416756545886, 0.04393073670470562, 0.04161790323754152, 0.04384181598344675, 0.040618062568589665, 0.036253625741944864, 0.037918800655274816, 0.03785653763379042, 0.03781479819176289, 0.030726550648418758, 0.03424886559160092, 0.030878221831069544, 0.02912692154924839, 0.02795040851029066, 0.026050610706592217, 0.025712010379020985, 0.026242926310843382, 0.023968795624872048, 0.02393966473830052, 0.022913301697908305, 0.0236540850586234, 0.024117045200023897, 0.019375180825591087, 0.01914063112762494, 0.020300411499845676, 0.021688625670205325, 0.018830323424667884, 0.016209237205867585, 0.01567178475073515, 0.01519682296575644, 0.015686288237189636, 0.012363564246931137, 0.016058368035233937, 0.017122637934218615, 0.014028028274575869, 0.014220784824246015, 0.01196126004633231, 0.012395077193967806, 0.013234600472526673, 0.013174154938986668, 0.011663845549218165, 0.013384429642405266, 0.011272909358525887, 0.010321628326215805, 0.011283247779386166], "test_losses": [2.3034419279832106, 2.28189801864135, 2.1846150068136363, 1.5300165949723659, 0.6806664378979267, 0.4864103685204799, 0.40749671501226914, 0.36490724288309234, 0.3347041003215007, 0.3135217862824599, 0.2972826693589107, 0.281704169483139, 0.2615793473923054, 0.24837636785247388, 0.2370637940386167, 0.2223918304229394, 0.21155071745698267, 0.2007198927876277, 0.19150077436979002, 0.18137658134293863, 0.17450120901832214, 0.1671319154974742, 0.15917160581701842, 0.1544700012757228, 0.1473173071654179, 0.14302193808058897, 0.1376558433358486, 0.133885048998472, 0.13072105387273508, 0.12605008363532713, 0.12209001684991214, 0.1189498053624844, 0.1167704106714481, 0.11378168477079807, 0.11122250786194435, 0.10963282141930018, 0.10755188605533196, 0.10730285679873748, 0.10171837932788409, 0.10011101313508473, 0.09924017719160287, 0.09830958556192808, 0.09642865024029444, 0.09524573786900593, 0.09315611890111214, 0.09123213859036183, 0.08933349512517452, 0.08804558219913489, 0.08683947707789066, 0.0876020249695732, 0.08634234697390826, 0.08562277214458355, 0.08366882039281802, 0.0841382002362456, 0.08120580304127473, 0.07999117896916011, 0.07998805122975355, 0.07884323534866174, 0.07907482996009864, 0.08158943400933193, 0.07730061909518181, 0.07800603954073711, 0.07569294697485673, 0.07639974742554702, 0.07754437004526456, 0.07488011568784714, 0.07585525708511853, 0.07419130915346053, 0.07649865445609276, 0.07418234011110587, 0.07416401361712278, 0.07300191737997991, 0.0719636913914329, 0.07228829112285987, 0.07387801859145746, 0.07238504493561311, 0.07251149986703427, 0.07172373899569114, 0.07231166490759605, 0.07112689466717151, 0.07122683157332432, 0.0717845251544928, 0.0712330904431068, 0.0706040155238066, 0.07097422962005322, 0.07064702003621139, 0.07028744938090825, 0.07138171094732407, 0.07110608603136662, 0.07207744262921505, 0.07112429682642986, 0.07189073726439323, 0.0710181306856565, 0.0706135761947968, 0.07073885192855811, 0.07123835793194863, 0.07085108331953868, 0.07102996187332349, 0.07045930459235723, 0.07142305720406465, 0.0715094272715923], "train_accuracies": [0.08543669871794872, 0.370693108974359, 0.3490584935897436, 0.5755208333333334, 0.7911658653846154, 0.8521634615384616, 0.8777043269230769, 0.8952323717948718, 0.9035456730769231, 0.9036458333333334, 0.9146634615384616, 0.9194711538461539, 0.9283854166666666, 0.9336939102564102, 0.9296875, 0.9380008012820513, 0.9412059294871795, 0.9440104166666666, 0.9427083333333334, 0.9478165064102564, 0.9504206730769231, 0.9518229166666666, 0.9546274038461539, 0.9587339743589743, 0.9602363782051282, 0.964042467948718, 0.964042467948718, 0.965645032051282, 0.9655448717948718, 0.9685496794871795, 0.9674479166666666, 0.9716546474358975, 0.9699519230769231, 0.9715544871794872, 0.9746594551282052, 0.9758613782051282, 0.9745592948717948, 0.9769631410256411, 0.9758613782051282, 0.9793669871794872, 0.9782652243589743, 0.9802684294871795, 0.9809695512820513, 0.9815705128205128, 0.9814703525641025, 0.9832732371794872, 0.984375, 0.9820713141025641, 0.9848758012820513, 0.9846754807692307, 0.9867788461538461, 0.9871794871794872, 0.9860777243589743, 0.9883814102564102, 0.9870793269230769, 0.9893830128205128, 0.9899839743589743, 0.9893830128205128, 0.9899839743589743, 0.9891826923076923, 0.9901842948717948, 0.9919871794871795, 0.9911858974358975, 0.9907852564102564, 0.9905849358974359, 0.992988782051282, 0.9916866987179487, 0.9928886217948718, 0.9932892628205128, 0.9933894230769231, 0.9949919871794872, 0.9946915064102564, 0.9950921474358975, 0.9951923076923077, 0.9955929487179487, 0.9956931089743589, 0.9953926282051282, 0.9954927884615384, 0.9963942307692307, 0.9964943910256411, 0.996895032051282, 0.9966947115384616, 0.9963942307692307, 0.9969951923076923, 0.9973958333333334, 0.9979967948717948, 0.9982972756410257, 0.9985977564102564, 0.9973958333333334, 0.9975961538461539, 0.9979967948717948, 0.9978966346153846, 0.9984975961538461, 0.9986979166666666, 0.9979967948717948, 0.9987980769230769, 0.9986979166666666, 0.9977964743589743, 0.9982972756410257, 0.9989983974358975, 0.999198717948718],