{"train_losses": [353.9337594168527, 333.32899693080356, 313.81089564732144, 295.436288016183, 278.2428240094866, 262.23577880859375, 247.39428056989397, 233.67920575823103, 221.04017421177454, 209.42076110839844, 198.7622528076172, 189.00581577845983, 180.09378923688615, 171.97028459821428, 164.58147975376673, 157.87577601841517, 151.80371965680803, 146.31804983956474, 141.37362234933036, 136.92742265973772, 132.93852887834822, 129.36812591552734, 126.17950657435826, 123.33804430280414, 120.81121281215123, 118.56857081821987, 116.58172280447823, 114.82431248256138, 113.27197265625, 111.90225655691964, 110.6946051461356, 109.63025447300502, 108.69216482979911, 107.86491394042969, 107.13464464460101, 106.48892974853516, 105.91669028145927, 105.40807233537946, 104.95439910888672, 104.54799543108258, 104.18217141287667, 103.85106767926898, 103.54960632324219, 103.27339390345982, 103.01863643101284, 102.78209141322544, 102.56098393031529, 102.35294451032367, 102.15597316196987, 101.96838051932198, 101.78873879568917, 101.61585889543805, 101.448732648577, 101.28653935023716, 101.1285890851702, 100.97430092947823, 100.82320840018136, 100.67492784772601, 100.52913556780133, 100.3855721609933, 100.24402618408203, 100.10431671142578, 99.96630859375, 99.82988848005023, 99.69494519914899, 99.5614242553711, 99.42924172537667, 99.29835837227958, 99.1687251499721, 99.0403082711356, 98.91307503836495, 98.78700365339007, 98.66207340785435, 98.5382559640067, 98.41554478236607, 98.2939202444894, 98.17337690080915, 98.05389077322823, 97.93546077183315, 97.81807272774833, 97.70171465192523, 97.58638000488281, 97.47205788748605, 97.35874502999442, 97.24641854422433, 97.13509041922433, 97.02473994663784, 96.9153573172433, 96.80694362095424, 96.69947814941406, 96.5929696219308, 96.48740059988839, 96.3827645438058, 96.27904837472099, 96.17626190185547, 96.07437678745815, 95.97339630126953, 95.87331717354911, 95.7741219656808, 95.67580958775112, 95.57837023053851], "test_losses": [353.44676426478793, 333.0088413783482, 313.6553431919643, 295.4408220563616, 278.4019862583705, 262.5430472237723, 247.84232657296317, 234.2600860595703, 221.74569048200334, 210.2428022112165, 199.6929888044085, 190.037837437221, 181.220219203404, 173.18474469866072, 165.8781236921038, 159.24917820521765, 153.2488795689174, 147.830322265625, 142.94869123186385, 138.5612553187779, 134.62733568464006, 131.10838317871094, 127.96787479945591, 125.17140633719308, 122.6866455078125, 120.48331560407367, 118.53319876534599, 116.81009783063617, 115.28978838239398, 113.9499762398856, 112.77022443498883, 111.73189435686383, 110.81806182861328, 110.01343100411552, 109.30422973632812, 108.67813655308315, 108.12416076660156, 107.63254220145089, 107.19468361990792, 106.80300031389508, 106.45085688999721, 106.13248116629464, 105.84285300118583, 105.57764652797154, 105.33313424246651, 105.10611506870815, 104.89387730189732, 104.69410051618304, 104.5048326764788, 104.32442038399833, 104.1514914376395, 103.98487745012555, 103.82362256731305, 103.66693878173828, 103.51415361676898, 103.36472429547992, 103.2182137625558, 103.07425253731864, 102.93255724225726, 102.7928695678711, 102.65501185825893, 102.51881408691406, 102.38416072300502, 102.25093950544085, 102.11908285958427, 101.98851122174945, 101.85918317522321, 101.73104749407086, 101.60408129010882, 101.47824314662388, 101.35351889474052, 101.22988891601562, 101.10734013148716, 100.98584638323102, 100.86541203090123, 100.7460185459682, 100.62765611921039, 100.51031276157924, 100.39399174281529, 100.27867344447544, 100.16436004638672, 100.05103737967355, 99.93869890485492, 99.82734135219029, 99.71695273263114, 99.60752977643695, 99.49906485421317, 99.3915514264788, 99.28497859409877, 99.17934308733258, 99.07463836669922, 98.97085135323661, 98.86798095703125, 98.76601736886161, 98.66495513916016, 98.56478772844586, 98.46550641741071, 98.36710793631417, 98.2695792061942, 98.17291586739677, 98.07710920061383], "minibatch_train_losses": [369.72540283203125, 359.59478759765625, 355.168701171875, 343.777099609375, 350.4023742675781, 323.764404296875, 313.4565734863281, 348.59906005859375, 338.65216064453125, 334.8043212890625, 323.75653076171875, 330.0150146484375, 304.6256103515625, 294.43585205078125, 328.5646057128906, 318.813232421875, 315.5350341796875, 304.8437194824219, 310.74176025390625, 286.61016845703125, 276.5455322265625, 309.681396484375, 300.13092041015625, 297.4185791015625, 287.09600830078125, 292.63665771484375, 269.7637939453125, 259.8257141113281, 291.9898681640625, 282.6404113769531, 280.4818115234375, 270.5370178222656, 275.7198791503906, 254.09799194335938, 244.282470703125, 275.49664306640625, 266.3464660644531, 264.7209167480469, 255.16014099121094, 259.98260498046875, 239.59625244140625, 229.8948974609375, 260.1814270019531, 251.22848510742188, 250.10882568359375, 240.93600463867188, 245.39427185058594, 226.2216339111328, 216.6230926513672, 246.00534057617188, 237.24801635742188, 236.6026611328125, 227.8199462890625, 231.91012573242188, 213.92462158203125, 204.41575622558594, 232.91796875, 224.3553009033203, 224.15045166015625, 215.7583465576172, 219.47708129882812, 202.6485137939453, 193.21560668945312, 220.86276245117188, 212.49429321289062, 212.69573974609375, 204.69317626953125, 208.0382843017578, 192.33384704589844, 182.96322631835938, 209.78097534179688, 201.6063232421875, 202.18072509765625, 194.56497192382812, 197.5355224609375, 182.92068481445312, 173.5992431640625, 199.61367797851562, 191.63232421875, 192.54815673828125, 185.3147430419922, 187.91119384765625, 174.3502197265625, 165.06576538085938, 190.30316162109375, 182.51425170898438, 183.74215698242188, 176.88490295410156, 179.10914611816406, 166.56552124023438, 157.30673217773438, 181.79348754882812, 174.19564819335938, 175.70872497558594, 169.2198028564453, 171.07504272460938, 159.5117645263672, 150.2683563232422, 174.0308380126953, 166.6221923828125, 168.39581298828125, 162.2659454345703, 163.75656127929688, 153.13650512695312, 143.8990936279297, 166.963623046875, 159.74166870117188, 161.7534942626953, 155.97201538085938, 157.103515625, 147.3894805908203, 138.14962768554688, 160.54232788085938, 153.504150390625, 155.73379516601562, 150.28897094726562, 151.06788635253906, 142.2228240966797, 132.97286987304688, 154.71975708007812, 147.86178588867188, 150.29080200195312, 145.16995239257812, 145.6036834716797, 137.59075927734375, 128.32391357421875, 149.4507293701172, 142.76904296875, 145.38047790527344, 140.57029724121094, 140.6670379638672, 133.4497833251953, 124.15997314453125, 144.69229125976562, 138.18243408203125, 140.9608154296875, 136.44752502441406, 136.21617126464844, 129.7584991455078, 120.44036102294922, 140.40350341796875, 134.06063842773438, 136.9917755126953, 132.7613067626953, 132.21136474609375, 126.47769165039062, 117.12657165527344, 136.54551696777344, 130.36447143554688, 133.4353485107422, 129.47348022460938, 128.614990234375, 123.57025909423828, 114.18217468261719, 133.08163452148438, 127.05683898925781, 130.25547790527344, 126.54801177978516, 125.39146423339844, 121.00123596191406, 111.57284545898438, 129.97715759277344, 124.102783203125, 127.41817474365234, 123.95103454589844, 122.50727844238281, 118.73782348632812, 109.26638793945312, 127.19949340820312, 121.46945190429688, 124.89149475097656, 121.65084075927734, 119.9310073852539, 116.74929809570312, 107.23269653320312, 124.71810913085938, 119.1260986328125, 122.64550018310547, 119.61775970458984, 117.63323211669922, 115.007080078125, 105.4437026977539, 122.50445556640625, 117.04403686523438, 120.65228271484375, 117.82428741455078, 115.5865478515625, 113.48458862304688, 103.87338256835938, 120.53201293945312, 115.1966552734375, 118.88592529296875, 116.24490356445312, 113.76555633544922, 112.15735626220703, 102.49772644042969, 118.77621459960938, 113.559326171875, 117.32246398925781, 114.85612487792969, 112.14677429199219, 111.00282287597656, 101.29461669921875, 117.21437072753906, 112.10938262939453, 