{"train_losses": [353.9337594168527, 121.17797415597099, 105.500730242048, 103.52734048025948, 102.7085451398577, 102.04203033447266, 101.41993495396206, 100.82639857700893, 100.25778089250836, 99.71248408726284, 99.18936811174665, 98.68739972795758, 98.20563616071429, 97.74319349016461, 97.29921068464007, 96.87288229806083, 96.46343667166573, 96.07013266427177, 95.69226946149554, 95.3291756766183, 94.98020826067243, 94.64476231166294, 94.32225254603794, 94.01212528773716, 93.71384756905692, 93.42691693987165, 93.15084293910435, 92.88517325265067, 92.62945774623326, 92.38328225272042, 92.146240234375, 91.91795349121094, 91.69805472237724, 91.48619406563895, 91.2820292881557, 91.08525630405971, 90.8955568586077, 90.71264975411552, 90.53624725341797, 90.3660888671875, 90.20191955566406, 90.04349626813617, 89.89058685302734, 89.7429667881557, 89.60042898995536, 89.4627663748605, 89.3297849382673, 89.20129721505302, 89.07712772914341, 88.95711190359933, 88.84107862200055, 88.72887529645648, 88.62035696847099, 88.51537105015346, 88.41379111153739, 88.31548745291573, 88.22032710484096, 88.12819126674107, 88.03897094726562, 87.95255388532367, 87.86883326939174, 87.78771209716797, 87.70909009660993, 87.63287462506976, 87.55898066929409, 87.48732212611607, 87.41781180245536, 87.35037667410714, 87.28494916643415, 87.22144208635602, 87.15979657854352, 87.09994615827289, 87.04181889125279, 86.98536355154855, 86.93052237374442, 86.87723105294364, 86.82544490269252, 86.77510288783482, 86.72616032191685, 86.67857033865792, 86.63228389195034, 86.58726501464844, 86.54346139090401, 86.5008316040039, 86.45934949602399, 86.41896602085659, 86.37964739118304, 86.34135981968471, 86.30407605852399, 86.26775142124721, 86.23236410958427, 86.19788142613002, 86.16427394321987, 86.13151114327567, 86.09957776750836, 86.06843893868583, 86.03807176862445, 86.00845336914062, 85.97955540248326, 85.95137023925781, 85.92385646275112], "test_losses": [353.44676426478793, 123.0499267578125, 107.77625492640904, 105.86600167410714, 105.05706351143974, 104.394284929548, 103.77610451834542, 103.18692016601562, 102.62280927385602, 102.08203887939453, 101.56336757114956, 101.06576756068638, 100.58827427455357, 100.13001251220703, 99.69011688232422, 99.26778411865234, 98.86224692208427, 98.47275979178292, 98.09862845284599, 97.73918914794922, 97.39379555838448, 97.0618427821568, 96.7427477155413, 96.43595777239118, 96.14094870431083, 95.85720607212612, 95.58425467354911, 95.32163347516742, 95.06890433175224, 94.82564544677734, 94.59145682198661, 94.36596352713448, 94.14879063197544, 93.93959481375558, 93.73804255894252, 93.54381997244698, 93.3566142490932, 93.17614201136998, 93.00212969098773, 92.83430698939732, 92.67241450718471, 92.51622554234096, 92.36549377441406, 92.22000885009766, 92.07955496651786, 91.94393375941685, 91.81294468470982, 91.68641226632255, 91.56415121895927, 91.44599914550781, 91.331789289202, 91.22137451171875, 91.11459350585938, 91.01132202148438, 90.91140856061664, 90.81473541259766, 90.72117069789341, 90.63059779575893, 90.54290335518974, 90.45797729492188, 90.37571498325893, 90.2960226876395, 90.21879359654018, 90.14394814627511, 90.0713882446289, 90.00103323800224, 89.93280029296875, 89.86661965506417, 89.80240849086216, 89.74009922572544, 89.67961992536273, 89.62090846470424, 89.56390489850726, 89.50854165213448, 89.45476313999721, 89.40252140590123, 89.35175323486328, 89.30241176060268, 89.25444684709821, 89.2078116280692, 89.16246250697544, 89.11835479736328, 89.07544381277901, 89.03369685581752, 88.99306270054409, 88.9535151890346, 88.91501835414341, 88.87753295898438, 88.84102630615234, 88.80546460832868, 88.7708260672433, 88.73707362583706, 88.70418439592633, 88.67212241036552, 88.64087023053851, 88.6104006086077, 88.5806862967355, 88.5517087663923, 88.5234375, 88.49585723876953, 88.4689461844308], "minibatch_train_losses": [369.72540283203125, 275.8328857421875, 219.2078857421875, 177.6248779296875, 156.3322296142578, 133.48182678222656, 115.82129669189453, 127.82686614990234, 116.31393432617188, 115.7401123046875, 111.53515625, 106.50092315673828, 107.36837005615234, 96.8543701171875, 109.49955749511719, 104.4796142578125, 108.19000244140625, 107.03012084960938, 101.68940734863281, 105.72674560546875, 95.09121704101562, 106.73992156982422, 102.70767211914062, 106.97837829589844, 106.22193145751953, 100.47323608398438, 105.18040466308594, 94.36769104003906, 105.68070983886719, 101.8917465209961, 106.29002380371094, 105.61323547363281, 99.713134765625, 104.59623718261719, 93.72705078125, 104.9383544921875, 101.22075653076172, 105.66159057617188, 105.00789642333984, 99.05903625488281, 103.98941802978516, 93.11481475830078, 104.29180908203125, 100.59563446044922, 105.05502319335938, 104.412841796875, 98.45091247558594, 103.38983154296875, 92.52824401855469, 103.69046020507812, 99.9999008178711, 104.46963500976562, 103.83641052246094, 97.87366485595703, 102.80851745605469, 91.96623229980469, 103.11959075927734, 99.42940521240234, 103.90640258789062, 103.28142547607422, 97.32202911376953, 102.24859619140625, 91.4275131225586, 102.57395935058594, 98.88233947753906, 103.36532592773438, 102.748291015625, 96.7936019897461, 101.71048736572266, 90.91094970703125, 102.05118560791016, 98.35745239257812, 102.8458251953125, 102.23650360107422, 96.28691101074219, 101.19371032714844, 90.41548919677734, 101.5498046875, 97.85369873046875, 102.34713745117188, 101.74530029296875, 95.80082702636719, 100.6975326538086, 89.9401626586914, 101.06871032714844, 97.37010192871094, 101.868408203125, 101.27381896972656, 95.33438110351562, 100.2210693359375, 89.48408508300781, 100.60697937011719, 96.90577697753906, 101.40878295898438, 100.82122039794922, 94.88666534423828, 99.76350402832031, 89.04638671875, 100.16370391845703, 96.45989990234375, 100.96741485595703, 100.3866958618164, 94.4568862915039, 99.32400512695312, 88.62627410888672, 99.73808288574219, 96.0316162109375, 100.54353332519531, 99.96943664550781, 94.04421997070312, 98.90180206298828, 88.22295379638672, 99.32933807373047, 95.62017822265625, 100.13634490966797, 99.56869506835938, 93.64793395996094, 98.49613189697266, 87.835693359375, 98.9367446899414, 95.224853515625, 99.74516296386719, 99.18377685546875, 93.2673110961914, 98.10629272460938, 87.46380615234375, 98.55957794189453, 94.84493255615234, 99.36925506591797, 98.81393432617188, 92.90166473388672, 97.73158264160156, 87.10659790039062, 98.19718933105469, 94.47976684570312, 99.00798034667969, 98.45856475830078, 92.55033874511719, 97.37136840820312, 86.76343536376953, 97.84892272949219, 94.12870788574219, 98.66070556640625, 98.11701965332031, 92.21272277832031, 97.0250244140625, 86.4337158203125, 97.51416015625, 93.7911376953125, 98.3268051147461, 97.78871154785156, 91.88821411132812, 96.69193267822266, 86.1168441772461, 97.19233703613281, 93.46649169921875, 98.00575256347656, 97.47305297851562, 91.57624816894531, 96.37154388427734, 85.81227111816406, 96.88288879394531, 93.15421295166016, 97.69692993164062, 97.16952514648438, 91.27630615234375, 96.06330871582031, 85.51947021484375, 96.58529663085938, 92.85377502441406, 97.39988708496094, 96.8775863647461, 90.98783111572266, 95.7667236328125, 85.2379379272461, 96.29904174804688, 92.56465911865234, 97.11405944824219, 96.59674835205078, 90.71036529541016, 95.48127746582031, 84.96717834472656, 96.02364349365234, 92.28641510009766, 96.8390121459961, 96.3265380859375, 90.44343566894531, 95.20652770996094, 84.70672607421875, 95.7586441040039, 92.01853942871094, 96.57427215576172, 96.06652069091797, 90.18657684326172, 94.94198608398438, 84.45616149902344, 95.50358581542969, 91.7606430053711, 96.31940460205078, 95.81623840332031, 89.93937683105469, 94.68724822998047, 84.21505737304688, 95.25807189941406, 91.51226806640625, 96.07398986816406, 95.57530212402344, 89.70143127441406, 94.44190979003906, 83.98300170898438, 95.02168273925781, 91.27303314208984, 95.837646484375, 95.34329223632812, 89.47233581542969, 94.20555114746094, 