{"train_losses": [353.9337594168527, 351.8278154645647, 349.7339128766741, 347.6514413016183, 345.5812290736607, 343.5238603864397, 341.4797101702009, 339.4490748814174, 337.4320765904018, 335.4287850516183, 333.4391828264509, 331.4632568359375, 329.50098092215404, 327.55226353236606, 325.6170436314174, 323.69527762276783, 321.78686087472096, 319.89175851004467, 318.00987025669644, 316.14114815848217, 314.2855006626674, 312.44286673409596, 310.61317225864957, 308.79632568359375, 306.99229213169644, 305.2009582519531, 303.4222891671317, 301.65616280691967, 299.90257481166293, 298.1613987513951, 296.43259974888394, 294.71609933035717, 293.0118103027344, 291.3196716308594, 289.63965279715404, 287.9716317313058, 286.31556483677457, 284.6714085170201, 283.0390363420759, 281.41842215401783, 279.8095005580357, 278.2121887207031, 276.62642996651783, 275.0521697998047, 273.4893232073103, 271.93782697405135, 270.3976309640067, 268.868654523577, 267.35084097726, 265.84415544782365, 264.34846932547435, 262.863760811942, 261.38997541155135, 259.9270455496652, 258.4748971121652, 257.03348868233815, 255.60273960658483, 254.1825932094029, 252.7729775565011, 251.37387084960938, 249.98517281668526, 248.60684422084265, 247.23882838657923, 245.8810533796038, 244.53346470424108, 243.1960165841239, 241.86863490513392, 240.55127825055803, 239.2438681466239, 237.9463631766183, 236.65870230538505, 235.3808332170759, 234.11268179757255, 232.8542022705078, 231.6053423200335, 230.36604527064733, 229.1362522670201, 227.91590663364954, 226.7049560546875, 225.50335257393974, 224.31102207728796, 223.12794494628906, 221.95403616768974, 220.78924996512276, 219.63353402273995, 218.48685346330916, 217.34911455426897, 216.22027805873327, 215.1003134591239, 213.98917061941964, 212.8867688860212, 211.7930624825614, 210.7080296107701, 209.631587437221, 208.5636967250279, 207.50431605747767, 206.45338439941406, 205.41085815429688, 204.3766850062779, 203.35081699916296, 202.33319091796875], "test_losses": [353.44676426478793, 351.35754830496654, 349.2803388323103, 347.2145080566406, 345.16084943498885, 343.1199863978795, 341.0923113141741, 339.0780814034598, 337.0774230957031, 335.0904017857143, 333.11703055245533, 331.1572483607701, 329.21105521065846, 327.27835954938615, 325.3590785435268, 323.4531947544643, 321.5606035505022, 319.68123517717635, 317.8150416782924, 315.96192714146207, 314.1218000139509, 312.2946515764509, 310.48034232003346, 308.67885044642856, 306.8900669642857, 305.11393083844865, 303.35038103376115, 301.5993172781808, 299.86071341378346, 298.1344691685268, 296.42052786690846, 294.71878923688615, 293.0292227608817, 291.35172380719865, 289.68626621791293, 288.0327627999442, 286.3911437988281, 284.7613438197545, 283.1432669503348, 281.536873953683, 279.94210379464283, 278.35888671875, 276.7871573311942, 275.22684587751115, 273.6778826032366, 272.1402021135603, 270.61375645228793, 269.0984584263393, 267.5942644391741, 266.1011069161551, 264.618896484375, 263.1475917271205, 261.68715122767856, 260.2374943324498, 258.79857090541293, 257.3702828543527, 255.95259530203683, 254.5454559326172, 253.14878845214844, 251.76253618512834, 250.3866424560547, 249.02105276925224, 247.66570172991072, 246.32053702218192, 244.98548671177454, 243.66050938197546, 242.34553745814733, 241.04051862444197, 239.7453853062221, 238.46009608677454, 237.18457903180803, 235.91878618512834, 234.66265651157923, 233.41613987513952, 232.17916434151786, 230.95170157296317, 229.7336665562221, 228.5250244140625, 227.32571629115515, 226.13568115234375, 224.9548797607422, 223.78324454171317, 222.62072535923548, 221.46727861676897, 220.32283238002233, 219.18734305245536, 218.06075613839286, 216.9430193219866, 215.83407156808036, 214.73389325823103, 213.64239501953125, 212.55953761509485, 211.48529270717077, 210.4195818219866, 209.36237008231026, 208.3135986328125, 207.27322605678015, 206.24119349888392, 205.21745954241072, 204.20196969168526, 203.1946738106864], "minibatch_train_losses": [369.72540283203125, 362.35516357421875, 360.58526611328125, 351.7920227050781, 361.31402587890625, 336.64556884765625, 328.8707580566406, 367.56707763671875, 360.2022399902344, 358.4766540527344, 349.7039489746094, 359.17578125, 334.617919921875, 326.8408508300781, 365.4208984375, 358.0618591308594, 356.379150390625, 347.62689208984375, 357.04852294921875, 332.6014099121094, 324.8221130371094, 363.28607177734375, 355.93316650390625, 354.2933044433594, 345.56158447265625, 354.93316650390625, 330.5969543457031, 322.8154602050781, 361.16363525390625, 353.81689453125, 352.2198486328125, 343.5088806152344, 352.8304443359375, 328.6051330566406, 320.8215026855469, 359.05413818359375, 351.71356201171875, 350.1593017578125, 341.46917724609375, 350.74072265625, 326.62640380859375, 318.8407287597656, 356.9579162597656, 349.6235656738281, 348.1119384765625, 339.44287109375, 348.6644592285156, 324.6611022949219, 316.87335205078125, 354.87542724609375, 347.5471496582031, 346.078125, 337.43017578125, 346.6018371582031, 322.7093505859375, 314.9195556640625, 352.8067321777344, 345.48443603515625, 344.057861328125, 335.43115234375, 344.5528259277344, 320.77117919921875, 312.97930908203125, 350.7518310546875, 343.43548583984375, 342.05126953125, 333.4458312988281, 342.51751708984375, 318.8467102050781, 311.052734375, 348.7107849121094, 341.4002685546875, 340.05828857421875, 331.4742736816406, 340.4959411621094, 316.93585205078125, 309.1397705078125, 346.68359375, 339.3787841796875, 338.078857421875, 329.516357421875, 338.4880065917969, 315.03851318359375, 307.2403564453125, 344.6701965332031, 337.37103271484375, 336.113037109375, 327.57208251953125, 336.49365234375, 313.15472412109375, 305.3544006347656, 342.6705322265625, 335.376953125, 334.16064453125, 325.6413269042969, 334.5128479003906, 311.28436279296875, 303.48187255859375, 340.6844787597656, 333.3963623046875, 332.2216796875, 323.72406005859375, 332.5455017089844, 309.4273681640625, 301.6226806640625, 338.7120361328125, 331.42938232421875, 330.2960510253906, 321.82025146484375, 330.59161376953125, 307.583740234375, 299.77679443359375, 336.75311279296875, 329.47576904296875, 328.38372802734375, 319.9298095703125, 328.6509704589844, 305.7532958984375, 297.9440612792969, 334.8075866699219, 327.53558349609375, 326.4845886230469, 318.0526123046875, 326.7236328125, 303.9360046386719, 296.12445068359375, 332.87542724609375, 325.6087341308594, 324.59857177734375, 316.18865966796875, 324.80950927734375, 302.1318054199219, 294.31793212890625, 330.9566650390625, 323.69512939453125, 322.7256774902344, 314.3378601074219, 322.90850830078125, 300.34063720703125, 292.5244140625, 329.051025390625, 321.794677734375, 320.8657531738281, 312.5001220703125, 321.0205078125, 298.5623779296875, 290.74371337890625, 327.1585693359375, 319.9073181152344, 319.01873779296875, 310.6753234863281, 319.1455383300781, 296.7969970703125, 288.97589111328125, 325.27923583984375, 318.0330505371094, 317.1845703125, 308.863525390625, 317.2834777832031, 295.0444030761719, 287.2207946777344, 323.412841796875, 316.17169189453125, 315.3631896972656, 307.06451416015625, 315.4342346191406, 293.30450439453125, 285.4783935546875, 321.55938720703125, 314.3232421875, 313.55450439453125, 305.2782897949219, 313.5977478027344, 291.5773010253906, 283.74859619140625, 319.71881103515625, 312.4876403808594, 311.75848388671875, 303.5047912597656, 311.77398681640625, 289.86260986328125, 282.03131103515625, 317.8909912109375, 310.664794921875, 309.97503662109375, 301.743896484375, 309.9628601074219, 288.16046142578125, 280.32647705078125, 316.07586669921875, 308.8546447753906, 308.20404052734375, 299.99560546875, 308.16424560546875, 286.470703125, 278.63409423828125, 314.2734375, 307.0570983886719, 306.44549560546875, 298.259765625, 306.378173828125, 284.7933044433594, 276.95391845703125, 312.4834899902344, 305.2720947265625, 304.69927978515625, 296.5363464355469, 304.6044921875, 283.1282043457031, 275.2860107421875, 310.7060546875, 