{"testproblem": "mnist_mlp", "batch_size": 128, "num_epochs": 100, "random_seed": 42, "weight_decay": null, "optimizer_hyperparams": {"lr": 0.002511886431509582, "momentum": 0.99}, "train_losses": [2.3034798334806394, 0.2856706505975662, 0.119574707479049, 0.07309438082843255, 0.04434782378853132, 0.040395004149430834, 0.024213802093305647, 0.028810074505133506, 0.013027169693930026, 0.008217170022619076, 0.007269329319779689, 0.0041672554917824576, 0.002477269333142501, 0.0016203940583345217, 0.001778537025436377, 0.0007912729126520646, 0.00036624112190344394, 0.0002551391147650205, 0.00024438830904471566, 0.00019268347666813777, 0.00020735610563021439, 0.00016400208457922324, 0.0001515822532849434, 0.00015067567045872027, 0.0001250910453307323, 0.0001322849629781185, 0.00012212838882055038, 0.00011562546476339683, 0.00011493638157844543, 0.00010588535895714394, 9.403301355166313e-05, 9.262810150782268e-05, 9.70211739723499e-05, 8.544564629212404e-05, 8.131038302030318e-05, 7.671041366381523e-05, 7.741372936811202e-05, 7.393841560070332e-05, 7.477421791125566e-05, 6.414606021000788e-05, 7.511789982135479e-05, 6.199246033644065e-05, 6.018932431172102e-05, 6.464668191396273e-05, 5.780695340572259e-05, 5.664791052158062e-05, 5.7609226459111924e-05, 5.9588692891292085e-05, 5.393618574509254e-05, 5.3418561434134456e-05, 5.3762816465817967e-05, 5.2542163011355275e-05, 5.0650861782905384e-05, 4.953079116650117e-05, 4.982766814720936e-05, 4.5143927519138044e-05, 4.187923593398852e-05, 4.743670041744526e-05, 4.2623338791040274e-05, 4.264416220860604e-05, 4.3959953846075594e-05, 4.0929286907880734e-05, 4.2652759032371716e-05, 4.4206396127358464e-05, 4.157662773743654e-05, 3.6954784240478126e-05, 3.874311462426797e-05, 3.7541183141561654e-05, 3.533332775800656e-05, 3.564921327126332e-05, 3.3503637099877385e-05, 3.387148563678448e-05, 3.4189759156642816e-05, 3.351978002450405e-05, 3.199202892107841e-05, 3.329521188369164e-05, 3.264128015591548e-05, 3.140085400679173e-05, 3.260431381372305e-05, 2.923732002576192e-05, 2.9901663462320965e-05, 3.1301990533486394e-05, 2.8462077562625593e-05, 2.6668875645368527e-05, 2.8046564413950993e-05, 2.7751788879052187e-05, 2.892649708650051e-05, 2.38684125435658e-05, 2.6220312485328086e-05, 2.879964617582468e-05, 2.5568100122305063e-05, 2.716156916740613e-05, 2.4151630126512966e-05, 2.628603042700352e-05, 2.669246915059212e-05, 2.395342557858198e-05, 2.3302646019519903e-05, 2.6240753821837596e-05, 2.386631109775641e-05, 2.1853412573154157e-05, 2.4300164137131127e-05], "test_losses": [2.3034419279832106, 0.27463474401678795, 0.12765398533202899, 0.09596424497281894, 0.0755213885448682, 0.07209465941653037, 0.06550872060828485, 0.08065705992376958, 0.06747152861685325, 0.06568831315216346, 0.06669553844496989, 0.07124979774921368, 0.07004657621758106, 0.0685566326077932, 0.07231902856475268, 0.07006601239435184, 0.07156670380097169, 0.0719160191141642, 0.07266737983968014, 0.07330086239828514, 0.07384678630683666, 0.07464065679754966, 0.07511712128344254, 0.07524905587809208, 0.0757160301391895, 0.07624137382476757, 0.07661914276197934, 0.07718198746442795, 0.0774587103858208, 0.07785745466557834, 0.07831597676834999, 0.07858765321091199, 0.07870082719585834, 0.07913458567017163, 0.07938480840470546, 0.07965283463589656, 0.07979853069170928, 0.08002945651801732, 0.08029474012362652, 0.08048844881928884, 0.08081236639275001, 0.08115319893337213, 0.08111594689006989, 0.08142119818008862, 0.08181735343084885, 0.08186241798102856, 0.0821895232089819, 0.08237347861704154, 0.08241912665275428, 0.08262830600142479, 0.08289954223884986, 0.08305136482111919, 0.08320680513786964, 0.0832998955096954, 0.08358953549311711, 0.08367995220499161, 0.08381922103655644, 0.08406724584981418, 0.08406589208887173, 0.08444430645650779, 0.08447248479112601, 0.08450646196993497, 0.08481558130528682, 0.08490404109351146, 0.08498651128357802, 0.08518457556000122, 0.08529684792917508, 0.08547729721818215, 0.08555831635991733, 0.08577007126922791, 0.0857878021704845, 0.08591314156850179, 0.08615044824396953, 0.08624951651272102, 0.08630016842522682, 0.08645889822107095, 0.0866157146027455, 0.08666106041234273, 0.08675594102495755, 0.08689205047602837, 0.08698999136686325, 0.08711260237181798, 0.08716564386700973, 0.08736952480215293, 0.08743025644276387, 0.08755574800456181, 0.08763353693752717, 0.08770395562243767, 0.08783279149196087, 0.08795113403063554, 0.088060412555933, 0.0881400031921191, 0.0882663602152696, 0.0883709743905526, 0.08843781259388496, 0.08847031064140491, 0.08863077933589618, 0.08867747312745987, 0.08879603096880974, 0.08889456308231904, 0.0889538861811161], "train_accuracies": [0.08543669871794872, 0.9134615384615384, 0.9650440705128205, 0.9791666666666666, 0.9877804487179487, 0.9884815705128205, 0.9935897435897436, 0.9910857371794872, 0.9963942307692307, 0.9972956730769231, 0.9982972756410257, 0.9988982371794872, 0.9996995192307693, 0.9998998397435898, 0.9995993589743589, 0.9998998397435898, 1.0, 1.0, 1.0, 1.0, 1.0, 1.0, 1.0, 1.0, 1.0, 1.0, 1.0, 1.0, 1.0, 1.0, 1.0, 1.0, 1.0, 1.0, 1.0, 1.0, 1.0, 1.0, 1.0, 1.0, 1.0, 1.0, 1.0, 1.0, 1.0, 1.0, 1.0, 1.0, 1.0, 1.0, 1.0, 1.0, 1.0, 1.0, 1.0, 1.0, 1.0, 1.0, 1.0, 1.0, 1.0, 1.0, 1.0, 1.0, 1.0, 1.0, 1.0, 1.0, 1.0, 1.0, 1.0, 1.0, 1.0, 1.0, 1.0, 1.0, 1.0, 1.0, 1.0, 1.0, 1.0, 1.0, 1.0, 1.0, 1.0, 1.0, 1.0, 1.0, 1.0, 1.0, 1.0, 1.0, 1.0, 1.0, 1.0, 1.0, 1.0, 1.0, 1.0, 1.0, 1.0], "test_accuracies": [0.08383413461538461, 0.9184695512820513, 0.9586338141025641, 0.9705528846153846, 0.9759615384615384, 0.9788661858974359, 0.9786658653846154, 0.9763621794871795, 0.9813701923076923, 0.9818709935897436, 0.9816706730769231, 0.9809695512820513, 0.981270032051282, 0.9831730769230769, 0.9824719551282052, 0.9836738782051282, 0.9839743589743589, 0.983573717948718, 0.9839743589743589, 0.9837740384615384, 0.983573717948718, 0.983573717948718, 0.9839743589743589, 0.9838741987179487, 0.9838741987179487, 0.9839743589743589, 0.9838741987179487, 0.9836738782051282, 0.9838741987179487, 0.9840745192307693, 0.9837740384615384, 0.9838741987179487, 0.9840745192307693, 0.9840745192307693, 0.9840745192307693, 0.9839743589743589, 0.9840745192307693, 0.9838741987179487, 0.9838741987179487, 0.9841746794871795, 0.9841746794871795, 0.9841746794871795, 0.9837740384615384, 0.9837740384615384, 0.9836738782051282, 0.9839743589743589, 0.9841746794871795, 0.9840745192307693, 0.9838741987179487, 0.9840745192307693, 0.9839743589743589, 0.9839743589743589, 0.9841746794871795, 0.9837740384615384, 0.9840745192307693, 0.9838741987179487, 0.9840745192307693, 0.9840745192307693, 0.9837740384615384, 0.9840745192307693, 0.9839743589743589, 0.9838741987179487, 0.9839743589743589, 0.9838741987179487, 0.9839743589743589, 0.9839743589743589, 0.9838741987179487, 0.9839743589743589, 0.9839743589743589, 0.9840745192307693, 0.9840745192307693, 0.9838741987179487, 0.9839743589743589, 0.9839743589743589, 0.9840745192307693, 0.9839743589743589, 0.9839743589743589, 0.9839743589743589, 0.9839743589743589, 0.9839743589743589, 0.9839743589743589, 0.9839743589743589, 0.9840745192307693, 0.9839743589743589, 0.9839743589743589, 0.9839743589743589, 0.9839743589743589, 0.9839743589743589, 0.9839743589743589, 0.9839743589743589, 0.9839743589743589, 0.9839743589743589, 0.9841746794871795, 0.9839743589743589, 0.9840745192307693, 0.9839743589743589, 0.9840745192307693, 0.9839743589743589, 0.9840745192307693, 0.9840745192307693, 0.9841746794871795], "analyzable_training_params": {"lr_sched_epochs": null, "lr_sched_factors": null}}