{"testproblem": "mnist_mlp", "batch_size": 128, "num_epochs": 100, "random_seed": 42, "weight_decay": null, "optimizer_hyperparams": {"lr": 0.25118864315095824, "momentum": 0.99}, "train_losses": [2.3034798334806394, 2.3664637253834653, 2.3264114612188096, 2.389493227005005, 2.3311745692522097, 2.3736597696940103, 2.3965415190427732, 2.3877503749651785, 2.3341702161691127, 2.381665758597545, 2.3561831529323873, 2.3418564215684547, 2.3362068640880094, 2.38341800066141, 2.3227247458237867, 2.3157867162655563, 2.340803632369408, 2.3442899814018836, 2.364155283341041, 2.3323919284038053, 2.365317628933833, 2.3157606094311447, 2.3809396639848366, 2.347441385953854, 2.393789447270907, 2.380569039246975, 2.3512223867269664, 2.325701478200081, 2.3103099939150686, 2.3981578594599013, 2.32727226232871, 2.3248558105566564, 2.3463019957909217, 2.3345677974896555, 2.3517981400856605, 2.349258697949923, 2.3343631426493325, 2.329669414422451, 2.3572400991733256, 2.3344325866454687, 2.3495251551652565, 2.3731596836676965, 2.341631693717761, 2.420283950292147, 2.332561120008811, 2.3367041502243433, 2.3496275498316836, 2.345417719620925, 2.379662724641653, 2.31052033106486, 2.409664150996086, 2.321736922630897, 2.325368651976952, 2.3248014664038634, 2.335473983715742, 2.346472532321245, 2.363646232164823, 2.3651218597705546, 2.3327341813307543, 2.3388784115131083, 2.3348908118712597, 2.320744615334731, 2.3858972696157603, 2.3526711616760645, 2.3534410947408433, 2.3422027490077872, 2.344637571237026, 2.331980980359591, 2.370298770757822, 2.3500305842130613, 2.3842610793235974, 2.3336319587169547, 2.3278764944810133, 2.337617583763905, 2.346086758833665, 2.3461751479368944, 2.331033807534438, 2.3398607480220304, 2.3446181003863993, 2.3436702214754543, 2.3204424870319857, 2.329662038729741, 2.3502657933112903, 2.32282594534067, 2.324463667013706, 2.3672784169514975, 2.383603722621233, 2.3403192116664004, 2.3158697073276224, 2.3511349879778347, 2.326508540373582, 2.3695464714979515, 2.3443385240359182, 2.329091096535707, 2.3233478038738937, 2.3668273228865404, 2.3380461717263246, 2.337924220623114, 2.3394831908054843, 2.330166804484832, 2.3127895899308033], "test_losses": [2.3034419279832106, 2.3695119405404115, 2.328424163353749, 2.3893483051886926, 2.3315505981445312, 2.3729932644428353, 2.3884505797655153, 2.385768275994521, 2.330245485672584, 2.376427950003208, 2.3572885409379616, 2.3476941830072646, 2.337132988831936, 2.3777339580731516, 2.3210948400008373, 2.3159684920922303, 2.3406885984616403, 2.343004196118086, 2.368169115139888, 2.333962165392362, 2.3613273149881606, 2.3156801064809165, 2.3828472938293066, 2.35008020278735, 2.3900119219070826, 2.3860254165453787, 2.356555639169155, 2.324031337713584, 2.3100769703204813, 2.390628524315663, 2.3257153095343175, 2.327693985058711, 2.3421998818715415, 2.336034744213789, 2.357571773039989, 2.345483492582272, 2.333968459031521, 2.330418045704181, 2.359013529924246, 2.336643539942228, 2.3465543251771193, 2.370686616653051, 2.344861311790271, 2.409061456337953, 2.3304032331857925, 2.339400364802434, 2.3444034380790515, 2.349541948391841, 2.3775018606430445, 2.309521137139736, 2.4045089850058923, 2.3239870835573244, 2.3270258597838573, 2.326847574649713, 2.3320700847185574, 2.345156483161144, 2.362661306674664, 2.359575956295698, 2.332356122823862, 2.344182087824895, 2.335927040149004, 2.3182641726273756, 2.378622972048246, 2.349268946892176, 2.3503220356427708, 2.3368071164840307, 2.3471404161208715, 2.3303119219266453, 2.3680173189212113, 2.3462165808066344, 2.3854348353850536, 2.332157220595922, 2.327039883686946, 2.3389688241176114, 2.34488032414363, 2.340439713918246, 2.329782348412734, 2.3319005905053554, 2.3400857265178976, 2.3431761478766417, 2.3222673397797804, 2.3310681795462584, 2.3512338552719507, 2.3226070618018126, 2.324837871086903, 2.3690551060896654, 2.3885101202206735, 2.3385278445023756, 2.318700854594891, 2.353505104016035, 2.332746459887578, 2.3753231519307847, 2.344086671486879, 2.3275114450699244, 2.321224099550492, 2.3670765314346704, 2.339209171441885, 2.3370518195323453, 2.3358413684062467, 2.335638394722572, 2.313767442336449], "train_accuracies": [0.08543669871794872, 0.11388221153846154, 0.10496794871794872, 0.11117788461538461, 0.0953525641025641, 0.09845753205128205, 0.0907451923076923, 0.10236378205128205, 0.10026041666666667, 0.09725560897435898, 0.11107772435897435, 0.09545272435897435, 0.10216346153846154, 0.09445112179487179, 0.10146233974358974, 0.09204727564102565, 0.09845753205128205, 0.11318108974358974, 0.10046073717948718, 0.10286458333333333, 0.09124599358974358, 0.10977564102564102, 0.09395032051282051, 0.10606971153846154, 0.09975961538461539, 0.09895833333333333, 0.08703926282051282, 0.08693910256410256, 0.09985977564102565, 0.09965945512820513, 0.09905849358974358, 0.09685496794871795, 0.10817307692307693, 0.0921474358974359, 0.11378205128205128, 0.10086137820512821, 0.10647035256410256, 0.10687099358974358, 0.09475160256410256, 0.08784054487179487, 0.0953525641025641, 0.11258012820512821, 0.1015625, 0.10767227564102565, 0.10096153846153846, 0.10306490384615384, 0.10927483974358974, 0.10927483974358974, 0.0999599358974359, 0.10016025641025642, 0.10116185897435898, 0.09405048076923077, 0.09765625, 0.10096153846153846, 0.0999599358974359, 0.09965945512820513, 0.08974358974358974, 0.0928485576923077, 0.09905849358974358, 0.09985977564102565, 0.10146233974358974, 0.11568509615384616, 0.11077724358974358, 0.09765625, 0.10076121794871795, 0.09805689102564102, 0.11708733974358974, 0.11568509615384616, 0.09915865384615384, 0.11087740384615384, 0.10286458333333333, 0.10797275641025642, 0.09915865384615384, 0.10496794871794872, 0.10026041666666667, 0.09805689102564102, 0.08934294871794872, 0.10907451923076923, 0.09835737179487179, 0.09885817307692307, 0.09795673076923077, 0.1045673076923077, 0.09234775641025642, 0.10616987179487179, 0.09885817307692307, 0.10036057692307693, 0.1031650641025641, 0.09565304487179487, 0.10947516025641026, 0.1006610576923077, 0.10767227564102565, 0.11348157051282051, 0.10346554487179487, 0.10106169871794872, 0.10056089743589744, 0.10266426282051282, 0.10216346153846154, 0.10056089743589744, 0.10086137820512821, 0.09795673076923077, 0.10006009615384616],