{"train_losses": [353.9337594168527, 174.21981375558036, 158.2341025216239, 140.60445949009485, 91.722902570452, 103.88887023925781, 94.48419298444476, 94.94044603620257, 95.41048104422433, 94.48917279924665, 91.41986083984375, 90.03003038678851, 89.83384813581195, 90.71006774902344, 92.09272112165179, 93.68799482073102, 95.2397940499442, 96.45564596993583, 97.05243246895927, 96.69747815813336, 95.50437382289341, 93.96255602155414, 92.41668483189174, 91.04704938616071, 89.97022683279855, 89.1854498726981, 88.59518650599888, 88.06993647984096, 87.53072902134487, 86.9860349382673, 86.47866821289062, 86.06661224365234, 85.77753012520927, 85.6045423235212, 85.5214102608817, 85.48860168457031, 85.47211129324776, 85.45382581438336, 85.43259647914341, 85.41340855189732, 85.39985983712333, 85.3921127319336, 85.38872528076172, 85.38818250383649, 85.38948168073382, 85.39211818150112, 85.3962642124721, 85.40241350446429, 85.41054098946708, 85.42032623291016, 85.43153490339007, 85.44401550292969, 85.45771789550781, 85.47261592320034, 85.48858315604073, 85.50551278250558, 85.52330998011998, 85.54190499441964, 85.56121935163226, 85.58117021833148, 85.60169437953404, 85.62272644042969, 85.64420209612165, 85.66607012067523, 85.68827274867466, 85.71077074323382, 85.73351287841797, 85.75646645682198, 85.77960096086774, 85.80287715366909, 85.8262710571289, 85.84976850237165, 85.8733389718192, 85.89696938650948, 85.92064557756696, 85.94435446602958, 85.96808624267578, 85.9918234688895, 86.01557159423828, 86.03931753976005, 86.0630602155413, 86.0867919921875, 86.11050633021763, 86.1342021397182, 86.15787724086216, 86.18153163364956, 86.20515877859933, 86.228759765625, 86.25233350481305, 86.27588762555804, 86.29941667829242, 86.32293047223773, 86.34644317626953, 86.36995915004185, 86.39349801199776, 86.41706848144531, 86.44070107596261, 86.46441759381976, 86.48825291224888, 86.5122310093471, 86.53639548165458], "test_losses": [353.44676426478793, 178.39842224121094, 159.7675563267299, 142.15966796875, 94.42689514160156, 106.85320717947823, 97.07595934186664, 97.48469979422433, 98.0962404523577, 97.1437508719308, 93.8193838936942, 92.09886714390346, 91.66453334263393, 92.42290605817523, 93.74174390520368, 95.32899911063058, 96.88087027413505, 98.01658194405692, 98.54967389787946, 98.23932429722377, 97.15453229631696, 95.73764910016742, 94.30938720703125, 93.05569893973214, 92.07928793770927, 91.37119838169643, 90.83849661690849, 90.35909271240234, 89.85419137137276, 89.32736533028739, 88.82535226004464, 88.41179765973773, 88.12000383649554, 87.94802420479911, 87.86814444405692, 87.8393783569336, 87.82691628592355, 87.81202697753906, 87.79382869175502, 87.7773906162807, 87.76613071986607, 87.75954328264508, 87.75600760323661, 87.75453186035156, 87.75458526611328, 87.7558364868164, 87.7583509172712, 87.76244572230748, 87.76812417166573, 87.77518245152065, 87.78346143450055, 87.79284776960101, 87.80332401820591, 87.81484658377511, 87.82733481270927, 87.84071132114956, 87.85491725376674, 87.86989157540458, 87.88557543073382, 87.90190887451172, 87.91884504045758, 87.93633924211774, 87.95433262416294, 87.97278812953404, 87.99166979108539, 88.0109383719308, 88.03055899483817, 88.05050877162388, 88.07075827462333, 88.09127807617188, 88.11206599644252, 88.13308933803013, 88.15433502197266, 88.17579977852958, 88.19746725899833, 88.21932983398438, 88.24137442452567, 88.2635977608817, 88.28599657331195, 88.30856432233539, 88.331298828125, 88.35419137137276, 88.37723323277065, 88.40042986188617, 88.42377253941127, 88.44725799560547, 88.47088187081474, 88.49463762555804, 88.5185307094029, 88.54256003243583, 88.56672123500279, 88.59101867675781, 88.61546761648995, 88.64007350376674, 88.66485159737724, 88.6898215157645, 88.71500178745815, 88.74042075020927, 88.76611437116351, 88.79212297712054, 88.81847163609096], "minibatch_train_losses": [369.72540283203125, 719.2310180664062, 443.3283386230469, 234.22091674804688, 307.74163818359375, 358.34228515625, 273.905517578125, 181.68002319335938, 146.51779174804688, 218.83322143554688, 259.902099609375, 186.59628295898438, 143.74139404296875, 106.458984375, 166.48721313476562, 186.052490234375, 164.96417236328125, 126.94652557373047, 104.26512145996094, 126.68290710449219, 134.09225463867188, 135.65341186523438, 122.94490051269531, 101.02721405029297, 100.22639465332031, 121.9193344116211, 121.0472183227539, 102.81271362304688, 94.4858627319336, 97.58869934082031, 115.4743881225586, 117.89584350585938, 95.34024810791016, 96.64276123046875, 88.31294250488281, 109.2492446899414, 106.5137939453125, 102.15653991699219, 94.53878784179688, 88.9684829711914, 106.00985717773438, 92.0255355834961, 95.01012420654297, 93.1774673461914, 98.14065551757812, 98.3854751586914, 93.40519714355469, 93.80279541015625, 83.78135681152344, 95.51409912109375, 96.61344909667969, 97.78726959228516, 96.2069320678711, 89.77499389648438, 93.63941955566406, 84.8213882446289, 97.80644226074219, 94.93145751953125, 96.63502502441406, 97.4744873046875, 89.03752136230469, 94.21898651123047, 83.28562927246094, 96.78489685058594, 95.01349639892578, 96.27130889892578, 94.45761108398438, 87.6858901977539, 94.54766845703125, 82.91496276855469, 92.947998046875, 92.79624938964844, 95.89802551269531, 92.75849914550781, 87.24331665039062, 92.48072814941406, 81.48197937011719, 91.48887634277344, 91.93002319335938, 94.44453430175781, 91.67942810058594, 87.75296783447266, 91.27803039550781, 79.73947143554688, 91.73500061035156, 92.18572998046875, 93.13937377929688, 91.62454986572266, 88.12539672851562, 90.98931884765625, 78.56474304199219, 93.03666687011719, 92.57344818115234, 92.16226196289062, 92.41079711914062, 88.44320678710938, 91.11610412597656, 77.94519805908203, 94.68195343017578, 92.92386627197266, 91.67332458496094, 93.6589126586914, 88.96969604492188, 91.13381958007812, 77.71793365478516, 96.41891479492188, 93.08889770507812, 91.30648803710938, 95.42802429199219, 89.60905456542969, 90.60539245605469, 77.81416320800781, 98.01419830322266, 92.62708282470703, 91.00080871582031, 97.55473327636719, 89.87544250488281, 89.87210083007812, 78.35659790039062, 99.20061492919922, 91.47537231445312, 91.09872436523438, 99.62973022460938, 89.45872497558594, 89.33356475830078, 79.34793853759766, 99.75302124023438, 89.865478515625, 91.6702880859375, 101.24195098876953, 88.2984848022461, 89.0478515625, 80.44036102294922, 99.4253921508789, 88.09764862060547, 92.4923324584961, 102.0074462890625, 86.6921157836914, 89.10549926757812, 81.27119445800781, 98.35674285888672, 86.57393646240234, 93.35624694824219, 101.81836700439453, 85.13066864013672, 89.42733001708984, 81.68130493164062, 96.978759765625, 85.48074340820312, 94.0688705444336, 100.93263244628906, 83.90515899658203, 89.73966979980469, 81.71488189697266, 95.58738708496094, 84.79597473144531, 94.52067565917969, 99.73524475097656, 83.05526733398438, 89.9687728881836, 81.48851013183594, 94.3536376953125, 84.42845153808594, 94.74382019042969, 98.47991943359375, 82.53326416015625, 90.10487365722656, 81.1296615600586, 93.39122772216797, 84.27459716796875, 94.8344955444336, 97.32389831542969, 82.30709838867188, 90.08533477783203, 80.77041625976562, 92.65861511230469, 84.27818298339844, 94.83808898925781, 96.3812484741211, 82.28184509277344, 89.94322967529297, 80.47454071044922, 92.04653930664062, 84.32606506347656, 94.79932403564453, 95.61001586914062, 82.33503723144531, 89.72872924804688, 80.2684326171875, 91.45369720458984, 84.39096069335938, 94.75984191894531, 94.89894104003906, 82.4277114868164, 89.47362518310547, 80.10325622558594, 90.80465698242188, 84.52037048339844, 94.72676086425781, 94.19300842285156, 82.58421325683594, 89.25938415527344, 79.91252136230469, 90.112060546875, 84.7430191040039, 94.68508911132812, 93.46605682373047, 82.84019470214844, 89.13180541992188, 79.63707733154297, 89.42903900146484, 85.06166076660156, 94.58647155761719, 92.73580169677734, 83.21549987792969, 89.08709716796875, 79.25799560546875, 88.81735229492188, 