{"train_losses": [353.9337594168527, 240.630375453404, 166.71865844726562, 126.22652980259487, 109.10735430036273, 104.7077157156808, 104.40015520368304, 103.8468039376395, 102.48902784075055, 101.0630362374442, 99.98262786865234, 99.16394151960101, 98.42287336077008, 97.69553811209542, 96.99903978620257, 96.3497292654855, 95.74370465959821, 95.1729507446289, 94.63431876046317, 94.12694004603794, 93.64927128383091, 93.1992928641183, 92.77520860944476, 92.37549591064453, 91.99867902483258, 91.64331708635602, 91.30804443359375, 90.99159022739956, 90.69273703438895, 90.41037096296039, 90.14343152727399, 89.89094543457031, 89.65199824741909, 89.42573547363281, 89.21136365618024, 89.0081296648298, 88.81536102294922, 88.63239506312779, 88.4586421421596, 88.29354640415737, 88.13658469063895, 87.98727199009487, 87.84516143798828, 87.70982578822544, 87.5808824811663, 87.4579598563058, 87.34072004045758, 87.22884259905133, 87.12203325544085, 87.02002062116351, 86.9225322178432, 86.82934025355748, 86.7402093069894, 86.65492466517857, 86.57329450334821, 86.49513135637555, 86.42025865827289, 86.34851183210101, 86.27974264962333, 86.21380179268974, 86.15054975237165, 86.08986445835659, 86.03162602015904, 85.97571563720703, 85.92202758789062, 85.87047031947544, 85.82092939104352, 85.77332741873605, 85.72757938929966, 85.68360028948102, 85.64131382533482, 85.60064915248326, 85.56153651646206, 85.52390943254743, 85.48770359584263, 85.45286342075893, 85.41933005196708, 85.38705444335938, 85.3559810093471, 85.32606179373605, 85.29724884033203, 85.26950073242188, 85.2427749633789, 85.21702466692243, 85.19222150530133, 85.16832079206195, 85.14529200962612, 85.1230948311942, 85.10169764927456, 85.08108520507812, 85.06119755336216, 85.04203142438617, 85.02355085100446, 85.00572858537946, 84.98853846958706, 84.97195870535714, 84.95596749441964, 84.94053867885044, 84.92565155029297, 84.91128976004464, 84.89742279052734], "test_losses": [353.44676426478793, 241.1839643205915, 168.13812255859375, 128.23706708635603, 111.44012887137276, 107.1615731375558, 106.86974661690849, 106.31286294119698, 104.9605734688895, 103.53443690708706, 102.43932560511998, 101.60438864571708, 100.86195046561105, 100.14935629708427, 99.47287314278739, 98.84020560128349, 98.24664415631976, 97.68631308419364, 97.15662819998605, 96.65645817347935, 96.18510219029018, 95.74183218819755, 95.32504599434989, 94.93243626185826, 94.56194523402623, 94.2122323172433, 93.8822250366211, 93.57071249825614, 93.27645547049386, 92.9983662196568, 92.73544311523438, 92.48672485351562, 92.25128173828125, 92.02825709751674, 91.81688036237445, 91.61645071847099, 91.42627389090401, 91.24572317940849, 91.07421221051898, 90.91119384765625, 90.75616346086774, 90.60863712855748, 90.46818433489118, 90.33438437325614, 90.20686776297433, 90.08526066371373, 89.969240461077, 89.85849434988839, 89.75272696358817, 89.65167236328125, 89.5550765991211, 89.46270206996373, 89.37432098388672, 89.28973388671875, 89.20873914446149, 89.13116673060826, 89.05682591029576, 88.9855717250279, 88.91724504743304, 88.85171399797711, 88.78883252825055, 88.72848401750836, 88.67054421561105, 88.61490849086216, 88.56146349225726, 88.51011439732143, 88.4607674734933, 88.41333661760602, 88.36773245675224, 88.3238776070731, 88.28169686453683, 88.24112047467914, 88.20207759312221, 88.1645028250558, 88.12834058489118, 88.09352656773159, 88.0600106375558, 88.02773175920758, 87.99664960588727, 87.96670859200614, 87.93786730085101, 87.91007777622768, 87.88330732073102, 87.85750252859933, 87.83263506208148, 87.80866241455078, 87.78555406842914, 87.76327514648438, 87.74179404122489, 87.72107805524554, 87.7010977608817, 87.68182918003627, 87.66324070521763, 87.64530944824219, 87.6280038016183, 87.61130741664341, 87.59519413539341, 87.57964651925224, 87.56463296072823, 87.55014147077289, 87.53615134102958], "minibatch_train_losses": [369.72540283203125, 343.6387939453125, 324.53082275390625, 299.4766845703125, 291.34820556640625, 256.1349792480469, 234.59988403320312, 253.21102905273438, 232.9874267578125, 222.249755859375, 204.20217895507812, 198.36166381835938, 175.64158630371094, 159.25506591796875, 176.29568481445312, 161.66470336914062, 158.01806640625, 146.5666046142578, 142.15328979492188, 130.53482055664062, 117.94171142578125, 133.15577697753906, 123.1664810180664, 124.35486602783203, 118.39053344726562, 114.19152069091797, 111.21089172363281, 100.65084838867188, 113.87075805664062, 107.28894805908203, 111.02584838867188, 108.89453125, 103.93144226074219, 106.61564636230469, 96.53077697753906, 107.89897918701172, 103.42237854003906, 107.9630126953125, 107.7713623046875, 101.62966918945312, 107.1723861694336, 96.61917114257812, 106.66753387451172, 103.19642639160156, 107.67413330078125, 107.95237731933594, 100.94293975830078, 107.37549591064453, 96.248291015625, 105.80833435058594, 102.6045150756836, 106.93905639648438, 107.00761413574219, 99.83268737792969, 106.10525512695312, 94.79058837890625, 104.60277557373047, 101.26105499267578, 105.62505340576172, 105.3788833618164, 98.58929443359375, 104.24903869628906, 93.11278533935547, 103.53622436523438, 99.92210388183594, 104.37541198730469, 103.91661071777344, 97.67002868652344, 102.61048889160156, 91.77471160888672, 102.79471588134766, 98.9609375, 103.44381713867188, 102.86387634277344, 97.02144622802734, 101.37649536132812, 90.77298736572266, 102.17666625976562, 98.24517059326172, 102.7047348022461, 102.05086517333984, 96.38932800292969, 100.43975830078125, 89.94735717773438, 101.49359130859375, 97.55583190917969, 101.99910736083984, 101.3140640258789, 95.66455841064453, 99.69377136230469, 89.22386169433594, 100.73440551757812, 96.82363891601562, 101.28201293945312, 100.61720275878906, 94.89724731445312, 99.06867980957031, 88.5846939086914, 99.97221374511719, 96.0907211303711, 100.58037567138672, 99.97191619873047, 94.16519165039062, 98.49922180175781, 88.0030288696289, 99.26112365722656, 95.4053726196289, 99.92361450195312, 99.37278747558594, 93.5009994506836, 97.9361572265625, 87.44570922851562, 98.61601257324219, 94.7798080444336, 99.31855773925781, 98.80181884765625, 92.90055084228516, 97.36679077148438, 86.89796447753906, 98.03184509277344, 94.20438385009766, 98.75782012939453, 98.25125122070312, 92.3504638671875, 96.80496215820312, 86.3647689819336, 97.4970474243164, 93.66775512695312, 98.23258972167969, 97.72587585449219, 91.83946228027344, 96.26730346679688, 85.85684967041016, 96.99867248535156, 93.16264343261719, 97.73748016357422, 97.23176574707031, 91.35887145996094, 95.76226043701172, 85.38115692138672, 96.52680206298828, 92.68453979492188, 97.26951599121094, 96.76969146728516, 90.90269470214844, 95.29193115234375, 84.93907928466797, 96.07701110839844, 92.2310791015625, 96.8266830444336, 96.33668518066406, 90.4684829711914, 94.85476684570312, 84.52766418457031, 95.64901733398438, 91.80181121826172, 96.40780639648438, 95.9295883178711, 90.05647277832031, 94.44649505615234, 84.1421127319336, 95.24398803710938, 91.39677429199219, 96.01237487792969, 95.546142578125, 89.6677017211914, 94.06187438964844, 83.7784652709961, 94.86257934570312, 91.01518249511719, 95.6397476196289, 95.18450927734375, 89.30229187011719, 93.6971664428711, 83.4346694946289, 94.50437927246094, 90.65554809570312, 95.28854370117188, 94.84297180175781, 88.95903778076172, 93.35095977783203, 83.10986328125, 94.16781616210938, 90.31632995605469, 94.95710754394531, 94.52027130126953, 88.635986328125, 93.02302551269531, 82.80330657958984, 93.850830078125, 89.9961166381836, 94.64403533935547, 94.21549987792969, 88.33120727539062, 92.71319580078125, 82.51416778564453, 93.55148315429688, 89.69355773925781, 94.34811401367188, 93.92779541015625, 88.04315948486328, 92.4207534790039, 82.24148559570312, 93.2684097290039, 89.40736389160156, 94.0682373046875, 93.65608215332031, 87.7707290649414, 92.1446762084961, 81.98423767089844, 93.00067138671875, 89.13648986816406, 93.8033676147461, 93.39926147460938, 87.51309204101562, 91.88368225097656,