{"train_losses": [353.9337594168527, 286.5920889718192, 1040.713387625558, 608.843732561384, 141.8025905064174, 140.6727534702846, 160.97479684012276, 97.082521711077, 111.67986624581474, 90.05821119035993, 90.17831856863839, 87.2159184047154, 89.38919939313617, 89.5965576171875, 89.7316643851144, 90.21458653041294, 90.13854871477399, 89.36190141950335, 88.2483378819057, 87.84059034075055, 88.09693472726005, 88.7616686139788, 89.57387215750558, 90.3210917881557, 90.90095846993583, 91.38710675920758, 91.68910544259208, 91.64163208007812, 91.14144134521484, 90.2850112915039, 89.25882502964565, 88.2740249633789, 87.54578508649554, 87.18557739257812, 87.1338882446289, 87.25550951276507, 87.43241228376117, 87.60862949916294, 87.78469630650112, 87.96546391078404, 88.14601680210659, 88.323488507952, 88.49803924560547, 88.6698750087193, 88.83754403250558, 89.00043051583427, 89.1580341884068, 89.30928257533482, 89.45303235735211, 89.58832005092076, 89.71451459612165, 89.8313980102539, 89.9391599382673, 90.03851754324776, 90.13072313581195, 90.21744319370815, 90.3006341116769, 90.38243756975446, 90.46507045200893, 90.5506123134068, 90.64088439941406, 90.73743547712054, 90.84144156319755, 90.95371573311942, 91.07470703125, 91.2045647757394, 91.34317452566964, 91.49017660958427, 91.64497920445034, 91.8068095615932, 91.97467694963727, 92.14742497035435, 92.32374463762555, 92.50226157052177, 92.68160356794085, 92.86052921840123, 93.03798130580357, 93.21319253104073, 93.38564736502511, 93.55509403773716, 93.7213875906808, 93.88450186593192, 94.04434967041016, 94.2008558000837, 94.35391126360211, 94.50345393589565, 94.64947400774274, 94.79207938058036, 94.93149239676339, 95.0680182320731, 95.20196860177177, 95.33367047991071, 95.46339416503906, 95.59136308942523, 95.71775272914341, 95.84268079485211, 95.96624537876674, 96.08849552699498, 96.20943668910435, 96.32906232561383, 96.44732012067523], "test_losses": [353.44676426478793, 292.7414812360491, 1041.5977085658483, 610.7585536411831, 144.4412078857422, 143.59098161969865, 163.85042463030135, 99.68840571812221, 114.09501320975167, 92.32404436383929, 92.49360874720982, 89.41929735456195, 91.6021957397461, 91.77134268624442, 91.67669023786273, 92.11356026785714, 92.0930655343192, 91.33636038643974, 90.38066864013672, 90.10624694824219, 90.40684945242745, 91.06116158621651, 91.81595938546317, 92.54842921665737, 93.14689091273716, 93.63978358677456, 93.92452239990234, 93.85740552629743, 93.34980119977679, 92.48221261160714, 91.43635559082031, 90.43355015345982, 89.68909781319755, 89.3087180001395, 89.23780059814453, 89.34180559430804, 89.50087629045758, 89.6607644217355, 89.82137189592633, 89.98689814976284, 90.1527328491211, 90.31563568115234, 90.47608184814453, 90.6344746180943, 90.78933824811664, 90.93993486676898, 91.08546120779855, 91.22469765799386, 91.3564202444894, 91.47962515694755, 91.59359632219586, 91.69796098981585, 91.79281289236886, 91.87879725864956, 91.9571533203125, 92.02952684674945, 92.0978753226144, 92.16439165387835, 92.23137446812221, 92.30099814278739, 92.37520490373883, 92.45565032958984, 92.54363468715123, 92.64006042480469, 92.7454583304269, 92.86001913888114, 92.98362949916294, 93.11588505336216, 93.25613621303013, 93.40349796840123, 93.55687277657645, 93.71498325892857, 93.87641143798828, 94.03970336914062, 94.20343562534877, 94.36634935651507, 94.52743639264789, 94.68598284040179, 94.84158761160714, 94.99410792759487, 95.14354487827846, 95.28996821812221, 95.43340628487724, 95.57382638113839, 95.7111565726144, 95.84532819475446, 95.976320539202, 96.10420663016183, 96.22918810163226, 96.3515374319894, 96.47155325753349, 96.58953857421875, 96.70574297223773, 96.82039860316685, 96.93365587506976, 97.04563903808594, 97.15646144321987, 97.26617322649274, 97.37480926513672, 97.48237718854632, 97.58885301862445], "minibatch_train_losses": [369.72540283203125, 7266.173828125, 990.3828735351562, 1617.329833984375, 3855.88330078125, 2784.828857421875, 809.4650268554688, 287.133056640625, 1231.574462890625, 2033.98291015625, 1656.1910400390625, 636.0423583984375, 169.24325561523438, 440.1572265625, 1070.158935546875, 1156.3037109375, 707.7765502929688, 226.077392578125, 138.59112548828125, 462.386474609375, 699.3115844726562, 585.2959594726562, 302.7677001953125, 108.33978271484375, 170.6478729248047, 377.46929931640625, 417.08294677734375, 291.67181396484375, 150.00750732421875, 104.95008087158203, 206.39385986328125, 305.8565673828125, 255.11117553710938, 166.76866149902344, 85.14421081542969, 148.88510131835938, 217.28309631347656, 209.02915954589844, 141.10682678222656, 96.04458618164062, 118.55316162109375, 148.94281005859375, 153.24420166015625, 123.47738647460938, 93.8411636352539, 102.90760803222656, 128.98574829101562, 120.82418823242188, 97.05783081054688, 98.422119140625, 95.34980010986328, 114.17620849609375, 125.41793060302734, 98.1385269165039, 89.1275863647461, 86.16856384277344, 116.5742416381836, 107.43620300292969, 97.6932601928711, 96.94892883300781, 92.40282440185547, 106.1194076538086, 90.66012573242188, 90.67366790771484, 90.3026123046875, 99.61781311035156, 98.55448913574219, 87.53086853027344, 91.0613021850586, 83.82969665527344, 90.41002655029297, 88.3617172241211, 92.44493865966797, 91.93199157714844, 86.33747863769531, 90.88719177246094, 79.47457122802734, 89.6886215209961, 88.33413696289062, 93.94368743896484, 92.98806762695312, 84.38381958007812, 90.89229583740234, 79.87187194824219, 92.72505187988281, 90.87648010253906, 93.76608276367188, 93.29249572753906, 86.27068328857422, 93.66139221191406, 79.34162902832031, 92.36280822753906, 92.96017456054688, 93.3805160522461, 92.90161895751953, 86.95063781738281, 94.62753295898438, 79.61639404296875, 91.823974609375, 92.40969848632812, 92.65919494628906, 93.03335571289062, 87.1629638671875, 92.83837127685547, 79.90464782714844, 92.05450439453125, 91.02015686035156, 91.96187591552734, 93.90080261230469, 87.02127075195312, 90.76581573486328, 80.46086120605469, 92.01620483398438, 89.88020324707031, 91.64041137695312, 94.58944702148438, 86.31724548339844, 90.14688873291016, 81.0518569946289, 91.59489440917969, 89.18749237060547, 92.02338409423828, 94.01057434082031, 85.59708404541016, 90.32575988769531, 81.078369140625, 91.04014587402344, 89.34042358398438, 92.11674499511719, 93.04937744140625, 85.38368225097656, 90.64350128173828, 80.82535552978516, 91.09024047851562, 89.9468994140625, 92.05557250976562, 92.5067138671875, 85.72679138183594, 90.49940490722656, 80.89637756347656, 91.71952819824219, 90.65274047851562, 92.12322998046875, 92.68115234375, 86.31161499023438, 90.12551879882812, 81.37124633789062, 92.56095886230469, 91.41903686523438, 92.51116180419922, 93.47602844238281, 87.0864028930664, 89.84027862548828, 82.04624938964844, 93.505615234375, 91.95646667480469, 93.07362365722656, 94.48701477050781, 87.77226257324219, 89.71670532226562, 82.83456420898438, 94.4134750366211, 92.18760681152344, 93.7760238647461, 95.45625305175781, 88.21151733398438, 89.55404663085938, 83.71490478515625, 95.21452331542969, 92.21636962890625, 94.56852722167969, 96.32550048828125, 88.51423645019531, 89.19354248046875, 84.72901916503906, 95.85672760009766, 92.16258239746094, 95.61578369140625, 97.29125213623047, 88.7158203125, 88.86905670166016, 85.90642547607422, 96.21244812011719, 92.03223419189453, 96.98542022705078, 98.19749450683594, 88.7900390625, 88.80442810058594, 87.16485595703125, 96.12364196777344, 91.87675476074219, 98.61982727050781, 98.74725341796875, 88.7605972290039, 89.03681945800781, 88.32789611816406, 95.50965881347656, 91.8751220703125, 100.34718322753906, 98.72405242919922, 88.7817153930664, 89.50780487060547, 89.19197082519531, 94.42686462402344, 92.17771911621094, 101.94526672363281, 98.15423583984375, 89.02265167236328, 90.19804382324219, 89.60264587402344, 93.065185546875, 92.79624938964844, 103.16655731201172, 97.10795593261719, 89.59202575683594, 90.95333862304688, 89.50044250488281, 91.68077850341797, 