{"train_losses": [353.437997000558, 140.2150137765067, 108.26384953090123, 117.66289629255023, 105.72802734375, 99.22935594831195, 99.22353036063058, 96.41177695138114, 94.79363032749721, 93.83299800327846, 92.67424992152623, 91.88972691127232, 91.14192962646484, 90.50459725516183, 89.95656258719308, 89.46610913957868, 89.03927830287388, 88.6554946899414, 88.31461879185268, 88.01052856445312, 87.73790740966797, 87.4923117501395, 87.27115413120815, 87.07151140485492, 86.89096505301339, 86.72720336914062, 86.5784683227539, 86.44327545166016, 86.32014465332031, 86.20782906668526, 86.10526929582868, 86.01152692522321, 85.92574201311383, 85.84715597970145, 85.77510179792132, 85.70898110525948, 85.64825221470424, 85.59242684500558, 85.54108210972377, 85.49381583077567, 85.45027596609933, 85.41013772147042, 85.37311335972377, 85.33893258231026, 85.30735778808594, 85.27817753383091, 85.25117819649833, 85.22619083949498, 85.20304107666016, 85.18158285958427, 85.16167885916573, 85.14320591517857, 85.12604304722377, 85.11009216308594, 85.09524754115513, 85.08143397739956, 85.06856318882534, 85.05656324114118, 85.04536764962333, 85.034914289202, 85.02514539446149, 85.0160140991211, 85.00746699741909, 84.9994648524693, 84.9919673374721, 84.98493194580078, 84.97833142961774, 84.97212982177734, 84.96630314418248, 84.96082305908203, 84.9556655883789, 84.9508056640625, 84.94622693743024, 84.94190652029855, 84.93782588413784, 84.93397521972656, 84.93033272879464, 84.92688969203404, 84.92362976074219, 84.92054094587054, 84.91761343819755, 84.91483742850167, 84.91219874790737, 84.90970066615513, 84.90731920514789, 84.90505545479911, 84.9029050554548, 84.9008538382394, 84.8989007132394, 84.89703696114677, 84.895263671875, 84.89356776646206, 84.89194706508091, 84.89040265764508, 84.888918195452, 84.88750457763672, 84.88614763532367, 84.88485172816685, 84.88360922677177, 84.88241468157086, 84.8812735421317], "test_losses": [353.44676426478793, 142.01598031180245, 110.62182290213448, 119.87056950160435, 107.84320177350726, 101.3773694719587, 101.29370662144252, 98.46714673723493, 96.97757938929966, 96.0618416922433, 94.85621207101005, 94.07405853271484, 93.35079629080636, 92.72136579241071, 92.18317413330078, 91.69438716343471, 91.26644679478237, 90.88926478794643, 90.55206952776227, 90.24820818219867, 89.97664206368583, 89.73207310267857, 89.5118637084961, 89.31267329624721, 89.13190569196429, 88.96820504324776, 88.81946999686105, 88.683835710798, 88.5602798461914, 88.44745526994977, 88.34428296770368, 88.24987357003349, 88.16331154959542, 88.08392878941127, 88.01103101457868, 87.94401441301618, 87.88236672537667, 87.82560185023716, 87.77328491210938, 87.72504316057477, 87.68051147460938, 87.63937704903739, 87.60135323660714, 87.56618063790458, 87.53361293247768, 87.50344521658761, 87.47547149658203, 87.44951956612724, 87.42541939871651, 87.40302494594029, 87.38219669886998, 87.36281912667411, 87.34476906912667, 87.32794625418526, 87.31225149972099, 87.29759870256696, 87.28391374860492, 87.2711181640625, 87.25914437430245, 87.24793352399554, 87.23742566789899, 87.22757284981864, 87.21832820347377, 87.2096426827567, 87.20147814069476, 87.1937997000558, 87.18656703404018, 87.1797594342913, 87.17333221435547, 87.16727338518415, 87.16155460902623, 87.15614645821708, 87.15103367396763, 87.14619881766183, 87.14161573137555, 87.13727460588727, 87.1331536429269, 87.1292473929269, 87.1255351475307, 87.12200927734375, 87.118654523577, 87.11546543666294, 87.11242784772601, 87.10952867780414, 87.10676792689732, 87.10412924630302, 87.10161372593471, 87.09920501708984, 87.09691074916294, 87.09471021379743, 87.0926045009068, 87.09058707101005, 87.08865465436664, 87.08679962158203, 87.08501870291573, 87.08331080845424, 87.08167048863002, 87.08009229387555, 87.07857513427734, 87.07711138044085, 87.07570975167411], "minibatch_train_losses": [352.5816345214844, 306.86444091796875, 262.09857177734375, 230.77139282226562, 201.24252319335938, 179.02125549316406, 165.71624755859375, 138.39376831054688, 123.8635482788086, 112.74968719482422, 114.54391479492188, 113.59423828125, 106.43921661376953, 111.14412689208984, 105.89695739746094, 104.88775634765625, 107.98612213134766, 117.45455932617188, 124.32110595703125, 115.01573181152344, 121.6478271484375, 114.74552154541016, 111.87693786621094, 111.41299438476562, 116.09292602539062, 120.10523223876953, 107.79542541503906, 112.53257751464844, 102.62794494628906, 99.70045471191406, 97.59161376953125, 103.026611328125, 106.73876953125, 98.79206848144531, 104.98001098632812, 96.53426361083984, 95.06610107421875, 94.29769897460938, 101.16478729248047, 104.26850891113281, 98.977783203125, 105.36917114257812, 97.09507751464844, 94.57852172851562, 93.74223327636719, 99.9364013671875, 102.45625305175781, 96.5793228149414, 102.56243896484375, 94.28305053710938, 91.69845581054688, 90.8025894165039, 97.30990600585938, 100.87384033203125, 94.15216064453125, 100.26657104492188, 92.27381896972656, 90.34400939941406, 89.72134399414062, 96.44108581542969, 100.44145202636719, 93.19771575927734, 99.25743865966797, 91.25359344482422, 89.23049926757812, 88.7229232788086, 95.29102325439453, 98.99097442626953, 92.06448364257812, 98.13719940185547, 90.33850860595703, 88.1387939453125, 87.57101440429688, 94.25477600097656, 97.7305908203125, 91.33544921875, 97.42159271240234, 89.62379455566406, 87.42019653320312, 86.76803588867188, 93.49490356445312, 96.95558166503906, 90.62788391113281, 96.68373107910156, 88.81517028808594, 86.66160583496094, 86.08715057373047, 92.80682373046875, 96.38632202148438, 89.90118408203125, 95.92526245117188, 88.19550323486328, 86.00833129882812, 85.49467468261719, 92.25872802734375, 95.88079833984375, 89.3340072631836, 95.32855224609375, 87.67620086669922, 85.45809936523438, 84.93911743164062, 91.7361831665039, 95.3143310546875, 88.86482238769531, 94.8648681640625, 87.19824981689453, 84.98756408691406, 84.46565246582031, 91.26360321044922, 94.7996597290039, 88.45081329345703, 94.439453125, 86.80537414550781, 84.55818176269531, 84.04724884033203, 90.86204528808594, 94.40604400634766, 88.0609130859375, 94.0232925415039, 86.43763732910156, 84.16657257080078, 83.6719970703125, 90.51508331298828, 94.07879638671875, 87.71073150634766, 93.66238403320312, 86.09876251220703, 83.82746887207031, 83.34496307373047, 90.1944580078125, 93.75260925292969, 87.40814208984375, 93.35366821289062, 85.81430053710938, 83.52298736572266, 83.04486083984375, 89.90451049804688, 93.451416015625, 87.14200592041016, 93.07469177246094, 85.56178283691406, 83.24808502197266, 82.774169921875, 89.64990997314453, 93.19306945800781, 86.89715576171875, 92.81948852539062, 85.32622528076172, 83.00135803222656, 82.53667449951172, 89.41995239257812, 92.96617126464844, 86.67425537109375, 92.58880615234375, 85.11560821533203, 82.77843475341797, 82.31973266601562, 89.21223449707031, 92.75920104980469, 86.47607421875, 92.3819580078125, 84.92880249023438, 82.57701110839844, 82.12287139892578, 89.02465057373047, 92.5665283203125, 86.2978286743164, 92.19656372070312, 84.75980377197266, 82.39549255371094, 81.94602966308594, 88.85441589355469, 92.39423370361328, 86.13520050048828, 92.02738952636719, 84.60576629638672, 82.23043823242188, 81.78507995605469, 88.7008056640625, 92.2411880493164, 85.98713684082031, 91.87269592285156, 84.46624755859375, 82.08018493652344, 81.63934326171875, 88.56147003173828, 92.10031127929688, 85.85299682617188, 91.73294830322266, 84.3400650024414, 81.94404602050781, 81.50666809082031, 88.43437194824219, 91.97116088867188, 85.731201171875, 91.60614013671875, 84.225341796875, 81.81997680664062, 81.38568115234375, 88.31885528564453, 91.85436248779297, 85.61990356445312, 91.48988342285156, 84.12075805664062, 81.70663452148438, 81.27568054199219, 88.21382141113281, 91.7481689453125, 85.51815032958984, 91.38370513916016, 84.02532196044922, 81.603271484375, 81.17523956298828, 88.117919921875, 91.65086364746094, 85.42533111572266, 91.28694152832031, 83.9383544921875, 