{"train_losses": [355.5447910853795, 140.2866973876953, 107.94708251953125, 117.51801191057477, 105.27958570207868, 98.72215053013393, 98.67970820835659, 95.79703412737165, 94.19966561453683, 93.22823442731585, 92.04794420514789, 91.25634656633649, 90.51218087332589, 89.88582066127232, 89.34145791190011, 88.85675702776227, 88.43542807442802, 88.05934143066406, 87.72651018415179, 87.4281997680664, 87.16143035888672, 86.92205810546875, 86.70674569266183, 86.51239013671875, 86.33678763253349, 86.17789895193917, 86.03383527483258, 85.90298243931362, 85.78400530133929, 85.67569187709263, 85.57695661272321, 85.48685019356864, 85.40453338623047, 85.32927703857422, 85.26038905552456, 85.19729178292411, 85.13944135393415, 85.08636038643974, 85.03761509486607, 84.99281747000558, 84.95161437988281, 84.91369083949498, 84.87875366210938, 84.84655216761998, 84.81684330531529, 84.78940255301339, 84.76404898507255, 84.74060167585101, 84.71889822823661, 84.69879150390625, 84.6801518031529, 84.66284942626953, 84.64678192138672, 84.63184465680804, 84.61795152936664, 84.60501207624164, 84.59295109340123, 84.58170209612165, 84.57120513916016, 84.56138501848493, 84.55221557617188, 84.54362378801618, 84.53557695661273, 84.52803366524833, 84.52095685686383, 84.5143051147461, 84.50805773053851, 84.50218309674945, 84.49664960588727, 84.49144090924945, 84.48652866908482, 84.48189435686383, 84.47751726422992, 84.47338104248047, 84.46946934291294, 84.4657734462193, 84.46227046421596, 84.45894949776786, 84.45580291748047, 84.45281328473773, 84.44997732979911, 84.44728197370257, 84.44472285679409, 84.4422858101981, 84.4399653843471, 84.43775177001953, 84.43565150669643, 84.4336438860212, 84.43172890799386, 84.42989894321987, 84.4281496320452, 84.42648097446987, 84.42488207135882, 84.42335728236607, 84.42189461844308, 84.42049080984933, 84.41914585658482, 84.41786084856305, 84.41662706647601, 84.41544124058315, 84.41430119105748], "test_losses": [353.44676426478793, 141.83938816615515, 111.2180426461356, 120.68829563685826, 108.0623049054827, 101.293459211077, 101.09711456298828, 98.29949515206474, 96.91925811767578, 95.99410792759487, 94.75120762416294, 93.93264661516461, 93.20876639229911, 92.62279292515346, 92.0925042288644, 91.59361158098493, 91.17348044259208, 90.81070927211216, 90.4816164289202, 90.18395342145648, 89.91808101109096, 89.6804951259068, 89.46795109340123, 89.27396283830915, 89.09842136928013, 88.94034031459263, 88.79669407435826, 88.66578129359654, 88.54662540980748, 88.43817792619977, 88.33916691371373, 88.24859728131976, 88.16578565325055, 88.08998325892857, 88.0204849243164, 87.9567119053432, 87.89816720145089, 87.84436798095703, 87.7948717389788, 87.74931335449219, 87.70733969552177, 87.66863686697823, 87.63292476109096, 87.59994288853237, 87.56945691789899, 87.54125213623047, 87.51514107840401, 87.49094499860492, 87.46850149972099, 87.44767325265067, 87.4283196585519, 87.41031973702567, 87.39357103620257, 87.37797328404018, 87.36342184884208, 87.34985024588448, 87.33716910226005, 87.32531629289899, 87.31422969273159, 87.30384390694755, 87.29411097935268, 87.28498186383929, 87.2764151436942, 87.26836286272321, 87.2607901436942, 87.25366101946149, 87.24694933210101, 87.2406256539481, 87.23465292794364, 87.22901807512555, 87.22369929722377, 87.21866498674665, 87.21390533447266, 87.20939527239118, 87.20512390136719, 87.2010737827846, 87.19723292759487, 87.19358389718192, 87.19012124197823, 87.18682643345424, 87.18369402204242, 87.1807141985212, 87.17787279401507, 87.17516762869698, 87.1725834437779, 87.17012241908482, 87.1677714756557, 87.16552734375, 87.16338239397321, 87.1613289969308, 87.15937042236328, 87.15748705182757, 87.1556897844587, 87.15396445138114, 87.15231105259487, 87.15072522844586, 87.14920588902065, 87.14773668561664, 87.1463372366769, 87.14498792375836, 87.14368656703404], "minibatch_train_losses": [349.1550598144531, 296.62261962890625, 280.580078125, 236.39462280273438, 204.34609985351562, 180.08892822265625, 156.02906799316406, 137.10853576660156, 121.23030090332031, 124.53346252441406, 112.60993957519531, 109.69796752929688, 108.34965515136719, 103.50830841064453, 106.83595275878906, 107.06383514404297, 116.59040832519531, 114.58413696289062, 115.668701171875, 118.82888793945312, 114.86579895019531, 116.44895935058594, 113.90037536621094, 120.66230010986328, 114.35054016113281, 110.69866943359375, 111.37493896484375, 104.97381591796875, 103.62553405761719, 99.52777862548828, 107.9786376953125, 101.56715393066406, 99.80616760253906, 101.12858581542969, 96.5697021484375, 96.72628021240234, 93.96891784667969, 104.94343566894531, 99.81330871582031, 99.59232330322266, 100.8543701171875, 96.65591430664062, 96.61882019042969, 93.47871398925781, 104.1480712890625, 98.51105499267578, 97.62517547607422, 98.6198501586914, 93.98532104492188, 93.84015655517578, 90.79179382324219, 101.17950439453125, 95.6838607788086, 94.90315246582031, 96.39111328125, 91.90222930908203, 92.384033203125, 89.80119323730469, 99.86459350585938, 94.68315887451172, 93.9708480834961, 95.49662780761719, 90.90310668945312, 91.47705078125, 88.86327362060547, 98.66316223144531, 93.47868347167969, 92.80220031738281, 94.297119140625, 89.71058654785156, 90.25048065185547, 87.57052612304688, 97.7070083618164, 92.50597381591797, 91.99752044677734, 93.43154907226562, 88.91029357910156, 89.38899230957031, 86.6737060546875, 97.00636291503906, 91.7900390625, 91.30419158935547, 92.68997192382812, 88.1412353515625, 88.66523742675781, 86.02741241455078, 96.21572875976562, 91.04701232910156, 90.56982421875, 92.03009796142578, 87.44375610351562, 88.0884017944336, 85.51412963867188, 95.57594299316406, 90.45841979980469, 90.01461791992188, 91.4714126586914, 86.86836242675781, 87.54367065429688, 84.96701049804688, 95.05397033691406, 89.94380950927734, 89.54064178466797, 90.9703369140625, 86.3741226196289, 87.04212951660156, 84.4735107421875, 94.60018920898438, 89.48929595947266, 89.11543273925781, 90.54090881347656, 85.94044494628906, 86.6204833984375, 84.06797790527344, 94.18048095703125, 89.08686065673828, 88.7369155883789, 90.15045928955078, 85.53826904296875, 86.25294494628906, 83.72632598876953, 93.80441284179688, 88.72576141357422, 88.39350891113281, 89.80623626708984, 85.18771362304688, 85.9232406616211, 83.4176254272461, 93.47540283203125, 88.40745544433594, 88.08992004394531, 89.49952697753906, 84.87945556640625, 85.62315368652344, 83.12871551513672, 93.18391418457031, 88.1238784790039, 87.8282470703125, 89.22303009033203, 84.60133361816406, 85.35504150390625, 82.87472534179688, 92.9220199584961, 87.86866760253906, 87.58761596679688, 88.97499084472656, 84.35215759277344, 85.11654663085938, 82.65404510498047, 92.68354797363281, 87.63922119140625, 87.36839294433594, 88.75164794921875, 84.1270751953125, 84.90270233154297, 82.4557113647461, 92.46900939941406, 87.43255615234375, 87.17434692382812, 88.54969787597656, 83.92511749267578, 84.70780181884766, 82.27381896972656, 92.2769775390625, 87.2468032836914, 86.99959564208984, 88.36698150634766, 83.74372863769531, 84.53143310546875, 82.11055755615234, 92.10273742675781, 87.07864379882812, 86.84065246582031, 88.20161437988281, 83.57891845703125, 84.37274169921875, 81.96527099609375, 91.94374084472656, 86.92622375488281, 86.69645690917969, 88.05127716064453, 83.42964935302734, 84.228759765625, 81.83378601074219, 91.79969787597656, 86.78810119628906, 86.56610107421875, 87.91473388671875, 83.29463195800781, 84.0975112915039, 81.71395111083984, 91.6689224243164, 86.66283416748047, 86.44786834716797, 87.79051208496094, 83.172119140625, 83.97821044921875, 81.60570526123047, 91.54954528808594, 86.54884338378906, 86.34025573730469, 87.67724609375, 83.06053161621094, 83.86976623535156, 81.5079345703125, 91.4405288696289, 86.4450454711914, 86.2421875, 87.5739974975586, 82.95903015136719, 83.77083587646484, 81.41899871826172, 91.34100341796875, 86.35051727294922, 86.15292358398438, 87.47972106933594, 82.86660766601562, 83.68048095703125, 