{"testproblem": "fmnist_mlp", "batch_size": 128, "num_epochs": 100, "random_seed": 42, "weight_decay": null, "optimizer_hyperparams": {"lr": 0.006309573444801936}, "train_losses": [2.3021158377329507, 0.421164720868453, 0.3638873285590074, 0.30847891439230013, 0.34935867652679103, 0.27496561809228015, 0.29610824030943406, 0.29645761388998765, 0.3110066587344194, 0.29018027182572925, 0.24232878488225815, 0.26728822157169, 0.26823753347763646, 0.2666723315532391, 0.27753141331367004, 0.26613344958959484, 0.25807589846543777, 0.31783934567983335, 0.21582833467385706, 0.23397051695829782, 0.260391929688362, 0.2125300996674177, 0.20495680184700552, 0.25912315111893874, 0.26112501399639326, 0.20292562360946947, 0.2275860756635666, 0.21695982492887056, 0.21309522940562323, 0.21726491407324106, 0.19408198980948863, 0.21949161646457818, 0.193424013371651, 0.22877127361985353, 0.17043852290281883, 0.21582236714088, 0.21237355728562063, 0.18801253164807954, 0.17556560918306693, 0.22953507934625333, 0.18066362941112274, 0.18998172458929893, 0.21063256578949782, 0.1911438646224829, 0.22050771728540078, 0.17258275839953852, 0.20614491909360275, 0.18886860068409872, 0.21946814035375914, 0.16201038085497343, 0.17734130796713707, 0.1870790095283435, 0.265120979398489, 0.15746248790468925, 0.15018981981735963, 0.18920786869831574, 0.18619617767249927, 0.1859651206013484, 0.18082139832087052, 0.16430653555270952, 0.2071179032134704, 0.19965303192536035, 0.163104098290205, 0.16832864714356569, 0.14671232102391046, 0.1935253863533338, 0.1525677072409636, 0.16357791356933424, 0.1658140749981006, 0.16306704597977492, 0.18002488043827888, 0.18357450295335206, 0.14887599155115774, 0.1507519380404399, 0.18722100240679887, 0.18010454080425775, 0.16616543439718393, 0.14246173160007367, 0.14870709558136952, 0.13454799702725348, 0.16243090642950472, 0.1587682774481483, 0.14634969954689345, 0.1735744716074222, 0.15981996899996048, 0.2117661130733979, 0.171224772834625, 0.18528575860919097, 0.18200306470195451, 0.14677080397422498, 0.15514967896235296, 0.14065457498415923, 0.15743085656028527, 0.155634869224368, 0.16379814184246919, 0.13719057850539684, 0.20015092853170174, 0.16237249597907066, 0.14739874315758547, 0.13877576451079968, 0.13026235438883305], "test_losses": [2.3022368321051965, 0.44981555755321795, 0.4102865021962386, 0.3795127146519147, 0.39746339275286746, 0.37121037451120525, 0.38242498899881655, 0.3815823497298436, 0.41152220525038546, 0.39318312819187456, 0.34876784930626553, 0.37934613151428026, 0.39124513150025636, 0.3745645383993785, 0.3841493486976012, 0.41552777263598567, 0.42170079854818493, 0.41646097887020844, 0.3734841532050035, 0.39438678037661773, 0.41438366625553524, 0.3859279193939307, 0.3739185522382076, 0.3931590681656813, 0.4372040833800267, 0.39792353545243925, 0.39638749185280925, 0.39413939301784223, 0.4429052565724422, 0.40974309887641513, 0.41971329637827015, 0.4246850615510574, 0.4364407929854515, 0.4617451840104201, 0.4187306110293437, 0.4019140429221667, 0.4437839679228954, 0.42302096081085694, 0.4275041490984269, 0.48881370707964283, 0.48197737680031705, 0.451611384558372, 0.48891355651311386, 0.42093914174116576, 0.4849093413123718, 0.48185553630957234, 0.5006140176302347, 0.49482306035665363, 0.5218551800801203, 0.44714595931462753, 0.49439236445304674, 0.5450508103538783, 0.6425473640362421, 0.5164525997944367, 0.5561082848371603, 0.4861433867078561, 0.6012352194923621, 0.4926799048597996, 0.5063937598696122, 0.6100486581906294, 0.5589546584166013, 0.5279761497408916, 0.5455257053940724, 0.6170898937644103, 0.5739794663893871, 0.5446646633820657, 0.5219665003510622, 0.7426881115788069, 0.6682861498915232, 0.5477440254046366, 0.6214559523340983, 0.581843444170096, 0.5783283614959472, 0.6047085175911585, 0.5924961433196679, 0.6105129449413373, 0.5439279709870999, 0.5867904534515662, 0.6661400495049281, 0.6496535249245472, 0.5967864522185081, 0.5664937362456933, 0.6990874560597615, 0.6323059012110417, 0.7039942015440036, 0.6765519993809553, 0.641434408724308, 0.8379343425234159, 0.6027717901728092, 0.6837351077642196, 0.6979493552293533, 0.7277400233806708, 0.6911620765160291, 0.6766783153781524, 0.7639123459274952, 0.6832946678384756, 0.6220155098499396, 0.6598316923930094, 0.6658185349825101, 0.7838528354962667, 0.7464183481075825], "train_accuracies": [0.10817307692307693, 0.8435496794871795, 0.8678886217948718, 0.8850160256410257, 0.887520032051282, 0.89453125, 0.8941306089743589, 0.8913261217948718, 0.8837139423076923, 0.8881209935897436, 0.9103565705128205, 0.9016426282051282, 0.8963341346153846, 0.8980368589743589, 0.9025440705128205, 0.9058493589743589, 0.9066506410256411, 0.8920272435897436, 0.918770032051282, 0.9102564102564102, 0.9061498397435898, 0.9221754807692307, 0.9234775641025641, 0.9037459935897436, 0.9047475961538461, 0.9237780448717948, 0.917167467948718, 0.9212740384615384, 0.9216746794871795, 0.9189703525641025, 0.9261818910256411, 0.9173677884615384, 0.9231770833333334, 0.9181690705128205, 0.9375, 0.9156650641025641, 0.9243790064102564, 0.9302884615384616, 0.9328926282051282, 0.9178685897435898, 0.9331931089743589, 0.930488782051282, 0.9293870192307693, 0.9295873397435898, 0.9251802884615384, 0.9376001602564102, 0.9286858974358975, 0.9350961538461539, 0.9202724358974359, 0.9412059294871795, 0.9347956730769231, 0.9324919871794872, 0.9110576923076923, 0.9389022435897436, 0.9449118589743589, 0.9323918269230769, 0.9278846153846154, 0.9325921474358975, 0.9356971153846154, 0.9394030448717948, 0.9247796474358975, 0.9295873397435898, 0.9370993589743589, 0.9367988782051282, 0.9459134615384616, 0.928886217948718, 0.9438100961538461, 0.9396033653846154, 0.9448116987179487, 0.9440104166666666, 0.9325921474358975, 0.9324919871794872, 0.9428084935897436, 0.9444110576923077, 0.9330929487179487, 0.9370993589743589, 0.9415064102564102, 0.9464142628205128, 0.944511217948718, 0.9497195512820513, 0.9407051282051282, 0.9470152243589743, 0.9453125, 0.9331931089743589, 0.9423076923076923, 0.9242788461538461, 0.9386017628205128, 0.9368990384615384, 0.9332932692307693, 0.9446113782051282, 0.9434094551282052, 0.9502203525641025, 0.9428084935897436, 0.9436097756410257, 0.9432091346153846, 0.9475160256410257, 0.928886217948718, 0.9410056089743589, 0.9488181089743589, 0.9480168269230769, 0.9540264423076923],