{"testproblem": "mnist_mlp", "batch_size": 128, "num_epochs": 100, "random_seed": 42, "weight_decay": null, "optimizer_hyperparams": {"lr": 0.0002511886431509582, "momentum": 0.99}, "train_losses": [2.3034798334806394, 2.190052111943563, 0.661459607955737, 0.39491639458216155, 0.3265269683339657, 0.29195573696723354, 0.25404753478673786, 0.2114493146729775, 0.18828418335089317, 0.16126951078573862, 0.14467003946311963, 0.12585765333511892, 0.11769480038529788, 0.10311882675458224, 0.1004477646201849, 0.09332805843307422, 0.07844530547467563, 0.07282481022561207, 0.06969222872971724, 0.06167137128515886, 0.06291789962695195, 0.0559556916451607, 0.049462665302249104, 0.04555886635222496, 0.04022572941791553, 0.04009170658313311, 0.03563132134672159, 0.03295348035410429, 0.033539752141596414, 0.03205832351858799, 0.02273240527854516, 0.024376018068347223, 0.023824522056831762, 0.024329251299301784, 0.019952127805505045, 0.015838782971677106, 0.015878702155672587, 0.016631349228704587, 0.014787110762718396, 0.011734513900218865, 0.01301522173274022, 0.0104153177772577, 0.009179351517023185, 0.009926172833030041, 0.008558248718961691, 0.008380723949999381, 0.0077741104058730295, 0.008075274479312774, 0.006624983623623848, 0.006892268808606343, 0.0061286257532162545, 0.005559543338723672, 0.005123195835413077, 0.0052855503864777395, 0.005238108862286959, 0.004295484807628851, 0.0043107479428633666, 0.0038993118378596427, 0.003567026545986151, 0.003637222286600333, 0.003631529374382435, 0.0032046792121269763, 0.0031553900872285548, 0.003193588736347663, 0.0029468993441416668, 0.0025605509200921426, 0.0023958733162054648, 0.0024465807737448276, 0.002273703519350443, 0.0020973641807452226, 0.002094554882018994, 0.002059652589452572, 0.001963799867110375, 0.0018188757105515553, 0.0018074835340181987, 0.0018024701529588455, 0.0017754463240122183, 0.001616582704278139, 0.0016250401162184202, 0.0015073762967800482, 0.001473762477055574, 0.0015334660330644022, 0.0014362476097467619, 0.0013334202365233349, 0.001316811841649887, 0.0012833919758215928, 0.0013164968158190066, 0.0011382348930988556, 0.001194348319982871, 0.001303692993063193, 0.0011036797211720394, 0.0011502344829913897, 0.0010401202986637752, 0.0011298716641389406, 0.001073322235009609, 0.0010161112802915084, 0.0009623928329883477, 0.0010969299249924147, 0.0009582283405157236, 0.0008869773875444364, 0.0009535727783655509], "test_losses": [2.3034419279832106, 2.1875531123234677, 0.6575632500342834, 0.38085948871687436, 0.31508782114355993, 0.27492057274167353, 0.24135097928154162, 0.21102567551991877, 0.185415926317756, 0.1643069073653374, 0.15338482922659472, 0.13951401990384626, 0.12668481177817553, 0.12069007491645141, 0.11180516571188584, 0.10773142570486435, 0.10253362935514022, 0.09856137198706467, 0.09287641023118527, 0.0893360616830297, 0.08801966208295944, 0.08807715644630101, 0.08609702304387704, 0.08562335032874192, 0.07980786015590031, 0.07796142001946767, 0.07483359488348167, 0.07420574637273183, 0.07231972025086482, 0.07650753998985657, 0.07078639840563902, 0.07166262591878574, 0.07100760069890664, 0.07334695140329692, 0.07290872315374705, 0.07107333774463488, 0.07210206651152709, 0.07245148761341205, 0.06829466341206661, 0.07007084576747356, 0.06862038080222331, 0.06803951407663333, 0.0691720150076808, 0.07003919381457262, 0.0689882118589221, 0.06945306924768747, 0.0720539294804136, 0.07010421706124759, 0.06955027128927983, 0.07057094609794709, 0.07076942311743131, 0.07153850029676388, 0.07214459375693248, 0.07241403127614504, 0.07320297941661034, 0.07224792628907241, 0.07277515229697411, 0.07357785616738674, 0.07230540921386236, 0.07480659832557042, 0.07385086628775565, 0.0736904404579829, 0.07448559820365447, 0.07527888547151516, 0.07484214595304085, 0.07501441135238378, 0.07603695372549388, 0.0757554358540055, 0.07606162610822, 0.07607795161983141, 0.07701077529539664, 0.076843004530439, 0.07617015826205413, 0.07705683132203725, 0.0774669474325119, 0.07742165623662564, 0.07792755106511788, 0.0779655793060859, 0.07829312750926384, 0.07859048667626503, 0.07820762290308873, 0.07919846231547686, 0.07938703830138995, 0.0793627341492818, 0.07887836340337227, 0.07973881280766083, 0.07955928939657333, 0.08038487538504295, 0.08031415222929074, 0.08095269750517148, 0.08051180958938904, 0.08032052371746455, 0.08089417393486469, 0.0808322770664325, 0.08111174366413018, 0.08179601501577939, 0.08141472792396179, 0.08189471610463582, 0.08158617652952671, 0.08215749411819837, 0.08211845761308303], "train_accuracies": [0.08543669871794872, 0.3488581730769231, 0.7848557692307693, 0.8854166666666666, 0.9045472756410257, 0.91796875, 0.9287860576923077, 0.9387019230769231, 0.9459134615384616, 0.9543269230769231, 0.9598357371794872, 0.9645432692307693, 0.9653445512820513, 0.9728565705128205, 0.9713541666666666, 0.9731570512820513, 0.9778645833333334, 0.9792668269230769, 0.981270032051282, 0.9823717948717948, 0.9810697115384616, 0.9853766025641025, 0.9871794871794872, 0.9873798076923077, 0.9906850961538461, 0.9910857371794872, 0.9902844551282052, 0.9920873397435898, 0.9907852564102564, 0.9907852564102564, 0.9956931089743589, 0.9951923076923077, 0.9948918269230769, 0.9941907051282052, 0.9966947115384616, 0.9963942307692307, 0.9974959935897436, 0.996895032051282, 0.9976963141025641, 0.9988982371794872, 0.9985977564102564, 0.9987980769230769, 0.999198717948718, 0.9989983974358975, 0.9993990384615384, 0.9994991987179487, 0.9992988782051282, 0.9992988782051282, 0.9996995192307693, 0.9994991987179487, 0.9993990384615384, 0.9995993589743589, 0.9995993589743589, 0.9996995192307693, 0.9995993589743589, 0.9998998397435898, 0.9996995192307693, 0.9998998397435898, 0.9998998397435898, 1.0, 0.9996995192307693, 0.9997996794871795, 0.9998998397435898, 0.9998998397435898, 1.0, 1.0, 1.0, 1.0, 0.9998998397435898, 1.0, 1.0, 1.0, 1.0, 1.0, 1.0, 1.0, 1.0, 1.0, 1.0, 1.0, 1.0, 1.0, 1.0, 1.0, 1.0, 1.0, 1.0, 1.0, 1.0, 1.0, 1.0, 1.0, 1.0, 1.0, 1.0, 1.0, 1.0, 1.0, 1.0, 1.0, 1.0], "test_accuracies": [0.08383413461538461, 0.3492588141025641, 0.7916666666666666, 0.8893229166666666, 0.9076522435897436, 0.9191706730769231, 0.9319911858974359, 0.9367988782051282, 0.9435096153846154, 0.9517227564102564, 0.9544270833333334, 0.9585336538461539, 0.9607371794871795, 0.9625400641025641, 0.9657451923076923, 0.9665464743589743, 0.96875, 0.9706530448717948, 0.9716546474358975, 0.9728565705128205, 0.973457532051282, 0.971854967948718, 0.9733573717948718, 0.9743589743589743, 0.9755608974358975, 0.9750600961538461, 0.9768629807692307, 0.9769631410256411, 0.9786658653846154, 0.9766626602564102, 0.9785657051282052, 0.9783653846153846, 0.9789663461538461, 0.9781650641025641, 0.9771634615384616, 0.9794671474358975, 0.9776642628205128, 0.9785657051282052, 0.9793669871794872, 0.9791666666666666, 0.979667467948718, 0.9799679487179487, 0.9790665064102564, 0.9792668269230769, 0.979667467948718, 0.9798677884615384, 0.9791666666666666, 0.9793669871794872, 0.9798677884615384, 0.9797676282051282, 0.979667467948718, 0.979667467948718, 0.9799679487179487, 0.9795673076923077, 0.9793669871794872, 0.9794671474358975, 0.9799679487179487, 0.9799679487179487, 0.9798677884615384, 0.9802684294871795, 0.9799679487179487, 0.979667467948718, 0.98046875, 0.9798677884615384, 0.9797676282051282, 0.9795673076923077, 0.9792668269230769, 0.979667467948718, 0.9801682692307693, 0.9800681089743589, 0.9798677884615384, 0.979667467948718, 0.9802684294871795, 0.979667467948718, 0.98046875, 0.9800681089743589, 0.9801682692307693, 0.9799679487179487, 0.9800681089743589, 0.9798677884615384, 0.9799679487179487, 0.9798677884615384, 0.9801682692307693, 0.98046875, 0.9797676282051282, 0.9799679487179487, 0.98046875, 0.9800681089743589, 0.9799679487179487, 0.9800681089743589, 0.98046875, 0.9802684294871795, 0.9803685897435898, 0.9805689102564102, 0.9801682692307693, 0.98046875, 0.9802684294871795, 0.9802684294871795, 0.98046875, 0.9809695512820513, 0.9803685897435898],