{"testproblem": "mnist_mlp", "batch_size": 128, "num_epochs": 100, "random_seed": 42, "weight_decay": null, "optimizer_hyperparams": {"lr": 2.5118864315095822e-05, "momentum": 0.99}, "train_losses": [2.3034798334806394, 2.298634810325427, 2.2920190676664696, 2.2841013150337415, 2.272118171056112, 2.251350308075929, 2.2169131193405542, 2.152668888752277, 2.0374809763370414, 1.8370819657276838, 1.5117822549281976, 1.1423981189727783, 0.903425299968475, 0.7671913649791327, 0.6850622961154351, 0.614216168721517, 0.5672322412331899, 0.52162604759901, 0.5075414024102383, 0.4673371502222159, 0.4500210464764864, 0.42575794764054126, 0.4264986358391933, 0.41002167723117733, 0.3828674598764151, 0.3763043815508867, 0.3589703240073644, 0.372661581215186, 0.3479212896946149, 0.3432627853292685, 0.3484790002306302, 0.3340063452338561, 0.33360523004562426, 0.33033152039234454, 0.3180273251655774, 0.3105117506705798, 0.3108170418403087, 0.29573699086904526, 0.30611531799420333, 0.28481383583484554, 0.2938949449513203, 0.2754611747387128, 0.2672150752101189, 0.27355548357352233, 0.27465387147206527, 0.25639275786204213, 0.2612759138529117, 0.2639310191839169, 0.2456607014322892, 0.25007173552727086, 0.24692501356968513, 0.24046178582387093, 0.23791858104941171, 0.21770718292548105, 0.2306607145911608, 0.21521596992627168, 0.21864678481450447, 0.22426469748218855, 0.22270751582124296, 0.2240207473245951, 0.2218660471531061, 0.20481779034703207, 0.2089493901301653, 0.20809932740835044, 0.21030741213605955, 0.19238110096790853, 0.19725970207498625, 0.19764449179936677, 0.18303547064081216, 0.19233992953713125, 0.19140054734471518, 0.18843246834018293, 0.17931358497112226, 0.18056878877373841, 0.17423426694212815, 0.171843891342481, 0.17367785978011596, 0.17007708482635328, 0.16720897417802078, 0.15695948373430815, 0.1664046426423085, 0.16836924812732598, 0.15408719674899027, 0.14635295822070196, 0.14585474439156362, 0.14679116311554724, 0.1460726065799976, 0.14042193132142225, 0.13806068123533174, 0.1543129586543028, 0.136582669061728, 0.14535165410966444, 0.13201505485444498, 0.13896459460449526, 0.14144241060010898, 0.13298486306881294, 0.12674345138172308, 0.15077477793854016, 0.1310355074894734, 0.12528369771555448, 0.12532566850766158], "test_losses": [2.3034419279832106, 2.298569300235846, 2.2920131316551795, 2.2835325797398887, 2.2709380174294496, 2.2503664096196494, 2.214715459407904, 2.1495912900337806, 2.0336058965096107, 1.8340442058367608, 1.5037371241129363, 1.1321551348918524, 0.8901097782147236, 0.7569278333431635, 0.6693461865950854, 0.6033967735293584, 0.5523311683000662, 0.5114643978766906, 0.47996456691851985, 0.45399805215688854, 0.43440658637346363, 0.4180591114056416, 0.4026616196601819, 0.38949646399571347, 0.37934202471604717, 0.369682051289158, 0.3598913377485214, 0.3517941860243296, 0.3468144288143286, 0.3385293054370544, 0.3312824085259285, 0.325161144328423, 0.3191791330583585, 0.31560482452504146, 0.30967360701507485, 0.30370863436315304, 0.2986403828821121, 0.2957030004129196, 0.2897224630205295, 0.2862487290627681, 0.2810920478346256, 0.27769912936939645, 0.27328702262960947, 0.26924461231399804, 0.26597691618670255, 0.26123719901228565, 0.2577622443055495, 0.2538405464818844, 0.25015354285446495, 0.2469122134244595, 0.24242342072419631, 0.23917329168090454, 0.23626961119664022, 0.23409041977272585, 0.22960786941723946, 0.22716340508598548, 0.22385889692948416, 0.2200215165145122, 0.21719884232450754, 0.21417112801319513, 0.2121095307266865, 0.20797795205353162, 0.20609151753477561, 0.20390266710175917, 0.2007062956213187, 0.19757880857930735, 0.19505895745868868, 0.1927538761534752, 0.19107216558395287, 0.18751459860075742, 0.18565215767385104, 0.18410821130069402, 0.18127228983510763, 0.17925618311915642, 0.1777589781066546, 0.17527987359043878, 0.1735156391007014, 0.17133229655715135, 0.16955554504425097, 0.1683167193371516, 0.16601362977272424, 0.1653158184236441, 0.16268425855116966, 0.1608111217426948, 0.15856205452329072, 0.15741728117259648, 0.1552732105438526, 0.15422284851471582, 0.15266180988878775, 0.15170526036467308, 0.1502062164915678, 0.14919385657860681, 0.14707766769406122, 0.14591163048186365, 0.14432126937959439, 0.14301250655299577, 0.1421571743602936, 0.14230820207068554, 0.14016811597423676, 0.1387167053344922, 0.13726616631715727], "train_accuracies": [0.08543669871794872, 0.21384214743589744, 0.34685496794871795, 0.3759014423076923, 0.38782051282051283, 0.38291266025641024, 0.3580729166666667, 0.3518629807692308, 0.4089543269230769, 0.5158253205128205, 0.5803285256410257, 0.6994190705128205, 0.7494991987179487, 0.7885616987179487, 0.7958733974358975, 0.8292267628205128, 0.8354366987179487, 0.8504607371794872, 0.8506610576923077, 0.8673878205128205, 0.8673878205128205, 0.8752003205128205, 0.8769030448717948, 0.8846153846153846, 0.8930288461538461, 0.8931290064102564, 0.8999399038461539, 0.8952323717948718, 0.9012419871794872, 0.9018429487179487, 0.9017427884615384, 0.9032451923076923, 0.905448717948718, 0.9053485576923077, 0.9092548076923077, 0.9107572115384616, 0.9128605769230769, 0.9155649038461539, 0.9111578525641025, 0.9193709935897436, 0.9168669871794872, 0.9195713141025641, 0.9240785256410257, 0.9214743589743589, 0.9192708333333334, 0.9272836538461539, 0.9259815705128205, 0.9227764423076923, 0.9293870192307693, 0.9275841346153846, 0.9311899038461539, 0.9305889423076923, 0.9321915064102564, 0.9386017628205128, 0.9340945512820513, 0.9402043269230769, 0.9377003205128205, 0.9360977564102564, 0.9339943910256411, 0.9390024038461539, 0.9377003205128205, 0.9408052884615384, 0.9393028846153846, 0.9431089743589743, 0.9415064102564102, 0.9447115384615384, 0.9426081730769231, 0.9442107371794872, 0.9472155448717948, 0.946113782051282, 0.9442107371794872, 0.9456129807692307, 0.950020032051282, 0.9471153846153846, 0.9513221153846154, 0.9514222756410257, 0.9509214743589743, 0.9524238782051282, 0.9507211538461539, 0.952323717948718, 0.9529246794871795, 0.9511217948717948, 0.9558293269230769, 0.9588341346153846, 0.9566306089743589, 0.9590344551282052, 0.9598357371794872, 0.9625400641025641, 0.9591346153846154, 0.9563301282051282, 0.9614383012820513, 0.9594350961538461, 0.9629407051282052, 0.9581330128205128, 0.9620392628205128, 0.9621394230769231, 0.9644431089743589, 0.9580328525641025, 0.9625400641025641, 0.9651442307692307, 0.9660456730769231],