{"testproblem": "mnist_mlp", "batch_size": 128, "num_epochs": 100, "random_seed": 42, "weight_decay": null, "optimizer_hyperparams": {"lr": 10.0}, "train_losses": [2.3034798334806394, 3.039149351609059, 2.775007174565242, 2.8813450091924424, 2.877029904952416, 2.5354143717350106, 3.172146185850486, 2.710756439429063, 3.261317402888567, 2.4902863808167286, 3.6162185852344217, 3.389217590674376, 3.0554472024624166, 2.710377032940204, 2.426046704634642, 3.008357448455615, 2.7873425911634397, 2.6747995645571976, 2.5977586996860995, 2.4461818230457797, 2.628772674462734, 2.5271408252227, 2.955934934127025, 3.1381199818391066, 2.5692634918750863, 2.5427119181706357, 2.8720624905366163, 2.4042787888111214, 2.5451189371255727, 2.755895501528031, 2.9294072756400475, 3.4048947432102303, 2.4693150031260953, 2.5860512592853646, 2.627962051293789, 2.525385544850276, 2.5915086605609994, 2.492155072016594, 2.798872580895057, 2.8816468012638583, 2.596757335540576, 2.9233491145647488, 2.5267415810854006, 3.134177803993225, 2.668503544269464, 3.077701544150328, 2.6707705778953357, 2.7134683774067807, 2.845025258186536, 2.4300765227048826, 2.489609580773574, 2.4889014928768844, 2.6890618342619677, 2.8073669335780997, 2.5640633503595986, 2.8843076809858665, 2.788830423966432, 4.594112111971929, 2.5000663231580686, 2.682936417750823, 2.6680714319913816, 2.5178150488780093, 2.8820181687672934, 2.7814600406548915, 2.6742285245504136, 2.523494387284303, 2.485924277550135, 2.504075566927592, 2.9310464400511522, 2.7305715145208898, 2.5319893757502236, 2.504443205319918, 2.5843917589921217, 2.5673740949386206, 2.5218957570882945, 2.751766779483893, 3.1723759969075522, 2.713312185727633, 2.8091765642166138, 2.3154024619322557, 2.4925596775152745, 2.8671882305389795, 3.1775107261462088, 2.7036846539913078, 2.8787149771665916, 2.41331000205798, 2.672991324693729, 2.78275566529005, 3.050135780603458, 2.9274778182689962, 2.62597354558798, 2.463567776557727, 2.5386074628585424, 2.615844894678165, 2.8629175088344474, 2.6216818002554088, 2.4578515107815084, 2.8975523740817337, 3.2799958357444177, 2.7820890744527182, 2.6795405730223045], "test_losses": [2.3034419279832106, 3.031404660298274, 2.7735731418316183, 2.894191806132977, 2.8681049102391953, 2.538071666008387, 3.1831656174781995, 2.6994749215932994, 3.2769800332876353, 2.4980291311557474, 3.5936093574915176, 3.36113973458608, 3.017173660107148, 2.695295009857569, 2.4217690382248316, 3.006266169058971, 2.7675910668495374, 2.6581967580012784, 2.5772625452432876, 2.4472830417828684, 2.6319029239507823, 2.519821368730985, 2.962140991137578, 3.14787347194476, 2.568867930999169, 2.5539547877433972, 2.8464250625708165, 2.405019286351326, 2.545682207131997, 2.7459406669323263, 2.9447062565730167, 3.4300365111766715, 2.489270139963199, 2.597382148106893, 2.6135769287745156, 2.527639392094734, 2.594959925382565, 2.4951931880070615, 2.7978567526890683, 2.8991118241579104, 2.595585178106259, 2.9153122504552207, 2.519596986281566, 3.1318096961730566, 2.663563382931245, 3.0540294310985465, 2.659692250765287, 2.7316834131876626, 2.845617441030649, 2.4362615530307474, 2.5024591042445254, 2.489960266993596, 2.6816068704311666, 2.813677118374751, 2.552794370895777, 2.883127157504742, 2.780087581047645, 4.6305428345998125, 2.492463310559591, 2.6672266660592494, 2.6607918739318848, 2.5136027122155213, 2.8642771427447977, 2.7839536238939333, 2.6818947394688926, 2.5100554044430075, 2.4889509280522666, 2.492058595021566, 2.9669270240343533, 2.7328521013259888, 2.52532103122809, 2.4867918613629465, 2.5829400221506753, 2.559858670601478, 2.5218766071857552, 2.7434607377419105, 3.176627666522295, 2.7117728147751246, 2.822685788839291, 2.314853983047681, 2.5089498330385256, 2.8736319786463027, 3.158287986730918, 2.7005571249203806, 2.8806137213340173, 2.4137802704786644, 2.6570699520600147, 2.7751834331414638, 3.0571119907574777, 2.961151755773104, 2.630163440337548, 2.4756884024693417, 2.5379973955643482, 2.612692356109619, 2.845642673663604, 2.627389696928171, 2.467300350849445, 2.8901025515336256, 3.298178602487613, 2.7840436605306773, 2.6838021247814865], "train_accuracies": [0.08543669871794872, 0.09885817307692307, 0.09545272435897435, 0.09685496794871795, 0.11398237179487179, 0.09174679487179487, 0.09835737179487179, 0.10917467948717949, 0.10346554487179487, 0.09755608974358974, 0.10306490384615384, 0.09725560897435898, 0.10096153846153846, 0.11338141025641026, 0.08703926282051282, 0.09785657051282051, 0.09555288461538461, 0.10026041666666667, 0.10336538461538461, 0.10346554487179487, 0.10186298076923077, 0.10416666666666667, 0.09945913461538461, 0.09715544871794872, 0.09705528846153846, 0.09515224358974358, 0.09094551282051282, 0.11057692307692307, 0.09775641025641026, 0.09965945512820513, 0.09565304487179487, 0.10116185897435898, 0.10687099358974358, 0.10506810897435898, 0.09835737179487179, 0.09945913461538461, 0.09725560897435898, 0.10687099358974358, 0.09635416666666667, 0.10106169871794872, 0.09735576923076923, 0.10006009615384616, 0.09755608974358974, 0.09765625, 0.11207932692307693, 0.09555288461538461, 0.09705528846153846, 0.10627003205128205, 0.10106169871794872, 0.0960536858974359, 0.09104567307692307, 0.10336538461538461, 0.10036057692307693, 0.10326522435897435, 0.09385016025641026, 0.11217948717948718, 0.09775641025641026, 0.09715544871794872, 0.0985576923076923, 0.09785657051282051, 0.09785657051282051, 0.0914463141025641, 0.09935897435897435, 0.10106169871794872, 0.10216346153846154, 0.11057692307692307, 0.09775641025641026, 0.09825721153846154, 0.09885817307692307, 0.09755608974358974, 0.09805689102564102, 0.10797275641025642, 0.09385016025641026, 0.09585336538461539, 0.09725560897435898, 0.09304887820512821, 0.09445112179487179, 0.09965945512820513, 0.10486778846153846, 0.09625400641025642, 0.10787259615384616, 0.10176282051282051, 0.0946514423076923, 0.10987580128205128, 0.10006009615384616, 0.11057692307692307, 0.11438301282051282, 0.09715544871794872, 0.0953525641025641, 0.09935897435897435, 0.10276442307692307, 0.11348157051282051, 0.09885817307692307, 0.1038661858974359, 0.10346554487179487, 0.0914463141025641, 0.10196314102564102, 0.11438301282051282, 0.09955929487179487, 0.09595352564102565, 0.08904246794871795],