{"train_losses": [353.9337594168527, 543.697492327009, 301.9326433454241, 565.9673287527902, 607.5597011021206, 616.9442836216518, 503.6917506626674, 323.9644688197545, 139.95831516810827, 421.0194571358817, 323.1353759765625, 499.3946446010045, 405.3306143624442, 260.9252253941127, 217.56205313546317, 156.5192108154297, 305.5826416015625, 259.0249546595982, 386.6794651576451, 203.87854875837053, 234.2646026611328, 102.96566445486886, 177.20327976771765, 250.27868434361048, 225.98558262416296, 239.95354788643974, 137.83036368233817, 168.15895080566406, 144.51065063476562, 139.64236995152064, 180.40506635393416, 196.7815922328404, 171.39693559919084, 129.88098798479353, 106.98866162981305, 152.3158242361886, 125.96758379255023, 165.63494873046875, 133.79018620082311, 148.00164140973772, 113.87104797363281, 110.56597573416573, 126.76986803327289, 112.88437761579242, 155.67244829450334, 109.35775429861886, 131.82489340645927, 97.88155691964286, 106.94075993129185, 122.55691964285714, 115.30816323416573, 123.7069811139788, 104.87142508370536, 118.06792558942523, 103.2132590157645, 97.38784899030414, 112.50732312883649, 116.44353485107422, 118.2470932006836, 94.71760886056083, 102.2031751360212, 107.31643676757812, 101.63250950404576, 114.02397046770368, 98.28123038155692, 112.72257341657367, 96.88797760009766, 99.4605473109654, 104.56897517613002, 103.0977314540318, 110.32090650285993, 94.18924713134766, 104.95973314557757, 97.22622789655414, 103.63342939104352, 104.38207135881696, 99.2462408883231, 101.83040509905133, 95.61099897112165, 106.24904087611607, 100.2477525983538, 97.81002153669085, 101.92498125348773, 98.52434430803571, 103.10977717808315, 96.10839298793248, 101.81501007080078, 101.17810930524554, 98.24774278913226, 99.86519513811383, 96.7443106515067, 104.41065979003906, 97.7677971976144, 98.47298649379185, 98.82843780517578, 99.86258152553013, 101.49940817696708, 96.25750296456474, 100.9661385672433, 97.58856092180524, 99.81232452392578], "test_losses": [353.44676426478793, 548.5126865931919, 307.60009765625, 561.5352696010044, 616.9833025251116, 616.3348650251116, 510.76305716378346, 321.5643223353795, 144.6281498500279, 430.6878923688616, 317.11255318777904, 504.1305716378348, 408.92664882114957, 269.9170488630022, 215.13233075823103, 155.4491446358817, 315.4502868652344, 259.5201612200056, 391.35726056780135, 202.70470537458147, 240.62367248535156, 106.68925258091518, 176.94210597446985, 255.34758649553572, 227.58928789411272, 246.27450343540735, 137.40284946986608, 171.5402548653739, 149.15610831124442, 140.46617126464844, 185.65989467075892, 198.3350590297154, 175.7057342529297, 130.18901824951172, 111.64181954520089, 157.31160191127233, 125.89441462925502, 169.4077388218471, 136.70433262416296, 152.87771606445312, 114.68416050502232, 113.11356135777065, 131.93716321672713, 114.91448647635323, 158.8559286934989, 110.46286010742188, 137.10521371023995, 101.02459062848773, 108.50579616001674, 125.72529820033482, 118.32210867745536, 128.107298714774, 106.06342533656529, 121.7961186000279, 106.4861079624721, 99.67437635149274, 116.07753426688058, 118.93145969935826, 122.08260236467633, 96.63762446812221, 105.87107740129743, 110.40016174316406, 103.8444584437779, 117.70332336425781, 100.93749346051898, 116.4650410243443, 98.84725952148438, 102.50546591622489, 108.18395015171596, 105.94784872872489, 113.39797646658761, 96.25889478410993, 108.97992379324776, 100.07826450892857, 106.13946315220424, 107.57425035749164, 102.30982208251953, 105.25018310546875, 97.6642565046038, 109.71787697928292, 103.36568014962333, 100.69815390450614, 104.97509220668248, 101.14205823625836, 106.5402352469308, 98.80950055803571, 105.02286747523716, 104.08566284179688, 101.07872990199498, 103.07570975167411, 99.46459633963448, 107.78658185686383, 100.43773106166294, 101.48739842006138, 101.93438066755023, 102.82021004813058, 104.49709756033761, 98.97564697265625, 104.39719717843192, 100.42395346505302, 102.60177830287388], "minibatch_train_losses": [369.72540283203125, 1100.6744384765625, 559.5213012695312, 360.4097595214844, 713.3557739257812, 651.077392578125, 513.9744873046875, 531.3671875, 395.6318359375, 972.556396484375, 583.5743408203125, 263.1851501464844, 808.2252807617188, 853.035888671875, 298.7503662109375, 497.7803955078125, 621.775634765625, 581.4952392578125, 461.2171630859375, 342.5458984375, 551.730224609375, 578.8218994140625, 251.0843048095703, 406.62255859375, 706.886474609375, 351.28204345703125, 272.1201171875, 612.0455322265625, 612.3505249023438, 405.65350341796875, 407.93890380859375, 483.0613708496094, 624.146484375, 327.48822021484375, 274.4551696777344, 600.9090576171875, 484.86981201171875, 297.87982177734375, 550.0230712890625, 536.922607421875, 549.4232177734375, 296.26995849609375, 511.2687683105469, 638.3274536132812, 385.51092529296875, 263.43450927734375, 534.9105834960938, 560.5828857421875, 331.1297607421875, 337.48870849609375, 484.921142578125, 497.4429626464844, 312.6407775878906, 308.74609375, 429.959716796875, 422.15484619140625, 138.92442321777344, 363.48431396484375, 547.7677612304688, 301.3779296875, 267.3659362792969, 461.95037841796875, 449.95050048828125, 413.56964111328125, 248.0831298828125, 357.10223388671875, 553.3270263671875, 241.1071014404297, 189.52330017089844, 490.451904296875, 322.3399353027344, 195.522216796875, 383.0452880859375, 386.8641357421875, 322.85931396484375, 291.33599853515625, 267.42816162109375, 511.9364318847656, 369.2348327636719, 142.73638916015625, 405.78399658203125, 445.9926452636719, 227.4340362548828, 221.60443115234375, 405.11749267578125, 298.2426452636719, 336.60601806640625, 271.88775634765625, 351.2284851074219, 439.7901611328125, 199.07620239257812, 259.2647705078125, 500.7764892578125, 266.7225341796875, 220.56886291503906, 368.48095703125, 319.7044982910156, 319.74871826171875, 219.84671020507812, 244.80679321289062, 368.68896484375, 243.99664306640625, 156.72470092773438, 319.96270751953125, 239.10397338867188, 159.5792999267578, 252.9186248779297, 314.3723449707031, 261.20111083984375, 203.251708984375, 241.34140014648438, 373.3951416015625, 304.3592529296875, 168.4297332763672, 313.0238952636719, 368.9365539550781, 169.13076782226562, 237.83041381835938, 242.03872680664062, 258.6628723144531, 204.52957153320312, 191.65155029296875, 309.14129638671875, 321.8787841796875, 152.50759887695312, 235.0542755126953, 399.13665771484375, 204.02975463867188, 188.0869598388672, 243.34494018554688, 269.1148376464844, 253.29730224609375, 159.98812866210938, 201.03501892089844, 344.0068359375, 217.66253662109375, 170.59384155273438, 297.5432434082031, 242.60345458984375, 128.94229125976562, 226.90826416015625, 248.09832763671875, 227.462158203125, 243.74241638183594, 153.93838500976562, 277.2475280761719, 274.3381652832031, 108.5003662109375, 197.4419403076172, 259.79705810546875, 150.8590087890625, 164.9027099609375, 216.72525024414062, 160.56680297851562, 187.80006408691406, 179.9951171875, 204.7579345703125, 233.83282470703125, 150.5533447265625, 160.06692504882812, 297.2397155761719, 248.1099853515625, 124.76520538330078, 282.942138671875, 247.8111114501953, 174.37722778320312, 202.29229736328125, 129.58084106445312, 218.84271240234375, 170.898681640625, 119.079833984375, 250.9409942626953, 241.97830200195312, 128.07907104492188, 185.0379638671875, 249.41810607910156, 196.81643676757812, 131.00836181640625, 176.97080993652344, 189.28256225585938, 194.73876953125, 126.70100402832031, 141.99966430664062, 241.1819610595703, 177.41461181640625, 135.82777404785156, 192.64561462402344, 171.55711364746094, 124.96610260009766, 163.8876495361328, 164.89772033691406, 224.92491149902344, 169.84396362304688, 130.2653350830078, 246.6105499267578, 189.9636688232422, 145.0087432861328, 167.09449768066406, 175.14535522460938, 181.38143920898438, 134.06253051757812, 143.7034912109375, 163.8313446044922, 146.78207397460938, 109.97869873046875, 186.540283203125, 167.13833618164062, 