{"train_losses": [353.18075125558033, 267.69773646763394, 135.96985953194755, 151.71553257533483, 201.70423235212053, 217.54505266462053, 181.58703395298548, 136.87056841169084, 163.93167332240515, 166.8237806047712, 133.78159659249442, 154.94120134626115, 169.486332484654, 143.3622283935547, 117.75248391287667, 111.60640934535435, 135.26784188406808, 154.859375, 129.12965393066406, 99.35720498221261, 110.27586691720145, 124.25141361781529, 124.44728524344308, 116.57461874825614, 98.80762808663505, 102.40056501116071, 111.37012590680804, 104.6941637311663, 106.53257533482143, 106.91292027064732, 99.58431570870536, 96.23009272984096, 96.67881665910993, 101.60021318708148, 103.7151609148298, 95.53260476248605, 88.34178924560547, 94.2210202898298, 98.95107596261161, 95.4188711983817, 92.78126307896206, 89.7524915422712, 90.5057852608817, 92.6003668648856, 91.10544804164341, 91.92776162283761, 90.86214229038784, 87.82593536376953, 88.3371080671038, 90.3967045375279, 90.47564915248326, 88.5618166242327, 87.22804587227958, 86.76559775216239, 88.34713854108539, 88.78259822300502, 87.19571031842914, 87.44608306884766, 86.4888665335519, 86.27157265799386, 87.41818564278739, 86.87352207728794, 86.85027422223773, 86.08979252406529, 85.56524658203125, 86.2860347202846, 86.51209477015904, 86.47891562325614, 85.60296412876674, 85.37158966064453, 85.66144561767578, 85.8684801374163, 86.08169446672711, 85.28354971749442, 85.30031258719308, 85.51956830705915, 85.29579162597656, 85.5300053187779, 85.3321064540318, 85.32417515345982, 85.20588793073382, 84.95484488351005, 85.21864427839007, 85.36862618582589, 85.2546855381557, 84.87133462088448, 84.91310119628906, 85.14268711635044, 85.14272635323661, 85.08487483433315, 84.81465911865234, 84.96087210518974, 85.01266588483539, 84.90705980573382, 85.0000228881836, 84.87079729352679, 84.9420166015625, 84.86083112444196, 84.80554962158203, 84.95794568743024, 84.86914498465401], "test_losses": [353.44676426478793, 271.742667061942, 136.18389238630022, 154.99719020298548, 204.54431806291853, 217.45923723493303, 187.1759512765067, 136.7704838344029, 167.1961408342634, 170.23880004882812, 134.37000710623605, 159.46598161969865, 170.17136710030692, 147.01274980817522, 119.68896811349052, 113.13210950578961, 139.49141366141183, 154.6955806187221, 132.9905232020787, 101.38135964529855, 111.28903198242188, 128.0537599836077, 125.44293212890625, 119.43211691720145, 100.77380916050502, 104.88982282366071, 113.83367483956474, 106.27091108049665, 110.24174172537667, 108.01280430385044, 102.48562949044364, 99.05923134940011, 98.00726536342076, 104.97459084647042, 105.34217507498605, 98.23970903669085, 90.4905275617327, 96.28084455217633, 101.96541922433036, 96.58648572649274, 96.00149100167411, 91.77775573730469, 92.23102678571429, 95.86814880371094, 92.6028071812221, 94.57666996547154, 93.24562072753906, 89.94671848842076, 90.89876556396484, 92.42999049595424, 93.19773428780692, 90.51073891775948, 89.68859972272601, 89.24156297956195, 90.28460693359375, 91.42208644321987, 89.2822025844029, 89.8346677507673, 88.70813969203404, 88.59388623918805, 89.82973262241909, 88.85340881347656, 89.59249768938336, 88.07436915806362, 87.91874694824219, 88.88604300362724, 88.39550127301898, 89.20092446463448, 87.71545846121651, 87.68549564906529, 88.16696275983539, 87.8851547241211, 88.71580941336495, 87.33982958112445, 87.679445539202, 87.95807211739677, 87.2956793648856, 88.14539119175502, 87.44273812430245, 87.61505671909877, 87.6702128819057, 87.06148747035435, 87.66346304757255, 87.63434818812779, 87.55566079275948, 87.21054949079242, 87.20584869384766, 87.4910866873605, 87.40373883928571, 87.4584721156529, 87.08153097970145, 87.28924124581474, 87.31864602225167, 87.20181819370815, 87.34293474469867, 87.09037780761719, 87.36282348632812, 87.0718024117606, 87.10924312046596, 87.38009752546039, 86.99585287911552], "minibatch_train_losses": [344.64453125, 303.2716979980469, 210.57093811035156, 143.41183471679688, 105.89710998535156, 126.22380065917969, 198.09718322753906, 272.9898681640625, 315.490966796875, 335.3312683105469, 274.7563781738281, 202.61444091796875, 153.14303588867188, 123.00541687011719, 129.6493682861328, 185.41148376464844, 227.0310821533203, 278.548583984375, 278.1165771484375, 246.98825073242188, 191.6252899169922, 152.50051879882812, 136.41403198242188, 157.99142456054688, 178.6393585205078, 211.9033966064453, 229.86996459960938, 235.54916381835938, 202.31820678710938, 165.71377563476562, 147.4816436767578, 142.78933715820312, 156.53314208984375, 200.4347686767578, 208.20462036132812, 211.0840606689453, 207.75360107421875, 167.89981079101562, 151.50936889648438, 133.75009155273438, 130.5622100830078, 160.77609252929688, 188.5555419921875, 197.68212890625, 218.57351684570312, 188.11253356933594, 166.35958862304688, 154.91717529296875, 136.86907958984375, 128.09365844726562, 149.91098022460938, 159.412353515625, 184.12823486328125, 185.69778442382812, 189.22845458984375, 176.46243286132812, 168.69442749023438, 154.904296875, 145.8985595703125, 142.82855224609375, 143.49362182617188, 147.9943389892578, 162.93902587890625, 165.232666015625, 169.71543884277344, 184.08995056152344, 169.85855102539062, 159.85888671875, 160.46783447265625, 137.237548828125, 128.95086669921875, 138.8616943359375, 138.60845947265625, 161.55343627929688, 169.62147521972656, 170.47348022460938, 175.08847045898438, 162.4009246826172, 136.83474731445312, 128.940185546875, 121.21621704101562, 127.04681396484375, 154.759033203125, 160.54376220703125, 159.580322265625, 164.35838317871094, 154.89822387695312, 133.24118041992188, 119.58832550048828, 119.45743560791016, 130.3388671875, 149.6811065673828, 157.55233764648438, 155.21311950683594, 151.6575164794922, 134.2176513671875, 120.98965454101562, 117.80331420898438, 114.7162857055664, 130.3143310546875, 150.15731811523438, 156.01361083984375, 148.9415283203125, 151.3077392578125, 122.83633422851562, 107.40726470947266, 107.90792083740234, 117.08446502685547, 129.88629150390625, 147.22830200195312, 148.49200439453125, 155.38986206054688, 141.89431762695312, 117.1280517578125, 101.89471435546875, 102.5619125366211, 108.92179107666016, 139.47457885742188, 146.9921112060547, 145.0000457763672, 150.10513305664062, 135.98745727539062, 112.93576049804688, 94.75563049316406, 99.27606964111328, 113.1737060546875, 134.95664978027344, 143.74044799804688, 149.5369873046875, 141.66867065429688, 128.71759033203125, 109.52925109863281, 100.89640808105469, 95.71394348144531, 111.1923828125, 127.2047348022461, 139.72695922851562, 135.97177124023438, 143.02572631835938, 123.30667114257812, 106.79608917236328, 103.93038940429688, 105.38552856445312, 109.57447814941406, 118.75617980957031, 125.31879425048828, 134.11383056640625, 129.21212768554688, 113.71463012695312, 105.2925033569336, 104.64677429199219, 107.8555908203125, 121.34706115722656, 119.41581726074219, 116.02385711669922, 123.29292297363281, 119.38687896728516, 105.87782287597656, 94.30844116210938, 101.02928924560547, 112.79810333251953, 121.39974975585938, 122.36603546142578, 120.39962768554688, 115.99784851074219, 108.36217498779297, 102.91975402832031, 97.25651550292969, 95.20628356933594, 105.467041015625, 114.46865844726562, 120.58524322509766, 117.0696029663086, 119.79854583740234, 108.1693115234375, 100.0938720703125, 99.49275207519531, 104.56265258789062, 100.19267272949219, 102.515869140625, 108.24225616455078, 117.54304504394531, 114.63426208496094, 108.79719543457031, 100.77754211425781, 105.30795288085938, 103.44292449951172, 110.90878295898438, 101.99287414550781, 98.42024993896484, 105.63404846191406, 110.38602447509766, 105.02693176269531, 101.0018081665039, 104.94274139404297, 110.70713806152344, 110.09832000732422, 103.54009246826172, 103.01688385009766, 97.59835815429688, 97.88661193847656, 104.03983306884766, 105.33827209472656, 103.68939208984375, 109.47918701171875, 103.99475860595703, 106.08686828613281, 97.30783081054688, 101.02601623535156, 