{"train_losses": [354.0718776157924, 268.29266357421875, 138.02899169921875, 152.09163338797433, 201.74520874023438, 217.8865705217634, 180.64652361188615, 139.10004316057478, 163.64429364885603, 168.34869820731026, 134.4868382045201, 152.86606924874442, 171.68721444266183, 143.20685032435827, 119.45695277622768, 112.30608149937221, 133.23878261021204, 157.0122833251953, 129.06826237269811, 100.4765374319894, 110.84230586460659, 123.42362104143415, 126.28878566196987, 115.83644757952008, 99.7838374546596, 103.3899917602539, 111.10406058175224, 105.83918980189732, 105.85790470668248, 107.95692988804409, 100.49320220947266, 96.23030744280133, 97.38000924246651, 101.3717771257673, 104.73009490966797, 95.94932120186942, 88.64754050118583, 94.93455832345145, 98.96209716796875, 96.14302389962333, 93.04271262032645, 90.38660103934151, 90.99175698416573, 92.83198983328683, 91.7378180367606, 92.02739933558873, 91.70669664655414, 88.15047890799386, 88.6762226649693, 91.03478022984096, 90.52386147635323, 89.43108585902623, 87.46033477783203, 87.22166551862445, 88.95526232038226, 88.82818058558873, 88.0774405343192, 87.6061270577567, 86.98380497523716, 86.91939762660435, 87.4805167061942, 87.6567143031529, 87.06953866141183, 86.59240286690849, 86.16027287074498, 86.44537898472377, 87.18980080740792, 86.76072474888393, 86.11214011056083, 85.8734632219587, 85.94798169817243, 86.46913582938058, 86.3886228288923, 85.79835074288505, 85.73771013532367, 85.91163744245257, 85.82219478062221, 85.85863712855748, 85.8607929774693, 85.71221487862724, 85.66791316441127, 85.42291913713727, 85.57089342389789, 85.91528756277901, 85.60062190464565, 85.36515263148716, 85.36493464878627, 85.50941467285156, 85.6778815133231, 85.43438066755023, 85.31432342529297, 85.38922010149274, 85.41602870396206, 85.41724831717355, 85.35152762276786, 85.38271222795758, 85.35138048444476, 85.283205304827, 85.30093274797711, 85.32241712297711, 85.37181200299945], "test_losses": [353.44676426478793, 272.1029793875558, 137.89619663783483, 154.54170445033483, 204.4007284981864, 217.38268824986048, 185.5528847830636, 138.79317147391183, 166.45247105189733, 171.2623247419085, 134.7286333356585, 156.99017551967077, 171.97009931291853, 146.32415117536272, 121.13043648856026, 113.38685062953404, 136.81825692313058, 156.71429007393974, 132.3542960030692, 101.87864903041294, 111.75406210763114, 126.54809025355748, 126.7733154296875, 118.51104954310826, 101.07737840924945, 105.47389003208706, 113.23701586042132, 106.86582510811942, 109.18113381522042, 108.59445517403739, 103.02671377999442, 98.58067539760044, 98.2092524937221, 104.52026803152901, 105.72753252301898, 98.23854609898159, 90.58236258370536, 96.27071816580636, 101.6864994594029, 96.97554670061383, 95.59000723702567, 92.1708243233817, 92.23359135219029, 95.59412166050502, 92.89754050118583, 94.14852033342633, 93.73657117571149, 89.75677490234375, 90.80368477957589, 92.73672267368862, 92.61361258370536, 91.08456093924386, 89.48993900844029, 89.08817618233817, 90.65662711007255, 90.92592075892857, 89.67537798200335, 89.69681985037667, 88.64031001499721, 88.86082131522042, 89.47295815604073, 89.15126255580357, 89.4488765171596, 88.07061549595424, 88.13523210797992, 88.61797986711774, 88.5616433279855, 89.16423034667969, 87.71302795410156, 87.73541477748326, 88.11818477085659, 87.93326677594867, 88.64046151297433, 87.44906507219586, 87.59141104561942, 87.99532972063336, 87.34654126848493, 88.02104840959821, 87.58297729492188, 87.50658416748047, 87.74404471261161, 87.07253156389508, 87.55838230678013, 87.80440521240234, 87.39359283447266, 87.3111822945731, 87.237058367048, 87.35363333565849, 87.58160509381976, 87.330078125, 87.12620762416294, 87.3419211251395, 87.22267695835659, 87.30617087227958, 87.26725224086216, 87.13076673235211, 87.37643432617188, 87.02692413330078, 87.18161119733539, 87.31898716517857, 87.02962711879185], "minibatch_train_losses": [352.57867431640625, 301.39556884765625, 216.0602569580078, 144.5089111328125, 112.22620391845703, 130.65713500976562, 198.89981079101562, 268.380126953125, 318.29449462890625, 312.8732604980469, 273.25103759765625, 213.85801696777344, 152.65512084960938, 127.8053970336914, 136.26620483398438, 187.92054748535156, 235.95361328125, 279.1583251953125, 272.58306884765625, 238.72613525390625, 187.07102966308594, 150.519775390625, 137.26126098632812, 151.56948852539062, 182.56202697753906, 227.6595458984375, 236.48025512695312, 236.12193298339844, 203.9593048095703, 167.4342498779297, 134.7126922607422, 142.2429962158203, 156.56491088867188, 189.52691650390625, 212.00897216796875, 212.78233337402344, 210.4215087890625, 178.89315795898438, 152.88824462890625, 139.74880981445312, 137.5353240966797, 154.62344360351562, 180.8647918701172, 196.73390197753906, 200.67698669433594, 191.17291259765625, 177.74185180664062, 148.68218994140625, 145.03125, 141.6189422607422, 151.41400146484375, 158.64974975585938, 182.82815551757812, 183.0352783203125, 187.92210388183594, 172.20889282226562, 155.45565795898438, 159.55294799804688, 149.22494506835938, 142.902099609375, 155.06251525878906, 151.52804565429688, 166.19952392578125, 172.57798767089844, 168.67129516601562, 166.7423553466797, 172.8545379638672, 161.8419647216797, 146.95382690429688, 139.2810821533203, 133.28460693359375, 142.80752563476562, 147.57435607910156, 163.18167114257812, 175.06338500976562, 181.3086700439453, 167.59463500976562, 146.1422882080078, 138.50375366210938, 120.90780639648438, 120.21821594238281, 136.91842651367188, 144.8750457763672, 173.64602661132812, 177.4295654296875, 162.5511932373047, 143.65902709960938, 137.10223388671875, 121.0087661743164, 119.65609741210938, 121.42601013183594, 137.9124755859375, 162.5224609375, 161.99449157714844, 150.83251953125, 141.90560913085938, 125.48527526855469, 122.60847473144531, 117.85587310791016, 130.778076171875, 136.61123657226562, 153.93980407714844, 152.92642211914062, 137.04681396484375, 128.53379821777344, 114.55986785888672, 110.58680725097656, 117.11428833007812, 137.6363067626953, 152.81703186035156, 157.9591827392578, 142.78717041015625, 128.4220428466797, 118.41545104980469, 100.61193084716797, 100.10273742675781, 116.59625244140625, 131.74288940429688, 161.69729614257812, 158.43624877929688, 148.67337036132812, 122.77313232421875, 112.61738586425781, 99.7406005859375, 99.37002563476562, 106.63441467285156, 126.81494903564453, 149.02444458007812, 152.88446044921875, 146.89727783203125, 132.6505584716797, 110.76643371582031, 101.21479034423828, 99.67901611328125, 110.16464233398438, 118.75590515136719, 135.89175415039062, 142.71975708007812, 133.87921142578125, 130.73458862304688, 110.65768432617188, 105.84075927734375, 100.56388854980469, 113.82882690429688, 124.92181396484375, 132.99679565429688, 123.74342346191406, 120.29998779296875, 117.21913146972656, 105.66145324707031, 106.17786407470703, 110.62918090820312, 111.42615509033203, 130.490966796875, 127.96768188476562, 120.69374084472656, 108.13511657714844, 104.2498779296875, 104.06396484375, 103.65972900390625, 107.37939453125, 112.8923568725586, 126.89234924316406, 121.52996826171875, 120.40557861328125, 110.68032836914062, 103.42179870605469, 96.99937438964844, 98.60783386230469, 106.221435546875, 108.79649353027344, 118.7247543334961, 122.51285552978516, 110.95246887207031, 116.16851806640625, 104.20562744140625, 99.07042694091797, 96.86894226074219, 102.49320983886719, 111.2866439819336, 115.10762023925781, 108.07532501220703, 107.82164001464844, 113.7201919555664, 103.0635986328125, 106.97782897949219, 103.15599822998047, 102.80473327636719, 109.67393493652344, 105.70123291015625, 104.8372802734375, 101.35822296142578, 104.1112289428711, 112.19290161132812, 105.17306518554688, 109.2941665649414, 105.24444580078125, 104.86326599121094, 99.78791809082031, 101.98845672607422, 101.26316833496094, 104.73242950439453, 102.78195190429688, 105.88475036621094, 112.44464874267578, 101.98414611816406, 104.00709533691406, 100.90831756591797,