{"train_losses": [352.9422345842634, 264.47119576590404, 136.72557721819197, 152.12274823869978, 200.0601566859654, 216.24961417061942, 178.99782017299108, 138.7772260393415, 162.39188276018416, 166.57706996372767, 133.70885685512, 151.82188633510046, 171.59466334751673, 141.66244506835938, 117.36409323556083, 112.60624367850167, 132.9546857561384, 155.52811322893416, 127.87354169573102, 99.89295741489956, 110.4529059273856, 122.6875468662807, 125.23287963867188, 115.03012520926339, 99.58451080322266, 102.5783931187221, 110.02330453055245, 105.42139107840401, 105.57671138218471, 107.19552394321987, 99.40176173618862, 95.93192836216518, 96.96576908656529, 100.62837328229632, 104.28662218366351, 95.03749738420758, 88.25830514090401, 94.60294669015067, 98.11274174281529, 95.71676417759487, 92.47608620779855, 89.88185773577008, 90.41322326660156, 92.25539180210659, 91.41806902204242, 91.29231807163784, 91.28215026855469, 87.67026846749442, 87.96783774239677, 90.78934587751117, 89.93756648472377, 88.80157579694476, 87.07255227225167, 86.68412017822266, 88.48136465890067, 88.33227430071149, 87.5665533883231, 87.0974862234933, 86.50935363769531, 86.46068572998047, 86.93580736432757, 87.18944658551898, 86.62109048025948, 86.0603517804827, 85.65131160191127, 86.03463854108539, 86.6814695085798, 86.23149653843471, 85.70324053083148, 85.32934679303851, 85.48567962646484, 86.04132080078125, 85.82845524379185, 85.36581856863839, 85.25852312360492, 85.4183098929269, 85.35716465541294, 85.36537388392857, 85.42194475446429, 85.18582807268415, 85.21605900355748, 84.97067587716239, 85.03738730294364, 85.49942779541016, 85.10159955705915, 84.86673845563617, 84.93297249930245, 85.00927625383649, 85.20732116699219, 84.96376582554409, 84.84156363351005, 84.9097878592355, 84.94104548863002, 84.96045793805804, 84.85446275983539, 84.92143249511719, 84.88707515171596, 84.79048483712333, 84.83878435407367, 84.85411834716797, 84.89212145124164], "test_losses": [353.44676426478793, 268.23419407435824, 137.30508858816964, 155.48072160993303, 202.2121102469308, 217.21375601632255, 184.1276637486049, 138.0951429094587, 167.09188188825334, 168.8178928920201, 134.50517054966517, 157.28138732910156, 171.05975123814173, 146.20306178501673, 119.2129135131836, 113.79736873081752, 137.79585484095983, 154.82199096679688, 132.31936645507812, 101.62617819649833, 111.40775299072266, 127.13359723772321, 125.43355996268136, 118.4852066040039, 101.61835043770927, 104.54641505650112, 113.15258135114398, 106.69331686837333, 109.2436043875558, 108.58422960553851, 102.12243107386998, 98.86087799072266, 98.31781223842076, 104.06980678013393, 105.91338566371373, 97.75599779401507, 90.55664825439453, 96.613034929548, 101.15188707624164, 97.05429404122489, 95.64024680001395, 91.90156991141183, 92.36851828438895, 95.38401794433594, 92.96519579206195, 94.15114048549107, 93.46359252929688, 89.9570083618164, 90.58291299002511, 92.73106602260044, 92.80741228376117, 90.69800240652901, 89.62699890136719, 89.1289302280971, 90.46318926130023, 91.09778703962054, 89.49941907610211, 89.69763510567802, 88.72273254394531, 88.7005865914481, 89.57671901157924, 89.07686832972935, 89.41414097377232, 88.1483404976981, 87.98165675571987, 88.70057678222656, 88.58009120396206, 89.0393535069057, 87.79905918666294, 87.6845942905971, 88.09458487374442, 87.9996337890625, 88.54843466622489, 87.482419695173, 87.61417933872768, 87.9245845249721, 87.40834590366909, 87.98963165283203, 87.56041717529297, 87.55517905099052, 87.6797605242048, 87.10208238874164, 87.56449890136719, 87.75853184291294, 87.44004930768695, 87.26442173549107, 87.2448981148856, 87.38131604875836, 87.52180589948382, 87.37743486676898, 87.1093499319894, 87.31128256661552, 87.27540915352958, 87.26474108014789, 87.2716554914202, 87.15670231410435, 87.34480721609933, 87.04515293666294, 87.17825644356864, 87.31425367082868, 87.04070063999721], "minibatch_train_losses": [352.3786315917969, 303.60205078125, 217.2568359375, 130.65786743164062, 109.94361114501953, 129.36904907226562, 187.5821990966797, 263.438720703125, 305.77581787109375, 325.61492919921875, 290.695068359375, 212.16876220703125, 149.22134399414062, 126.22461700439453, 133.19664001464844, 184.44692993164062, 234.84913635253906, 252.4923858642578, 276.62103271484375, 241.2563934326172, 195.26824951171875, 152.45947265625, 135.28387451171875, 158.5177001953125, 185.8306884765625, 215.78102111816406, 234.35121154785156, 224.76153564453125, 200.95594787597656, 161.29571533203125, 143.17689514160156, 140.24899291992188, 163.09085083007812, 185.095947265625, 217.36778259277344, 209.7629852294922, 205.1290283203125, 181.64208984375, 140.20703125, 139.59613037109375, 139.7544403076172, 149.61837768554688, 181.7827606201172, 193.0291748046875, 208.23486328125, 194.5286102294922, 168.70196533203125, 147.08792114257812, 145.49417114257812, 139.4830780029297, 148.63607788085938, 162.26446533203125, 168.92181396484375, 191.50308227539062, 185.0548858642578, 173.07107543945312, 154.39712524414062, 150.11643981933594, 157.5061798095703, 146.2710418701172, 150.0133056640625, 150.75885009765625, 157.8768768310547, 172.38333129882812, 170.1572723388672, 171.119140625, 163.82821655273438, 159.23239135742188, 146.79190063476562, 146.45838928222656, 131.61557006835938, 135.88136291503906, 152.56741333007812, 155.1206817626953, 180.27764892578125, 180.359619140625, 161.28302001953125, 145.7611846923828, 129.68746948242188, 128.48910522460938, 124.80612182617188, 132.31906127929688, 141.67233276367188, 171.6151123046875, 177.81497192382812, 167.3920135498047, 147.52166748046875, 120.77581024169922, 119.36605834960938, 121.18594360351562, 125.13340759277344, 136.95809936523438, 151.6910400390625, 170.6879119873047, 152.78604125976562, 144.95187377929688, 123.13259887695312, 114.40150451660156, 115.40971374511719, 126.25119018554688, 140.81607055664062, 152.52694702148438, 152.08035278320312, 135.91995239257812, 131.15968322753906, 115.3994140625, 110.11373138427734, 122.54313659667969, 122.68680572509766, 149.39682006835938, 161.1750946044922, 143.5428466796875, 129.0491943359375, 110.75987243652344, 107.98136901855469, 102.55331420898438, 117.96923828125, 125.98164367675781, 155.83761596679688, 155.8726806640625, 147.20018005371094, 128.6115264892578, 109.01115417480469, 99.43858337402344, 100.53339385986328, 107.42752075195312, 126.35966491699219, 142.91461181640625, 160.1861114501953, 136.36849975585938, 130.96356201171875, 113.03731536865234, 101.58062744140625, 99.57746124267578, 107.43095397949219, 122.28582763671875, 135.91873168945312, 143.11880493164062, 129.39601135253906, 127.26094055175781, 109.43037414550781, 100.98751831054688, 109.00471496582031, 109.05436706542969, 123.86283111572266, 135.01358032226562, 124.80308532714844, 119.59068298339844, 112.69039154052734, 111.96245574951172, 97.20745849609375, 110.06534576416016, 109.93069458007812, 128.99630737304688, 127.76941680908203, 120.42588806152344, 112.52392578125, 105.2236328125, 102.8465347290039, 102.59627532958984, 104.91014099121094, 111.18328094482422, 117.68233489990234, 130.3700408935547, 112.99251556396484, 112.25797271728516, 104.25941467285156, 100.03595733642578, 97.7840576171875, 105.25780487060547, 113.01632690429688, 112.84820556640625, 120.3260498046875, 108.27281188964844, 111.34861755371094, 105.2564468383789, 97.44041442871094, 103.9072265625, 101.89959716796875, 109.71058654785156, 116.0771713256836, 109.3404541015625, 104.86766815185547, 104.59542846679688, 110.27493286132812, 98.18463134765625, 107.17058563232422, 101.21041107177734, 110.51644134521484, 105.33848571777344, 104.3509292602539, 105.88574981689453, 103.46004486083984, 107.45722198486328, 104.49220275878906, 104.193115234375, 106.82474517822266, 101.80422973632812, 107.08049011230469, 94.41349792480469, 101.70336151123047, 105.15432739257812, 107.8940658569336, 102.71703338623047, 105.49870300292969, 108.7225112915039, 100.11585998535156, 103.43881225585938, 