{"train_losses": [352.6843043736049, 265.6359165736607, 137.6883043561663, 151.97238159179688, 200.11237226213728, 216.95596531459265, 180.04259381975447, 138.5989728655134, 163.2712881905692, 166.68116760253906, 133.97265407017298, 153.18699645996094, 170.80900355747767, 142.49449375697546, 118.49158913748605, 112.07652500697544, 133.46541377476282, 156.0481175013951, 128.45074898856026, 100.18042973109654, 110.72638157435826, 123.03731318882534, 125.5022474016462, 115.87379564557757, 99.52080535888672, 102.91661180768695, 110.72870853969029, 105.42239270891461, 106.08612278529576, 107.54408918108258, 99.81465802873883, 96.20264107840401, 97.22968510219029, 101.2143053327288, 104.34714181082589, 95.5661392211914, 88.6638434273856, 94.72903115408761, 98.61765398297992, 95.97254398890904, 92.87779998779297, 90.1961179460798, 90.77580261230469, 92.56631578717914, 91.63897596086774, 91.90581948416573, 91.41026742117745, 87.98120553152901, 88.5005852835519, 90.9140123639788, 90.37074824741909, 89.14661189488002, 87.36533682686942, 87.0421120779855, 88.79567282540458, 88.70406014578683, 87.81102970668248, 87.53703853062221, 86.81179591587612, 86.71162850516183, 87.38155473981585, 87.44200570242745, 86.97593144008091, 86.41188594273159, 85.95792933872768, 86.36945125034877, 86.99159349714007, 86.62683214460101, 85.9583238874163, 85.68903241838727, 85.8507799421038, 86.29343850272042, 86.23181915283203, 85.66105651855469, 85.58276912144252, 85.77536228724888, 85.6578848702567, 85.71650041852679, 85.72244807652065, 85.55582101004464, 85.52147565569196, 85.27915300641742, 85.42162322998047, 85.77353777204242, 85.45734623500279, 85.20578874860492, 85.23213413783482, 85.36272866385323, 85.52478572300502, 85.30033547537667, 85.15719604492188, 85.25416564941406, 85.26802171979632, 85.26633017403739, 85.2208273751395, 85.22278485979352, 85.21803828648159, 85.13704899379185, 85.14699881417411, 85.19430433000836, 85.21511731828961], "test_losses": [353.44676426478793, 268.6737627301897, 137.88035147530692, 155.30094691685267, 201.7805633544922, 217.5182887486049, 184.98379952566964, 137.68768528529577, 167.37927464076452, 168.8559810093471, 134.40972137451172, 158.16531590053015, 170.14537702287947, 146.48638262067522, 120.20969717843192, 112.6871577671596, 137.9988076346261, 155.2436305454799, 131.98250252859933, 102.0734111240932, 111.17022596086774, 126.80784715924945, 125.94846997942243, 118.49452427455357, 101.39576176234654, 104.73084150041852, 113.18795667375836, 106.73485020228794, 109.20694187709263, 108.65725490025112, 102.36358969552177, 98.5492935180664, 98.48302459716797, 104.23955535888672, 105.54796164376395, 98.10582624162946, 90.501955304827, 96.39263262067523, 101.38889966692243, 96.88672528948102, 95.70719582693917, 91.9338618687221, 92.30125536237445, 95.42053549630302, 92.85598427908761, 94.35347747802734, 93.37572806222099, 89.8458742414202, 90.79997144426618, 92.5876944405692, 92.80893380301339, 90.78795514787946, 89.55058179582868, 89.14902060372489, 90.45869663783482, 91.09706115722656, 89.46263340541294, 89.72872924804688, 88.73786272321429, 88.61407579694476, 89.63459886823382, 89.06637682233539, 89.36990138462612, 88.20525796072823, 87.93655286516461, 88.68381064278739, 88.61670684814453, 88.9994136265346, 87.8071790422712, 87.68743351527623, 88.04984392438617, 88.03675297328404, 88.51868765694755, 87.45441327776227, 87.6595480782645, 87.86359078543526, 87.42748696463448, 87.98963601248605, 87.51041739327567, 87.6197760445731, 87.61320059640067, 87.1064224243164, 87.60707419259208, 87.66944667271206, 87.50571114676339, 87.24119240897042, 87.18913051060268, 87.45010049002511, 87.45907374790737, 87.37557438441685, 87.13333129882812, 87.26324244907924, 87.29357474190849, 87.2452883039202, 87.26483917236328, 87.16131482805524, 87.31250435965401, 87.06526729038784, 87.16167340959821, 87.28856004987445, 87.06754411969867], "minibatch_train_losses": [357.6021728515625, 291.67742919921875, 212.96994018554688, 144.1489715576172, 102.85737609863281, 137.2562255859375, 187.26113891601562, 268.447509765625, 321.98583984375, 324.9012145996094, 270.7281494140625, 204.07989501953125, 155.05929565429688, 123.01083374023438, 142.4113006591797, 177.59243774414062, 233.83395385742188, 277.7763671875, 267.41748046875, 240.13616943359375, 193.6897735595703, 155.05694580078125, 137.5676727294922, 150.6866455078125, 179.75494384765625, 211.02117919921875, 247.1704864501953, 223.341796875, 203.79998779296875, 168.5262451171875, 147.68643188476562, 138.38723754882812, 155.77838134765625, 183.54055786132812, 213.6483154296875, 221.18431091308594, 197.6941680908203, 173.198486328125, 158.050537109375, 127.09978485107422, 147.88400268554688, 151.98648071289062, 181.74313354492188, 203.07786560058594, 205.47996520996094, 181.0258026123047, 168.3529815673828, 154.53363037109375, 140.0556640625, 143.93601989746094, 145.31594848632812, 166.09786987304688, 183.0584259033203, 179.0572967529297, 183.17019653320312, 173.2940673828125, 165.0076904296875, 153.280517578125, 144.9462890625, 148.7726593017578, 140.29454040527344, 163.8893280029297, 157.35569763183594, 169.80865478515625, 173.12744140625, 177.71368408203125, 158.214111328125, 161.02835083007812, 148.25831604003906, 142.09097290039062, 138.7698974609375, 133.01571655273438, 144.64389038085938, 171.395751953125, 161.94671630859375, 184.013671875, 164.35598754882812, 153.959716796875, 137.52072143554688, 125.05320739746094, 116.63250732421875, 129.44802856445312, 151.6033477783203, 166.064697265625, 176.00509643554688, 163.0714569091797, 152.53427124023438, 127.48522186279297, 115.97379302978516, 121.99198913574219, 126.00971221923828, 145.18406677246094, 155.0704345703125, 156.5071563720703, 161.05616760253906, 128.1951141357422, 130.3642578125, 114.36652374267578, 121.08724212646484, 129.61585998535156, 149.23919677734375, 143.86849975585938, 151.79481506347656, 140.62742614746094, 125.90531921386719, 117.25477600097656, 107.68157958984375, 115.7072525024414, 136.46751403808594, 139.7219696044922, 164.90716552734375, 146.29652404785156, 135.28729248046875, 114.51292419433594, 102.153076171875, 101.828369140625, 108.69100952148438, 133.0543670654297, 151.81048583984375, 160.8014373779297, 147.30020141601562, 135.57049560546875, 106.61946868896484, 94.56436920166016, 103.27301788330078, 106.96470642089844, 132.08059692382812, 144.62608337402344, 146.91653442382812, 148.84059143066406, 120.75420379638672, 119.17428588867188, 101.0932846069336, 103.00125122070312, 107.698974609375, 127.66635131835938, 130.57846069335938, 137.56027221679688, 134.46096801757812, 123.37975311279297, 115.81009674072266, 104.06466674804688, 105.27433776855469, 114.83720397949219, 113.8835678100586, 137.53831481933594, 125.71710205078125, 125.70822143554688, 112.63157653808594, 104.64957427978516, 103.58798217773438, 104.35173797607422, 118.3985595703125, 125.83096313476562, 129.38314819335938, 120.46112060546875, 117.21497344970703, 100.61861419677734, 94.98719024658203, 106.051025390625, 104.26929473876953, 120.10530090332031, 123.04722595214844, 121.1401596069336, 123.18606567382812, 101.48709869384766, 106.66612243652344, 98.19467163085938, 102.24661254882812, 102.57801818847656, 114.01058197021484, 112.56535339355469, 116.70117950439453, 118.50414276123047, 109.04466247558594, 106.87733459472656, 100.81683349609375, 100.68470764160156, 103.04988098144531, 99.62213897705078, 117.44427490234375, 109.166748046875, 114.37000274658203, 106.872314453125, 105.05926513671875, 107.05846405029297, 98.54412841796875, 105.49264526367188, 107.13220977783203, 108.27165222167969, 103.83428955078125, 106.8758316040039, 99.70360565185547, 102.16136169433594, 114.46749114990234, 103.96758270263672, 109.89956665039062, 105.37945556640625, 100.41422271728516, 101.90283966064453, 92.6701889038086, 104.83560943603516, 105.57359313964844, 110.8926773071289, 105.23152160644531, 108.3702621459961, 103.2688980102539, 95.0465087890625, 100.18937683105469, 