{"testproblem": "mnist_mlp", "batch_size": 128, "num_epochs": 100, "random_seed": 42, "weight_decay": null, "optimizer_hyperparams": {"lr": 0.000630957344480193, "momentum": 0.99}, "train_losses": [2.3034798334806394, 0.7459608767277155, 0.34064752360184986, 0.23434003098652914, 0.1703409801882047, 0.1423003266637142, 0.10771869122982025, 0.0866771019422091, 0.07521971045300746, 0.056327182393616594, 0.04473996121818439, 0.03854780085384846, 0.03733622543036173, 0.027950404187998712, 0.03127288109121414, 0.022492126657221563, 0.013626995639732251, 0.013530151011087956, 0.01307290864105408, 0.007876837076858068, 0.009152074034015337, 0.007320555691153576, 0.004892241639586596, 0.0044557688136895495, 0.0036151009874466136, 0.0042413477905285666, 0.003882662369272648, 0.0024959169423733004, 0.0025374524963971898, 0.002223809751180502, 0.0018482856834546113, 0.0017423577224596953, 0.0016713255108931125, 0.001503978688747455, 0.0012888418844877146, 0.0012011265334410544, 0.0011215717173539675, 0.001095945540911112, 0.001082246836561423, 0.0008470092255335588, 0.0010031083933053873, 0.0008437211314837137, 0.0008193586881344134, 0.0008060376709088301, 0.0007281207885497656, 0.0006684378649179752, 0.0006788757940133413, 0.0007210577814242778, 0.0006449868759283653, 0.0006170919021734825, 0.0006085006663432488, 0.0005715873856575061, 0.0005527053219385636, 0.000532851482813175, 0.0005392799010643592, 0.0005033654757799247, 0.00044477124435779377, 0.0004655758921916668, 0.00045589515222952916, 0.0004289664137057769, 0.00044250039336008904, 0.0003981884473409408, 0.00040940238306155574, 0.00042468538651099574, 0.00040558935740055184, 0.00036008025591190043, 0.00035346891635503527, 0.0003456534961095223, 0.0003250827296422078, 0.00032940473503027205, 0.00031154994399119646, 0.000327445136813017, 0.0003112427985821015, 0.000292475789021223, 0.0002958400127215263, 0.0003014102769203675, 0.00030269664831650565, 0.0002727189029638584, 0.0002750381827354431, 0.0002548370796900529, 0.00025884200556155964, 0.00026831479790883185, 0.00025434868457989814, 0.00023664080370695164, 0.00023506954312324524, 0.00023928924630849788, 0.0002386773434969095, 0.00020622452482199058, 0.0002162011865621958, 0.00024255326925179898, 0.00020582152482790826, 0.00022041363020737967, 0.00020150821178387373, 0.00021805184391828685, 0.00021494542941068992, 0.00019444085848637117, 0.0001848911245663961, 0.00021313465176484524, 0.00018764506929960006, 0.00017474152338810457, 0.00018902958776706303], "test_losses": [2.3034419279832106, 0.7343544921813867, 0.3283322549019104, 0.22336531454362932, 0.17091513534960073, 0.13753177779607284, 0.11693000654952648, 0.10823312158194873, 0.09152077100215814, 0.0851702983610523, 0.0773823676774135, 0.07864098881299679, 0.07485096237789361, 0.07065804422092743, 0.07476682201600991, 0.06976202474190639, 0.06674616915197709, 0.06818418004191838, 0.06570013927725646, 0.06649862695485353, 0.067975335706694, 0.06971307015285277, 0.06805586466231407, 0.06795388006438048, 0.0704215277846043, 0.0701484334631226, 0.07012289793541034, 0.06908891063470107, 0.07068918131960508, 0.07088840146286365, 0.07288979445225917, 0.07252393710689667, 0.07272272826864934, 0.07251804837813744, 0.07340080145364389, 0.0740363453156673, 0.07512636014666313, 0.07454553103217712, 0.07473024850090344, 0.07555451855445519, 0.07649161652303658, 0.07639156525524762, 0.07760321453977855, 0.07681048718782571, 0.07777247611337747, 0.07749891049491289, 0.07818565894968998, 0.07824699141276188, 0.07833694977064927, 0.07879674964799331, 0.07861802168190479, 0.0792964757539523, 0.07954418683090271, 0.08017424809244963, 0.08034633931059104, 0.0803946180221362, 0.08085857599209516, 0.08113856470355621, 0.08081495355910216, 0.08119421022442672, 0.08143861644352093, 0.0816149969991201, 0.08205838291308819, 0.08204749603875172, 0.08251053897234109, 0.08269692283983414, 0.08329311194710243, 0.08284567153224578, 0.08318931685808377, 0.08353675118623635, 0.08362009524343869, 0.08414085042209198, 0.08383142680693896, 0.08424326505225438, 0.08461281695427039, 0.08459274704830769, 0.08483092878491451, 0.08501277410258086, 0.08509125622610252, 0.08524441838455506, 0.08521246227125327, 0.0857268769102983, 0.08589916327633919, 0.0858266322563092, 0.08585978414003666, 0.08633106951721203, 0.08617434507379165, 0.08646006476229583, 0.08665193426303375, 0.08691779705576408, 0.08700797596994118, 0.08688954077661037, 0.08717429671341027, 0.08733064977404399, 0.08732597424815862, 0.08776154092107064, 0.08751236088573933, 0.08792464067347538, 0.08779890500964263, 0.08817891685817486, 0.08813487284649642], "train_accuracies": [0.08543669871794872, 0.7647235576923077, 0.9010416666666666, 0.9320913461538461, 0.9526241987179487, 0.9592347756410257, 0.9702524038461539, 0.9735576923076923, 0.9762620192307693, 0.9837740384615384, 0.9880809294871795, 0.9906850961538461, 0.9902844551282052, 0.9925881410256411, 0.9914863782051282, 0.9946915064102564, 0.9975961538461539, 0.9973958333333334, 0.9982972756410257, 0.9995993589743589, 0.9989983974358975, 0.999198717948718, 0.9997996794871795, 0.9998998397435898, 1.0, 0.9998998397435898, 0.9997996794871795, 1.0, 1.0, 0.9998998397435898, 1.0, 1.0, 1.0, 1.0, 1.0, 1.0, 1.0, 1.0, 1.0, 1.0, 1.0, 1.0, 1.0, 1.0, 1.0, 1.0, 1.0, 1.0, 1.0, 1.0, 1.0, 1.0, 1.0, 1.0, 1.0, 1.0, 1.0, 1.0, 1.0, 1.0, 1.0, 1.0, 1.0, 1.0, 1.0, 1.0, 1.0, 1.0, 1.0, 1.0, 1.0, 1.0, 1.0, 1.0, 1.0, 1.0, 1.0, 1.0, 1.0, 1.0, 1.0, 1.0, 1.0, 1.0, 1.0, 1.0, 1.0, 1.0, 1.0, 1.0, 1.0, 1.0, 1.0, 1.0, 1.0, 1.0, 1.0, 1.0, 1.0, 1.0, 1.0], "test_accuracies": [0.08383413461538461, 0.7668269230769231, 0.9061498397435898, 0.9351963141025641, 0.9494190705128205, 0.9573317307692307, 0.9634415064102564, 0.9661458333333334, 0.9714543269230769, 0.9745592948717948, 0.9756610576923077, 0.9758613782051282, 0.9768629807692307, 0.9772636217948718, 0.9763621794871795, 0.9791666666666666, 0.9794671474358975, 0.9792668269230769, 0.9811698717948718, 0.9818709935897436, 0.9813701923076923, 0.9801682692307693, 0.9810697115384616, 0.9811698717948718, 0.9802684294871795, 0.9798677884615384, 0.981270032051282, 0.9819711538461539, 0.9810697115384616, 0.9810697115384616, 0.9806690705128205, 0.9819711538461539, 0.9810697115384616, 0.9814703525641025, 0.9811698717948718, 0.9819711538461539, 0.9810697115384616, 0.9817708333333334, 0.9817708333333334, 0.9817708333333334, 0.9818709935897436, 0.9814703525641025, 0.9816706730769231, 0.9819711538461539, 0.9809695512820513, 0.9816706730769231, 0.9820713141025641, 0.9819711538461539, 0.9819711538461539, 0.9816706730769231, 0.9818709935897436, 0.9819711538461539, 0.9821714743589743, 0.9817708333333334, 0.9813701923076923, 0.9818709935897436, 0.9818709935897436, 0.9822716346153846, 0.9817708333333334, 0.9822716346153846, 0.9821714743589743, 0.9822716346153846, 0.9818709935897436, 0.9823717948717948, 0.9818709935897436, 0.9820713141025641, 0.9819711538461539, 0.9822716346153846, 0.9822716346153846, 0.9819711538461539, 0.9819711538461539, 0.9815705128205128, 0.9822716346153846, 0.9819711538461539, 0.9819711538461539, 0.9819711538461539, 0.9817708333333334, 0.9817708333333334, 0.9819711538461539, 0.9818709935897436, 0.9818709935897436, 0.9816706730769231, 0.9817708333333334, 0.9820713141025641, 0.9816706730769231, 0.9819711538461539, 0.9817708333333334, 0.9817708333333334, 0.9817708333333334, 0.9818709935897436, 0.9818709935897436, 0.9819711538461539, 0.9816706730769231, 0.9816706730769231, 0.9819711538461539, 0.9815705128205128, 0.9818709935897436, 0.9820713141025641, 0.9817708333333334, 0.9816706730769231, 0.9817708333333334], "analyzable_training_params": {"lr_sched_epochs": null, "lr_sched_factors": null}}