{"train_losses": [353.9337594168527, 321.74462890625, 292.2551007952009, 265.575925554548, 241.7298300606864, 220.64061846051897, 202.1591339111328, 186.09185355050224, 172.22488403320312, 160.34009660993303, 150.22428458077567, 141.6737300327846, 134.49642835344588, 128.51341465541296, 123.55955723353794, 119.48411124093192, 116.15103040422711, 113.43899536132812, 111.24114554268974, 109.46456255231585, 108.02948869977679, 106.86839185442243, 105.924806867327, 105.15218462262835, 104.51264081682477, 103.9757330758231, 103.51732962472099, 103.11853354317802, 102.76475088936942, 102.4447991507394, 102.15027618408203, 101.87489536830357, 101.61402239118304, 101.36428506033761, 101.12322998046875, 100.88912309919085, 100.66072845458984, 100.43716321672711, 100.2178235735212, 100.00228227887835, 99.79023742675781, 99.58148084368024, 99.37585340227399, 99.17324720110211, 98.9735837663923, 98.77678462437221, 98.58279963902065, 98.39158194405692, 98.20308249337333, 98.01727403913226, 97.83411080496651, 97.65355137416294, 97.47556958879743, 97.30013275146484, 97.127199445452, 96.95674242292132, 96.78873007638114, 96.62312534877232, 96.45989881243024, 96.29901994977679, 96.14045170375279, 95.98417227608817, 95.83014351981026, 95.67833709716797, 95.52871922084263, 95.38126155308315, 95.23593030657086, 95.09270804268974, 94.95155116489956, 94.81243351527623, 94.67533002580915, 94.54021344866071, 94.40704890659877, 94.2758069719587, 94.14647020612445, 94.01900046212333, 93.89337485177177, 93.76956612723214, 93.64755031040737, 93.52729143415179, 93.40877205984933, 93.2919671194894, 93.17684500558036, 93.06338391985211, 92.95155988420758, 92.84134456089565, 92.73271833147321, 92.62565067836216, 92.52012416294643, 92.4161137172154, 92.31359318324498, 92.21254512241909, 92.11294446672711, 92.01476505824498, 91.9179916381836, 91.82260240827289, 91.7285646711077, 91.63587297712054, 91.54449898856026, 91.45442417689732, 91.36562674386161], "test_losses": [353.44676426478793, 321.5219029017857, 292.2903311593192, 265.8573259626116, 242.2421395438058, 221.3652561732701, 203.0755615234375, 187.17928423200334, 173.46371023995536, 161.712650844029, 151.71508571079798, 143.26934596470423, 136.18525913783483, 130.28533826555525, 125.40565599714007, 121.39649091448102, 118.12265123639789, 115.46355438232422, 113.31299591064453, 111.57862854003906, 110.18121337890625, 109.05364881243024, 108.139890398298, 107.39375414167132, 106.7776870727539, 106.26157052176339, 105.8215582711356, 105.4390378679548, 105.09965079171317, 104.79246847970145, 104.509275163923, 104.24398258754185, 103.9921155657087, 103.75045449393136, 103.51668548583984, 103.28917694091797, 103.06680297851562, 102.84876905168805, 102.63454219273159, 102.42376817975726, 102.21618761335101, 102.01165226527623, 101.81004115513393, 101.61127035958427, 101.41529519217355, 101.22205352783203, 101.03152356828961, 100.84365626743862, 100.65843418666294, 100.47582026890346, 100.29578726632255, 100.11830684116909, 99.94334738595145, 99.7708762032645, 99.60086713518415, 99.43328639439174, 99.26809910365513, 99.10528564453125, 98.94480678013393, 98.78663199288505, 98.6307351248605, 98.47707802908761, 98.32563890729632, 98.17637743268695, 98.02926962716239, 97.88428933279855, 97.74139731270927, 97.60057394845145, 97.46178218296596, 97.32499367850167, 97.190185546875, 97.0573261805943, 96.92638615199498, 96.79733712332589, 96.67015184674945, 96.54480852399554, 96.42127009800502, 96.29951913016183, 96.17952401297433, 96.06126076834542, 95.94470323835101, 95.82982308523995, 95.7166028703962, 95.6050055367606, 95.4950201851981, 95.38661302839007, 95.27976771763393, 95.17445046561105, 95.07064274379185, 94.96832493373326, 94.86746978759766, 94.76805986676898, 94.6700668334961, 94.57346997942243, 94.47826058523995, 94.38439287458148, 94.29187120710101, 94.20065198625836, 94.11073521205357, 94.02208927699498, 93.93470546177456], "minibatch_train_losses": [369.72540283203125, 357.80950927734375, 351.68328857421875, 338.64703369140625, 343.45159912109375, 315.61468505859375, 303.7601623535156, 336.71185302734375, 325.22003173828125, 320.1478576660156, 307.7972412109375, 312.1572265625, 286.4422302246094, 274.916015625, 306.4110412597656, 295.3665466308594, 291.33331298828125, 279.6976318359375, 283.6239318847656, 260.045166015625, 248.8557586669922, 278.94061279296875, 268.3509521484375, 265.33349609375, 254.43524169921875, 257.9270935058594, 236.47035217285156, 225.6072998046875, 254.32911682128906, 244.19192504882812, 242.13739013671875, 231.9892120361328, 235.0364227294922, 215.65927124023438, 205.095458984375, 232.50360107421875, 222.81256103515625, 221.64334106445312, 212.24935913085938, 214.83657836914062, 197.4727783203125, 187.16973876953125, 213.3167724609375, 204.06407165527344, 203.6874542236328, 195.0440216064453, 197.1551513671875, 181.7206268310547, 171.6343994140625, 196.57594299316406, 187.75277709960938, 188.07183837890625, 180.167236328125, 181.78909301757812, 168.1873779296875, 158.2733154296875, 182.06748962402344, 173.6639404296875, 174.58560180664062, 167.39962768554688, 168.52394104003906, 156.65087890625, 146.86679077148438, 169.57321166992188, 161.57772827148438, 163.01766967773438, 156.52157592773438, 157.14590454101562, 146.89308166503906, 137.200927734375, 158.8798828125, 151.27871704101562, 153.16323852539062, 147.3206329345703, 147.44827270507812, 138.70565795898438, 129.0719451904297, 149.78387451171875, 142.5608367919922, 144.82669067382812, 139.59500122070312, 139.23458862304688, 131.89247131347656, 122.288330078125, 142.09335327148438, 135.22991943359375, 137.82318115234375, 133.1556854248047, 132.3205108642578, 126.27096557617188, 116.67189025878906, 135.62957763671875, 129.10516357421875, 131.97970581054688, 127.82749938964844, 126.53494262695312, 121.67279052734375, 112.05838012695312, 130.22760009765625, 124.01993560791016, 127.13606262207031, 123.45000457763672, 121.7207260131836, 117.94435119628906, 108.29800415039062, 125.7366714477539, 119.82231140136719, 123.1456527709961, 119.87783813476562, 117.735107421875, 114.94696044921875, 105.25576782226562, 122.02064514160156, 116.37530517578125, 119.87601470947266, 116.98081970214844, 114.44990539550781, 112.55697631835938, 102.81134033203125, 118.957763671875, 113.55683898925781, 117.20905303955078, 114.64381408691406, 111.75133514404297, 110.66541290283203, 100.85888671875, 116.44049835205078, 111.2595443725586, 115.0408706665039, 112.76631164550781, 109.53961181640625, 109.17756652832031, 99.30645751953125, 114.37493896484375, 109.39012908935547, 113.28128814697266, 111.26158905029297, 107.7282485961914, 108.01226043701172, 98.07525634765625, 112.68009948730469, 107.86866760253906, 111.85310363769531, 110.055908203125, 106.24324035644531, 107.10092163085938, 97.09871673583984, 111.2868881225586, 106.62751770019531, 110.69108581542969, 109.08735656738281, 105.02201080322266, 106.38652801513672, 96.32132720947266, 110.13716888427734, 105.61022186279297, 109.7408447265625, 108.30467224121094, 104.01231384277344, 105.82233428955078, 95.697509765625, 109.18247985839844, 104.77018737792969, 108.9576187133789, 107.66598510742188, 103.17101287841797, 105.37071990966797, 95.19044494628906, 108.383056640625, 104.06948852539062, 108.30500030517578, 107.13760375976562, 102.46295166015625, 105.00181579589844, 94.77076721191406, 107.70645141601562, 103.4775390625, 107.75377655029297, 106.69271850585938, 101.85973358154297, 104.69236755371094, 94.41551208496094, 107.12663269042969, 102.96998596191406, 107.28073120117188, 106.31037902832031, 101.33872985839844, 104.42460632324219, 94.10694885253906, 106.62278747558594, 102.52765655517578, 106.86769104003906, 105.97439575195312, 100.88201141357422, 104.1851806640625, 93.83164978027344, 106.17857360839844, 102.13554382324219, 106.50050354003906, 105.67245483398438, 100.4755630493164, 103.96430969238281, 93.57962799072266, 105.78108978271484, 101.7820816040039, 106.16838073730469, 105.39533996582031, 