{"testproblem": "fmnist_mlp", "batch_size": 128, "num_epochs": 100, "random_seed": 42, "weight_decay": null, "optimizer_hyperparams": {"lr": 0.1, "momentum": 0.99}, "train_losses": [2.3021158377329507, 2.360217418426122, 2.3122432201336593, 2.315611258531228, 2.329514573781918, 2.3185728238179135, 2.324036705188262, 2.3261459454511986, 2.3187677340629773, 2.3259476056465735, 2.3300051108384743, 2.3056325362278867, 2.3324920336405435, 2.3268333612344203, 2.332608516399677, 2.315718351266323, 2.3151465073609963, 2.313804764014024, 2.322170126132476, 2.306115590609037, 2.3123646179835, 2.3229381487919736, 2.335789475685511, 2.315343697865804, 2.3272195137464085, 2.313396148192577, 2.3092718430054493, 2.3278762927422156, 2.3229421346615524, 2.3242603876651864, 2.3114854586430087, 2.314193178445865, 2.30916917629731, 2.3289278623385306, 2.3439634977242885, 2.3186343755477514, 2.313052012370183, 2.313961169658563, 2.3124300149770884, 2.336529921262692, 2.314592333940359, 2.3145014964617214, 2.3099769201034155, 2.3151411032065368, 2.3102986140128894, 2.3142404434008474, 2.3337983932250586, 2.33466964501601, 2.3393389200552916, 2.3160439362892737, 2.3183193634717894, 2.320675171338595, 2.3210095778489723, 2.32888012054639, 2.3297367707276955, 2.323642840752235, 2.310158744836465, 2.3134729587114773, 2.3174815422449355, 2.315357309121352, 2.330469094789945, 2.306887354606237, 2.312976834101555, 2.3114355221772804, 2.3140834997861814, 2.3224382064281364, 2.3166738870816355, 2.3178853682982616, 2.3221948819282727, 2.3106257151334715, 2.304758374507611, 2.324366431969863, 2.3183533350626626, 2.3520908844776645, 2.323814496015891, 2.3149240842232337, 2.317809059069707, 2.3141727967140002, 2.315977475582025, 2.333673370190156, 2.322861943489466, 2.323473196763259, 2.331989740714049, 2.3073372657482443, 2.3436642701809225, 2.3148704094764514, 2.3182702981508694, 2.316466829715631, 2.3295610073285227, 2.321298238558647, 2.3206243942945433, 2.317737924746978, 2.306909341078538, 2.334084675862239, 2.3172241265957174, 2.3357003957797318, 2.3143068368618307, 2.3281022065725083, 2.322780477694976, 2.3123214733906283, 2.3325735666812997], "test_losses": [2.3022368321051965, 2.3629299127138577, 2.312203288078308, 2.314236072393564, 2.3303408194810915, 2.3228457829891105, 2.322685434268071, 2.3249410818784666, 2.317252660408998, 2.3251068958869348, 2.3297243118286133, 2.3063802352318397, 2.3307008896118555, 2.3265584798959584, 2.329721377446101, 2.317212994282062, 2.314608735915942, 2.315886683953114, 2.3226688488935814, 2.306078764108511, 2.3101015090942383, 2.3244736041778173, 2.329196321658599, 2.3183050889235277, 2.3272344210208993, 2.3137681789887257, 2.3087132405012083, 2.3251123092113395, 2.3256583397205057, 2.324658604768606, 2.3125671606797438, 2.3147239899023986, 2.3087282883815274, 2.3294536670049033, 2.3393027446208854, 2.3216637464670034, 2.312444268128811, 2.313204037837493, 2.3129929151290503, 2.335178702305525, 2.314292345291529, 2.3149277491447253, 2.3085480745022116, 2.317233000046168, 2.3098340920912914, 2.3160071128453965, 2.334541076268905, 2.3319775813665147, 2.33905859482594, 2.3162527603980823, 2.3177247108557286, 2.3204041108106956, 2.3240304787953696, 2.3327284042651835, 2.32921363451542, 2.321469661517021, 2.3109501875363865, 2.316022976850852, 2.318648179372152, 2.3161202669143677, 2.329561377182985, 2.3080248710436697, 2.31291939662053, 2.3117276277297583, 2.316293028684763, 2.319771198125986, 2.3168101341296463, 2.3187765097006774, 2.3196421586550198, 2.3114405625905747, 2.3055558999379477, 2.324973008571527, 2.317140918511611, 2.356117233251914, 2.3251637036983785, 2.3119725447434645, 2.315662634678376, 2.314276065581884, 2.3150141330865712, 2.333116589448391, 2.320158072007008, 2.3241926645621276, 2.336597671875587, 2.308382122944563, 2.34286450728392, 2.3136727932171945, 2.31529700756073, 2.3159977931242723, 2.33018483259739, 2.3200183495497093, 2.3203332852094603, 2.317106219438406, 2.3071092458871694, 2.3336135271268015, 2.3162866158363147, 2.336798784060356, 2.314929797099187, 2.3260916502047806, 2.3223812732941065, 2.3129903842241335, 2.33098483696962], "train_accuracies": [0.10817307692307693, 0.09955929487179487, 0.1015625, 0.09805689102564102, 0.10006009615384616, 0.10346554487179487, 0.09945913461538461, 0.09665464743589744, 0.09975961538461539, 0.10006009615384616, 0.10266426282051282, 0.10356570512820513, 0.09615384615384616, 0.1015625, 0.0992588141025641, 0.10396634615384616, 0.10196314102564102, 0.10276442307692307, 0.0985576923076923, 0.09785657051282051, 0.10006009615384616, 0.10116185897435898, 0.09585336538461539, 0.10226362179487179, 0.0985576923076923, 0.10256410256410256, 0.1006610576923077, 0.09845753205128205, 0.10076121794871795, 0.10216346153846154, 0.09635416666666667, 0.10016025641025642, 0.09845753205128205, 0.09965945512820513, 0.09455128205128205, 0.10206330128205128, 0.09885817307692307, 0.10356570512820513, 0.10576923076923077, 0.09575320512820513, 0.1006610576923077, 0.09965945512820513, 0.09785657051282051, 0.10166266025641026, 0.10006009615384616, 0.10106169871794872, 0.10036057692307693, 0.09705528846153846, 0.09975961538461539, 0.10076121794871795, 0.09895833333333333, 0.09455128205128205, 0.10196314102564102, 0.10346554487179487, 0.10657051282051282, 0.0992588141025641, 0.09645432692307693, 0.10286458333333333, 0.09815705128205128, 0.09795673076923077, 0.10026041666666667, 0.1024639423076923, 0.10116185897435898, 0.09735576923076923, 0.10356570512820513, 0.09525240384615384, 0.10106169871794872, 0.09955929487179487, 0.09815705128205128, 0.10276442307692307, 0.10236378205128205, 0.10346554487179487, 0.09955929487179487, 0.09985977564102565, 0.09875801282051282, 0.09625400641025642, 0.10036057692307693, 0.10206330128205128, 0.09775641025641026, 0.10136217948717949, 0.09695512820512821, 0.09895833333333333, 0.10296474358974358, 0.10226362179487179, 0.09885817307692307, 0.09865785256410256, 0.10056089743589744, 0.10056089743589744, 0.09815705128205128, 0.09845753205128205, 0.10046073717948718, 0.10416666666666667, 0.10056089743589744, 0.09745592948717949, 0.09785657051282051, 0.10056089743589744, 0.1031650641025641, 0.0967548076923077, 0.09695512820512821, 0.1031650641025641, 0.09955929487179487],