{"train_losses": [353.9337594168527, 359.72742135184154, 262.8243430001395, 292.2850428989955, 236.6469247000558, 253.067626953125, 351.1515677315848, 183.35013907296317, 184.80208042689733, 274.6381617954799, 159.59960719517298, 217.46918378557478, 241.57892063685827, 156.67901829310827, 165.73831830705916, 151.93033490862166, 191.00590079171317, 191.4865482875279, 139.25214059012276, 150.7279815673828, 122.95945848737445, 141.28678676060267, 185.48139081682478, 128.50247955322266, 110.10919843401227, 136.13702174595423, 115.68408639090401, 132.35345785958427, 144.37063598632812, 109.94212450299945, 107.09624263218471, 104.30767822265625, 120.47056688581195, 132.58091299874442, 100.92667933872768, 107.51341138567243, 99.32666778564453, 93.27909633091518, 129.99747249058314, 107.21279580252511, 88.77001953125, 102.69171142578125, 91.82659803118024, 104.56511797223773, 112.9092265537807, 93.2698723929269, 89.97546277727399, 93.20181274414062, 96.31994519914899, 104.67755344935826, 98.50541469029018, 87.27708544049945, 90.00641087123326, 91.71595219203404, 98.48431505475726, 100.94937351771763, 86.15780094691685, 87.09100014822823, 92.40166255405971, 92.14168439592633, 97.01166534423828, 91.40047454833984, 86.20926884242466, 87.94416155133929, 91.13490186418805, 94.25272696358817, 91.73909868512835, 88.34244646344867, 85.5428935459682, 88.6845212663923, 93.32702091761998, 91.29090445382255, 88.76715632847377, 86.03982543945312, 87.0949238368443, 90.96925571986607, 91.39892687116351, 89.18652016775948, 86.43230220249721, 86.8030014038086, 88.5747811453683, 91.0216533115932, 90.13982391357422, 86.12191881452289, 86.98510088239398, 87.94546726771763, 89.22511182512555, 90.50679888044085, 87.33536747523716, 86.34613909040179, 87.53209359305245, 88.72735595703125, 89.50963701520648, 88.32667977469308, 86.94091469900948, 86.62974003383091, 88.32363891601562, 89.03945050920758, 88.49103764125279, 87.67022051130023, 86.38173130580357], "test_losses": [353.44676426478793, 356.73194667271207, 265.1123482840402, 298.5937238420759, 241.9292253766741, 255.42259652273995, 348.23584420340404, 184.0439671107701, 190.91106305803572, 278.22755650111606, 163.24280875069755, 218.3633030482701, 239.4260014125279, 160.96426827566964, 171.18833487374442, 153.63647242954798, 194.00435529436385, 191.86002240862166, 138.91165815080916, 156.52298191615515, 127.01627785818917, 142.10516793387276, 188.01422119140625, 128.69178771972656, 112.03288922991071, 142.24124799455916, 117.8846675327846, 132.89540318080358, 146.48038809640067, 111.21832929338727, 110.88846152169364, 108.92160143171039, 121.17073822021484, 133.59339686802454, 103.47880554199219, 109.98882947649274, 103.37709372384208, 95.72889491489956, 130.52960205078125, 109.55913325718471, 91.35907745361328, 105.77308436802456, 95.11163984026227, 105.69677298409599, 114.60889870779855, 96.05375017438617, 92.47888292585101, 96.38211931501117, 98.64041355678013, 105.91110338483539, 100.79937308175224, 90.16245378766742, 92.69201006208148, 94.33542742047992, 100.47628566196987, 102.56020246233258, 88.65725599016461, 90.28375244140625, 94.86094229561942, 94.0850361415318, 99.18839263916016, 93.4103262765067, 88.90970938546317, 91.14769962855748, 92.97361973353794, 96.11602892194476, 94.33306012834821, 90.54681396484375, 88.40231650216239, 91.31862422398159, 94.93882751464844, 93.64576939174107, 91.33196040562221, 88.45080021449498, 89.82415335518974, 93.038820539202, 93.40941401890346, 91.74519784109933, 88.84165300641742, 89.38438960484096, 91.00348227364677, 92.94766562325614, 92.51585824148995, 88.67590005057198, 89.35880824497768, 90.52474648611886, 91.40631539481026, 92.52843475341797, 89.91373770577567, 88.86788504464286, 89.89622606549945, 91.1285901750837, 91.64127458844867, 90.57263510567802, 89.5626972743443, 89.10731942313058, 90.57644653320312, 91.33154405866351, 90.75989750453404, 90.06105695452008, 88.95459747314453], "minibatch_train_losses": [369.72540283203125, 302.8780212402344, 409.412841796875, 286.33538818359375, 403.0801086425781, 333.587890625, 333.3819274902344, 357.6621398925781, 304.2232971191406, 362.6158142089844, 337.45703125, 351.02752685546875, 317.429931640625, 345.7015075683594, 255.4040069580078, 400.65087890625, 257.66375732421875, 378.2841796875, 245.37034606933594, 319.14990234375, 267.9234924316406, 310.33673095703125, 289.43621826171875, 293.2789611816406, 242.4558868408203, 320.9033508300781, 230.84503173828125, 281.4570007324219, 238.16983032226562, 226.66885375976562, 233.1363525390625, 250.51071166992188, 215.35606384277344, 259.80499267578125, 216.33790588378906, 249.02749633789062, 251.51812744140625, 235.29623413085938, 301.37213134765625, 173.14984130859375, 347.9603576660156, 167.29901123046875, 360.78466796875, 192.6593017578125, 363.8163146972656, 177.22897338867188, 385.54388427734375, 178.60235595703125, 344.5863342285156, 181.88772583007812, 302.228759765625, 237.8579864501953, 260.4247741699219, 269.89453125, 201.65716552734375, 272.8128662109375, 186.0661163330078, 295.80059814453125, 183.29205322265625, 293.3360595703125, 150.95889282226562, 293.1246337890625, 121.71149444580078, 285.2888488769531, 140.43115234375, 230.46881103515625, 157.18130493164062, 206.94345092773438, 167.6075439453125, 207.27822875976562, 160.269775390625, 202.9481964111328, 162.79302978515625, 223.12411499023438, 169.1251678466797, 223.92105102539062, 192.93218994140625, 217.24020385742188, 212.64303588867188, 243.23680114746094, 208.75949096679688, 237.25390625, 223.5819091796875, 186.96051025390625, 246.7014923095703, 168.906005859375, 268.8708190917969, 149.73716735839844, 257.9324951171875, 153.3352813720703, 230.17645263671875, 159.11819458007812, 227.27337646484375, 163.71884155273438, 228.92239379882812, 165.0629425048828, 200.69119262695312, 159.909423828125, 168.72146606445312, 196.0108184814453, 145.92074584960938, 196.09454345703125, 142.47100830078125, 169.2095489501953, 153.58181762695312, 158.01559448242188, 155.98849487304688, 146.87672424316406, 157.8658447265625, 134.58050537109375, 181.07199096679688, 137.8175048828125, 192.82601928710938, 131.72938537597656, 207.09518432617188, 147.33505249023438, 198.34207153320312, 175.3361053466797, 154.697021484375, 191.93649291992188, 161.45449829101562, 214.96771240234375, 162.33792114257812, 209.01272583007812, 154.61990356445312, 195.89242553710938, 144.3123016357422, 200.2436065673828, 142.76913452148438, 187.52932739257812, 138.46078491210938, 164.32894897460938, 130.526611328125, 153.35916137695312, 143.49481201171875, 154.91909790039062, 136.1649932861328, 161.47882080078125, 123.8966064453125, 152.4149627685547, 126.8345947265625, 157.15985107421875, 125.47796630859375, 159.964599609375, 117.98724365234375, 160.9827117919922, 126.11161804199219, 146.57034301757812, 131.4830322265625, 128.57664489746094, 151.90762329101562, 105.09126281738281, 173.1721649169922, 85.67057037353516, 184.6940155029297, 99.10777282714844, 206.2743682861328, 106.00511169433594, 206.40213012695312, 122.09874725341797, 180.91917419433594, 132.09251403808594, 175.9296417236328, 153.59219360351562, 158.26083374023438, 160.88308715820312, 128.2024383544922, 149.77740478515625, 115.08971405029297, 155.05686950683594, 111.25718688964844, 151.01974487304688, 101.83981323242188, 139.65737915039062, 95.54800415039062, 137.28160095214844, 113.1493148803711, 132.6016845703125, 117.14115905761719, 125.66847229003906, 128.0021514892578, 123.28153991699219, 122.15815734863281, 128.02755737304688, 111.64945983886719, 137.9251708984375, 107.17056274414062, 134.42384338378906, 101.46154022216797, 134.5087890625, 106.74169921875, 145.92880249023438, 118.29437255859375, 135.69847106933594, 136.04302978515625, 115.96076965332031, 143.18505859375, 121.76541137695312, 164.69924926757812, 113.12198638916016, 162.49343872070312, 112.1318359375, 142.43771362304688, 116.98385620117188, 146.39859008789062, 119.0926284790039, 140.4702911376953, 120.3213882446289, 119.243896484375,