{"testproblem": "fmnist_mlp", "batch_size": 128, "num_epochs": 100, "random_seed": 42, "weight_decay": null, "optimizer_hyperparams": {"lr": 0.0001, "momentum": 0.99}, "train_losses": [2.3021158377329507, 2.198726033553099, 1.2905509502459795, 0.8672146300474802, 0.7422647812427619, 0.6629628493235662, 0.6126161878689741, 0.5766893758987769, 0.5548056597128893, 0.5234404809964008, 0.4980427439396198, 0.49151866711103, 0.46535421716861236, 0.4588453001700915, 0.46597552872621095, 0.46090365411379397, 0.4391616124373216, 0.43689334316131395, 0.41395927851016706, 0.39895941909307087, 0.4049796293943356, 0.39396085895788974, 0.3889554914755699, 0.40435487719682545, 0.38268775359178203, 0.37992177005761707, 0.37952681038624203, 0.3665201130967874, 0.35208788705177796, 0.3410833485615559, 0.33870191929432064, 0.34993626654912263, 0.3307810504084978, 0.33107101707122266, 0.3183316951378798, 0.32968157281478244, 0.3270542636895791, 0.3117882294150499, 0.31591531194937533, 0.30543302591794574, 0.29725835032952136, 0.30225472018504757, 0.3033979344062316, 0.3105736607924486, 0.29642809277925736, 0.29307300578325224, 0.2861196843859477, 0.29273441185553867, 0.28192657977342606, 0.28047496959184987, 0.27076976230511296, 0.2837515603273343, 0.276504013973933, 0.26466047037870455, 0.25035797689969724, 0.25465224071955067, 0.2512432063619296, 0.26505803756224805, 0.24527906397214302, 0.2433078518280616, 0.24469916426982635, 0.24290689348410338, 0.23218253933084318, 0.23132566343515348, 0.24289566507706276, 0.23468695504543108, 0.22753243511303878, 0.22470558893222076, 0.2156707056057759, 0.22874709218740463, 0.22592649752130875, 0.2125739895571501, 0.20624337813411003, 0.20974741150171328, 0.20160407783129278, 0.21298965534720665, 0.20184722934395838, 0.2017010208696891, 0.19718777073117402, 0.1955838937025804, 0.19298393928851837, 0.1890924820342125, 0.2134236893019615, 0.19734178903775337, 0.17320725379081872, 0.18355909410195473, 0.18049019661087257, 0.16254832786627305, 0.18022652849172935, 0.16319210091844583, 0.17857034705006158, 0.17062082561926964, 0.16502473780359977, 0.15436393289993972, 0.16298717671097854, 0.15036839686143091, 0.1657391574520331, 0.14491104000271895, 0.13023107116803145, 0.1555083503898902, 0.1431878374841733], "test_losses": [2.3022368321051965, 2.2005770542682748, 1.299104847969153, 0.8892289102077484, 0.7533086584164546, 0.6903897309914614, 0.6315610798505636, 0.6031215465985812, 0.5760375307156489, 0.5543952962526908, 0.5273474687949206, 0.5129605848819782, 0.5033880586807544, 0.4895952577010179, 0.4846020902578647, 0.48393671405621064, 0.4716075884226041, 0.46241967380046844, 0.4517114575092609, 0.43908546024408096, 0.43715647436105287, 0.433365421799513, 0.43791228227126294, 0.4239630456536244, 0.4183149952919055, 0.43289850193720597, 0.4171924789746602, 0.4143379510213167, 0.4001392924632782, 0.39981540884727085, 0.3907624452542036, 0.3902003153776511, 0.39422317212208724, 0.38507938633362454, 0.3837533681056438, 0.38134629222062916, 0.379634464207368, 0.3725223978742575, 0.37252103957610255, 0.3761255494677104, 0.365044531531823, 0.3652146922854277, 0.36652074104700333, 0.37040385470176357, 0.35494247747537416, 0.3667473594347636, 0.3584843067786632, 0.36676124063057775, 0.3499841881104005, 0.36548451372446156, 0.34591262692060226, 0.3578596799037395, 0.35547537796008283, 0.3415189417891013, 0.33843564012875926, 0.3418156338425783, 0.3393373317443408, 0.3574327604892926, 0.3361774348677733, 0.3375127340356509, 0.3376740018526713, 0.3467579741890614, 0.3384069695304602, 0.332617631707436, 0.34170943613235766, 0.3300897024380855, 0.3348986095724962, 0.33356065551439923, 0.33589888383180666, 0.33186052319331044, 0.3348039386746211, 0.3300595715259894, 0.329051779057735, 0.3281625769077203, 0.32109081974396336, 0.33757366201816463, 0.3297694415236131, 0.3222215269238521, 0.3316705687305866, 0.3226726240454576, 0.324109214811753, 0.32508957175872266, 0.3402551999076819, 0.3382964117022661, 0.32326291310481536, 0.33528868242716175, 0.33130777302460795, 0.32937087749059385, 0.3304266115793815, 0.323498971760273, 0.3376919449521945, 0.33321894304110455, 0.3257245352635017, 0.32553866734871495, 0.3390873005756965, 0.3312801726353474, 0.3477070709833732, 0.3290545269846916, 0.32239510653874814, 0.336110641176884, 0.32359249125688505], "train_accuracies": [0.10817307692307693, 0.27784455128205127, 0.551582532051282, 0.6443309294871795, 0.7211538461538461, 0.76171875, 0.7844551282051282, 0.7887620192307693, 0.8096955128205128, 0.8200120192307693, 0.8298277243589743, 0.8311298076923077, 0.8378405448717948, 0.8378405448717948, 0.8417467948717948, 0.844551282051282, 0.8471554487179487, 0.8494591346153846, 0.8577724358974359, 0.8620793269230769, 0.8586738782051282, 0.8610777243589743, 0.8641826923076923, 0.8594751602564102, 0.8669871794871795, 0.8684895833333334, 0.8672876602564102, 0.8745993589743589, 0.8760016025641025, 0.8822115384615384, 0.8802083333333334, 0.8757011217948718, 0.8835136217948718, 0.8811097756410257, 0.8837139423076923, 0.883613782051282, 0.8863181089743589, 0.8916266025641025, 0.8899238782051282, 0.8936298076923077, 0.8955328525641025, 0.8911258012820513, 0.8915264423076923, 0.8872195512820513, 0.8948317307692307, 0.89453125, 0.8981370192307693, 0.8952323717948718, 0.8984375, 0.901542467948718, 0.9049479166666666, 0.9003405448717948, 0.8999399038461539, 0.9040464743589743, 0.9134615384615384, 0.9112580128205128, 0.9082532051282052, 0.9022435897435898, 0.9122596153846154, 0.9144631410256411, 0.9158653846153846, 0.9115584935897436, 0.9183693910256411, 0.9164663461538461, 0.9108573717948718, 0.9167668269230769, 0.9180689102564102, 0.9197716346153846, 0.9212740384615384, 0.9211738782051282, 0.9184695512820513, 0.9271834935897436, 0.9296875, 0.9267828525641025, 0.9282852564102564, 0.9254807692307693, 0.9311899038461539, 0.9314903846153846, 0.9287860576923077, 0.9346955128205128, 0.9323918269230769, 0.9348958333333334, 0.924979967948718, 0.9286858974358975, 0.9394030448717948, 0.9362980769230769, 0.9358974358974359, 0.9425080128205128, 0.9364983974358975, 0.9443108974358975, 0.9392027243589743, 0.9391025641025641, 0.9417067307692307, 0.9468149038461539, 0.9437099358974359, 0.9476161858974359, 0.9425080128205128, 0.9477163461538461, 0.9580328525641025, 0.9450120192307693, 0.9517227564102564],