{"train_losses": [353.9337594168527, 192.24193681989397, 120.44025639125279, 105.53582981654576, 108.4187480381557, 106.76878356933594, 101.90765489850726, 99.35926164899554, 98.4844000680106, 97.36400822230748, 96.13174329485211, 95.19415065220424, 94.38887459891183, 93.61739458356585, 92.92550659179688, 92.30573381696429, 91.73565564836774, 91.21564047677177, 90.7423346383231, 90.30911363874164, 89.91242109026227, 89.54861014229911, 89.21412549700055, 88.90628378731864, 88.62264578683036, 88.36087581089565, 88.11889757428851, 87.89487675258091, 87.68719591413226, 87.49442073277065, 87.31525421142578, 87.14853341238839, 86.99319675990513, 86.8483145577567, 86.7130355834961, 86.58660125732422, 86.46831948416573, 86.35756465366909, 86.25377873011998, 86.1564450945173, 86.0650885445731, 85.9792949131557, 85.89866747174945, 85.82285417829242, 85.75152478899274, 85.68438611711774, 85.62115696498326, 85.56158229282924, 85.50543757847377, 85.4524917602539, 85.40254538399833, 85.35542624337333, 85.31094796316964, 85.26894923618862, 85.22928510393415, 85.19181496756417, 85.15640476771763, 85.12292807442802, 85.09127916608539, 85.06134796142578, 85.03302873883929, 85.00623539515904, 84.98087201799665, 84.95685795375279, 84.93412235804966, 84.91257694789341, 84.89216613769531, 84.87282126290458, 84.85447910853794, 84.8370829990932, 84.8205806187221, 84.80492074148995, 84.79005650111607, 84.77593994140625, 84.76253291538784, 84.74979618617466, 84.73768833705357, 84.72617558070591, 84.71522630964007, 84.70480673653739, 84.69489288330078, 84.68545205252511, 84.67646135602679, 84.66789136614118, 84.65972573416573, 84.65193721226284, 84.64451054164341, 84.63741956438336, 84.63065338134766, 84.6241934640067, 84.6180180140904, 84.61211940220424, 84.60647800990513, 84.60108293805804, 84.59592001778739, 84.59097834995815, 84.58624812534877, 84.58171735491071, 84.57737513950893, 84.57320731026786, 84.56921495710101], "test_losses": [353.44676426478793, 193.3690185546875, 122.64586966378349, 108.18120901925224, 111.06121063232422, 109.3003681727818, 104.39994485037667, 101.82899366106305, 100.91314588274274, 99.78889574323382, 98.60717882428851, 97.7195063999721, 96.93210710797992, 96.16455950055804, 95.4773941040039, 94.86264147077289, 94.30116598946708, 93.7942374093192, 93.33113098144531, 92.90271432059151, 92.51026589529855, 92.15192522321429, 91.82237461635044, 91.5187007359096, 91.23892211914062, 90.98038264683315, 90.74107142857143, 90.51956394740513, 90.31423623221261, 90.12347630092076, 89.94604819161552, 89.78086417061942, 89.62688773018974, 89.48320879255023, 89.34899575369698, 89.22348022460938, 89.10599735804966, 88.99594007219586, 88.89275251116071, 88.79593440464565, 88.70502253941127, 88.61959293910435, 88.53927067347935, 88.46370588030133, 88.392575945173, 88.32558768136161, 88.26247079031808, 88.20296696254185, 88.14686039515904, 88.09392547607422, 88.04396275111607, 87.99679674421039, 87.95224979945591, 87.91016823904855, 87.87040383475167, 87.83280726841518, 87.79726191929409, 87.76364353724888, 87.73183768136161, 87.70173645019531, 87.6732428414481, 87.64626639229911, 87.62071119035993, 87.59650312151227, 87.57356371198382, 87.55181666782924, 87.53119877406529, 87.51164136614118, 87.49308449881417, 87.47547803606305, 87.45875767299107, 87.44288417271206, 87.42780521937779, 87.41347394670758, 87.39985656738281, 87.38690512520927, 87.3745869227818, 87.36286381312779, 87.35170527866909, 87.34108625139508, 87.33096531459263, 87.32132611955915, 87.3121316092355, 87.3033676147461, 87.29501124790737, 87.2870341709682, 87.27942003522601, 87.27214813232422, 87.26520320347377, 87.25856563023159, 87.25221906389508, 87.24615042550224, 87.24034336635044, 87.23478698730469, 87.22946602957589, 87.22436632428851, 87.219484601702, 87.21480560302734, 87.21031624930245, 87.20601436070034, 87.2018792288644], "minibatch_train_losses": [369.72540283203125, 332.880126953125, 304.56146240234375, 271.68035888671875, 255.62313842773438, 217.43289184570312, 191.66905212402344, 203.03109741210938, 180.3535919189453, 169.75755310058594, 152.54049682617188, 144.11009216308594, 129.1460418701172, 114.43212890625, 126.780517578125, 115.60916137695312, 116.7993392944336, 111.61517333984375, 106.29357147216797, 107.57367706298828, 97.7926025390625, 108.50223541259766, 103.8561782836914, 109.30288696289062, 110.08981323242188, 103.53633117675781, 111.86602783203125, 101.55864715576172, 109.55712127685547, 106.78126525878906, 111.53266906738281, 112.81250762939453, 104.01821899414062, 112.7421875, 100.51761627197266, 107.70736694335938, 104.77742004394531, 108.58303833007812, 108.69103240966797, 100.03058624267578, 107.0697021484375, 94.79644775390625, 103.75235748291016, 100.37828826904297, 104.52252960205078, 103.95147705078125, 97.1610107421875, 102.31321716308594, 91.16846466064453, 102.27510833740234, 98.36090850830078, 102.88131713867188, 102.03617858886719, 96.65071868896484, 100.23721313476562, 89.86048126220703, 101.93109893798828, 97.65623474121094, 102.07994079589844, 101.09825134277344, 95.94839477539062, 98.9960708618164, 88.74864196777344, 100.7391586303711, 96.53638458251953, 100.86871337890625, 99.95463562011719, 94.44969177246094, 98.07037353515625, 87.68925476074219, 99.18746948242188, 95.23119354248047, 99.65434265136719, 98.97212219238281, 93.07262420654297, 97.51084899902344, 86.98416137695312, 98.00018310546875, 94.17523193359375, 98.69148254394531, 98.21015930175781, 92.1026840209961, 96.87246704101562, 86.31324768066406, 97.12306213378906, 93.32139587402344, 97.87197875976562, 97.43911743164062, 91.3511962890625, 95.99203491210938, 85.51524353027344, 96.41297149658203, 92.59276580810547, 97.1558609008789, 96.66268157958984, 90.71041870117188, 95.12065124511719, 84.74193572998047, 95.81022644042969, 91.94998931884766, 96.51754760742188, 95.97293090820312, 90.1181640625, 94.40573120117188, 84.08873748779297, 95.22781372070312, 91.33949279785156, 95.91482543945312, 95.38121795654297, 89.53156280517578, 93.82001495361328, 83.54449462890625, 94.63893127441406, 90.75326538085938, 95.34735870361328, 94.85714721679688, 88.96617126464844, 93.31713104248047, 83.07133483886719, 94.08546447753906, 90.21578979492188, 94.82948303222656, 94.37559509277344, 88.45323181152344, 92.85479736328125, 82.62874603271484, 93.5958023071289, 89.73603057861328, 94.36302185058594, 93.92788696289062, 88.0019760131836, 92.40412139892578, 82.2035140991211, 93.16679382324219, 89.30416107177734, 93.94114685058594, 93.51388549804688, 87.60159301757812, 91.97308349609375, 81.80949401855469, 92.7816390991211, 88.9078369140625, 93.55387878417969, 93.13349914550781, 87.23445129394531, 91.58206176757812, 81.45478820800781, 92.42356872558594, 88.54120635986328, 93.19560241699219, 92.78663635253906, 86.8904037475586, 91.23406219482422, 81.13412475585938, 92.08699035644531, 88.20240783691406, 92.86505126953125, 92.47057342529297, 86.56996154785156, 90.91868591308594, 80.84068298339844, 91.7757568359375, 87.8897705078125, 92.56036376953125, 92.17942810058594, 86.27618408203125, 90.6258316040039, 80.56968688964844, 91.49211120605469, 87.60200500488281, 92.27963256835938, 91.90923309326172, 86.00833129882812, 90.35140991210938, 80.31793212890625, 91.23296356201172, 87.33721160888672, 92.02104949951172, 91.65899658203125, 85.76232147216797, 90.09645080566406, 80.084716796875, 90.9936752319336, 87.09230041503906, 91.78179168701172, 91.42776489257812, 85.53414916992188, 89.86210632324219, 79.86995697021484, 90.77129364013672, 86.86479187011719, 91.55960083007812, 91.21388244628906, 85.32196044921875, 89.64635467529297, 79.67192077636719, 90.56465911865234, 86.65341186523438, 91.35330963134766, 91.01555633544922, 85.12528991699219, 89.446044921875, 79.48820495605469, 90.37320709228516, 86.45713806152344, 91.16184997558594, 90.83106231689453, 84.94328308105469, 89.25936126708984, 79.31718444824219, 90.19589233398438, 86.27473449707031, 90.9839096069336, 90.6591796875, 84.77445983886719, 89.08540344238281, 