{"testproblem": "fmnist_mlp", "batch_size": 128, "num_epochs": 100, "random_seed": 42, "weight_decay": null, "optimizer_hyperparams": {"lr": 0.39810717055349776}, "train_losses": [2.3021158377329507, 2.3093494268564076, 2.3090207362786317, 2.3125327428181968, 2.3489813071030836, 2.320560586758149, 2.3197788825401893, 2.3500925394204946, 2.3152397932150426, 2.3406597956632957, 2.334379419302329, 2.3224001908913636, 2.3236131912622695, 2.3195968988614206, 2.3411455215551915, 2.3127028544743857, 2.348565948315156, 2.3250491130046353, 2.3471448176946397, 2.3165765817348776, 2.324620876556788, 2.309527033414596, 2.315702795982361, 2.3261743722817836, 2.3307461708019943, 2.330060078547551, 2.3111802767484617, 2.3218930654036694, 2.318836184648367, 2.337337001776084, 2.313355870735951, 2.3413956257013173, 2.3332073994171925, 2.31500912629641, 2.330489063874269, 2.313818326363197, 2.3276619911193848, 2.322538822125166, 2.3145944674809775, 2.328962598091517, 2.3198892581157193, 2.312057898594783, 2.3271381151981845, 2.3338519548758483, 2.324763502830114, 2.3135128357471566, 2.31140992580316, 2.3482731611300736, 2.3144187346482887, 2.311193200258108, 2.333627245365045, 2.308385955981719, 2.3144407027806992, 2.321049213409424, 2.352692539875324, 2.332110025943854, 2.3262320298414965, 2.3152592334991846, 2.310162525910598, 2.3185891860570664, 2.3215242593716354, 2.322651664415995, 2.3362375620083933, 2.314920566020868, 2.3220928693429017, 2.3153639817849183, 2.313304427342537, 2.315588183892079, 2.3382765910564323, 2.3206934409263806, 2.3230954592044535, 2.323822794816433, 2.318803093372247, 2.3167615548158302, 2.3337746675197897, 2.3197704431338186, 2.327195650491959, 2.3155993834519997, 2.3346542028280406, 2.3227955041787562, 2.3169841613525, 2.333824490889525, 2.3241948011593943, 2.3345106595601792, 2.3150696265391812, 2.3391872888956313, 2.3203908174465866, 2.322582718653557, 2.3260900729741807, 2.3163407337971225, 2.3280095075949645, 2.3237206110587487, 2.314337834333762, 2.3199982795959864, 2.332823013648009, 2.3202950159708657, 2.313852294897422, 2.3135162867032566, 2.3163422376681595, 2.3123773153011618, 2.319890083410801], "test_losses": [2.3022368321051965, 2.327196185405438, 2.3094712648636255, 2.313377912227924, 2.3466099164424796, 2.3215900231630373, 2.321067308768248, 2.34905220912053, 2.3158996196893544, 2.339128885513697, 2.335575060966687, 2.3205090119288516, 2.3252503933050694, 2.3183793196311364, 2.3425201238730016, 2.310513835686904, 2.343726622752654, 2.324345203546377, 2.3424429648961778, 2.316333688222445, 2.3191228799330883, 2.3091931495911036, 2.3162780235975218, 2.3239466013052525, 2.3306686786504893, 2.328371952741574, 2.312825178488707, 2.3208001118439894, 2.318379949300717, 2.3362645522142067, 2.3173295901371884, 2.3437563547721276, 2.3339967819360585, 2.315034588177999, 2.3278830509919386, 2.3155419490276237, 2.3286372331472545, 2.3214872830953355, 2.3159536520640054, 2.3306846496386404, 2.3208304215700197, 2.312110057243934, 2.324802835782369, 2.3318078151116004, 2.3253585558671217, 2.3136414350607457, 2.31158009553567, 2.347433863542019, 2.3158188508107114, 2.3135309035961447, 2.3301039995291295, 2.3085751564074783, 2.314627421207917, 2.320653499701084, 2.3528738908278637, 2.3311471266624255, 2.326511358603453, 2.3184123100378575, 2.310195030310215, 2.3218349187802048, 2.3236474134983163, 2.3196991620919643, 2.331469862889021, 2.3152569196163078, 2.3236055068480663, 2.31641693909963, 2.3135016759236655, 2.3168016855533304, 2.3382507868302174, 2.319238882798415, 2.320340248254629, 2.324393752293709, 2.320518068778209, 2.3188751630294018, 2.3315867216159134, 2.3251652748156815, 2.3261753137295065, 2.313984996233231, 2.330699926767594, 2.3219052736575785, 2.3197717727758946, 2.3362991993243876, 2.3238761669550185, 2.333584394210424, 2.3142299957764454, 2.3396241512054052, 2.3200215101242065, 2.3242823557975965, 2.3247448144814906, 2.3186672498018313, 2.3297961828036184, 2.3265386453041663, 2.3142557388696914, 2.3185110825758715, 2.3294599514741163, 2.3176178320860252, 2.3140163177098985, 2.312237929075192, 2.3154018353193235, 2.312432341086559, 2.3190596409333057], "train_accuracies": [0.10817307692307693, 0.09865785256410256, 0.1045673076923077, 0.10056089743589744, 0.10006009615384616, 0.10346554487179487, 0.10006009615384616, 0.09975961538461539, 0.10266426282051282, 0.09895833333333333, 0.10356570512820513, 0.10006009615384616, 0.10286458333333333, 0.10376602564102565, 0.10166266025641026, 0.09435096153846154, 0.09735576923076923, 0.10056089743589744, 0.09775641025641026, 0.0992588141025641, 0.09585336538461539, 0.09715544871794872, 0.09915865384615384, 0.09375, 0.09985977564102565, 0.09705528846153846, 0.10216346153846154, 0.09735576923076923, 0.09875801282051282, 0.10046073717948718, 0.10677083333333333, 0.10046073717948718, 0.10096153846153846, 0.10046073717948718, 0.0946514423076923, 0.09905849358974358, 0.09865785256410256, 0.09885817307692307, 0.10586939102564102, 0.10096153846153846, 0.10186298076923077, 0.10276442307692307, 0.10126201923076923, 0.09785657051282051, 0.1015625, 0.10116185897435898, 0.09775641025641026, 0.10036057692307693, 0.10346554487179487, 0.1024639423076923, 0.09865785256410256, 0.10116185897435898, 0.09575320512820513, 0.0999599358974359, 0.10657051282051282, 0.09805689102564102, 0.09645432692307693, 0.10256410256410256, 0.10196314102564102, 0.10256410256410256, 0.10026041666666667, 0.09725560897435898, 0.0967548076923077, 0.10356570512820513, 0.09775641025641026, 0.09725560897435898, 0.1024639423076923, 0.10036057692307693, 0.09985977564102565, 0.0953525641025641, 0.09565304487179487, 0.10166266025641026, 0.10506810897435898, 0.09985977564102565, 0.09775641025641026, 0.09645432692307693, 0.09735576923076923, 0.09475160256410256, 0.09885817307692307, 0.1015625, 0.10466746794871795, 0.10366586538461539, 0.09945913461538461, 0.09705528846153846, 0.10116185897435898, 0.10226362179487179, 0.10206330128205128, 0.10046073717948718, 0.09815705128205128, 0.10516826923076923, 0.10206330128205128, 0.10126201923076923, 0.10236378205128205, 0.09965945512820513, 0.09835737179487179, 0.0967548076923077, 0.09985977564102565, 0.09785657051282051, 0.09575320512820513, 0.1031650641025641, 0.09845753205128205],