{"testproblem": "mnist_mlp", "batch_size": 128, "num_epochs": 100, "random_seed": 42, "weight_decay": null, "optimizer_hyperparams": {"lr": 0.00015848931924611142, "momentum": 0.99}, "train_losses": [2.3034798334806394, 2.261618577516996, 1.70455175332534, 0.6023482913390185, 0.42380307385554683, 0.36364186173066115, 0.330067715774744, 0.29340278739348435, 0.2672401061042761, 0.24313190846871108, 0.2226609722352945, 0.19814973888106835, 0.18104920307031044, 0.16819276011142975, 0.16124561873192972, 0.151076073352343, 0.13517625004244158, 0.12641120396363428, 0.12328088178466527, 0.1166209536485183, 0.11248215020467074, 0.1031010499319587, 0.09440521470820293, 0.08657573813047165, 0.08219857788525331, 0.0796898996982819, 0.07289969262022239, 0.0736154379705206, 0.07107116656903273, 0.06686093352544002, 0.05494443511065, 0.0565497570981582, 0.060951399616897106, 0.054368700426167406, 0.05046790532576732, 0.04368182744544286, 0.04247421191002314, 0.043027471918135114, 0.04298816747867908, 0.03296143351457058, 0.03892180932542452, 0.03202616795897484, 0.030082537840383176, 0.030055022726838406, 0.029062312860519458, 0.027567724983852643, 0.025154447636734217, 0.02985336796308939, 0.023681021080567285, 0.024041623211441897, 0.0219722295132203, 0.019956928534576528, 0.01930315171678861, 0.019498505629599094, 0.02015639254106925, 0.016607523059997804, 0.015984876272387993, 0.015152198262512684, 0.014581450571616491, 0.013790658173652796, 0.0153976101667071, 0.012429489133258661, 0.012791359367278906, 0.011995327945512075, 0.012312275859025808, 0.009087778150271147, 0.010220312776091771, 0.009330056058481717, 0.008741172818610301, 0.007787702032006704, 0.007439821433180418, 0.007879992135060139, 0.007593228147389033, 0.006480570906438889, 0.007005525370820975, 0.006333474499674944, 0.006438491913752678, 0.0061730083364706775, 0.005687894013065558, 0.005154033024341633, 0.00538375902061279, 0.006268047608244114, 0.004828941315794602, 0.004354097044620759, 0.004284171339793083, 0.004162357212641301, 0.004665154175689587, 0.0035160440378464186, 0.003996074295196778, 0.004448407640059789, 0.0036812074100359892, 0.00368653529156477, 0.003257817851427274, 0.0033954476030209125, 0.00338763877367362, 0.0032722060210429705, 0.002991363024100279, 0.0033306339516853676, 0.002903777962693801, 0.002635229426698807, 0.00280606206984092], "test_losses": [2.3034419279832106, 2.260633661196782, 1.699891718534323, 0.5895632637234834, 0.411160302372315, 0.3468515913073833, 0.3112511961028362, 0.2877362569650778, 0.25943817279468745, 0.2378873365620772, 0.21958578077073282, 0.20380124043768796, 0.18548074985543886, 0.17784920764657167, 0.1628556604950856, 0.15367955819536477, 0.1461070941713376, 0.1379630836443259, 0.13031334597139788, 0.1267963577157412, 0.12236545841472271, 0.11933461056114772, 0.11132391303395614, 0.10891159198796138, 0.10323252280553182, 0.10250612391302219, 0.0970056710096124, 0.09573112122523479, 0.09197489126848105, 0.09407912710538277, 0.08895897258741733, 0.08889446491136765, 0.08819458170387989, 0.08431250953043883, 0.0849860299569674, 0.08167761153517625, 0.08151748186598222, 0.08166043231120476, 0.07717769731504795, 0.07575586013113841, 0.07621823669148561, 0.07557188900999534, 0.07557262542347114, 0.07555121794725075, 0.07274278181676681, 0.07314859545574738, 0.07311249715395463, 0.07296718635524695, 0.07056964527911101, 0.07142014634341766, 0.07210056158976677, 0.07182633212934701, 0.07111356619936533, 0.07120928891862814, 0.07175950985401869, 0.07158073854561035, 0.06980941458963431, 0.07028312689791887, 0.06982007197653636, 0.0708454419643833, 0.0707139038743499, 0.07015872264328675, 0.0690934527426576, 0.07084060851962139, 0.0706456019423711, 0.06980117694594157, 0.07184872685525662, 0.07099630459187886, 0.07129269074171017, 0.0710252411185931, 0.07181179320487456, 0.0716006732903994, 0.07101832478283307, 0.07141003566674697, 0.07345203964565045, 0.07229088867704074, 0.07285420388843004, 0.07224194297137168, 0.0730936022905203, 0.07292885712992686, 0.07272188090838683, 0.07425957653098382, 0.0738836402933185, 0.07368854863139299, 0.07342114390280002, 0.07443897664929047, 0.07452960957128268, 0.07466529293033557, 0.07482547769084191, 0.07640018209050863, 0.07556723074939771, 0.07514427246478124, 0.07555483152660039, 0.07512510849688298, 0.0759594200226741, 0.07642022945368901, 0.07594377607202683, 0.0763314362281026, 0.07612094027587236, 0.07684105973786269, 0.07677487169320767], "train_accuracies": [0.08543669871794872, 0.38461538461538464, 0.5475761217948718, 0.8160056089743589, 0.8747996794871795, 0.8958333333333334, 0.9074519230769231, 0.917167467948718, 0.9246794871794872, 0.9267828525641025, 0.9360977564102564, 0.9441105769230769, 0.9480168269230769, 0.9529246794871795, 0.9545272435897436, 0.9586338141025641, 0.9607371794871795, 0.9637419871794872, 0.9637419871794872, 0.9660456730769231, 0.9671474358974359, 0.9708533653846154, 0.9745592948717948, 0.9741586538461539, 0.9760616987179487, 0.9783653846153846, 0.9782652243589743, 0.9797676282051282, 0.9801682692307693, 0.9817708333333334, 0.9850761217948718, 0.9852764423076923, 0.9844751602564102, 0.9852764423076923, 0.9863782051282052, 0.9875801282051282, 0.9888822115384616, 0.9893830128205128, 0.989082532051282, 0.9922876602564102, 0.9896834935897436, 0.9921875, 0.9930889423076923, 0.9926883012820513, 0.9935897435897436, 0.9946915064102564, 0.9945913461538461, 0.9921875, 0.995292467948718, 0.9956931089743589, 0.9959935897435898, 0.99609375, 0.9966947115384616, 0.9958934294871795, 0.9963942307692307, 0.9969951923076923, 0.9981971153846154, 0.9979967948717948, 0.9978966346153846, 0.9977964743589743, 0.9979967948717948, 0.9987980769230769, 0.9979967948717948, 0.9985977564102564, 0.9986979166666666, 0.9992988782051282, 0.9985977564102564, 0.9988982371794872, 0.9993990384615384, 0.9994991987179487, 0.9994991987179487, 0.9998998397435898, 0.999198717948718, 0.9994991987179487, 0.9996995192307693, 1.0, 0.9993990384615384, 0.9997996794871795, 0.9995993589743589, 0.9998998397435898, 0.9997996794871795, 0.9993990384615384, 0.9998998397435898, 1.0, 1.0, 0.9998998397435898, 0.9996995192307693, 1.0, 0.9998998397435898, 0.9997996794871795, 0.9998998397435898, 0.9998998397435898, 1.0, 1.0, 1.0, 0.9998998397435898, 1.0, 1.0, 1.0, 1.0, 1.0],