{"testproblem": "fmnist_mlp", "batch_size": 128, "num_epochs": 100, "random_seed": 42, "weight_decay": null, "optimizer_hyperparams": {"lr": 0.15848931924611143}, "train_losses": [2.3021158377329507, 2.304502178461124, 2.307773302762936, 2.3079934334143615, 2.3077098497977624, 2.3067489434511232, 2.3075201572516026, 2.310465855476184, 2.3090730813833384, 2.3138056015356994, 2.3080950578053794, 2.3097742857077184, 2.31429551809262, 2.317744398728395, 2.3101060573871317, 2.3108232418696084, 2.3088003183022523, 2.3080509289717064, 2.3142545253802567, 2.314341954695873, 2.3090167137292714, 2.3110791781009774, 2.314105082780887, 2.3117322738354025, 2.3094738599581595, 2.3072499403586755, 2.3113398949305215, 2.308669698544038, 2.3212114633657994, 2.321536889443031, 2.3103310878460226, 2.309965045024187, 2.319008542941167, 2.3079028526941934, 2.30855645888891, 2.316452069160266, 2.3129416031715198, 2.307782539954552, 2.3128832639792027, 2.312840761282505, 2.3159376229995337, 2.311740597089132, 2.3122674318460317, 2.3174364413970556, 2.3167191529885316, 2.3053754354134584, 2.3073505957921348, 2.3054492137370963, 2.3048469103299656, 2.308377648011232, 2.3115380115998096, 2.3070072394150953, 2.305495124596816, 2.310145683777638, 2.3168356785407433, 2.310894779669933, 2.311773251264523, 2.3124366998672485, 2.3073105903772206, 2.3075942412400856, 2.309903927338429, 2.311929076145857, 2.317800732759329, 2.3069405739124003, 2.308020139351869, 2.3119017527653623, 2.3144060434439244, 2.31233527415838, 2.316641385738666, 2.3071723320545297, 2.3123850302818494, 2.3103658908452744, 2.3133625923058925, 2.311226948713645, 2.3049229291769175, 2.314095222032987, 2.3195622976009664, 2.310445953638126, 2.3073002864152956, 2.3156571021446815, 2.3121039133805494, 2.315067376845922, 2.3078164779222927, 2.3156669659492297, 2.316727632131332, 2.3145662332192445, 2.311548135219476, 2.318781320865338, 2.3121393154828978, 2.304478874573341, 2.309094633811559, 2.314181780203795, 2.30662656441713, 2.3039017762893286, 2.325002991236173, 2.3101731844437428, 2.3112874183899317, 2.307225921215155, 2.3071469832689333, 2.3082187175750732, 2.31483771556463], "test_losses": [2.3022368321051965, 2.305530370810093, 2.3094145365250416, 2.3075619294093204, 2.3084628123503466, 2.310097981721927, 2.309276589980492, 2.3115551685675597, 2.309173816289657, 2.3135049985005307, 2.307876629707141, 2.3131641485752206, 2.3162801326849523, 2.3184036780626345, 2.3106520970662436, 2.3092375107300587, 2.309541595287812, 2.30799270593203, 2.3138326161947007, 2.3156055364853296, 2.308794895807902, 2.3124770934765158, 2.3123700557610927, 2.3118433982898026, 2.3107630289517918, 2.306182540380038, 2.313982278872759, 2.308113788947081, 2.32233281318958, 2.3202173098539696, 2.3107503071809425, 2.3094936792667093, 2.3184939684012, 2.3084799570915027, 2.3072962180162087, 2.3176997227546496, 2.312977821399004, 2.3078636939709005, 2.312662815436339, 2.3121362588344474, 2.315933799132323, 2.3134364684422812, 2.3150193996918507, 2.3161511023839316, 2.3151083848415275, 2.306322272007282, 2.3070821120188785, 2.306765935359857, 2.3058744088197365, 2.3090571837547498, 2.3092225331526537, 2.3072129029494066, 2.3063965241114297, 2.3092275307728696, 2.315151083163726, 2.3101409734823766, 2.3121339877446494, 2.3139339165809827, 2.3083312786542454, 2.309060188440176, 2.30841910533416, 2.3101784143692408, 2.316648250971085, 2.3075310603166237, 2.3080504154547667, 2.3121515053969164, 2.3117458331279264, 2.313713788986206, 2.313562108920171, 2.3075700325843616, 2.3118359095011, 2.3101551104814577, 2.3137999925857935, 2.3129163338587833, 2.305544165464548, 2.314798104457366, 2.3175716400146484, 2.310438327300243, 2.3075308249546933, 2.3153051474155526, 2.3124635372406397, 2.316524175497202, 2.3083788462174244, 2.3150293001761804, 2.316037520384177, 2.3134178748497596, 2.3113041199170627, 2.3197745084762573, 2.3121099258080506, 2.3058668038783927, 2.309488363755055, 2.3144490718841553, 2.306582729021708, 2.303822254523253, 2.323348201238192, 2.310173826339917, 2.3132135715240087, 2.308807996603159, 2.3075606242204323, 2.308975045497601, 2.313402084203867], "train_accuracies": [0.10817307692307693, 0.09905849358974358, 0.10496794871794872, 0.09755608974358974, 0.09545272435897435, 0.10286458333333333, 0.10056089743589744, 0.10016025641025642, 0.09825721153846154, 0.09935897435897435, 0.09935897435897435, 0.09905849358974358, 0.09695512820512821, 0.09915865384615384, 0.10176282051282051, 0.09425080128205128, 0.10216346153846154, 0.10036057692307693, 0.09815705128205128, 0.09985977564102565, 0.09795673076923077, 0.09965945512820513, 0.09445112179487179, 0.1031650641025641, 0.10126201923076923, 0.09705528846153846, 0.10196314102564102, 0.09845753205128205, 0.10076121794871795, 0.09815705128205128, 0.09905849358974358, 0.0967548076923077, 0.09845753205128205, 0.09965945512820513, 0.09955929487179487, 0.09745592948717949, 0.0985576923076923, 0.09885817307692307, 0.10076121794871795, 0.09965945512820513, 0.1006610576923077, 0.10276442307692307, 0.10767227564102565, 0.09785657051282051, 0.09475160256410256, 0.09965945512820513, 0.09745592948717949, 0.10036057692307693, 0.10026041666666667, 0.09965945512820513, 0.09805689102564102, 0.10306490384615384, 0.10647035256410256, 0.09985977564102565, 0.0967548076923077, 0.0992588141025641, 0.10406650641025642, 0.10256410256410256, 0.10186298076923077, 0.10076121794871795, 0.10196314102564102, 0.10146233974358974, 0.10076121794871795, 0.09735576923076923, 0.10176282051282051, 0.09525240384615384, 0.10106169871794872, 0.0985576923076923, 0.09715544871794872, 0.10516826923076923, 0.09895833333333333, 0.09945913461538461, 0.10426682692307693, 0.1031650641025641, 0.09775641025641026, 0.10126201923076923, 0.10036057692307693, 0.09835737179487179, 0.09985977564102565, 0.1015625, 0.09885817307692307, 0.10366586538461539, 0.10236378205128205, 0.09785657051282051, 0.09935897435897435, 0.10226362179487179, 0.10206330128205128, 0.09945913461538461, 0.09815705128205128, 0.10516826923076923, 0.10206330128205128, 0.10226362179487179, 0.10106169871794872, 0.09825721153846154, 0.09815705128205128, 0.10306490384615384, 0.09985977564102565, 0.09905849358974358, 0.1031650641025641, 0.10266426282051282, 0.09845753205128205],