{"testproblem": "fmnist_mlp", "batch_size": 128, "num_epochs": 100, "random_seed": 42, "weight_decay": null, "optimizer_hyperparams": {"lr": 1.584893192461114}, "train_losses": [2.3021158377329507, 2.343559436309032, 2.310464131526458, 2.34993429061694, 2.3899204639288096, 2.342404402219332, 2.3701607967034364, 2.3413788630412173, 2.362109233171512, 2.402883609135946, 2.3919362135422535, 2.32486852315756, 2.3418849951181655, 2.3440505999785204, 2.3479965313886986, 2.3465705040173654, 2.32496588352399, 2.410646835962931, 2.379760457919194, 2.3806362396631484, 2.425840383920914, 2.32423389569307, 2.3802903095881143, 2.395013323196998, 2.342235510165875, 2.3495372778330093, 2.3590289812821608, 2.419606850697444, 2.434189405196752, 2.411776233942081, 2.348335321132953, 2.3467205243232923, 2.3446757120963855, 2.341760066839365, 2.354900904190846, 2.3255265034162083, 2.3636499490493383, 2.326987232917394, 2.3784847870851173, 2.3458874775813174, 2.338567865200532, 2.3547069078836684, 2.3945171466240516, 2.369992332580762, 2.376618733772865, 2.4070275930257945, 2.331998754770328, 2.406014690032372, 2.3661632171043983, 2.362688957116543, 2.380782738710061, 2.3629106283187866, 2.3800733120013504, 2.325642533791371, 2.3523732209816957, 2.3658259220612354, 2.345769772162804, 2.3378548408165956, 2.3540333753977065, 2.335176849976564, 2.3629655990845118, 2.345318201260689, 2.3400412920193796, 2.341533370507069, 2.3506341805824866, 2.435223414347722, 2.3571385114620895, 2.3484872732407007, 2.3733794536346045, 2.3312947352727256, 2.3975746234258017, 2.377538876655774, 2.3969734020722218, 2.4179138159140563, 2.374981852678152, 2.435058382841257, 2.3814627879705186, 2.3596348273448453, 2.4142163563997316, 2.4276057053834963, 2.3291171422371497, 2.3670759415015197, 2.382599879533817, 2.4004041781792274, 2.3531570923634066, 2.3495469979750805, 2.423349163471124, 2.380334652387179, 2.3536875064556417, 2.3770467745952115, 2.3541282476522984, 2.333916514347761, 2.35757254025875, 2.40389215029203, 2.3408505488664675, 2.3352460983471994, 2.427514299368247, 2.376063820643303, 2.441750000684689, 2.3504446897751246, 2.37920221609947], "test_losses": [2.3022368321051965, 2.3397858417951145, 2.311915519909981, 2.3548396122761264, 2.3905735107568593, 2.3393784975394225, 2.3786195119222007, 2.343835081809606, 2.3631966297443094, 2.39888495970995, 2.3898492134534397, 2.3240708112716675, 2.3425304553447623, 2.3459214705687303, 2.348735742079906, 2.342713035069979, 2.3241503085845556, 2.410501547348805, 2.3817056234066305, 2.3801458248725305, 2.4105467276695447, 2.3237251929747753, 2.386437773704529, 2.4015534932796774, 2.339534044265747, 2.3457029996774135, 2.357126990954081, 2.419501998485663, 2.433138813727941, 2.409586230913798, 2.343546518912682, 2.3454429491972313, 2.344408148374313, 2.33995075409229, 2.352902345168285, 2.3292871377406974, 2.36387038230896, 2.3290697794694166, 2.384503165880839, 2.3491961314127994, 2.3410273484694653, 2.3553714966162658, 2.3931027956497974, 2.3733890117743077, 2.377490752782577, 2.404215571207878, 2.3344230621288986, 2.4019681551517587, 2.370562263024159, 2.3688826866638966, 2.379788093077831, 2.3587797696773825, 2.375540574391683, 2.322290686460642, 2.355270789219783, 2.364555206054296, 2.3445804761006284, 2.3359107115329842, 2.3570143442887526, 2.3344139196933846, 2.368939323303027, 2.342274873684614, 2.337143604572003, 2.3430608419271617, 2.3514952720739903, 2.4308572671352286, 2.3587294266774106, 2.351552740121499, 2.3722326938922587, 2.329557892603752, 2.4043391851278453, 2.3818313005643015, 2.3969718676347, 2.41773784160614, 2.3797302215527267, 2.438082319039565, 2.381216125610547, 2.352747128559993, 2.4065043345475807, 2.429578218704615, 2.331372857093811, 2.3630590377709804, 2.3839097298108616, 2.40767611295749, 2.353684284748175, 2.347328837101276, 2.4314718704957228, 2.382327202038887, 2.353232313425113, 2.3763316778036265, 2.3543421244009948, 2.3348425443355856, 2.3582544968678403, 2.3953736500862317, 2.3440658159745045, 2.3332575467916636, 2.42360887160668, 2.3729323087594447, 2.436235996393057, 2.345222736016298, 2.3791484404832888], "train_accuracies": [0.10817307692307693, 0.09865785256410256, 0.10056089743589744, 0.10136217948717949, 0.10006009615384616, 0.09665464743589744, 0.10276442307692307, 0.09985977564102565, 0.09955929487179487, 0.10176282051282051, 0.10016025641025642, 0.09785657051282051, 0.10166266025641026, 0.09965945512820513, 0.10206330128205128, 0.09234775641025642, 0.09555288461538461, 0.10056089743589744, 0.0985576923076923, 0.10326522435897435, 0.09545272435897435, 0.09725560897435898, 0.10256410256410256, 0.10186298076923077, 0.0985576923076923, 0.09705528846153846, 0.10196314102564102, 0.1024639423076923, 0.0960536858974359, 0.10226362179487179, 0.09905849358974358, 0.09755608974358974, 0.09765625, 0.10146233974358974, 0.09455128205128205, 0.10086137820512821, 0.0985576923076923, 0.10136217948717949, 0.10216346153846154, 0.10336538461538461, 0.1006610576923077, 0.10176282051282051, 0.10236378205128205, 0.10426682692307693, 0.1015625, 0.10106169871794872, 0.10196314102564102, 0.0953525641025641, 0.09975961538461539, 0.09965945512820513, 0.09805689102564102, 0.09425080128205128, 0.09945913461538461, 0.09975961538461539, 0.09785657051282051, 0.09875801282051282, 0.09645432692307693, 0.09575320512820513, 0.10076121794871795, 0.09975961538461539, 0.10416666666666667, 0.09625400641025642, 0.09575320512820513, 0.10356570512820513, 0.10146233974358974, 0.09715544871794872, 0.10076121794871795, 0.10036057692307693, 0.09815705128205128, 0.09695512820512821, 0.10356570512820513, 0.10346554487179487, 0.10046073717948718, 0.09865785256410256, 0.10616987179487179, 0.10486778846153846, 0.09735576923076923, 0.09475160256410256, 0.09615384615384616, 0.10406650641025642, 0.1006610576923077, 0.1015625, 0.09955929487179487, 0.09865785256410256, 0.10106169871794872, 0.09865785256410256, 0.10206330128205128, 0.10046073717948718, 0.09905849358974358, 0.10516826923076923, 0.0967548076923077, 0.1006610576923077, 0.1006610576923077, 0.09825721153846154, 0.10396634615384616, 0.0967548076923077, 0.09985977564102565, 0.09685496794871795, 0.09695512820512821, 0.10266426282051282, 0.10226362179487179],