{"testproblem": "mnist_mlp", "batch_size": 128, "num_epochs": 100, "random_seed": 42, "weight_decay": null, "optimizer_hyperparams": {"lr": 0.003981071705534973, "momentum": 0.99}, "train_losses": [2.3034798334806394, 0.2318202895231736, 0.08606719827422729, 0.05239163097949364, 0.032430292632526315, 0.03634701210718889, 0.020326244955261547, 0.017858539922879293, 0.009346713168689838, 0.005766471943412072, 0.006053360513387582, 0.00368460401510581, 0.006066607311367989, 0.002557137885536903, 0.0019478988236723803, 0.002003426974018415, 0.0015081996336961405, 0.0009649962855455203, 0.000430864067031787, 0.00010785947625453655, 8.618134336593824e-05, 6.595903482192602e-05, 5.8212819007726816e-05, 4.650623752520634e-05, 4.144261280695597e-05, 3.98061596430265e-05, 3.802356047508044e-05, 3.718622984030308e-05, 3.6601836864764875e-05, 3.517371339675708e-05, 3.1890586400643376e-05, 2.906700739493737e-05, 2.71740823219984e-05, 2.6462742915520303e-05, 2.724858812796764e-05, 2.2850644129973192e-05, 2.461070051560035e-05, 2.1567998024133536e-05, 2.283593400930747e-05, 1.888559796871283e-05, 2.2289844659658578e-05, 1.899926708294795e-05, 1.8506764601438474e-05, 1.9680517606246165e-05, 1.827130715052287e-05, 1.8303210918719953e-05, 1.8144647280375164e-05, 1.677163900473179e-05, 1.6581553679246168e-05, 1.651382981202541e-05, 1.5483548243840534e-05, 1.5109299849241208e-05, 1.5544012570992494e-05, 1.508370041847229e-05, 1.5296424046540873e-05, 1.4947870602974524e-05, 1.490431336256174e-05, 1.4265855917563806e-05, 1.3227168566141374e-05, 1.2377133736243615e-05, 1.3229270011950763e-05, 1.3028868497946323e-05, 1.3889601597419152e-05, 1.4162120910791251e-05, 1.3519365053910475e-05, 1.0977952908246945e-05, 1.149968459055974e-05, 1.1955125209612725e-05, 1.1050070707614605e-05, 1.1249230458186223e-05, 1.0165839623182248e-05, 9.943659488971416e-06, 1.0841932052221053e-05, 1.031685716066605e-05, 1.1051790072367741e-05, 1.012371518673041e-05, 1.0572851468355228e-05, 1.0072898406248827e-05, 1.0553269814222287e-05, 9.096681307523679e-06, 9.56702308777051e-06, 1.0344462516980293e-05, 8.874310132784722e-06, 8.043188315171461e-06, 8.693299232385098e-06, 8.501876623202594e-06, 8.97326912635412e-06, 8.011857668558756e-06, 8.34503234961094e-06, 9.388782275028718e-06, 7.925507349845691e-06, 8.137180255009578e-06, 7.787289527746347e-06, 8.29708117705125e-06, 8.242921187327458e-06, 7.597490763052916e-06, 7.462711670459845e-06, 9.05790008031405e-06, 7.632355659435956e-06, 7.2485552384303164e-06, 8.198504264538105e-06], "test_losses": [2.3034419279832106, 0.22121313930704042, 0.10619280377450661, 0.08474214224574658, 0.07361083262814926, 0.07226868145740949, 0.06761292621302299, 0.07693253063525145, 0.06225609893982227, 0.0715679547104698, 0.06983684330510023, 0.0726474873148478, 0.08350394936039662, 0.07466267796758658, 0.07602706169470763, 0.07916770135171902, 0.07457415453898601, 0.0794553933903957, 0.07728249264451173, 0.07388857417763808, 0.07380600803746627, 0.07499269892772038, 0.0754127989594753, 0.07593867655556935, 0.07638579602233875, 0.07691932331102017, 0.0772279444604348, 0.07768025129842453, 0.07803500462801029, 0.07835209966661075, 0.07865597221713799, 0.07911104804430252, 0.07932356668588443, 0.07954899971492779, 0.07982702653568524, 0.08006766768029103, 0.0803127523798209, 0.08052202600699204, 0.08078402414535865, 0.0809792216676168, 0.08117528235874115, 0.08139936855206123, 0.08158630299835633, 0.08177928956082234, 0.0819817505394801, 0.0821713749319315, 0.08232587829041176, 0.08258860854384227, 0.08271353921064964, 0.08282006646578129, 0.0830220970301292, 0.08316522196699412, 0.08329172523166889, 0.08347226001131229, 0.08362654548807022, 0.08373249274415848, 0.08386289734297837, 0.08398664828676444, 0.0841446989812912, 0.08428534201513498, 0.08437682778980488, 0.08447712244322667, 0.0846192175283646, 0.08476099792199257, 0.08482563185195129, 0.08498313459448326, 0.08508679877298, 0.08515378551032299, 0.08529847946304542, 0.08540842223625916, 0.08549157487085232, 0.08558542520189896, 0.08571969111187336, 0.08579806701686138, 0.08590774333629853, 0.08598920750694397, 0.08609655198569481, 0.08617398286095032, 0.0862740559073595, 0.0863659433924999, 0.08645853810967544, 0.0865555367886256, 0.08661571589226906, 0.08672381932727802, 0.08682741821767428, 0.08686313176384339, 0.08696343324696407, 0.0870342787164144, 0.08710292120201465, 0.08720825273448075, 0.08726845567043011, 0.08736167981838569, 0.08746032674725239, 0.08748658799017087, 0.08760425195288964, 0.08766559759775798, 0.08774946682537213, 0.08781088640292485, 0.08787626147461243, 0.0879320987046529, 0.08802245232539299], "train_accuracies": [0.08543669871794872, 0.9291866987179487, 0.973457532051282, 0.9864783653846154, 0.9912860576923077, 0.9895833333333334, 0.9932892628205128, 0.9939903846153846, 0.9975961538461539, 0.9985977564102564, 0.9984975961538461, 0.999198717948718, 0.9979967948717948, 0.9994991987179487, 0.9995993589743589, 0.9993990384615384, 0.9996995192307693, 0.9997996794871795, 0.9998998397435898, 1.0, 1.0, 1.0, 1.0, 1.0, 1.0, 1.0, 1.0, 1.0, 1.0, 1.0, 1.0, 1.0, 1.0, 1.0, 1.0, 1.0, 1.0, 1.0, 1.0, 1.0, 1.0, 1.0, 1.0, 1.0, 1.0, 1.0, 1.0, 1.0, 1.0, 1.0, 1.0, 1.0, 1.0, 1.0, 1.0, 1.0, 1.0, 1.0, 1.0, 1.0, 1.0, 1.0, 1.0, 1.0, 1.0, 1.0, 1.0, 1.0, 1.0, 1.0, 1.0, 1.0, 1.0, 1.0, 1.0, 1.0, 1.0, 1.0, 1.0, 1.0, 1.0, 1.0, 1.0, 1.0, 1.0, 1.0, 1.0, 1.0, 1.0, 1.0, 1.0, 1.0, 1.0, 1.0, 1.0, 1.0, 1.0, 1.0, 1.0, 1.0, 1.0], "test_accuracies": [0.08383413461538461, 0.9298878205128205, 0.9653445512820513, 0.9732572115384616, 0.9766626602564102, 0.9786658653846154, 0.9807692307692307, 0.9777644230769231, 0.9820713141025641, 0.9826722756410257, 0.9826722756410257, 0.9821714743589743, 0.9797676282051282, 0.9814703525641025, 0.9837740384615384, 0.9823717948717948, 0.9850761217948718, 0.9838741987179487, 0.9849759615384616, 0.985176282051282, 0.9856770833333334, 0.9854767628205128, 0.9856770833333334, 0.9856770833333334, 0.9857772435897436, 0.9856770833333334, 0.9856770833333334, 0.9857772435897436, 0.9857772435897436, 0.9857772435897436, 0.9858774038461539, 0.9857772435897436, 0.9859775641025641, 0.9860777243589743, 0.9858774038461539, 0.9859775641025641, 0.9859775641025641, 0.9859775641025641, 0.9858774038461539, 0.9859775641025641, 0.9858774038461539, 0.9859775641025641, 0.9858774038461539, 0.9859775641025641, 0.9858774038461539, 0.9858774038461539, 0.9858774038461539, 0.9858774038461539, 0.9858774038461539, 0.9858774038461539, 0.9858774038461539, 0.9858774038461539, 0.9858774038461539, 0.9858774038461539, 0.9858774038461539, 0.9858774038461539, 0.9859775641025641, 0.9858774038461539, 0.9859775641025641, 0.9858774038461539, 0.9859775641025641, 0.9859775641025641, 0.9859775641025641, 0.9859775641025641, 0.9859775641025641, 0.9859775641025641, 0.9859775641025641, 0.9859775641025641, 0.9859775641025641, 0.9858774038461539, 0.9860777243589743, 0.9860777243589743, 0.9859775641025641, 0.9860777243589743, 0.9860777243589743, 0.9860777243589743, 0.9860777243589743, 0.9859775641025641, 0.9860777243589743, 0.9859775641025641, 0.9860777243589743, 0.9860777243589743, 0.9859775641025641, 0.9860777243589743, 0.9859775641025641, 0.9860777243589743, 0.9859775641025641, 0.9860777243589743, 0.9859775641025641, 0.9860777243589743, 0.9859775641025641, 0.9860777243589743, 0.9859775641025641, 0.9859775641025641, 0.9860777243589743, 0.9859775641025641, 0.9860777243589743, 0.9860777243589743, 0.9859775641025641, 0.9859775641025641, 0.9859775641025641], "analyzable_training_params": {"lr_sched_epochs": null, "lr_sched_factors": null}}