{"testproblem": "mnist_mlp", "batch_size": 128, "num_epochs": 100, "random_seed": 42, "weight_decay": null, "optimizer_hyperparams": {"lr": 0.001584893192461114}, "train_losses": [2.3034798334806394, 0.11109256223799327, 0.07916267022777063, 0.0616126555758409, 0.034196521633137494, 0.021431459424396355, 0.02487800119874569, 0.012122842674263013, 0.014778564552752635, 0.019046243948814195, 0.01362508714485627, 0.00965196835115934, 0.013439537085688267, 0.012784282055993875, 0.005887231980569852, 0.008945359012637382, 0.02804863227244753, 0.009127284292704783, 0.007242351865921265, 0.005654600066825366, 0.011161823458491992, 0.005555137203863034, 0.008612759590435486, 0.013646949715434741, 0.0065596295066942005, 0.007951109299961573, 0.004379947610103931, 0.017860154430262554, 0.0068846740282307835, 0.00359227066525282, 0.006558117886575369, 0.008883473355896197, 0.005365604952646372, 0.011877516236824866, 0.003748737359180664, 0.00011143605344188519, 0.0029009095727442168, 0.00930424370110417, 0.005763121331349397, 0.004620759461361628, 0.0005945079506207735, 0.010549015938662566, 0.00606095524600301, 0.004808038688049867, 0.0006460414196436221, 0.006814612815968501, 0.006545054977043317, 0.004783192542023384, 0.024412678566594154, 0.006456895400053606, 0.0031337769081195197, 0.003137475643784572, 0.004598999763122545, 0.009741160394743277, 0.00122688368607599, 0.0039340492654353, 0.0018331720045982646, 0.0036486822168509928, 0.009383811839283086, 0.006335407817879548, 0.002609404293485941, 0.001882081827483116, 0.00010423535012449019, 0.003589419967447145, 0.009672366509524485, 0.00217026742011046, 0.0030223947079577604, 0.0016078978339628053, 0.002580070967945712, 0.005360856728004411, 0.007482420560569527, 0.025708972765968587, 0.004217271663200779, 0.0010824990999819234, 0.002431505326081279, 0.0014157974510453641, 0.006821915499854068, 0.001769917770826186, 0.007669559508287467, 0.0032716472240467854, 0.0032760983471794482, 0.013112920141653515, 0.00021808432827058894, 0.005841689307439642, 0.006212886681448883, 7.215275605304692e-05, 0.0034632290965722254, 0.004229489751966097, 0.003326657650923619, 0.0006275333715819168, 0.0012378404040086584, 0.0022248682429422983, 0.0006007231161511766, 0.00024781355302995787, 0.0012527127997973599, 0.0018667986270231314, 0.0055484107138815885, 0.010355027118072404, 0.003153394400949485, 0.001605270678761045, 0.0010315838280336883], "test_losses": [2.3034419279832106, 0.12212337649021393, 0.10367336850135754, 0.10102238002209327, 0.08145146561452211, 0.06764840954341568, 0.0826079785489501, 0.07703771577097285, 0.08423080111447817, 0.09585301569686869, 0.08013092620202746, 0.07658098658355765, 0.09810585179963173, 0.09214687938443743, 0.0873231121744865, 0.0898658075871376, 0.11289523353274816, 0.08404232666660578, 0.08940445872931144, 0.10317238823821147, 0.10479916417254852, 0.0943666463240217, 0.1282717713083212, 0.121286233027394, 0.10085043442459443, 0.12366362433068645, 0.08772963398876481, 0.12786457028526527, 0.10031607724391879, 0.10664989335987812, 0.11799515596328256, 0.11966438696552546, 0.11568274387182334, 0.13326494574833375, 0.08919420132700068, 0.10475354285862966, 0.11464553252340128, 0.10474369247467855, 0.0919621836585112, 0.09909883733743276, 0.10194720214423843, 0.13459536477398032, 0.11162115623935676, 0.12022998101579455, 0.11379236702878888, 0.12826767906498832, 0.11221198111963578, 0.10571352362584992, 0.1851561158262671, 0.1292031966806509, 0.12133396833609694, 0.1323741821643825, 0.14762091922024503, 0.12488606512451018, 0.10133181083111618, 0.12834371798910582, 0.12048383010849835, 0.11641079856035037, 0.12835186761684525, 0.1510651881317011, 0.10369357281627181, 0.12208473424498852, 0.1266206024417606, 0.14835145071638414, 0.14606901948065618, 0.12901390709866506, 0.13475354529248598, 0.1419590635296817, 0.13275333582304227, 0.15472613268484098, 0.1452112329693941, 0.1941128364429833, 0.13640466921974737, 0.12262861832725601, 0.15062494569111806, 0.17305673107218283, 0.16229443209998023, 0.15148489511398694, 0.15039117799628562, 0.13946766600024718, 0.1534210796175429, 0.1950634972562488, 0.16908719293020952, 0.18508650687335132, 0.16736786212855712, 0.15340483929881324, 0.1572209348818526, 0.19121095349188322, 0.18435812409883603, 0.15650212179081371, 0.17297101942583537, 0.15403718020146093, 0.15224404508868852, 0.14582901444354762, 0.14527107134106187, 0.15220817224121092, 0.17875277604654025, 0.15626547213357228, 0.1563612549768713, 0.14132353905379438, 0.14388675198185807], "train_accuracies": [0.08543669871794872, 0.9668469551282052, 0.9758613782051282, 0.9792668269230769, 0.9895833333333334, 0.9933894230769231, 0.9930889423076923, 0.9955929487179487, 0.995292467948718, 0.9939903846153846, 0.9953926282051282, 0.9974959935897436, 0.9962940705128205, 0.9961939102564102, 0.9986979166666666, 0.9978966346153846, 0.9942908653846154, 0.9971955128205128, 0.9980969551282052, 0.9983974358974359, 0.9966947115384616, 0.9981971153846154, 0.9979967948717948, 0.996895032051282, 0.9979967948717948, 0.9971955128205128, 0.9986979166666666, 0.995292467948718, 0.9983974358974359, 0.9987980769230769, 0.9978966346153846, 0.9971955128205128, 0.9987980769230769, 0.9967948717948718, 0.9989983974358975, 1.0, 0.999198717948718, 0.9975961538461539, 0.9983974358974359, 0.9985977564102564, 0.9998998397435898, 0.9977964743589743, 0.9984975961538461, 0.9985977564102564, 0.9997996794871795, 0.9980969551282052, 0.9986979166666666, 0.9984975961538461, 0.9962940705128205, 0.9987980769230769, 0.9990985576923077, 0.9993990384615384, 0.9992988782051282, 0.9980969551282052, 0.9995993589743589, 0.9988982371794872, 0.9992988782051282, 0.9989983974358975, 0.9984975961538461, 0.9981971153846154, 0.9994991987179487, 0.9992988782051282, 1.0, 0.999198717948718, 0.9974959935897436, 0.9996995192307693, 0.999198717948718, 0.9996995192307693, 0.9997996794871795, 0.9985977564102564, 0.9978966346153846, 0.9969951923076923, 0.9993990384615384, 0.9996995192307693, 0.9994991987179487, 0.9994991987179487, 0.9988982371794872, 0.9996995192307693, 0.9989983974358975, 0.9989983974358975, 0.9990985576923077, 0.9982972756410257, 1.0, 0.9984975961538461, 0.9988982371794872, 1.0, 0.9996995192307693, 0.9994991987179487, 0.999198717948718, 0.9996995192307693, 0.9996995192307693, 0.9994991987179487, 0.9997996794871795, 0.9998998397435898, 0.9995993589743589, 0.9997996794871795, 0.9990985576923077, 0.9989983974358975, 0.9992988782051282, 0.9997996794871795, 0.9996995192307693],