{"testproblem": "fmnist_mlp", "batch_size": 128, "num_epochs": 100, "random_seed": 42, "weight_decay": null, "optimizer_hyperparams": {"lr": 1e-05, "momentum": 0.99}, "train_losses": [2.3021158377329507, 2.2957541728631043, 2.2878970305124917, 2.2787641837046695, 2.267375044333629, 2.2505887960776305, 2.2277228893377843, 2.191523628357129, 2.1398973770630665, 2.067214706005194, 1.9581738114356995, 1.8062594212018526, 1.6402613337223346, 1.5029999995842958, 1.387901240434402, 1.2975436326784966, 1.216769984135261, 1.1715129781992009, 1.1153074288979554, 1.0467729415649023, 1.0011679591276708, 0.9822599345292801, 0.9372185292916421, 0.9362982373971206, 0.8873608395075187, 0.8574419709352347, 0.8475988973409702, 0.8353805389159765, 0.8026351256248279, 0.7863803742787777, 0.7829042268105042, 0.7593401120259211, 0.744175693927667, 0.7443895049584217, 0.7222731678913801, 0.7160408764313428, 0.717418019588177, 0.6994795845105097, 0.7075859613907642, 0.6824693748584161, 0.6824358243208665, 0.6724800582115467, 0.6747530339620053, 0.669891961874106, 0.6679596121494586, 0.6481129825115204, 0.6367779656862601, 0.6381462055903214, 0.6494838977471377, 0.6211378750128623, 0.6149038561643698, 0.6217958781963739, 0.6106076041857401, 0.613022873034844, 0.5967117563272134, 0.5989254311873362, 0.5959736964641473, 0.5800100706326656, 0.5843277638539289, 0.5892521681693884, 0.588209140759248, 0.5697157115508349, 0.5780786615915787, 0.5593566990051514, 0.5750814183400228, 0.5650139703200414, 0.5500476516974278, 0.5558456197763101, 0.5545566326532608, 0.556639776015893, 0.548497043741055, 0.5438199417713361, 0.5223602935289725, 0.5422223687936099, 0.5387978393297929, 0.5419516964600637, 0.5236589098588015, 0.548916023893234, 0.5284887300087855, 0.5339515304718262, 0.5257479082315396, 0.5156289671476071, 0.5334207469072098, 0.5160559251522406, 0.4967011774961765, 0.5070858773512718, 0.5153287255611175, 0.4985295786307408, 0.5081319339000262, 0.5175626595050861, 0.502517785017307, 0.49927194798604035, 0.5045235600226965, 0.49855015751643056, 0.503760060820824, 0.4922754955597413, 0.4913296470275292, 0.48211445181797713, 0.48132252998841113, 0.47809844483167696, 0.4816357000516011], "test_losses": [2.3022368321051965, 2.2959046822327833, 2.2881666177358384, 2.2791218085166736, 2.2672921877640944, 2.25092290303646, 2.22715914555085, 2.1922987424410305, 2.140737750591376, 2.06571512344556, 1.9583966395793817, 1.8128780997716463, 1.649200717608134, 1.5037416922740448, 1.3886523414880803, 1.2989648611117632, 1.2263181790327415, 1.1645933863444207, 1.1116235324969659, 1.0651920093939855, 1.0236085156599681, 0.9870246197932806, 0.9542629909821045, 0.9258824663284497, 0.8988051238732461, 0.8763163143243545, 0.8561185491390717, 0.8383274704982073, 0.8221008273271414, 0.8067244329513648, 0.7927734706646357, 0.7809964150954516, 0.7703080972035726, 0.7591303625167944, 0.7487497008763827, 0.7408887797441238, 0.7316814355361156, 0.7252610562703549, 0.7161327608120747, 0.7088592495673742, 0.701659476909882, 0.6949626386929781, 0.6886452428805523, 0.6823165103411063, 0.6789765999867365, 0.6707242509493461, 0.66512131690979, 0.6607828365686612, 0.6550993262193142, 0.6493523491498752, 0.6446712502302268, 0.6393977120900766, 0.635167087881993, 0.6304636739003353, 0.6260941876814916, 0.6222676856395526, 0.6214040212142162, 0.6150017346327121, 0.6114441870878904, 0.6073107325877899, 0.6041638484367957, 0.6023993236132157, 0.5970914745942141, 0.5947146239953164, 0.5918852297159342, 0.588011676302323, 0.5856765275582289, 0.583620086312294, 0.5795020228013014, 0.5776790609726539, 0.5751315087844164, 0.5738244740626751, 0.5686179326894956, 0.5662673876071588, 0.5646353795742377, 0.5614033123621573, 0.5590257247289022, 0.556864911929155, 0.5557005928877072, 0.5520022943233832, 0.5493990568778454, 0.5473330097320752, 0.5465952417789361, 0.5438804492736474, 0.5410781368995324, 0.5388693645214423, 0.5373338877390592, 0.5351214622839903, 0.5344803153704374, 0.5329389916016505, 0.5302178454704773, 0.5271682968506446, 0.5263157784938812, 0.524990323262337, 0.5238651342881031, 0.5199759881465863, 0.519663542126998, 0.5200520516970218, 0.5150602570711038, 0.5143618167210848, 0.5123153283045843], "train_accuracies": [0.10817307692307693, 0.24308894230769232, 0.23567708333333334, 0.24228766025641027, 0.2562099358974359, 0.2906650641025641, 0.26712740384615385, 0.2725360576923077, 0.2938701923076923, 0.3668870192307692, 0.4674479166666667, 0.5186298076923077, 0.4996995192307692, 0.4928886217948718, 0.5087139423076923, 0.5462740384615384, 0.5835336538461539, 0.5903445512820513, 0.6044671474358975, 0.6196915064102564, 0.6314102564102564, 0.628104967948718, 0.6438301282051282, 0.6386217948717948, 0.6501402243589743, 0.6634615384615384, 0.6605568910256411, 0.6766826923076923, 0.6884014423076923, 0.6948116987179487, 0.6920072115384616, 0.7063301282051282, 0.7168469551282052, 0.7046274038461539, 0.7244591346153846, 0.7286658653846154, 0.7264623397435898, 0.7362780448717948, 0.7362780448717948, 0.7515024038461539, 0.7440905448717948, 0.7524038461538461, 0.7561097756410257, 0.7538060897435898, 0.7614182692307693, 0.7645232371794872, 0.7714342948717948, 0.7672275641025641, 0.7643229166666666, 0.7782451923076923, 0.7814503205128205, 0.7836538461538461, 0.7833533653846154, 0.7790464743589743, 0.7913661858974359, 0.7909655448717948, 0.7900641025641025, 0.7989783653846154, 0.7986778846153846, 0.7944711538461539, 0.7978766025641025, 0.8013822115384616, 0.7979767628205128, 0.805488782051282, 0.7958733974358975, 0.8051883012820513, 0.8120993589743589, 0.8049879807692307, 0.809395032051282, 0.8088942307692307, 0.8128004807692307, 0.8140024038461539, 0.8222155448717948, 0.8130008012820513, 0.8111979166666666, 0.8152043269230769, 0.8149038461538461, 0.8079927884615384, 0.8171073717948718, 0.8173076923076923, 0.8213141025641025, 0.8182091346153846, 0.8158052884615384, 0.8191105769230769, 0.8287259615384616, 0.8252203525641025, 0.8268229166666666, 0.8303285256410257, 0.8252203525641025, 0.8190104166666666, 0.8253205128205128, 0.8256209935897436, 0.8243189102564102, 0.8282251602564102, 0.8279246794871795, 0.8316306089743589, 0.8283253205128205, 0.8330328525641025, 0.8355368589743589, 0.8373397435897436, 0.8322315705128205],