{"train_losses": [353.9337594168527, 176.1242893763951, 135.90538896833147, 284.911856515067, 206.66851806640625, 120.27649361746651, 212.6388419015067, 198.28513881138392, 124.74525996616909, 169.51091657366072, 173.56661333356584, 121.41465214320591, 145.63571166992188, 156.75179835728235, 116.24742126464844, 125.23656136648995, 144.01117815290178, 118.45932333809989, 111.03240966796875, 126.64365713936942, 121.63680485316685, 109.67789677211216, 109.9854758126395, 115.59827314104352, 113.72352709089007, 102.81017957414899, 103.91757420131138, 112.86048780168805, 103.33920615059989, 95.56084660121373, 105.85257284981864, 103.4035873413086, 92.93991960797992, 99.29606410435268, 100.62956891741071, 91.7207783290318, 95.54271589006696, 97.71255711146763, 89.76830727713448, 92.89048440115792, 96.7100590297154, 88.7004634312221, 89.51746259416852, 95.48554011753627, 89.3492671421596, 86.97791072300502, 93.10254669189453, 90.40093013218471, 86.29119873046875, 90.20674460274833, 90.02584402901786, 86.57448141915458, 88.4668688092913, 88.9218008858817, 86.54664611816406, 87.57290213448661, 87.9519762311663, 86.02590942382812, 86.77738843645368, 87.496337890625, 85.81724112374442, 85.9129878452846, 86.88295636858258, 85.89511980329242, 85.44223240443638, 86.12047249930245, 85.88703046526227, 85.45442962646484, 85.53843035016742, 85.51661573137555, 85.50762612479073, 85.38206590924945, 85.14905221121651, 85.34413364955357, 85.35485076904297, 84.96311514718192, 85.0736312866211, 85.24016680036273, 84.91975838797433, 84.92272404261998, 85.07435171944755, 84.82010323660714, 84.82256535121373, 84.9786398751395, 84.72095489501953, 84.70271410260882, 84.93723624093192, 84.70511736188617, 84.56724548339844, 84.83573586600167, 84.73865182059151, 84.51197923932757, 84.69947596958706, 84.74167197091239, 84.53821781703404, 84.60015433175224, 84.6774400983538, 84.5532717023577, 84.55775887625558, 84.6142087663923, 84.54479435511998], "test_losses": [353.44676426478793, 177.2572980608259, 139.79932730538505, 289.99295915876115, 210.2953098842076, 121.31202043805804, 212.47547258649553, 199.43498011997767, 128.43356214250838, 174.56917463030135, 177.6000758579799, 123.06154305594308, 145.7825164794922, 157.63480922154017, 119.36382184709821, 130.0281273978097, 148.47327314104353, 121.01494489397321, 111.90677315848214, 127.53782544817243, 124.11020987374442, 113.78058188302177, 114.3424562726702, 118.7529798235212, 115.43338339669364, 104.13924080984933, 106.1519524710519, 116.33074842180524, 107.22182246616909, 98.74696568080357, 107.99281529017857, 105.15517752511161, 95.25906045096261, 102.51230948311942, 104.18153272356305, 94.75057002476284, 97.73165675571987, 99.5575932094029, 92.0726296561105, 95.98997606549945, 100.17360469273159, 91.76024300711495, 91.79371098109654, 97.32138279506138, 91.46760014125279, 89.80999319893974, 96.41740962437221, 93.55248369489398, 88.81996045793805, 92.23111615862165, 92.08906555175781, 89.12857164655414, 91.48595755440849, 91.97804260253906, 89.23556627546039, 89.87047249930245, 90.18812888009208, 88.53945922851562, 89.60281263078961, 90.3692387172154, 88.46144104003906, 88.31103624616351, 89.27249799455915, 88.51468004499164, 88.28945704868862, 88.9588601248605, 88.4855215890067, 87.81907326834542, 87.91036006382534, 88.14122227260044, 88.39877646309989, 88.30575452532086, 87.83970315115792, 87.74864305768695, 87.67844826834542, 87.47956085205078, 87.87913077218192, 88.17495945521763, 87.7207271030971, 87.45948246547154, 87.4542487008231, 87.2769797188895, 87.50238364083427, 87.8193599155971, 87.52605656215123, 87.32737404959542, 87.41184452601841, 87.19076211111886, 87.19747379847935, 87.59731619698661, 87.49660164969308, 87.14468819754464, 87.2114977155413, 87.25170789446149, 87.1613279070173, 87.3395767211914, 87.42571803501674, 87.19618007114956, 87.08049774169922, 87.11226872035435, 87.13384791782924], "minibatch_train_losses": [369.72540283203125, 353.17132568359375, 333.86676025390625, 301.185546875, 278.93084716796875, 228.76675415039062, 189.53756713867188, 186.5019989013672, 151.82720947265625, 132.3405303955078, 115.58606719970703, 105.74217224121094, 114.24295043945312, 116.01397705078125, 135.81350708007812, 151.11521911621094, 182.57424926757812, 212.25379943847656, 221.81317138671875, 271.25469970703125, 277.632568359375, 277.23614501953125, 281.27191162109375, 290.2014465332031, 289.66839599609375, 257.69171142578125, 267.13543701171875, 230.8860626220703, 199.5537567138672, 178.60464477539062, 165.60574340820312, 151.51145935058594, 125.52024841308594, 126.05012512207031, 107.36259460449219, 120.80052185058594, 129.76382446289062, 145.12603759765625, 156.9824981689453, 170.85948181152344, 176.89877319335938, 179.75003051757812, 221.7421112060547, 228.708251953125, 236.1073760986328, 230.75067138671875, 231.88433837890625, 210.63665771484375, 192.68577575683594, 210.59347534179688, 187.5673065185547, 175.1398162841797, 154.9443359375, 144.471435546875, 132.30787658691406, 120.2935562133789, 133.0539093017578, 121.66908264160156, 129.3018341064453, 133.95896911621094, 136.41981506347656, 159.00726318359375, 162.05413818359375, 170.25230407714844, 170.1995391845703, 181.9852294921875, 189.67945861816406, 179.0509490966797, 196.163330078125, 181.6431884765625, 169.11019897460938, 160.5657958984375, 157.42169189453125, 154.33273315429688, 133.86248779296875, 137.61038208007812, 118.30567932128906, 117.726318359375, 120.25270080566406, 125.47254943847656, 130.6287384033203, 126.98353576660156, 131.47653198242188, 123.49210357666016, 147.44207763671875, 155.41049194335938, 164.6682586669922, 165.00637817382812, 163.16494750976562, 157.04769897460938, 143.12416076660156, 164.09628295898438, 154.05996704101562, 153.33465576171875, 140.22549438476562, 131.19309997558594, 124.35910034179688, 110.08430480957031, 124.96119689941406, 110.97502136230469, 115.84425354003906, 111.36517333984375, 109.16482543945312, 121.03997802734375, 118.42174530029297, 130.61952209472656, 124.56686401367188, 134.69747924804688, 139.28985595703125, 136.29335021972656, 150.7242431640625, 144.8125, 144.5621795654297, 138.12371826171875, 138.83255004882812, 140.16363525390625, 129.04429626464844, 131.4972686767578, 118.31681060791016, 116.70304107666016, 114.61488342285156, 113.66352844238281, 116.53885650634766, 109.40255737304688, 107.97429656982422, 97.97298431396484, 111.03773498535156, 115.74353790283203, 121.10433197021484, 124.34237670898438, 121.72535705566406, 120.13088989257812, 110.40745544433594, 130.529052734375, 129.14527893066406, 135.36033630371094, 130.8300018310547, 124.4221420288086, 124.78691864013672, 111.88583374023438, 128.0121612548828, 117.52690887451172, 123.95836639404297, 116.40179443359375, 107.85050201416016, 116.28882598876953, 105.02664184570312, 115.16181182861328, 104.19524383544922, 111.89833068847656, 109.30335998535156, 102.14894104003906, 115.32328796386719, 107.12229919433594, 112.29298400878906, 106.68264770507812, 112.30834197998047, 115.54518127441406, 110.2173843383789, 118.27644348144531, 111.05659484863281, 115.46461486816406, 115.26325988769531, 116.80856323242188, 121.6700210571289, 117.2142333984375, 114.91885375976562, 106.24544525146484, 114.0760726928711, 114.18020629882812, 113.33538055419922, 114.67915344238281, 109.87544250488281, 102.28741455078125, 92.39599609375, 106.04537200927734, 103.11849212646484, 106.1202621459961, 104.49964904785156, 100.6923599243164, 99.92991638183594, 91.6437759399414, 109.7436294555664, 103.92404174804688, 113.28644561767578, 110.3957290649414, 105.48170471191406, 114.49250030517578, 104.94413757324219, 118.58877563476562, 108.749755859375, 117.45744323730469, 112.43301391601562, 102.42395782470703, 114.01295471191406, 100.74076080322266, 106.31502532958984, 97.3087387084961, 102.44884490966797, 100.5274658203125, 90.83702087402344, 101.06643676757812, 90.04051971435547, 95.557861328125, 95.0595703125, 99.49320983886719, 104.35147094726562, 99.83531188964844, 