{"testproblem": "fmnist_mlp", "batch_size": 128, "num_epochs": 100, "random_seed": 42, "weight_decay": null, "optimizer_hyperparams": {"lr": 2.5118864315095822e-05}, "train_losses": [2.3021158377329507, 0.7908164400320786, 0.6157971956791022, 0.5329544479266192, 0.5036192295642999, 0.4624300174988233, 0.4500301633125696, 0.43610264666569537, 0.4359675091810716, 0.4222555840626741, 0.4062831571851021, 0.4107457097524252, 0.3947016833684383, 0.39105738890476716, 0.3986055879638745, 0.38475993543099135, 0.3849814538008127, 0.3680188290965863, 0.36272280319378924, 0.35967362519258106, 0.3626388431741641, 0.35302848636339873, 0.34687193769675034, 0.3611302356689404, 0.35940771874709004, 0.331343150864809, 0.34023947765429813, 0.33338150955163515, 0.33571579116277206, 0.31003803377732253, 0.31519298885877317, 0.333297739808376, 0.30868681214558774, 0.30909416939203554, 0.2954378475745519, 0.30376453468432796, 0.3031649092833201, 0.29411779229457563, 0.2974901113372583, 0.2824084535241127, 0.28993982592454326, 0.28577943318165266, 0.28241894795344424, 0.28888729501229066, 0.2931071430062636, 0.27357604774909144, 0.27064371204529053, 0.27259814968475926, 0.2719427513388487, 0.2569887985785802, 0.26717944481433964, 0.27019462772668934, 0.26266852689859194, 0.2664625371495883, 0.2528306597318405, 0.25769184892758346, 0.2564005737121289, 0.24632422196177337, 0.24941353939282587, 0.24366544683774313, 0.2570503913821318, 0.2402335353768789, 0.2378138229250908, 0.2370825069837081, 0.23990094527984276, 0.2453808912482017, 0.23227106646085396, 0.23725019185206828, 0.2283532508672812, 0.24097349647528085, 0.23615968437531057, 0.22690188311613524, 0.21272859263878602, 0.22522144745557737, 0.22317567725594228, 0.21430981961580423, 0.2152259434836033, 0.22317592369822356, 0.2144432816749964, 0.22390291018363756, 0.21634209948854569, 0.21196988970041275, 0.21899252919814524, 0.22065062591662774, 0.19807234740792176, 0.21072794974614412, 0.20662557610716575, 0.19197013047643197, 0.20805978927856836, 0.1956519986001345, 0.1990621812068499, 0.19869766718684098, 0.2026998303257502, 0.18740629500303513, 0.19797394080803946, 0.19069711443705437, 0.1948114959284281, 0.18895491709311804, 0.1825537832501607, 0.18709547913227326, 0.18491770298435137], "test_losses": [2.3022368321051965, 0.8010468284289042, 0.6322638785991913, 0.5643597088563137, 0.525659414820182, 0.503441048738284, 0.4814739051537636, 0.4725261907546948, 0.4688882365440711, 0.4618576379158558, 0.4431767131273563, 0.4390674145557942, 0.4353375274401445, 0.42812502804474956, 0.4299662235455635, 0.4152716910227751, 0.41877308124915147, 0.4068838753379308, 0.40483888544333285, 0.39963609018386936, 0.3961536528972479, 0.3938883430300615, 0.3930913880467415, 0.38611771930486727, 0.39935271995954025, 0.38187080736343676, 0.3836425298299545, 0.3807623627094122, 0.38367657306102604, 0.3732099609497266, 0.3682145462968411, 0.37617081976853883, 0.37471173932919133, 0.3616557702040061, 0.361393205057352, 0.3589861350945937, 0.35701374575877803, 0.35718369006346434, 0.35492652387191087, 0.35293426918677795, 0.35574339406612593, 0.3503654352747477, 0.3490200686531189, 0.3489195801890813, 0.3497807515355257, 0.3455152668249913, 0.3449160259885666, 0.34653901423399264, 0.34328582691840637, 0.34085903393152434, 0.34233193003978485, 0.34066813802107787, 0.3417851850390434, 0.3396654329620875, 0.3408499346711697, 0.33826536857164824, 0.33653267912375623, 0.33727944393952686, 0.3351375764379135, 0.33343760669231415, 0.34312480993759936, 0.3358972261731441, 0.33701004813878965, 0.33099226309702945, 0.3345176575657649, 0.32931721458832425, 0.32864987238859517, 0.3346212183435758, 0.33169658940572005, 0.3364428828159968, 0.33235932485415387, 0.32977656618906903, 0.3276146474557045, 0.3267784747175681, 0.32582179246804654, 0.3264483475150206, 0.3258858047998868, 0.32472676439927173, 0.32794337433118087, 0.32736384371916455, 0.3243874567441451, 0.3224360033487662, 0.3267020447513996, 0.33232053579428256, 0.32368215192586947, 0.3347303221623103, 0.32564574518264866, 0.3270915526992235, 0.32482922344635695, 0.3247275289434653, 0.3215923939759915, 0.3238533343642186, 0.326084618193981, 0.320079074265101, 0.3276850069180513, 0.32715984109120494, 0.3269288140611771, 0.32712691793074977, 0.3290892291145447, 0.3272234680943, 0.32270772411273074], "train_accuracies": [0.10817307692307693, 0.680488782051282, 0.7889623397435898, 0.8111979166666666, 0.8244190705128205, 0.8389423076923077, 0.8442508012820513, 0.8456530448717948, 0.8464543269230769, 0.8527644230769231, 0.8615785256410257, 0.8575721153846154, 0.8604767628205128, 0.8645833333333334, 0.8600761217948718, 0.867988782051282, 0.8641826923076923, 0.87109375, 0.874198717948718, 0.8708934294871795, 0.8683894230769231, 0.8739983974358975, 0.8778044871794872, 0.8682892628205128, 0.8726963141025641, 0.8833133012820513, 0.8793068910256411, 0.882011217948718, 0.8783052884615384, 0.889823717948718, 0.8846153846153846, 0.8825120192307693, 0.8866185897435898, 0.8902243589743589, 0.8913261217948718, 0.8927283653846154, 0.8928285256410257, 0.8948317307692307, 0.8942307692307693, 0.8988381410256411, 0.8980368589743589, 0.8980368589743589, 0.8981370192307693, 0.8942307692307693, 0.8971354166666666, 0.9003405448717948, 0.9034455128205128, 0.9017427884615384, 0.9012419871794872, 0.9094551282051282, 0.9071514423076923, 0.9041466346153846, 0.9058493589743589, 0.9037459935897436, 0.9113581730769231, 0.9076522435897436, 0.9066506410256411, 0.9090544871794872, 0.9110576923076923, 0.9136618589743589, 0.9087540064102564, 0.9167668269230769, 0.9121594551282052, 0.9135616987179487, 0.9125600961538461, 0.9103565705128205, 0.9166666666666666, 0.9159655448717948, 0.9153645833333334, 0.9120592948717948, 0.9140625, 0.9196714743589743, 0.9251802884615384, 0.9194711538461539, 0.9239783653846154, 0.9228766025641025, 0.9250801282051282, 0.9215745192307693, 0.9212740384615384, 0.9207732371794872, 0.9245793269230769, 0.9264823717948718, 0.9253806089743589, 0.9204727564102564, 0.9289863782051282, 0.9201722756410257, 0.9263822115384616, 0.9333934294871795, 0.9256810897435898, 0.9298878205128205, 0.930488782051282, 0.9293870192307693, 0.9277844551282052, 0.9324919871794872, 0.9324919871794872, 0.9309895833333334, 0.928886217948718, 0.9318910256410257, 0.9360977564102564, 0.9336939102564102, 0.9342948717948718],