{"testproblem": "mnist_mlp", "batch_size": 128, "num_epochs": 100, "random_seed": 42, "weight_decay": null, "optimizer_hyperparams": {"lr": 0.00015848931924611142}, "train_losses": [2.3034798334806394, 0.2695435602695514, 0.17626776039982453, 0.12308107732007137, 0.09522826281877664, 0.08784998043511923, 0.06488205279963903, 0.04391208195533508, 0.044609660688692175, 0.03004629358362693, 0.023923600856692363, 0.016916305913279455, 0.018512507411054313, 0.011813571819892297, 0.013169894854609784, 0.010159276879559725, 0.0067735380994585846, 0.005906104551962553, 0.029610050149644032, 0.004664081101043102, 0.007095218564455326, 0.003448226178685824, 0.0013043309729068708, 0.001152451484440229, 0.0012285759768042809, 0.005796073661305201, 0.0012556884724360246, 0.0004268104497056741, 0.00022316127060315548, 0.00018501790383687386, 0.006885818611734953, 0.001625997730745719, 0.00032485200044436334, 0.00020306347272334955, 0.00011712011809532459, 8.911964220878405e-05, 6.328241374248113e-05, 6.1159237073018e-05, 0.00012224138929293706, 0.0017414368832340608, 0.007442566231848338, 0.0005486923246047435, 0.0001789682950728979, 0.00015452028944706306, 4.522297053765028e-05, 3.710498985571739e-05, 3.5062480049255566e-05, 2.9180915309832646e-05, 2.502010036737491e-05, 1.742351704683059e-05, 1.4109728045952626e-05, 1.2548592610236927e-05, 1.1576506762932508e-05, 7.265701125829648e-06, 6.879178377298208e-06, 5.149640716039217e-06, 0.004414659375563646, 0.0008638620090026122, 0.00021056042840847603, 5.948615188782032e-05, 4.999444652826358e-05, 3.240386453958658e-05, 2.8148245735046192e-05, 2.3751018139032218e-05, 1.6365057000747092e-05, 1.1075335817459301e-05, 9.88940397898356e-06, 8.384912059857295e-06, 7.045920938253403e-06, 5.449908666121654e-06, 4.3615507773863965e-06, 4.401717048424941e-06, 3.348934488036694e-06, 2.557626710488246e-06, 2.502774198849996e-06, 1.94493585672134e-06, 1.5103544753331405e-06, 1.0940174643809978e-06, 1.036848586339217e-06, 7.762693059750093e-07, 6.301233019584264e-07, 5.751036298580659e-07, 0.0014541081320016813, 8.473855753739674e-05, 5.8978222883664646e-05, 3.5597441288141104e-05, 2.8982471961241503e-05, 2.0240982755636556e-05, 1.4525193434495192e-05, 1.2417873128866539e-05, 9.328891069461139e-06, 7.1311608338967344e-06, 4.948857120978527e-06, 5.0846869364762915e-06, 4.138081119610713e-06, 3.668981102796701e-06, 2.946609105819311e-06, 2.7975736138148186e-06, 2.235651780397464e-06, 1.5299480694990891e-06, 1.4619137614201277e-06], "test_losses": [2.3034419279832106, 0.25302880338560313, 0.17595277783962396, 0.131700919320186, 0.1119143440364263, 0.09945591197659572, 0.08879578650857393, 0.0812655757778348, 0.07920413489381854, 0.06949740476333179, 0.0686328661126586, 0.06548026719918618, 0.06786816642404749, 0.0720071693142064, 0.08197217860903877, 0.07755190347775053, 0.07641913149601375, 0.08075763521572718, 0.12585570264416626, 0.08546935323960124, 0.09101129655177012, 0.08868449463103062, 0.08378388746999778, 0.08639697016527255, 0.08667472578012027, 0.09702905303297135, 0.08528323840493193, 0.08701862619282344, 0.08687470345877302, 0.08855530304404405, 0.0877632077735586, 0.08868817564768669, 0.08716746273999795, 0.08878792347147679, 0.08953278299230032, 0.0916924209644397, 0.0929666175148808, 0.09461247300108273, 0.09736817385046145, 0.09597765150456092, 0.10180144960012956, 0.09638713309780145, 0.0965745097790391, 0.09619412093590467, 0.09582996032893276, 0.09682656099828772, 0.09874348109588027, 0.1001254384382031, 0.10234640307055834, 0.10418571035067241, 0.1058787585546573, 0.10798574391848002, 0.11000729996997577, 0.11109872804715848, 0.11269915211372651, 0.11470990472783645, 0.11261147704835121, 0.09385601345163125, 0.10157920128833024, 0.09695072553287713, 0.09852529694445622, 0.10095498082825007, 0.10416651698641288, 0.10771074661841759, 0.11047995193168902, 0.11179874880382648, 0.113583992402523, 0.11581547080706327, 0.11713247617276815, 0.11878771225038247, 0.12018083285492583, 0.12213370988432032, 0.12264813288138846, 0.1250578177233155, 0.12549315865497845, 0.12761046501318327, 0.12914965191008285, 0.13062541511130688, 0.13187185062680584, 0.13386808960244823, 0.13557169493287802, 0.13730741989536163, 0.11872215437678954, 0.10768868014789544, 0.1050298859198124, 0.10626584391754407, 0.10760827128512737, 0.1099845037007561, 0.11270624595001721, 0.11576497819847785, 0.1181295152562551, 0.12008985547492138, 0.12185596932585423, 0.12342031672596931, 0.12423305015246837, 0.12655892722213116, 0.12693129028551853, 0.1282906160236169, 0.12931194850124228, 0.13039113082087192, 0.1322722873495271], "train_accuracies": [0.08543669871794872, 0.9234775641025641, 0.9509214743589743, 0.9637419871794872, 0.9731570512820513, 0.9741586538461539, 0.9817708333333334, 0.9871794871794872, 0.9864783653846154, 0.9932892628205128, 0.9938902243589743, 0.9961939102564102, 0.9951923076923077, 0.9973958333333334, 0.9970953525641025, 0.9976963141025641, 0.9982972756410257, 0.9983974358974359, 0.9881810897435898, 0.999198717948718, 0.9982972756410257, 0.9992988782051282, 0.9997996794871795, 0.9998998397435898, 0.9997996794871795, 0.9983974358974359, 1.0, 1.0, 1.0, 1.0, 0.9977964743589743, 0.9997996794871795, 1.0, 1.0, 1.0, 1.0, 1.0, 1.0, 1.0, 0.9995993589743589, 0.9973958333333334, 0.9998998397435898, 1.0, 1.0, 1.0, 1.0, 1.0, 1.0, 1.0, 1.0, 1.0, 1.0, 1.0, 1.0, 1.0, 1.0, 0.9985977564102564, 0.9995993589743589, 1.0, 1.0, 1.0, 1.0, 1.0, 1.0, 1.0, 1.0, 1.0, 1.0, 1.0, 1.0, 1.0, 1.0, 1.0, 1.0, 1.0, 1.0, 1.0, 1.0, 1.0, 1.0, 1.0, 1.0, 0.9992988782051282, 1.0, 1.0, 1.0, 1.0, 1.0, 1.0, 1.0, 1.0, 1.0, 1.0, 1.0, 1.0, 1.0, 1.0, 1.0, 1.0, 1.0, 1.0], "test_accuracies": [0.08383413461538461, 0.9258814102564102, 0.9481169871794872, 0.9598357371794872, 0.9663461538461539, 0.9699519230769231, 0.9727564102564102, 0.9747596153846154, 0.9755608974358975, 0.9782652243589743, 0.9794671474358975, 0.9801682692307693, 0.9788661858974359, 0.9788661858974359, 0.9776642628205128, 0.9800681089743589, 0.9790665064102564, 0.9795673076923077, 0.9700520833333334, 0.9784655448717948, 0.9776642628205128, 0.9786658653846154, 0.9810697115384616, 0.981270032051282, 0.9803685897435898, 0.9788661858974359, 0.9818709935897436, 0.9816706730769231, 0.9821714743589743, 0.9821714743589743, 0.9802684294871795, 0.9807692307692307, 0.9825721153846154, 0.9819711538461539, 0.9817708333333334, 0.9821714743589743, 0.9818709935897436, 0.9818709935897436, 0.9822716346153846, 0.9799679487179487, 0.9788661858974359, 0.9810697115384616, 0.9827724358974359, 0.9823717948717948, 0.9828725961538461, 0.983573717948718, 0.9830729166666666, 0.9833733974358975, 0.9833733974358975, 0.9833733974358975, 0.983573717948718, 0.9836738782051282, 0.9836738782051282, 0.9837740384615384, 0.9834735576923077, 0.9829727564102564, 0.9776642628205128, 0.9817708333333334, 0.9815705128205128, 0.9831730769230769, 0.9832732371794872, 0.9830729166666666, 0.9827724358974359, 0.9825721153846154, 0.9826722756410257, 0.9828725961538461, 0.9829727564102564, 0.9830729166666666, 0.9827724358974359, 0.9829727564102564, 0.9831730769230769, 0.9829727564102564, 0.9831730769230769, 0.9833733974358975, 0.9827724358974359, 0.9831730769230769, 0.9827724358974359, 0.9828725961538461, 0.9831730769230769, 0.9832732371794872, 0.9830729166666666, 0.9826722756410257, 0.9807692307692307, 0.9826722756410257, 0.9834735576923077, 0.9831730769230769, 0.9831730769230769, 0.9828725961538461, 0.9829727564102564, 0.9832732371794872, 0.9832732371794872, 0.9828725961538461, 0.9828725961538461, 0.9827724358974359, 0.9828725961538461, 0.9826722756410257, 0.9830729166666666, 0.9831730769230769, 0.9826722756410257, 0.983573717948718, 0.9831730769230769], "analyzable_training_params": {"lr_sched_epochs": null, "lr_sched_factors": null}}