{"train_losses": [353.9337594168527, 225.50047956194197, 108.23086656842914, 190.11155700683594, 279.69986397879467, 207.7172350202288, 119.17608969552177, 157.4631565638951, 214.52368818010603, 175.62640162876673, 122.33922685895648, 142.39959934779577, 171.74535260881697, 145.00085667201452, 114.9816142490932, 130.6175319126674, 147.1689932686942, 126.69507925851005, 106.56764003208706, 117.51238577706474, 129.90870121547155, 118.14517211914062, 103.35420663016183, 106.39619772774833, 114.59136417933873, 112.22152382986886, 104.3352552141462, 100.77594321114677, 102.2747072492327, 104.98498971121651, 104.51077379499164, 99.15718732561383, 94.87688991001674, 97.7587661743164, 101.87451280866351, 98.20506940569196, 91.67694745744977, 92.67017909458706, 97.53235953194755, 95.83058711460659, 90.1915305001395, 90.25838034493583, 93.94086020333427, 92.73782457624164, 88.6700461251395, 89.09815870012555, 91.74368831089565, 90.16010175432477, 87.00660269601005, 88.1277847290039, 90.56773812430245, 88.809812273298, 85.85159628731864, 86.97874668666294, 89.40121459960938, 88.08895874023438, 85.43633706229073, 86.11178479875836, 88.20277295793805, 87.52084568568638, 85.48561423165458, 85.67632947649274, 87.06588963099888, 86.73848288399833, 85.47510310581752, 85.56311580113002, 86.33615330287388, 86.03729357038226, 85.29964665004185, 85.46243286132812, 85.88024357386998, 85.51173727852958, 85.01934378487724, 85.25564466203961, 85.5780279976981, 85.25294167654855, 84.85096631731305, 85.00965336390904, 85.2656010219029, 85.07851191929409, 84.7914308820452, 84.8375712803432, 84.98905944824219, 84.9298847743443, 84.79166194370815, 84.76568930489677, 84.7822494506836, 84.76573399135044, 84.7584969656808, 84.74376569475446, 84.68148367745536, 84.64989035470145, 84.69683074951172, 84.70900617327008, 84.62818472726005, 84.58016095842633, 84.62924521309989, 84.65335845947266, 84.59141104561942, 84.5543964930943, 84.59037453787667], "test_losses": [353.44676426478793, 226.07425144740515, 110.95522090366909, 194.66732352120536, 284.640145438058, 211.42747497558594, 120.88424028669085, 157.6787567138672, 214.66828046526228, 177.12335205078125, 125.74445343017578, 147.0988551548549, 176.37317984444755, 148.29310389927454, 116.52784946986607, 131.06799861363, 147.80057416643416, 128.62789045061385, 110.11522892543248, 122.04172842843192, 134.26279885428292, 121.34629930768695, 105.15820421491351, 107.38356454031808, 115.77318899972099, 114.42415836879185, 107.73814501081195, 104.86041695731026, 106.1815665108817, 108.0399660382952, 106.59749821254185, 100.73240443638393, 96.64955030168805, 100.25044577462333, 105.13048662458148, 101.8134994506836, 95.05780574253627, 95.43823896135602, 99.71079690115792, 97.79964773995536, 92.4251948765346, 93.02543531145368, 97.15472085135323, 96.03534807477679, 91.6549312046596, 91.58890315464565, 93.87422616141183, 92.28069632393974, 89.45740182059151, 91.03027888706752, 93.76001085553851, 91.95696258544922, 88.65529414585659, 89.35456848144531, 91.5192119053432, 90.26083265032086, 87.92498125348773, 88.98045349121094, 91.29037475585938, 90.5498286655971, 88.23026384626117, 88.088865007673, 89.28991045270648, 89.01060376848493, 87.98110852922711, 88.33633967808315, 89.25364031110492, 88.90726252964565, 87.98032924107143, 87.93944549560547, 88.26058415004185, 87.94622475760323, 87.60690198625836, 87.98903329031808, 88.36007908412388, 87.96685573032924, 87.4364504132952, 87.49692971365792, 87.7491683959961, 87.65137590680804, 87.48398154122489, 87.59971400669643, 87.7249505179269, 87.56110055106026, 87.30777522495815, 87.23070090157645, 87.29406302315849, 87.39492906842914, 87.50485338483539, 87.53675515311105, 87.42340523856026, 87.27451542445591, 87.20787157331195, 87.17619323730469, 87.14463806152344, 87.2076884678432, 87.3640856061663, 87.43145206996373, 87.32814243861607, 87.19392830984933, 87.13548714773995], "minibatch_train_losses": [369.72540283203125, 356.6531982421875, 343.7259521484375, 319.2882995605469, 307.32415771484375, 263.88092041015625, 231.91246032714844, 237.77825927734375, 204.5787353515625, 180.97714233398438, 154.64132690429688, 137.064697265625, 119.9150390625, 103.18284606933594, 112.83021545410156, 106.56752014160156, 116.38282012939453, 126.49778747558594, 130.1087188720703, 162.928466796875, 171.50894165039062, 186.75894165039062, 201.58670043945312, 228.24838256835938, 249.95521545410156, 247.0371551513672, 286.35003662109375, 281.2034606933594, 271.863525390625, 269.91131591796875, 274.90386962890625, 273.2106628417969, 243.552734375, 256.0401916503906, 225.68910217285156, 200.70135498046875, 184.93710327148438, 176.45785522460938, 165.35049438476562, 138.230712890625, 140.12875366210938, 116.67172241210938, 117.4841537475586, 117.20964813232422, 123.40339660644531, 127.1151123046875, 127.85629272460938, 133.30810546875, 129.88880920410156, 162.7338409423828, 173.70895385742188, 187.5011444091797, 193.2393798828125, 203.2776336669922, 197.45346069335938, 191.91177368164062, 224.98159790039062, 220.47608947753906, 220.04217529296875, 208.89892578125, 206.1229705810547, 186.07318115234375, 169.20960998535156, 187.20077514648438, 167.95164489746094, 160.4305419921875, 145.2678985595703, 138.09115600585938, 128.87643432617188, 117.45927429199219, 130.79319763183594, 118.36798095703125, 122.7978515625, 122.558837890625, 121.80899047851562, 136.313720703125, 135.3875732421875, 145.37051391601562, 142.7937774658203, 154.55694580078125, 162.36700439453125, 157.8299102783203, 178.70623779296875, 172.5927276611328, 169.7161102294922, 165.13214111328125, 169.2958984375, 171.290283203125, 155.3386993408203, 166.56268310546875, 149.71337890625, 140.81155395507812, 135.52438354492188, 134.96356201171875, 134.59271240234375, 119.0589370727539, 124.15812683105469, 108.33724975585938, 112.23284912109375, 115.14675903320312, 120.32572174072266, 124.17229461669922, 118.92345428466797, 122.2029037475586, 112.22372436523438, 131.83773803710938, 137.64317321777344, 145.5829315185547, 146.88394165039062, 144.94680786132812, 142.1033477783203, 130.4808349609375, 152.67205810546875, 149.135009765625, 152.24746704101562, 144.63644409179688, 138.63565063476562, 131.78025817871094, 117.17257690429688, 134.64230346679688, 122.64598083496094, 124.44108581542969, 115.2219467163086, 109.16165161132812, 109.6798324584961, 99.58331298828125, 114.10468292236328, 103.34413146972656, 110.10743713378906, 107.97769165039062, 105.30528259277344, 116.6694564819336, 112.14210510253906, 122.3165054321289, 115.44383239746094, 123.58096313476562, 126.2923583984375, 122.16148376464844, 134.956787109375, 128.78863525390625, 131.322021484375, 125.45955657958984, 128.6142578125, 130.8031005859375, 122.11797332763672, 128.37139892578125, 117.71598815917969, 117.3438491821289, 113.69955444335938, 113.60709381103516, 115.68997192382812, 106.90132141113281, 107.77084350585938, 96.58745574951172, 102.54518127441406, 103.60421752929688, 105.64617156982422, 108.81019592285156, 103.63417053222656, 102.66642761230469, 92.90104675292969, 107.54293060302734, 109.89964294433594, 114.85105895996094, 115.97447967529297, 112.06068420410156, 110.7962646484375, 100.27182006835938, 118.38258361816406, 116.1491470336914, 122.00094604492188, 118.4824447631836, 112.67964172363281, 113.49337768554688, 101.46255493164062, 117.81653594970703, 109.93233489990234, 116.42318725585938, 110.52754211425781, 103.12509155273438, 109.05438232421875, 97.48631286621094, 109.96527099609375, 99.990966796875, 107.35464477539062, 103.1328125, 95.6972427368164, 106.2879638671875, 96.49641418457031, 104.81130981445312, 96.53119659423828, 103.38445281982422, 102.81234741210938, 96.10345458984375, 106.99752807617188, 98.61558532714844, 104.13814544677734, 99.54500579833984, 104.23680877685547, 106.90486145019531, 101.23613739013672, 107.78388977050781, 99.90306854248047, 105.41259002685547, 104.2265625, 106.36876678466797, 110.1717758178711, 105.36480712890625, 105.52727508544922, 