{"testproblem": "mnist_mlp", "batch_size": 128, "num_epochs": 100, "random_seed": 42, "weight_decay": null, "optimizer_hyperparams": {"lr": 0.039810717055349734}, "train_losses": [2.3034798334806394, 0.31332020996472776, 0.3368178327114154, 0.2696306580343308, 0.35732555312988085, 0.2485250140994023, 0.2560614605362599, 0.30536070380073327, 0.24983461583272004, 0.4052209835021924, 0.2687538569936386, 0.27356608680043465, 0.26715314455139333, 0.32381849611798924, 0.8553675714975748, 0.7398839944448227, 0.7317287631523914, 0.5927513398421116, 0.5486948096599334, 0.553475287098151, 0.5898609986672034, 0.5423657722198046, 0.7245799249563462, 0.8722077661599869, 0.5565573959014355, 0.5508607794076968, 0.5426020209605877, 0.5265631190477273, 0.575454206038744, 0.8899263044198354, 0.6642842460901309, 0.8315606040832324, 0.9576983589392442, 1.1518572163887513, 1.871320787148598, 1.7207519763555281, 1.6326740506367805, 1.423618489351028, 1.493306080500285, 1.3537752078129694, 2.4173549306698336, 1.279417322232173, 1.41953656459466, 1.9336612499677217, 1.2949594519077203, 1.275132478811802, 1.4284500571397634, 1.2161813989663735, 1.1516385949574983, 1.1492432822019627, 1.185140284208151, 1.1663169593383105, 1.312031742853996, 1.3286894407027807, 1.3038927973845067, 1.28190333262468, 1.2659713197977116, 1.3064653812310634, 1.3131755758554509, 1.296644281118344, 1.3027899326422276, 1.293770132920681, 1.2772826705223475, 1.3298709316131396, 1.2209119353538904, 1.2709622841614943, 1.1584563583899767, 1.3103644129557488, 1.2078591967240357, 1.1134717533221612, 2.3134031097094216, 1.1278188557196887, 1.3070885111124089, 1.421325567441109, 1.3205450712106166, 1.449752648671468, 2.3053277119612083, 2.301776797343523, 2.3021057721896048, 2.3015638437026587, 2.300431172053019, 2.2995880658809957, 2.3006237011689405, 2.302003114651411, 2.3005352967824693, 2.3005474225068703, 2.301184293551323, 2.299930832324884, 2.301535184566791, 2.301750736358838, 2.299504613265013, 2.2998828093210855, 2.3027118077644935, 2.3006952848189917, 2.301566558006482, 2.3016507656146317, 2.3014739201619077, 2.296990156173706, 2.2995248482777524, 2.301382997097113, 2.3005575155600524], "test_losses": [2.3034419279832106, 0.30857396780107266, 0.35064133032201195, 0.30781012393820745, 0.36033506701007867, 0.2653537946633803, 0.3062418369242014, 0.3835522391093083, 0.27585832588374615, 0.40564636172105867, 0.32113534847322184, 0.34523191283910704, 0.3529491763179883, 0.4281436088375556, 0.930320429114195, 0.7854586354432962, 0.719426617026329, 0.605585266955388, 0.5624251984632932, 0.6265324543301876, 0.6289912718228805, 0.6183334319637372, 0.7394183415632981, 0.9469542942750149, 0.6225207810982679, 0.6263540469301052, 0.6660037739918783, 0.6288674652385406, 0.8673846901227267, 0.9909816220020636, 0.70329027565626, 0.8658554427898847, 0.9537047804930271, 1.1372402707735698, 1.898097771864671, 1.7685474493564703, 1.627659912292774, 1.457200864950816, 1.5075917136974823, 1.400225934309837, 2.5207825761574965, 1.3874235168481484, 1.4396343277050898, 1.9263056562497065, 1.444771415148026, 1.4094520914248931, 1.4375668061085236, 1.3870755793192449, 1.2590562533109615, 1.1890983841358087, 1.2655715904174707, 1.343360615082276, 1.345231464275947, 1.3477519765878334, 1.3199459451895494, 1.3104666272799175, 1.3138864796895247, 1.3317364912766676, 1.3267221267406757, 1.3154669113648243, 1.3078290285208287, 1.3221977765743549, 1.2773018357081292, 1.3742703688450348, 1.2737566225039654, 1.3529432179071965, 1.2000708618225195, 1.3513952768765962, 1.2754599711833856, 1.149393270413081, 2.272594146239452, 1.165599605976007, 1.3612466821303735, 1.4492896031110714, 1.3579335243274004, 1.4517732308461115, 2.302468770589584, 2.3015458583831787, 2.301121161534236, 2.3008891405203404, 2.3009707713738465, 2.3013663994960294, 2.3007474220716038, 2.3014952494547916, 2.300391836044116, 2.3009019050842676, 2.303056062796177, 2.3010591910435605, 2.3014067319723277, 2.301494619785211, 2.301235544375884, 2.3034378779240146, 2.30411386795533, 2.3003691068062415, 2.300554565894298, 2.3000264779115334, 2.301110325715481, 2.2989623760565734, 2.299741329290928, 2.3022819329530764, 2.300351329338856], "train_accuracies": [0.08543669871794872, 0.9119591346153846, 0.9027443910256411, 0.9372996794871795, 0.9166666666666666, 0.9309895833333334, 0.9411057692307693, 0.9333934294871795, 0.9322916666666666, 0.89453125, 0.9264823717948718, 0.9227764423076923, 0.9308894230769231, 0.9336939102564102, 0.7816506410256411, 0.7089342948717948, 0.7598157051282052, 0.7906650641025641, 0.8104967948717948, 0.7941706730769231, 0.7771434294871795, 0.8165064102564102, 0.8076923076923077, 0.72265625, 0.8492588141025641, 0.8650841346153846, 0.8680889423076923, 0.8813100961538461, 0.8824118589743589, 0.6700721153846154, 0.7735376602564102, 0.7005208333333334, 0.6120793269230769, 0.5531850961538461, 0.359375, 0.269130608974359, 0.284755608974359, 0.40835336538461536, 0.38731971153846156, 0.41856971153846156, 0.3733974358974359, 0.456630608974359, 0.44871794871794873, 0.2837540064102564, 0.45853365384615385, 0.449619391025641, 0.41776842948717946, 0.464443108974359, 0.5069110576923077, 0.5347556089743589, 0.5420673076923077, 0.4706530448717949, 0.42798477564102566, 0.44581330128205127, 0.4286858974358974, 0.4450120192307692, 0.4378004807692308, 0.42758413461538464, 0.4160657051282051, 0.3853165064102564, 0.441806891025641, 0.4182692307692308, 0.449619391025641, 0.47666266025641024, 0.5303485576923077, 0.45362580128205127, 0.5644030448717948, 0.453125, 0.47485977564102566, 0.5411658653846154, 0.27554086538461536, 0.5049078525641025, 0.45232371794871795, 0.3724959935897436, 0.4221754807692308, 0.37109375, 0.11478365384615384, 0.10466746794871795, 0.11207932692307693, 0.1123798076923077, 0.10006009615384616, 0.11578525641025642, 0.11638621794871795, 0.11157852564102565, 0.11298076923076923, 0.11227964743589744, 0.10596955128205128, 0.11528445512820513, 0.10116185897435898, 0.11278044871794872, 0.10957532051282051, 0.09885817307692307, 0.10596955128205128, 0.11298076923076923, 0.0953525641025641, 0.11157852564102565, 0.09795673076923077, 0.11738782051282051, 0.11067708333333333, 0.11899038461538461, 0.11227964743589744],