{"testproblem": "mnist_mlp", "batch_size": 128, "num_epochs": 100, "random_seed": 42, "weight_decay": null, "optimizer_hyperparams": {"lr": 1.584893192461114e-05, "momentum": 0.99}, "train_losses": [2.3034798334806394, 2.3003761095878406, 2.2963622227693214, 2.292431822189918, 2.287650233659989, 2.280911534260481, 2.272723518885099, 2.2613209577707143, 2.245282442141802, 2.2211533662600393, 2.186001588136722, 2.1369639329421215, 2.0616299525285378, 1.958253440184471, 1.8115480068402412, 1.6104608820034907, 1.3609727009748802, 1.1319338327799089, 0.9795209742509402, 0.8630808026362689, 0.7875229357144772, 0.7186404986259265, 0.6743024923862555, 0.637269499592292, 0.5914249634131407, 0.5611435614335232, 0.5285274183902985, 0.5260399492123188, 0.4911579065597974, 0.4754260805172798, 0.47503900680786526, 0.4491105515223283, 0.4432346297380252, 0.43814652355817646, 0.4186191608508428, 0.4103558781819466, 0.40749629892599887, 0.3910119799085153, 0.39646339072630954, 0.372216855486234, 0.3810161959666472, 0.3620583665294525, 0.34909886370102566, 0.35960823660477614, 0.3578678533816949, 0.34075994273790944, 0.34284168825699735, 0.3467912316704408, 0.3278611434193758, 0.3361480893232884, 0.3281467793843685, 0.32491376537543076, 0.31815148488833356, 0.29738606168673587, 0.311681119677348, 0.29340263857291293, 0.2982372889916102, 0.3049975247719349, 0.30582370723669344, 0.3041427578681555, 0.30378300964068145, 0.28765018914754575, 0.29077447912631893, 0.2913917165536147, 0.2917588553749598, 0.27394334952800703, 0.28131130299507046, 0.2799321317519897, 0.26662318121928436, 0.27668795696435833, 0.2776168107222288, 0.27246265533642894, 0.26003466565639544, 0.26310936380655336, 0.2567873196915174, 0.25444089850554097, 0.2574302982061337, 0.24867470466937774, 0.2506533784744067, 0.23751113697504386, 0.2484029385332878, 0.24936360044357103, 0.2335140204582459, 0.22730096467794517, 0.22473745487439326, 0.2257527707096858, 0.22330092333066157, 0.22169362505277, 0.21491221424478751, 0.23037926537486222, 0.21523180202795908, 0.22831001562567857, 0.2126614218338942, 0.215443860548429, 0.21627731630817437, 0.20841896209197167, 0.20058923348402366, 0.23054722524606264, 0.20564061193129954, 0.2003515523691208, 0.19815034858691385], "test_losses": [2.3034419279832106, 2.3003692718652577, 2.296434524731758, 2.2920961441137853, 2.286986442712637, 2.2805478420013037, 2.272074812497848, 2.260452918517284, 2.2441480312591944, 2.22064309548109, 2.1858988664089103, 2.134587498811575, 2.06011692682902, 1.954872692242647, 1.8044709395139644, 1.5956714290838976, 1.3486525936004443, 1.1230207154384027, 0.9582157669923245, 0.8458279573764557, 0.7668121006244268, 0.705782528489064, 0.6558462648819654, 0.6144605502486229, 0.5797123973950361, 0.5487700798190557, 0.5223707157449845, 0.5003285109996796, 0.48156965466646046, 0.46494115296846783, 0.44978573746406114, 0.4368067068549303, 0.42506535007403445, 0.4158485996035429, 0.4064970550437768, 0.39733255215180224, 0.38963148809778386, 0.38264484426532036, 0.37574235593470245, 0.37050997723753637, 0.36368569311423177, 0.35895007213529867, 0.35339405062871104, 0.3490129908403525, 0.3443151668478281, 0.3391739837347697, 0.33549257320089215, 0.33132634689219487, 0.327269145884575, 0.3241590207490401, 0.31990836918927157, 0.3160919918654821, 0.3130900635360143, 0.3105094733242041, 0.30709875121903724, 0.3045265160692044, 0.3013221547007561, 0.29746752638274276, 0.2947771564508096, 0.29183112256802046, 0.2892499178743515, 0.2858717802147835, 0.2830237484035584, 0.2815184119897775, 0.27834136435427725, 0.2752749172445291, 0.27289034841725457, 0.27040402930325425, 0.2685598564835695, 0.2647800467526301, 0.26320799430593467, 0.26078806636043084, 0.25824232208423126, 0.25560479620710397, 0.25370504181736553, 0.25119426674567735, 0.24895570742396209, 0.24672770041685838, 0.24544889126450586, 0.24285474247657335, 0.23997272976124898, 0.23882567166135862, 0.2364883833588698, 0.23395111626730516, 0.2312302811501118, 0.22947990879989588, 0.22721475367553723, 0.22519344057983312, 0.22328855445942816, 0.22235756725645983, 0.21989443783576673, 0.2183099284481544, 0.215420908605059, 0.2137746580231648, 0.2120648444367525, 0.20986269548153266, 0.20867923107475805, 0.20714042789469927, 0.20529581038042521, 0.20346143660254967, 0.2021040093535796], "train_accuracies": [0.08543669871794872, 0.12319711538461539, 0.2861578525641026, 0.33203125, 0.36348157051282054, 0.38491586538461536, 0.3929286858974359, 0.38501602564102566, 0.3664863782051282, 0.36608573717948717, 0.34375, 0.36047676282051283, 0.4032451923076923, 0.47085336538461536, 0.5259415064102564, 0.5665064102564102, 0.6384214743589743, 0.7044270833333334, 0.7372796474358975, 0.7520032051282052, 0.7762419871794872, 0.7924679487179487, 0.8064903846153846, 0.8174078525641025, 0.8297275641025641, 0.8397435897435898, 0.8485576923076923, 0.8521634615384616, 0.8570713141025641, 0.8642828525641025, 0.86328125, 0.8733974358974359, 0.8703926282051282, 0.8754006410256411, 0.8783052884615384, 0.879707532051282, 0.8854166666666666, 0.8917267628205128, 0.8857171474358975, 0.8958333333333334, 0.8920272435897436, 0.8970352564102564, 0.8990384615384616, 0.8970352564102564, 0.8968349358974359, 0.897636217948718, 0.9014423076923077, 0.8993389423076923, 0.9076522435897436, 0.9037459935897436, 0.9074519230769231, 0.9067508012820513, 0.9081530448717948, 0.9140625, 0.9143629807692307, 0.9166666666666666, 0.9152644230769231, 0.9128605769230769, 0.9096554487179487, 0.914863782051282, 0.9126602564102564, 0.9185697115384616, 0.9184695512820513, 0.9162660256410257, 0.91796875, 0.921875, 0.9189703525641025, 0.9211738782051282, 0.9205729166666666, 0.9229767628205128, 0.9184695512820513, 0.9211738782051282, 0.9256810897435898, 0.9244791666666666, 0.9284855769230769, 0.9271834935897436, 0.9244791666666666, 0.9294871794871795, 0.9268830128205128, 0.9264823717948718, 0.9307892628205128, 0.9276842948717948, 0.9322916666666666, 0.9361979166666666, 0.9313902243589743, 0.9363982371794872, 0.9376001602564102, 0.9367988782051282, 0.9398036858974359, 0.9351963141025641, 0.9386017628205128, 0.9349959935897436, 0.9398036858974359, 0.9361979166666666, 0.9399038461538461, 0.9399038461538461, 0.9429086538461539, 0.9349959935897436, 0.9411057692307693, 0.9433092948717948, 0.9409054487179487],