{"train_losses": [353.9337594168527, 353.0941162109375, 352.25670950753346, 351.42100742885043, 350.58717564174106, 349.75528390066967, 348.9254629952567, 348.09776088169644, 347.2721862792969, 346.44879150390625, 345.6275852748326, 344.80855451311385, 343.9917210170201, 343.17711966378346, 342.3647024972098, 341.5544738769531, 340.7464338030134, 339.94058663504467, 339.13690185546875, 338.33541434151783, 337.5360892159598, 336.7389439174107, 335.94397408621654, 335.1511710030692, 334.3605041503906, 333.57200404575894, 332.785653250558, 332.0014386858259, 331.2193341936384, 330.4393790108817, 329.66156005859375, 328.88582938058033, 328.11222185407365, 327.3407287597656, 326.5713326590402, 325.8040291922433, 325.038827078683, 324.27569580078125, 323.51468331473217, 322.7557111467634, 321.9988272530692, 321.2439749581473, 320.49121529715404, 319.7405003138951, 318.9918212890625, 318.24520438058033, 317.5006190708705, 316.75805228097096, 316.0175301688058, 315.27903965541293, 314.5425589425223, 313.80810110909596, 313.0756399972098, 312.3451668875558, 311.6166774204799, 310.8902108328683, 310.1657060895647, 309.44319806780135, 308.72266932896207, 308.0040980747768, 307.28751482282365, 306.5728846958705, 305.86021205357144, 305.1495056152344, 304.44071306501115, 303.73388671875, 303.0289873395647, 302.3260192871094, 301.6249782017299, 300.9258771623884, 300.22865513392856, 299.53338623046875, 298.83997889927457, 298.1485072544643, 297.4589407784598, 296.771240234375, 296.08545357840404, 295.4015372140067, 294.71951729910717, 294.0393502371652, 293.36104910714283, 292.6846182686942, 292.0100533621652, 291.33734130859375, 290.6664733886719, 289.9974583217076, 289.3302961077009, 288.6649431501116, 288.00145176478793, 287.3397914341518, 286.67994471958707, 286.0219159807478, 285.3656964983259, 284.71129935128346, 284.0587158203125, 283.4079110281808, 282.7589372907366, 282.11173357282365, 281.46634783063615, 280.8227233886719, 280.18086896623885], "test_losses": [353.44676426478793, 352.61378261021207, 351.7830113002232, 350.9539576939174, 350.12674822126115, 349.30147443498885, 348.478271484375, 347.6571568080357, 346.8381827218192, 346.02136666434154, 345.2067347935268, 344.39426967075894, 343.58400181361606, 342.77591378348217, 341.97005353655135, 341.1663382393973, 340.3648114885603, 339.5654732840402, 338.7682843889509, 337.97328404017856, 337.1804460797991, 336.3897487095424, 335.6012398856027, 334.8148760114397, 334.03065272739957, 333.24855259486606, 332.4686192103795, 331.69080025809154, 330.9151044573103, 330.14151872907365, 329.37005615234375, 328.6006992885045, 327.8334394182478, 327.06827654157365, 326.30521501813615, 325.54422869001115, 324.7853306361607, 324.02850341796875, 323.2737557547433, 322.5210745675223, 321.7704380580357, 321.0218593052455, 320.2753426688058, 319.5308619907924, 318.7884041922433, 318.04798671177457, 317.3096182686942, 316.57325526646207, 315.8389107840402, 315.10658482142856, 314.37628173828125, 313.647957938058, 312.921639578683, 312.1972961425781, 311.47494070870533, 310.75457763671875, 310.0361894880022, 309.3197501046317, 308.6052987234933, 307.8928004673549, 307.1822727748326, 306.4736894880022, 305.76705496651783, 305.06237357003346, 304.359610421317, 303.6587873186384, 302.95987374441967, 302.2628871372768, 301.5678449358259, 300.8746904645647, 300.18343680245533, 299.4941101074219, 298.80663626534596, 298.12109810965404, 297.4374302455357, 296.75565447126115, 296.0757489885603, 295.3977355957031, 294.72157505580356, 294.0472935267857, 293.37483869280135, 292.70425851004467, 292.0355224609375, 291.36863490513394, 290.7035871233259, 290.0403834751674, 289.3789978027344, 288.7194519042969, 288.06173270089283, 287.4058358328683, 286.7517351422991, 286.0994567871094, 285.44897024972096, 284.800301688058, 284.1534205845424, 283.50834001813615, 282.8650381905692, 282.2235543387277, 281.5838317871094, 280.9458574567522, 280.30967930385043], "minibatch_train_losses": [369.72540283203125, 362.5403137207031, 360.9497985839844, 352.33319091796875, 362.05303955078125, 337.52166748046875, 329.9229736328125, 368.86492919921875, 361.681640625, 360.1083984375, 351.4996337890625, 361.1991271972656, 336.7114562988281, 329.1114196777344, 368.00665283203125, 360.8253479003906, 359.26873779296875, 350.667724609375, 360.34686279296875, 335.90283203125, 328.301513671875, 367.15008544921875, 359.9707946777344, 358.430908203125, 349.8376159667969, 359.49639892578125, 335.0960693359375, 327.4934387207031, 366.29541015625, 359.11822509765625, 357.59490966796875, 349.0093688964844, 358.6478271484375, 334.29119873046875, 326.68731689453125, 365.4426574707031, 358.26751708984375, 356.76092529296875, 348.1831359863281, 357.8013000488281, 333.4884033203125, 325.8832092285156, 364.59197998046875, 357.4189453125, 355.928955078125, 347.3590393066406, 356.95684814453125, 332.68768310546875, 325.08123779296875, 363.74346923828125, 356.5724792480469, 355.09912109375, 346.53704833984375, 356.11456298828125, 331.8891296386719, 324.2813720703125, 362.8970947265625, 355.7281494140625, 354.27142333984375, 345.7171630859375, 355.27435302734375, 331.09271240234375, 323.483642578125, 362.0529479980469, 354.88604736328125, 353.4458923339844, 344.8995361328125, 354.4364013671875, 330.2984619140625, 322.68817138671875, 361.2109680175781, 354.04608154296875, 352.6225280761719, 344.08404541015625, 353.6005859375, 329.5063781738281, 321.8948059082031, 360.3712158203125, 353.20831298828125, 351.80133056640625, 343.270751953125, 352.76702880859375, 328.7165222167969, 321.1036376953125, 359.53369140625, 352.372802734375, 350.98236083984375, 342.45965576171875, 351.93560791015625, 327.9288024902344, 320.314697265625, 358.6983947753906, 351.5394592285156, 350.1655578613281, 341.65081787109375, 351.1064758300781, 327.143310546875, 319.52789306640625, 357.8653259277344, 350.7083435058594, 349.3509521484375, 340.84417724609375, 350.27947998046875, 326.3600158691406, 318.74334716796875, 357.0344543457031, 349.87939453125, 348.5384826660156, 340.0396728515625, 349.45465087890625, 325.5788879394531, 317.9609375, 356.205810546875, 349.05267333984375, 347.728271484375, 339.23736572265625, 348.63201904296875, 324.7999267578125, 317.18072509765625, 355.37939453125, 348.2281494140625, 346.9201354980469, 338.43731689453125, 347.81158447265625, 324.02313232421875, 316.4026184082031, 354.55517578125, 347.4057922363281, 346.11419677734375, 337.6393737792969, 346.99334716796875, 323.24853515625, 315.6266784667969, 353.73309326171875, 346.58563232421875, 345.3104553222656, 336.8436279296875, 346.17724609375, 322.47607421875, 314.85296630859375, 352.91326904296875, 345.7676696777344, 344.5088806152344, 336.050048828125, 345.36334228515625, 321.7057800292969, 314.08135986328125, 352.09564208984375, 344.951904296875, 343.70947265625, 335.2586669921875, 344.5516357421875, 320.93768310546875, 313.3119812011719, 351.28021240234375, 344.1383056640625, 342.91217041015625, 334.469482421875, 343.7420654296875, 320.17169189453125, 312.5446472167969, 350.46697998046875, 343.3268737792969, 342.1170654296875, 333.6824035644531, 342.93463134765625, 319.4078674316406, 311.779541015625, 349.6558837890625, 342.51763916015625, 341.3240661621094, 332.89752197265625, 342.12939453125, 318.64617919921875, 311.01654052734375, 348.84698486328125, 341.7105407714844, 340.533203125, 332.11480712890625, 341.3262939453125, 317.8865966796875, 310.25567626953125, 348.040283203125, 340.90557861328125, 339.7445068359375, 331.33416748046875, 340.52532958984375, 317.12921142578125, 309.4969482421875, 347.2357177734375, 340.1028137207031, 338.9579162597656, 330.5556945800781, 339.72650146484375, 316.3738708496094, 308.74029541015625, 346.43328857421875, 339.3021240234375, 338.1734619140625, 329.77935791015625, 338.92974853515625, 315.6206970214844, 307.98577880859375, 345.6330261230469, 338.503662109375, 337.39111328125, 329.00518798828125, 338.13519287109375, 314.86962890625, 307.2333984375, 344.8349609375, 