{"testproblem": "fmnist_mlp", "batch_size": 128, "num_epochs": 100, "random_seed": 42, "weight_decay": null, "optimizer_hyperparams": {"lr": 0.003981071705534973, "momentum": 0.99}, "train_losses": [2.3021158377329507, 0.500534400343895, 0.3866212176970946, 0.3631231414201932, 0.31321335278260404, 0.2804938485989204, 0.28349084731860036, 0.27991919162181705, 0.26739612164405674, 0.24538315183077103, 0.24667814507698402, 0.25840345120582825, 0.23213138431310654, 0.2046520882883133, 0.2635724305724486, 0.22731956323752037, 0.2208873593272307, 0.1808189211938626, 0.2170208698281875, 0.1882307079549019, 0.2032898418032206, 0.1759784261767681, 0.16747023986700255, 0.18793139224633193, 0.17815793343843558, 0.19057054970508966, 0.15980545235558963, 0.16579328993192086, 0.16643076819869188, 0.16851373742788267, 0.15910285443831712, 0.1812428487225985, 0.14329289449140048, 0.1300178020237348, 0.1312301856202957, 0.13538108269373575, 0.14291894579162964, 0.13171606329389107, 0.12038310965857445, 0.12781430059709611, 0.120796291062083, 0.12850452410295987, 0.11516700245631047, 0.11935263867370594, 0.11874992739504729, 0.11597899892009221, 0.10251018290336315, 0.11011335879373245, 0.10482391629081506, 0.09941646748055251, 0.09736827794366922, 0.09428599366965966, 0.08925010435856305, 0.09433393772595967, 0.08708278958996137, 0.09423321538055554, 0.07686452954434432, 0.07598602265501633, 0.07475382142151013, 0.0832868941510335, 0.08046584265927474, 0.07679867529525207, 0.07436864078044891, 0.07796997156662819, 0.06362957216035096, 0.08995388209437713, 0.07088808433558696, 0.06615257320495752, 0.06923986216768241, 0.06900380007349528, 0.05714008809091189, 0.07208413688036111, 0.06665302937229474, 0.08059282385959075, 0.06049690190225075, 0.07023154547772346, 0.07922840772722012, 0.06393752113366738, 0.040257047479733445, 0.05660375451239256, 0.050361040979623795, 0.05716648678749035, 0.046400766962995894, 0.038043505822618805, 0.04663317741300815, 0.047067078976677015, 0.04621383977624086, 0.03812344825993746, 0.03875891826091669, 0.06857821249809021, 0.05123268153804999, 0.03777194238052918, 0.03465669905432524, 0.03615686884866311, 0.029582013877538536, 0.03015882708132267, 0.03588215027673122, 0.03606795581678549, 0.05874912655697419, 0.03003248371756994, 0.03683710107818628], "test_losses": [2.3022368321051965, 0.516491480744802, 0.42866817842691374, 0.42830885621981746, 0.3693963342752212, 0.36510439732900035, 0.3565984981564375, 0.35985660763123095, 0.3592694103717804, 0.34255939378188205, 0.34767057727544737, 0.35790896511230713, 0.32816023398668337, 0.3130149023655133, 0.3724394667989168, 0.33726454220521146, 0.36225734994961667, 0.327035839167925, 0.34792188650522476, 0.3377643516048407, 0.3412195253066527, 0.3293393477797508, 0.32671197446493, 0.3382053784070871, 0.33907550955430055, 0.3515461270625775, 0.3437490646655743, 0.3491193474485324, 0.32267874746750563, 0.36314884554117155, 0.3618437668833977, 0.4012143759009166, 0.3452137548189897, 0.35949459710182285, 0.36167125155528385, 0.3720622779085086, 0.37043043436148226, 0.3713985324288026, 0.3829849910659668, 0.3849064249258775, 0.3928151827974197, 0.39560195555289585, 0.38818047100152725, 0.4108695985797124, 0.3995348239938418, 0.40267180154720944, 0.4120174686496074, 0.44767608359838146, 0.42575045350270396, 0.4428520131951723, 0.45730861734885436, 0.44978261414246684, 0.465608197527054, 0.4329752385234221, 0.45069878032574284, 0.4635641649365425, 0.4646737779944371, 0.45922054025607234, 0.5225349786954049, 0.46556183581168836, 0.501277452860123, 0.4539409446028563, 0.5039691993823419, 0.5062340543820307, 0.5038039596417011, 0.5459902626581681, 0.5354063134544935, 0.5559154619009067, 0.567195696135362, 0.5609141158369871, 0.5861054095320213, 0.5803934393020777, 0.563982931849284, 0.5793664451593008, 0.5624908176370156, 0.5740032272461133, 0.580291099464282, 0.5975252324954058, 0.5716045135870959, 0.6385468139480321, 0.6215486301061435, 0.6607729786863694, 0.6270174420414827, 0.6355904340744019, 0.6709230257532536, 0.6373910174155847, 0.6060691580940516, 0.6692010435538415, 0.6168952139142232, 0.6931301424136529, 0.6323403276694126, 0.6728767855809286, 0.7162187720338503, 0.7240414732159712, 0.7483457105282025, 0.7344917624424665, 0.6986472350664628, 0.7141300009993407, 0.7451951419695829, 0.7115273156609291, 0.7542617913240042], "train_accuracies": [0.10817307692307693, 0.8196113782051282, 0.8572716346153846, 0.8701923076923077, 0.8847155448717948, 0.8933293269230769, 0.8955328525641025, 0.8934294871794872, 0.9016426282051282, 0.9052483974358975, 0.9106570512820513, 0.8987379807692307, 0.9111578525641025, 0.9219751602564102, 0.8994391025641025, 0.9125600961538461, 0.9167668269230769, 0.9310897435897436, 0.9201722756410257, 0.9298878205128205, 0.9241786858974359, 0.9363982371794872, 0.9346955128205128, 0.9263822115384616, 0.9279847756410257, 0.928886217948718, 0.9373998397435898, 0.9352964743589743, 0.9378004807692307, 0.9340945512820513, 0.9363982371794872, 0.930488782051282, 0.9452123397435898, 0.9477163461538461, 0.9490184294871795, 0.9464142628205128, 0.9440104166666666, 0.9499198717948718, 0.953926282051282, 0.9507211538461539, 0.9537259615384616, 0.9498197115384616, 0.9563301282051282, 0.9532251602564102, 0.9535256410256411, 0.9535256410256411, 0.9586338141025641, 0.9559294871794872, 0.9576322115384616, 0.9609375, 0.9630408653846154, 0.9629407051282052, 0.9642427884615384, 0.9644431089743589, 0.9667467948717948, 0.964042467948718, 0.9694511217948718, 0.971854967948718, 0.9713541666666666, 0.9681490384615384, 0.9683493589743589, 0.9708533653846154, 0.9703525641025641, 0.9689503205128205, 0.975761217948718, 0.9665464743589743, 0.9733573717948718, 0.9725560897435898, 0.9752604166666666, 0.9745592948717948, 0.9766626602564102, 0.9737580128205128, 0.9728565705128205, 0.9686498397435898, 0.9769631410256411, 0.9743589743589743, 0.9683493589743589, 0.9766626602564102, 0.9858774038461539, 0.979667467948718, 0.9805689102564102, 0.9790665064102564, 0.9818709935897436, 0.9854767628205128, 0.9808693910256411, 0.9828725961538461, 0.9834735576923077, 0.9865785256410257, 0.9847756410256411, 0.9746594551282052, 0.9794671474358975, 0.9852764423076923, 0.9858774038461539, 0.9868790064102564, 0.9880809294871795, 0.9884815705128205, 0.9860777243589743, 0.9872796474358975, 0.9800681089743589, 0.9881810897435898, 0.9873798076923077],