{"testproblem": "fmnist_mlp", "batch_size": 128, "num_epochs": 100, "random_seed": 42, "weight_decay": null, "optimizer_hyperparams": {"lr": 0.039810717055349734}, "train_losses": [2.3021158377329507, 1.0649687349796295, 1.037884539518601, 1.1084570235166795, 0.9474760676041628, 1.0471874383779674, 0.9803540309270223, 1.0461405194722688, 1.1703541248272626, 1.057579144453391, 1.0083903242380192, 1.0240918848759089, 1.3981794103597984, 1.200134393496391, 1.1126354130414815, 1.0494589247764685, 1.1871543603065686, 0.957275357001867, 0.9662624490566742, 0.903810434616529, 1.301301693304991, 1.2850169447752147, 1.2911953314756737, 1.2566984387544484, 1.36522588515893, 1.351244872961289, 1.2952411556855226, 1.3664907079476576, 1.2672449472622993, 1.3594052348381434, 1.3520859281222026, 1.3245134460620391, 1.5078742519403114, 1.4769944502757146, 1.397920785806118, 1.4202448144937172, 1.398739211070232, 1.3660089770952861, 1.3986389499444227, 1.428324254659506, 1.3265476715870392, 1.3425486974227123, 1.3848821276273482, 1.3132390135373824, 1.4665347184890356, 1.5064241412358406, 1.4928611119588215, 1.4788995125354865, 1.5126965443293254, 1.5362703112455516, 1.5426903581007934, 1.3406271995642247, 1.315478265285492, 1.314589595183348, 1.3445099317110503, 1.3349637190500896, 1.3756712797360542, 1.4440396091876886, 1.379151043219444, 1.3713995340542915, 1.3322664545132563, 1.337153693040212, 1.3344614979548333, 1.3405801944243603, 1.3738339803157709, 1.3549455816929157, 1.340032316171206, 1.3449700566438527, 1.3624702997696705, 1.367727007621374, 1.3838259226236589, 1.3794636665246425, 1.328570414812137, 1.3412873867230537, 1.3839184473722408, 1.4239917657314203, 1.4082186955672045, 1.3909111771828089, 1.4063326303775494, 1.3750708164312901, 1.381194117741707, 1.3618744428341205, 1.3991888608687963, 1.3808859754831364, 1.390368137604151, 1.4430788388619056, 1.3810862363913121, 1.3799242438414159, 1.3908367325098088, 1.3817903643999345, 1.3749269231771812, 1.3717805162454262, 1.4113092667017229, 1.4127687093539116, 1.3921798666318257, 1.3866946605535655, 1.3679823600328886, 1.4068862474881685, 1.393431924856626, 1.4005509202296917, 1.4186936081984105], "test_losses": [2.3022368321051965, 1.0645684615159645, 1.0587653257907965, 1.1214503416648278, 0.9898756948801187, 1.089758078257243, 0.9984618646976275, 1.0686154182140644, 1.1827429899802575, 1.0867100121119084, 1.0179981199594645, 1.0402355545606368, 1.436334102581709, 1.2109352671183073, 1.1279592957252111, 1.0647168648548615, 1.207915601822046, 0.9772316759977585, 0.986297818330618, 0.9327494425651355, 1.3374257393372364, 1.2988468729532683, 1.3127433275565124, 1.2738051139391386, 1.3693561446972382, 1.3683257836561937, 1.3010223996944916, 1.3796853591234257, 1.2979822097680507, 1.38505108998372, 1.3586100553854918, 1.345751629425929, 1.515058668760153, 1.4947919509349725, 1.40296787634874, 1.4427569172321222, 1.4134882719088824, 1.3936581168419275, 1.4037647476563087, 1.4439679277248871, 1.358667404223711, 1.3612450804465857, 1.3881784601089282, 1.3488961060841878, 1.4677282617642329, 1.5167099955754402, 1.5023135940233867, 1.4969457204525287, 1.5140387400602684, 1.5386001467704773, 1.556354169662182, 1.362735112508138, 1.3275223282667308, 1.3249932344143207, 1.3666850664676764, 1.3563333612221937, 1.3796881284469213, 1.4560109652005708, 1.3985816851640358, 1.3809575576048632, 1.3492044913463104, 1.3543547926804957, 1.3422643496440008, 1.3725832731295855, 1.3803164561589558, 1.3733327801410968, 1.375067426608159, 1.3719202616275885, 1.3801136353077033, 1.4039492637683184, 1.3853780871782548, 1.3857366901177626, 1.3555854650644155, 1.3697566466453748, 1.4006729829005706, 1.4222304729314952, 1.4078907385850563, 1.3979711318627381, 1.412993379128285, 1.410441565207946, 1.3890454799701006, 1.385641234043317, 1.4258305323429596, 1.4131495708074324, 1.4145333675237803, 1.4709297525577056, 1.4041107235810695, 1.400192421216231, 1.405898962265406, 1.3926572524584258, 1.3996545871098836, 1.393619106366084, 1.4220548990445259, 1.4265017157945878, 1.4061981057509398, 1.40692016405937, 1.3877851794927547, 1.4251032104858985, 1.4131398965150883, 1.4127779282056367, 1.4378549655278523], "train_accuracies": [0.10817307692307693, 0.5504807692307693, 0.5524839743589743, 0.5225360576923077, 0.5948517628205128, 0.5487780448717948, 0.5936498397435898, 0.5615985576923077, 0.5216346153846154, 0.5466746794871795, 0.5555889423076923, 0.5530849358974359, 0.4367988782051282, 0.4489182692307692, 0.5062099358974359, 0.5808293269230769, 0.5126201923076923, 0.6070713141025641, 0.6028645833333334, 0.6355168269230769, 0.40314503205128205, 0.4088541666666667, 0.4016426282051282, 0.4124599358974359, 0.35486778846153844, 0.3769030448717949, 0.390224358974359, 0.3583733974358974, 0.4269831730769231, 0.3534655448717949, 0.37970753205128205, 0.3970352564102564, 0.30298477564102566, 0.29186698717948717, 0.3457532051282051, 0.33193108974358976, 0.3310296474358974, 0.3538661858974359, 0.3444511217948718, 0.3252203525641026, 0.38852163461538464, 0.36278044871794873, 0.3401442307692308, 0.3812099358974359, 0.30188301282051283, 0.28756009615384615, 0.2798477564102564, 0.28926282051282054, 0.2839543269230769, 0.28135016025641024, 0.28295272435897434, 0.35566907051282054, 0.387119391025641, 0.36828926282051283, 0.36538461538461536, 0.37720352564102566, 0.34705528846153844, 0.3071915064102564, 0.37119391025641024, 0.37479967948717946, 0.38231169871794873, 0.40244391025641024, 0.398838141025641, 0.35526842948717946, 0.35596955128205127, 0.34765625, 0.3726963141025641, 0.375, 0.3502604166666667, 0.3590745192307692, 0.34264823717948717, 0.35306490384615385, 0.3645833333333333, 0.3687900641025641, 0.35566907051282054, 0.3384415064102564, 0.34555288461538464, 0.3395432692307692, 0.3489583333333333, 0.3534655448717949, 0.35136217948717946, 0.3687900641025641, 0.3777043269230769, 0.3518629807692308, 0.3424479166666667, 0.3466546474358974, 0.34294871794871795, 0.3561698717948718, 0.3529647435897436, 0.35176282051282054, 0.3644831730769231, 0.35887419871794873, 0.344150641025641, 0.3378405448717949, 0.35046073717948717, 0.39603365384615385, 0.3792067307692308, 0.36548477564102566, 0.371494391025641, 0.3801081730769231, 0.36658653846153844],