{"testproblem": "mnist_mlp", "batch_size": 128, "num_epochs": 100, "random_seed": 42, "weight_decay": null, "optimizer_hyperparams": {"lr": 0.15848931924611143, "momentum": 0.99}, "train_losses": [2.3034798334806394, 2.3743411088601136, 2.3275256034655447, 2.321692799910521, 2.3122861171380067, 2.323523454177074, 2.3332629815126076, 2.3193940138205504, 2.3242802222569785, 2.3308146794637046, 2.3314416714203663, 2.3417469201943812, 2.3245272728113027, 2.347221857462174, 2.32457543642093, 2.319543175208263, 2.3277565791056705, 2.336949268976847, 2.319667256795443, 2.3286040257184935, 2.3379587638072477, 2.314671672307528, 2.335746603134351, 2.3129282700709806, 2.3398133791410007, 2.3166838456422854, 2.31187257094261, 2.34231396821829, 2.32246470451355, 2.319858364569835, 2.33764321070451, 2.3353616243753677, 2.3420988076772447, 2.3379681538312864, 2.320805234786792, 2.3504035809101205, 2.3311006289262037, 2.342934480080238, 2.355393425012246, 2.338281912681384, 2.33316693856166, 2.325337895980248, 2.3182959587146073, 2.3364028288767886, 2.3422146699367423, 2.340296516051659, 2.331056209710928, 2.3325012677755113, 2.311338021205022, 2.3276289793161244, 2.3246790995964637, 2.3207023449433155, 2.3257762499344654, 2.314828661771921, 2.320189668582036, 2.32869535837418, 2.317790667215983, 2.3372827554360414, 2.31928018728892, 2.315427685395265, 2.3473745462221975, 2.319354595282139, 2.3377380799024534, 2.3096960599605856, 2.322330655195774, 2.317796169183193, 2.32877402427869, 2.3237193333796964, 2.3250363881771383, 2.332057778651898, 2.3418904542922974, 2.337648801314525, 2.308246285487444, 2.324834175598927, 2.346682233688159, 2.3275430019085226, 2.3245958426059823, 2.3221240777235765, 2.310267570691231, 2.318294665752313, 2.323231742932246, 2.3239318468631844, 2.3210145173928676, 2.32064918982677, 2.3129413494696984, 2.3266551677997294, 2.311467577249576, 2.326136806072333, 2.3175283395327053, 2.332645141161405, 2.327037658446874, 2.315325834812262, 2.3300577371548385, 2.358211936094822, 2.3201128916862683, 2.313968545351273, 2.3340329634837613, 2.315973792320643, 2.3390995172353892, 2.340072668515719, 2.316913051482959], "test_losses": [2.3034419279832106, 2.3706676898858485, 2.3263460092055492, 2.320897108469254, 2.313429532906948, 2.327240852209238, 2.329258298262572, 2.318829136017041, 2.3239415761752005, 2.3278623880484166, 2.3296969762215247, 2.336470221861815, 2.3232366885894384, 2.3456708804155006, 2.323528078886179, 2.317387825403458, 2.3314669009966726, 2.3378514632200584, 2.32112847841703, 2.3285288443932166, 2.339772484241388, 2.3127875419763417, 2.3419184348522086, 2.3132841770465555, 2.340198110311459, 2.318867842356364, 2.3137102860670824, 2.340052008628845, 2.3215390199270005, 2.3194299844595103, 2.3385041310237002, 2.335081406128712, 2.3378292352725296, 2.342357800557063, 2.319275290538103, 2.345725450760279, 2.3259059129617152, 2.3405718833972244, 2.361142399983528, 2.343037868157411, 2.3326160510381064, 2.3232906751143627, 2.3178609365072007, 2.332691394365751, 2.3415399423012366, 2.3340973395567675, 2.330054374841543, 2.336089137272957, 2.3117317297519784, 2.3245892952650022, 2.321943448140071, 2.3218959967295327, 2.3243094927225356, 2.314830535497421, 2.320741742085188, 2.3245082390614047, 2.3204383727831717, 2.339293372936738, 2.3210332087981396, 2.3177464925325832, 2.343783748455537, 2.3192988542410045, 2.3387545561179137, 2.3085464269686966, 2.317649019070161, 2.316454065151704, 2.3375380008648605, 2.327192798638955, 2.3272124498318405, 2.3339781822302403, 2.340742597213158, 2.3368653456370034, 2.308912142729148, 2.3258119026819863, 2.345827341079712, 2.3316902136191344, 2.322939530397073, 2.324627396387932, 2.310761408928113, 2.3189729146468334, 2.319809840275691, 2.319971521695455, 2.321902033610222, 2.320284271851564, 2.312941413659316, 2.328155141610366, 2.3150465396734385, 2.3288093163416934, 2.3158440803870177, 2.3329055920625343, 2.3318395553491054, 2.3176644031818094, 2.32966925853338, 2.358039828447195, 2.320548775868538, 2.311386322363829, 2.3335222831139197, 2.317215390694447, 2.3371156606918726, 2.341758920596196, 2.315880093819056], "train_accuracies": [0.08543669871794872, 0.09655448717948718, 0.0960536858974359, 0.11117788461538461, 0.11398237179487179, 0.1045673076923077, 0.09505208333333333, 0.10917467948717949, 0.09875801282051282, 0.10536858974358974, 0.10306490384615384, 0.10406650641025642, 0.09715544871794872, 0.09935897435897435, 0.09765625, 0.09975961538461539, 0.10817307692307693, 0.10506810897435898, 0.10046073717948718, 0.1045673076923077, 0.10957532051282051, 0.09805689102564102, 0.11478365384615384, 0.09264823717948718, 0.09725560897435898, 0.09515224358974358, 0.10667067307692307, 0.09935897435897435, 0.10276442307692307, 0.09805689102564102, 0.11648637820512821, 0.09685496794871795, 0.10817307692307693, 0.10506810897435898, 0.09455128205128205, 0.09945913461538461, 0.09755608974358974, 0.10236378205128205, 0.10586939102564102, 0.11368189102564102, 0.10606971153846154, 0.10006009615384616, 0.10366586538461539, 0.09765625, 0.11207932692307693, 0.10837339743589744, 0.10136217948717949, 0.10026041666666667, 0.11408253205128205, 0.08713942307692307, 0.09505208333333333, 0.10336538461538461, 0.11278044871794872, 0.11147836538461539, 0.1038661858974359, 0.08723958333333333, 0.10026041666666667, 0.11338141025641026, 0.10296474358974358, 0.11007612179487179, 0.09615384615384616, 0.0914463141025641, 0.09254807692307693, 0.10106169871794872, 0.0967548076923077, 0.10486778846153846, 0.10997596153846154, 0.09825721153846154, 0.11227964743589744, 0.10266426282051282, 0.10286458333333333, 0.10346554487179487, 0.10506810897435898, 0.09955929487179487, 0.11478365384615384, 0.0960536858974359, 0.10076121794871795, 0.09915865384615384, 0.09725560897435898, 0.10016025641025642, 0.10797275641025642, 0.11338141025641026, 0.10126201923076923, 0.10987580128205128, 0.09595352564102565, 0.0992588141025641, 0.11438301282051282, 0.09565304487179487, 0.09965945512820513, 0.09775641025641026, 0.08984375, 0.09745592948717949, 0.10346554487179487, 0.09895833333333333, 0.09905849358974358, 0.11057692307692307, 0.09665464743589744, 0.09505208333333333, 0.10106169871794872, 0.09595352564102565, 0.11067708333333333],