{"testproblem": "fmnist_mlp", "batch_size": 128, "num_epochs": 100, "random_seed": 42, "weight_decay": null, "optimizer_hyperparams": {"lr": 6.309573444801929e-05, "momentum": 0.99}, "train_losses": [2.3021158377329507, 2.2557444266783886, 1.9715240353193038, 1.2226573947148445, 0.9426962970158993, 0.7993599696037097, 0.7430951381341006, 0.6798099653843122, 0.6508530172017905, 0.6103234749573928, 0.5883983560861685, 0.5740164315853363, 0.540529898343942, 0.5394653032223383, 0.5285926992312456, 0.521588764511622, 0.5085617708854187, 0.49352767796088487, 0.474431967888123, 0.4627085675795873, 0.46294518961356235, 0.4594326282923038, 0.4498126969123498, 0.4582372945852769, 0.4340367645789415, 0.41990796686747134, 0.4320594970232401, 0.4191837136944135, 0.40984433392683667, 0.38893620134928286, 0.3959158555819438, 0.4006650270177768, 0.3793681411024852, 0.387354993667358, 0.37872249881426495, 0.3783972238500913, 0.38191110335099393, 0.36955397614301777, 0.3729515883785028, 0.3523891293085538, 0.3515914218165936, 0.35619691224434435, 0.35577750492554444, 0.36128864590174115, 0.35537532162971985, 0.34023594512389255, 0.3417350458793151, 0.3425360566530472, 0.3533020829543089, 0.32940556968633944, 0.3380516635683867, 0.3490464507769316, 0.328456023755746, 0.3269269177928949, 0.31209622705594087, 0.3136525717683328, 0.31731862937792754, 0.32889463313114947, 0.30981998298412716, 0.3073624876829294, 0.3140566469385074, 0.29543906966081035, 0.2968389044205348, 0.3003495645064574, 0.3079867605597545, 0.32212605155431306, 0.29008849595601743, 0.2934022322297096, 0.2777437004141318, 0.2904605097495593, 0.2904507137643985, 0.27621047103252166, 0.26537066793594605, 0.28067809610794753, 0.2831777674265397, 0.2791255588332812, 0.2696039046232517, 0.27940848087653136, 0.26284657934537303, 0.2758527545210643, 0.26455354537719333, 0.2620680952110352, 0.2711112709381642, 0.2596741769558344, 0.24079575141270956, 0.26327196050148743, 0.2578567730692717, 0.24257536614552522, 0.2545517480526215, 0.24856596841261938, 0.244505265297798, 0.24849856663972902, 0.24934717286855745, 0.23425996953096145, 0.2384862361045984, 0.23016999308497477, 0.2326649784659728, 0.22936974121974066, 0.2163836878652756, 0.22372592154603738, 0.2392194525171549], "test_losses": [2.3022368321051965, 2.2565529499298487, 1.9746859593269153, 1.2392247334504738, 0.9554677452796545, 0.8244156676989335, 0.7497379306035165, 0.7039667665958405, 0.665132673122944, 0.6315536506665058, 0.6110380120002307, 0.5888809259885397, 0.5735537703984823, 0.5625523550388141, 0.5445994872313279, 0.5353895605374606, 0.5350573586347775, 0.5093126591199484, 0.5033100472810941, 0.4978525928961925, 0.4869549484589161, 0.48564044176003873, 0.49122539735757387, 0.470007041708017, 0.4626045597669406, 0.46467341750096053, 0.45794897660230977, 0.45655749585383976, 0.45098188060980576, 0.4419830785347865, 0.4422307224609913, 0.43286944429079693, 0.432903460585154, 0.4289698069676375, 0.4306650685194211, 0.4208105363142796, 0.42173320284256566, 0.4160097965445274, 0.41721311345314366, 0.4095296036356535, 0.4074528314746343, 0.40403004181690705, 0.40708074126488125, 0.40477412939071655, 0.39783197736892945, 0.3940443864617592, 0.39536730773173845, 0.3948130252269598, 0.3981067452293176, 0.38792510559925664, 0.3936303991537828, 0.40190572559069365, 0.3841201330606754, 0.3782894512017568, 0.3770473601344304, 0.3748682771737759, 0.3759228621537869, 0.3932775381283882, 0.37004780540099513, 0.3709899794596892, 0.3726105434008134, 0.3677018477748602, 0.36812764482620436, 0.366723182109686, 0.37224899786405075, 0.3808105740791712, 0.360967276379084, 0.3654491897576895, 0.3595896934469541, 0.3580661286146213, 0.3578674189555339, 0.35280722360580397, 0.35054668650413173, 0.35363903870949376, 0.3658207251857489, 0.35869169846559185, 0.34835738516770876, 0.3478674088151027, 0.3470192192456661, 0.3467806925376256, 0.3425763318171868, 0.3435798247273152, 0.34566041865409947, 0.3446438717536437, 0.33958370486895245, 0.3539722365064499, 0.3423498177375549, 0.3433161139106139, 0.33943948015952724, 0.3421414758150394, 0.3342250426992392, 0.34373824527630437, 0.33676037211448717, 0.33464799381983584, 0.3345032899807661, 0.3327335184201216, 0.3314106890406364, 0.33664477578340435, 0.3316647639641395, 0.32899736899595994, 0.34141607869129914], "train_accuracies": [0.10817307692307693, 0.28575721153846156, 0.44521233974358976, 0.5988581730769231, 0.6338141025641025, 0.6819911858974359, 0.7136418269230769, 0.7376802884615384, 0.7746394230769231, 0.7863581730769231, 0.7970753205128205, 0.8013822115384616, 0.8075921474358975, 0.8080929487179487, 0.8206129807692307, 0.8208133012820513, 0.8220152243589743, 0.8288261217948718, 0.8391426282051282, 0.839042467948718, 0.8372395833333334, 0.8357371794871795, 0.8385416666666666, 0.8392427884615384, 0.8517628205128205, 0.8520633012820513, 0.8526642628205128, 0.8558693910256411, 0.8534655448717948, 0.8629807692307693, 0.860176282051282, 0.8588741987179487, 0.8688902243589743, 0.8599759615384616, 0.8647836538461539, 0.8677884615384616, 0.8676883012820513, 0.8701923076923077, 0.8700921474358975, 0.8753004807692307, 0.8769030448717948, 0.8769030448717948, 0.8746995192307693, 0.8755008012820513, 0.8740985576923077, 0.8810096153846154, 0.8787059294871795, 0.8810096153846154, 0.8734975961538461, 0.8886217948717948, 0.8808092948717948, 0.8778044871794872, 0.8841145833333334, 0.8823116987179487, 0.8928285256410257, 0.8901241987179487, 0.8852163461538461, 0.8831129807692307, 0.8913261217948718, 0.8941306089743589, 0.8922275641025641, 0.8969350961538461, 0.8969350961538461, 0.8931290064102564, 0.8889222756410257, 0.8852163461538461, 0.9001402243589743, 0.89453125, 0.9021434294871795, 0.8971354166666666, 0.8963341346153846, 0.9037459935897436, 0.9082532051282052, 0.9026442307692307, 0.9008413461538461, 0.9019431089743589, 0.9040464743589743, 0.9032451923076923, 0.9058493589743589, 0.9051482371794872, 0.909354967948718, 0.9073517628205128, 0.9066506410256411, 0.9080528846153846, 0.9144631410256411, 0.9053485576923077, 0.9063501602564102, 0.9163661858974359, 0.9100560897435898, 0.9114583333333334, 0.9124599358974359, 0.913261217948718, 0.9104567307692307, 0.9154647435897436, 0.917167467948718, 0.9182692307692307, 0.9196714743589743, 0.9185697115384616, 0.9241786858974359, 0.9183693910256411, 0.9134615384615384],