{"testproblem": "fmnist_mlp", "batch_size": 128, "num_epochs": 100, "random_seed": 42, "weight_decay": null, "optimizer_hyperparams": {"lr": 0.039810717055349734, "momentum": 0.99}, "train_losses": [2.3021158377329507, 0.6744326681662829, 1.1872738905442066, 2.187836614938883, 2.71762072123014, 2.3098507019189687, 2.3080345697892017, 2.308017764336024, 2.3164211970109205, 2.3082084839160624, 2.309400017444904, 2.307677938387944, 2.3054539209757094, 2.3062003820370407, 2.312042297461094, 2.320646142348265, 2.315739001983251, 2.3123499430142918, 2.307651091844608, 2.3065210305727444, 2.3085218851382914, 2.314620008835426, 2.3145143007620788, 2.3096917928793492, 2.3131439777520986, 2.309511912174714, 2.308674610578097, 2.313212046256432, 2.30761085718106, 2.309264164704543, 2.3144319240863505, 2.3084501150326853, 2.3133546664164615, 2.3059593653067565, 2.3092321982750525, 2.3106826146443686, 2.303398535801814, 2.3117272517619987, 2.309727580119402, 2.3081132142971725, 2.3116698601307015, 2.3097073206534753, 2.304803255276802, 2.3101210991541543, 2.3130288307483378, 2.3117237855226564, 2.312550575305254, 2.3065660274945774, 2.3152147378676977, 2.3087860009609122, 2.3064588002669506, 2.307964731485416, 2.31461286239135, 2.313423346250485, 2.3085731206796107, 2.305176270313752, 2.307202629553966, 2.3087827150638285, 2.3087043334276247, 2.308350581389207, 2.3057696666472998, 2.310245611728766, 2.308724629573333, 2.304508845011393, 2.308402284597739, 2.311862410643162, 2.306741959009415, 2.304229815800985, 2.3090375600717006, 2.309688079051482, 2.3073820578746305, 2.3052345667129908, 2.3070024710435133, 2.3108237645564933, 2.307684042514899, 2.307101702078795, 2.3177350087043567, 2.315793135227301, 2.311142466007135, 2.30932865693019, 2.30580620887952, 2.314358277198596, 2.3083342283199997, 2.3041624900622244, 2.3082351745703282, 2.308574380018772, 2.3109320279879446, 2.3052808321439304, 2.319203502092606, 2.3087105598205175, 2.3095352068925514, 2.305244552783477, 2.309050291012495, 2.3111295241575975, 2.3055097384330554, 2.3075491801286354, 2.308260917663574, 2.3109031976797643, 2.3039916325838137, 2.312835522187062, 2.308585353386708], "test_losses": [2.3022368321051965, 0.6918669423231711, 1.25353964475485, 2.477144432373536, 2.7153540360621915, 2.3118600142307772, 2.306013437417837, 2.308489341002244, 2.317067650648264, 2.3087944953869552, 2.3089538445839515, 2.3083057403564453, 2.30534727145464, 2.3052282363940506, 2.3139424935365334, 2.3178159426420164, 2.314198750715989, 2.313466096535707, 2.3084182922656717, 2.30710912667788, 2.3078495172353892, 2.3159535145148253, 2.3128671921216526, 2.3097890584896774, 2.31462583786402, 2.307715532107231, 2.307672830728384, 2.315123432721847, 2.3086621302824755, 2.30879393296364, 2.313834853661366, 2.3080009711094394, 2.313300597362029, 2.3061529917594714, 2.3099536162156324, 2.310920605292687, 2.303736775349348, 2.3099225637240286, 2.3120388251084547, 2.3078445073885794, 2.311135417375809, 2.3087959534082656, 2.3067199878203564, 2.311303022580269, 2.313039311995873, 2.310420430623568, 2.3125977577307286, 2.3071919007179065, 2.313780344449557, 2.3105394595708604, 2.305939827209864, 2.3070048552293043, 2.315080138353201, 2.3142937207833314, 2.3076101480386195, 2.3053273268235035, 2.3076249819535475, 2.3093139758476844, 2.307879469333551, 2.308008841979198, 2.305258109019353, 2.310832216189458, 2.3078933404042172, 2.305861072662549, 2.3074402686877127, 2.310363586132343, 2.3075981384668593, 2.3050821163715463, 2.3083584858820987, 2.308839302796584, 2.3064499482130394, 2.305568215174553, 2.3064099427981253, 2.3096801287088637, 2.3074124103937392, 2.307197476044679, 2.3189450043898363, 2.3133727312088013, 2.3101087319545255, 2.307951178306188, 2.3062036832173667, 2.312542099219102, 2.309056593821599, 2.305172990529965, 2.308461702786959, 2.3083854760879126, 2.3113999366760254, 2.304812721717052, 2.318951126856682, 2.3092640944016285, 2.308497655086028, 2.3064798208383412, 2.309467477676196, 2.3110667864481607, 2.306731554178091, 2.307891246600029, 2.308180399430104, 2.310900975496341, 2.3053706670418763, 2.3139263146962876, 2.308145058460725], "train_accuracies": [0.10817307692307693, 0.7568108974358975, 0.5244391025641025, 0.27173477564102566, 0.0999599358974359, 0.10256410256410256, 0.09615384615384616, 0.10006009615384616, 0.09935897435897435, 0.10106169871794872, 0.09655448717948718, 0.10356570512820513, 0.0999599358974359, 0.09705528846153846, 0.10206330128205128, 0.09224759615384616, 0.09745592948717949, 0.10276442307692307, 0.10056089743589744, 0.09785657051282051, 0.10336538461538461, 0.10266426282051282, 0.09405048076923077, 0.10226362179487179, 0.10216346153846154, 0.0953525641025641, 0.09895833333333333, 0.1024639423076923, 0.1015625, 0.10076121794871795, 0.09755608974358974, 0.10016025641025642, 0.10056089743589744, 0.10046073717948718, 0.10446714743589744, 0.09865785256410256, 0.09885817307692307, 0.09505208333333333, 0.10576923076923077, 0.10286458333333333, 0.09905849358974358, 0.09515224358974358, 0.10767227564102565, 0.09785657051282051, 0.09955929487179487, 0.0985576923076923, 0.10036057692307693, 0.10036057692307693, 0.09835737179487179, 0.10266426282051282, 0.09895833333333333, 0.1006610576923077, 0.10647035256410256, 0.09585336538461539, 0.09845753205128205, 0.1031650641025641, 0.10286458333333333, 0.10126201923076923, 0.09815705128205128, 0.09575320512820513, 0.09425080128205128, 0.1024639423076923, 0.09565304487179487, 0.09735576923076923, 0.10046073717948718, 0.09685496794871795, 0.10176282051282051, 0.10076121794871795, 0.10747195512820513, 0.09695512820512821, 0.10236378205128205, 0.10346554487179487, 0.09685496794871795, 0.09865785256410256, 0.09875801282051282, 0.09625400641025642, 0.10476762820512821, 0.10206330128205128, 0.09615384615384616, 0.09685496794871795, 0.09915865384615384, 0.09825721153846154, 0.10236378205128205, 0.10086137820512821, 0.10026041666666667, 0.10016025641025642, 0.09835737179487179, 0.09865785256410256, 0.10176282051282051, 0.10266426282051282, 0.09815705128205128, 0.10186298076923077, 0.09885817307692307, 0.09955929487179487, 0.10396634615384616, 0.0967548076923077, 0.09965945512820513, 0.10296474358974358, 0.10446714743589744, 0.10266426282051282, 0.09805689102564102],