{"testproblem": "mnist_mlp", "batch_size": 128, "num_epochs": 100, "random_seed": 42, "weight_decay": null, "optimizer_hyperparams": {"lr": 2.5118864315095824}, "train_losses": [2.3034798334806394, 2.328936647146176, 2.4386185224239645, 2.3942083548276853, 2.3654450514377694, 2.402415679051326, 2.393710194489895, 2.368033583347614, 2.367359173603547, 2.4282550658935156, 2.475979997561528, 2.4506299067766237, 2.359758884478838, 2.3721178678365855, 2.425364552400051, 2.6255384347377677, 2.3756273893209605, 2.361667348788335, 2.39871717721988, 2.359525897564032, 2.383368730545044, 2.3752646323962088, 2.4452252174035096, 2.3567739388881583, 2.3977640744967337, 2.4007361424274936, 2.4883064734630094, 2.4138632340308948, 2.432145601663834, 2.3549966170237613, 2.5023226279478807, 2.40333153345646, 2.390715706042754, 2.3703975769189687, 2.4696847720023913, 2.3778674449676123, 2.3623159053998117, 2.3723711508970995, 2.4792658946452995, 2.506702022674756, 2.500879113490765, 2.4472560852001877, 2.337232436889257, 2.3841113646825156, 2.463356125049102, 2.3598364408199606, 2.3940298710113916, 2.377959538728763, 2.3994195889203978, 2.3816441878294334, 2.354552739705795, 2.440488188694685, 2.4025229521286793, 2.470142104686835, 2.40787586187705, 2.4090406864117355, 2.3554917635061803, 2.4886356592178345, 2.433620749375759, 2.3963956099290113, 2.3649566570917764, 2.3970885368493886, 2.50480911670587, 2.51292054164104, 2.4181199134924474, 2.3656745782265296, 2.3846285954499855, 2.3663774667642055, 2.4446291587291618, 2.408907398199424, 2.3944884630349965, 2.4946693151425094, 2.4827317946996446, 2.3582176642540174, 2.3493764920112414, 2.377257973719866, 2.394724754186777, 2.3758353545115543, 2.36839090860807, 2.3590422563063793, 2.3352954509930735, 2.344566528613751, 2.420383872129978, 2.35984101662269, 2.381737919954153, 2.3923421058899317, 2.5000662192320213, 2.38473785840548, 2.3378810638036485, 2.349360261207972, 2.432082298474434, 2.3506539112482314, 2.417869968292041, 2.4190350404152503, 2.3844874058014307, 2.4193317890167236, 2.472962871575967, 2.346092166044773, 2.451146975541726, 2.4283827115327883, 2.4326678667313013], "test_losses": [2.3034419279832106, 2.3340603296573343, 2.433806835076748, 2.3989798044547057, 2.365490430440658, 2.4016108818543263, 2.3928422775024023, 2.374488891699375, 2.3707288962144117, 2.431468813847273, 2.4753532898731723, 2.4499046130058093, 2.3668406865535636, 2.36653733253479, 2.4252956005243154, 2.619031426234123, 2.3639983122165384, 2.357997316580552, 2.392900219330421, 2.3573900950260653, 2.3772872930917983, 2.3815014912531924, 2.4452164264825673, 2.3553700416516037, 2.395493962825873, 2.397640271064563, 2.481176033998147, 2.4097630182902017, 2.427098720501631, 2.3527782880342922, 2.499478260676066, 2.395907108600323, 2.3950549486355905, 2.3661212584911246, 2.46856214144291, 2.3804473326756406, 2.371273636817932, 2.374258108628102, 2.479453044059949, 2.496283735984411, 2.506774679208413, 2.451361066255814, 2.338217609967941, 2.382121938925523, 2.4631062226417737, 2.363503498908801, 2.3988250891367593, 2.3758399945039015, 2.394365701919947, 2.3857079041309848, 2.348863063714443, 2.439563956016149, 2.4071922179980154, 2.4716216845390124, 2.412571845910488, 2.4033416906992593, 2.358475324435112, 2.479033812498435, 2.4374044889058823, 2.3901580847226658, 2.36275843779246, 2.4055259686249952, 2.5115248423356276, 2.5088586807250977, 2.41103344085889, 2.372374889178154, 2.388548866296426, 2.366579777155167, 2.4432060382305045, 2.413529417453668, 2.399587191068209, 2.487125176649827, 2.4809676989530907, 2.36076888976953, 2.3492607978674083, 2.3812415966620812, 2.3909204434125853, 2.3805326315072866, 2.3643753161797156, 2.3594132508987036, 2.333702503106533, 2.3407957462164073, 2.4137817529531627, 2.3614146495476747, 2.384443221948086, 2.390782594680786, 2.507511016650078, 2.38858123926016, 2.338584459744967, 2.352471168224628, 2.4296437073976564, 2.352413752140143, 2.4093774954477944, 2.416555655308259, 2.379264156023661, 2.4145617546179357, 2.4700450071921716, 2.3462418409494252, 2.4523943662643433, 2.4305281272301307, 2.4340513333296165], "train_accuracies": [0.08543669871794872, 0.10036057692307693, 0.09545272435897435, 0.10136217948717949, 0.10256410256410256, 0.09885817307692307, 0.0907451923076923, 0.08874198717948718, 0.09334935897435898, 0.09805689102564102, 0.10306490384615384, 0.09715544871794872, 0.10216346153846154, 0.10596955128205128, 0.10016025641025642, 0.11017628205128205, 0.09625400641025642, 0.11318108974358974, 0.10266426282051282, 0.08844150641025642, 0.09795673076923077, 0.10136217948717949, 0.10006009615384616, 0.09334935897435898, 0.09725560897435898, 0.09745592948717949, 0.10086137820512821, 0.10026041666666667, 0.09775641025641026, 0.11278044871794872, 0.09645432692307693, 0.09455128205128205, 0.09775641025641026, 0.09795673076923077, 0.11378205128205128, 0.10897435897435898, 0.10186298076923077, 0.09665464743589744, 0.10767227564102565, 0.09985977564102565, 0.09835737179487179, 0.10346554487179487, 0.11758814102564102, 0.10767227564102565, 0.10286458333333333, 0.09975961538461539, 0.10136217948717949, 0.10026041666666667, 0.09615384615384616, 0.1077724358974359, 0.10086137820512821, 0.09835737179487179, 0.09595352564102565, 0.11147836538461539, 0.10326522435897435, 0.0967548076923077, 0.10006009615384616, 0.09705528846153846, 0.09595352564102565, 0.09505208333333333, 0.09615384615384616, 0.11568509615384616, 0.10506810897435898, 0.09094551282051282, 0.0967548076923077, 0.0928485576923077, 0.08443509615384616, 0.09364983974358974, 0.09705528846153846, 0.09765625, 0.10286458333333333, 0.09334935897435898, 0.09845753205128205, 0.09905849358974358, 0.10016025641025642, 0.09805689102564102, 0.09915865384615384, 0.09915865384615384, 0.09975961538461539, 0.0967548076923077, 0.10787259615384616, 0.09194711538461539, 0.0946514423076923, 0.09965945512820513, 0.09595352564102565, 0.1024639423076923, 0.09955929487179487, 0.10446714743589744, 0.09965945512820513, 0.11137820512820513, 0.09485176282051282, 0.09615384615384616, 0.09845753205128205, 0.09665464743589744, 0.09905849358974358, 0.0914463141025641, 0.09695512820512821, 0.10186298076923077, 0.1015625, 0.09595352564102565, 0.09635416666666667],