{"train_losses": [353.9337594168527, 269.8914576939174, 139.14962005615234, 151.1217782156808, 198.1292223249163, 217.8604234967913, 181.9218292236328, 138.0534449986049, 164.14477757045202, 166.2562735421317, 133.37569972446985, 153.25083923339844, 170.18138994489397, 144.40377807617188, 117.94763619559151, 110.76836831229073, 133.67708696637834, 154.93954467773438, 129.81417410714286, 100.16456059047154, 109.07456752232143, 123.12873077392578, 124.72096361432757, 116.15941946847099, 99.55947875976562, 101.82765088762555, 110.51572963169643, 104.80813816615513, 105.69650486537388, 107.32467869349888, 99.36021314348493, 95.84719521658761, 96.48219844273159, 100.47184317452567, 104.17925262451172, 95.39629908970424, 87.84945896693638, 94.15320260184151, 98.00826154436383, 95.45985630580357, 92.72610909598214, 89.33202144077846, 90.31028638567243, 92.05833326067243, 90.84429168701172, 91.6463644845145, 90.69326455252511, 87.57030487060547, 87.8814697265625, 90.06070273263114, 90.16710553850446, 88.38305773053851, 86.88271222795758, 86.53722272600446, 87.90325055803571, 88.39935520717076, 87.12856837681362, 86.93203408377511, 86.35357883998326, 85.93636104038784, 86.88992527553013, 86.81819261823382, 86.37975311279297, 85.89319283621651, 85.27089473179409, 85.80341448102679, 86.38516780308315, 86.00545283726284, 85.41940198625836, 85.08428083147321, 85.17863137381417, 85.73965345110211, 85.63360704694476, 85.01434980119977, 85.06991686139789, 85.08220890590123, 85.066404070173, 85.17240251813617, 85.017824445452, 85.04678017752511, 84.86922999790737, 84.65931156703404, 84.87087031773159, 85.06984056745257, 84.95150211879185, 84.55833217075893, 84.5898197719029, 84.83323451450893, 84.8220945085798, 84.75806644984654, 84.5502450125558, 84.59126390729632, 84.72321428571429, 84.61221095493862, 84.62400708879743, 84.62838309151786, 84.58592987060547, 84.54925864083427, 84.52109854561942, 84.58848462785993, 84.61077444893974], "test_losses": [353.44676426478793, 275.11525181361606, 139.52179609026228, 154.23240879603796, 201.92996215820312, 217.7124982561384, 187.83363560267858, 138.43778773716517, 167.56975664411272, 170.1079559326172, 134.17760467529297, 158.19347272600447, 171.26228768484933, 148.17586408342635, 120.46359361921039, 112.64856501988002, 137.9541974748884, 155.5104479108538, 133.8947514125279, 102.27235303606305, 110.89579772949219, 126.94557625906808, 126.00337764195034, 119.653810773577, 101.50769696916852, 104.78952462332589, 113.29891422816685, 106.60824584960938, 109.81868743896484, 108.58720397949219, 102.76953016008649, 98.85570417131696, 98.090822492327, 104.42237962995257, 105.84526824951172, 98.57559858049665, 90.44852120535714, 96.31311580113002, 101.5447747366769, 96.95594242640904, 96.18353489467076, 91.79136221749442, 92.34164755684989, 95.64605494907924, 92.66879599434989, 94.63292476109096, 93.4224134172712, 89.9446040562221, 90.82514081682477, 92.43914576939174, 93.0984867640904, 90.77268872942243, 89.64942169189453, 89.23233359200614, 90.32006072998047, 91.27883475167411, 89.51487622942243, 89.75703866141183, 88.79491751534599, 88.64479391915458, 89.6284430367606, 89.0959701538086, 89.50835200718471, 88.13030569893974, 88.02852739606585, 88.70530155726841, 88.5471932547433, 89.16863141741071, 87.75766100202289, 87.75656454903739, 88.07643781389508, 87.98162732805524, 88.67193821498326, 87.3946293422154, 87.72731563023159, 87.9098369053432, 87.35893794468471, 88.1164779663086, 87.47486659458706, 87.63694436209542, 87.68721553257534, 87.07361384800502, 87.64051600864956, 87.69270433698382, 87.53474862234933, 87.25686645507812, 87.22222791399274, 87.46094185965401, 87.47089276994977, 87.43802206856864, 87.123293195452, 87.30523354666573, 87.31283787318638, 87.25158582414899, 87.31597028459821, 87.14424242292132, 87.36550467354911, 87.07044219970703, 87.158203125, 87.3470938546317, 87.0404074532645], "minibatch_train_losses": [369.72540283203125, 305.7850341796875, 219.21385192871094, 139.76473999023438, 105.82327270507812, 141.1277313232422, 200.31430053710938, 263.49444580078125, 306.6756286621094, 318.86810302734375, 283.73138427734375, 199.62890625, 157.9097900390625, 111.8139419555664, 141.49862670898438, 193.51312255859375, 249.58523559570312, 274.4580078125, 276.6957092285156, 225.85411071777344, 174.9367218017578, 162.642333984375, 133.9650115966797, 152.55389404296875, 187.73855590820312, 213.3195343017578, 253.24124145507812, 233.40524291992188, 191.44200134277344, 160.98446655273438, 145.7146759033203, 150.81719970703125, 161.63958740234375, 183.13592529296875, 190.09388732910156, 225.34439086914062, 207.92739868164062, 185.03793334960938, 147.5452423095703, 130.2045135498047, 143.05039978027344, 159.2783203125, 186.46368408203125, 191.70211791992188, 199.7102508544922, 196.33628845214844, 170.08160400390625, 153.6769561767578, 129.04727172851562, 135.92788696289062, 154.602783203125, 173.5489044189453, 184.84393310546875, 184.39952087402344, 179.58367919921875, 161.5582275390625, 172.7197723388672, 148.62881469726562, 152.13253784179688, 145.1142120361328, 140.0989990234375, 163.03553771972656, 161.26889038085938, 164.6329803466797, 171.63546752929688, 172.6763916015625, 178.1726837158203, 167.89120483398438, 141.58338928222656, 122.97230529785156, 139.0517578125, 137.4598846435547, 155.71881103515625, 161.5386505126953, 164.46119689941406, 184.71839904785156, 166.70465087890625, 157.0307159423828, 129.04830932617188, 124.455078125, 127.38648986816406, 131.153564453125, 151.2611083984375, 155.4115447998047, 168.02011108398438, 168.86036682128906, 151.93971252441406, 135.76173400878906, 122.57374572753906, 113.44536590576172, 120.23164367675781, 155.47943115234375, 150.36599731445312, 165.68006896972656, 151.36801147460938, 127.0830078125, 132.5780029296875, 109.39471435546875, 114.61114501953125, 132.71377563476562, 147.50558471679688, 163.98492431640625, 155.8691864013672, 136.98745727539062, 112.38916015625, 114.09820556640625, 106.16340637207031, 121.71327209472656, 132.13150024414062, 145.6450958251953, 157.7879180908203, 146.67991638183594, 143.26898193359375, 110.44927215576172, 104.84579467773438, 105.8089828491211, 109.9925765991211, 137.7433319091797, 136.7656707763672, 148.73236083984375, 152.4055938720703, 134.556396484375, 117.91864776611328, 98.29518127441406, 98.9922866821289, 106.26416015625, 138.9358367919922, 136.74154663085938, 154.32371520996094, 140.97201538085938, 123.7583236694336, 112.01237487792969, 92.03350830078125, 103.63252258300781, 114.58415985107422, 127.57406616210938, 144.9676971435547, 139.61001586914062, 137.40267944335938, 110.591796875, 106.448974609375, 100.48912048339844, 110.0257568359375, 114.82139587402344, 118.25361633300781, 132.56578063964844, 126.15132141113281, 132.75526428222656, 108.54248809814453, 108.7363052368164, 105.75932312011719, 108.37669372558594, 114.35645294189453, 110.41163635253906, 123.81085205078125, 126.21881103515625, 115.6632080078125, 110.7585678100586, 96.80722045898438, 107.85968017578125, 103.0732650756836, 119.26985931396484, 114.78990173339844, 128.3844757080078, 118.3134765625, 105.10345458984375, 100.6148910522461, 88.39617919921875, 104.92121887207031, 107.92683410644531, 115.13897705078125, 122.96814727783203, 119.27708435058594, 115.76123809814453, 99.63301849365234, 101.52523803710938, 97.57026672363281, 102.81755828857422, 105.62861633300781, 102.72822570800781, 115.86567687988281, 106.69010925292969, 116.3721923828125, 104.0569839477539, 110.91844177246094, 107.6455307006836, 102.57849884033203, 102.02761840820312, 92.88258361816406, 105.84119415283203, 107.42926788330078, 106.16111755371094, 108.72795867919922, 103.45944213867188, 112.40995788574219, 103.65867614746094, 108.75548553466797, 98.41680145263672, 105.16617584228516, 101.32632446289062, 97.33241271972656, 100.22055053710938, 94.1641616821289, 112.19314575195312, 109.38399505615234, 110.86885070800781, 108.25332641601562, 96.82200622558594, 100.23458099365234, 