{"train_losses": [353.03072684151783, 266.0002245221819, 139.05950273786272, 151.8922598702567, 198.81890651157923, 215.91407121930803, 178.4954572405134, 140.26410784040178, 163.743412562779, 166.1690717424665, 132.48101370675224, 151.1018829345703, 172.4518040248326, 142.71246119907923, 117.9369648524693, 111.12185886928013, 132.03613935198103, 156.70455932617188, 127.94003295898438, 100.16015951974052, 110.19296155657086, 121.97685786655971, 125.44791739327567, 114.76394871303013, 100.00751713344029, 102.67258562360492, 109.55719648088727, 105.20894622802734, 105.03712681361607, 107.80092511858258, 99.59644971575055, 95.2763922555106, 96.87909153529576, 100.32089124407086, 104.3273696899414, 95.19594355991909, 88.02738189697266, 94.34683663504464, 97.8920146397182, 95.6494631086077, 92.35444096156529, 89.89707728794643, 90.26376124790737, 91.91709790910993, 91.27600642613002, 91.20394134521484, 91.2521253313337, 87.48469543457031, 87.81917136056083, 90.54406193324498, 89.7260971069336, 88.89065769740513, 86.8072978428432, 86.53338296072823, 88.37332262311664, 88.02674974714007, 87.54491860525948, 86.93555450439453, 86.3709694998605, 86.29307120186942, 86.70103672572544, 87.11790139334542, 86.3938478742327, 86.0050550188337, 85.48541477748326, 85.74732099260602, 86.65152195521763, 86.01148550851005, 85.55762372698102, 85.22567967006138, 85.25521632603237, 85.91242109026227, 85.64564078194755, 85.23246111188617, 85.10606929234096, 85.24062892368862, 85.22304316929409, 85.15242985316685, 85.29182761056083, 85.05470602852958, 85.02164459228516, 84.81760842459542, 84.88270132882255, 85.32434191022601, 84.94545200892857, 84.7360087803432, 84.73642948695591, 84.85585675920758, 85.06586674281529, 84.76556287493024, 84.71724155970982, 84.7385014125279, 84.7701165335519, 84.81232234409877, 84.67238289969308, 84.78846631731305, 84.70496586390904, 84.63755362374442, 84.68848201206752, 84.65735299246651, 84.76962280273438], "test_losses": [353.44676426478793, 270.32787649972096, 139.3195059640067, 155.52050563267298, 201.75624520438058, 216.03870936802454, 184.37444850376673, 140.18385096958704, 167.44892011369978, 169.6139155796596, 133.25565665108817, 156.0727081298828, 173.03145054408483, 146.70368303571428, 120.2125494820731, 112.58571951729911, 136.58198983328683, 156.88799830845423, 131.74910191127233, 102.47876412527901, 111.60680062430245, 125.6642347063337, 126.83270154680524, 117.91771262032645, 101.9240243094308, 105.60446275983539, 112.10899897984096, 106.99923488071987, 109.00677599225726, 108.93814958844867, 102.95017351422992, 98.0514907836914, 98.43721444266183, 104.14500209263393, 105.7316414969308, 98.37131827218192, 90.43750108991351, 96.2681405203683, 101.45111737932477, 96.91053880964007, 95.6419655936105, 92.37144470214844, 92.03684452601841, 95.42370932442802, 93.05711146763393, 93.94691794259208, 93.96207427978516, 89.7245112827846, 90.5744868687221, 92.90287780761719, 92.44960457938058, 91.16302926199776, 89.49877275739398, 89.00528717041016, 90.7246595110212, 90.76019069126674, 89.75093514578683, 89.70687648228237, 88.6182610648019, 88.8901596069336, 89.3588136945452, 89.19170488630023, 89.46691785539899, 88.11299678257534, 88.06135668073382, 88.6107406616211, 88.64124516078404, 89.02857862200055, 87.83501761300224, 87.71132114955357, 88.03324018205915, 88.05475616455078, 88.51561846051898, 87.49725668770927, 87.63692038399833, 87.93214743477958, 87.38847133091518, 87.96473802839007, 87.63652910505023, 87.5060566493443, 87.7117680140904, 87.12860325404576, 87.50927189418248, 87.81713431222099, 87.42828587123326, 87.28931862967355, 87.23040226527623, 87.38690512520927, 87.56356920514789, 87.30347551618304, 87.19567435128349, 87.29547446114677, 87.22428458077567, 87.3523450578962, 87.20936366489956, 87.17971692766461, 87.37411499023438, 87.01548876081195, 87.2068339756557, 87.2929218837193, 87.0719964163644], "minibatch_train_losses": [352.9696960449219, 307.29766845703125, 211.10107421875, 145.42994689941406, 115.20767211914062, 129.97731018066406, 194.07135009765625, 254.0129852294922, 305.3743896484375, 327.9136657714844, 280.5855712890625, 214.11639404296875, 147.48007202148438, 121.60445404052734, 134.2305908203125, 194.86705017089844, 234.607421875, 273.4869079589844, 274.7927551269531, 230.93191528320312, 186.92044067382812, 145.8036651611328, 133.671630859375, 153.7986602783203, 193.5429229736328, 226.90744018554688, 236.6377410888672, 225.68539428710938, 190.7935791015625, 165.126953125, 151.9495086669922, 141.5773468017578, 160.65626525878906, 178.41213989257812, 206.66844177246094, 209.72581481933594, 211.64639282226562, 171.339599609375, 159.48135375976562, 146.50762939453125, 137.9495086669922, 155.67532348632812, 169.17491149902344, 186.81423950195312, 208.92221069335938, 194.2011260986328, 174.0991668701172, 148.8831329345703, 134.78530883789062, 138.00559997558594, 158.89764404296875, 165.7095489501953, 178.28781127929688, 189.123779296875, 174.6845245361328, 175.83917236328125, 149.9366455078125, 152.96080017089844, 145.21080017089844, 156.09555053710938, 155.43954467773438, 151.9541473388672, 155.78805541992188, 162.899169921875, 170.89854431152344, 185.59228515625, 168.18392944335938, 161.13612365722656, 141.63661193847656, 132.22096252441406, 126.92196655273438, 142.00357055664062, 141.7429962158203, 171.78817749023438, 187.3511199951172, 174.72634887695312, 172.2069091796875, 136.39625549316406, 129.44192504882812, 126.5930404663086, 124.21330261230469, 131.75064086914062, 146.4036407470703, 159.06423950195312, 174.09130859375, 170.38079833984375, 155.51934814453125, 131.46693420410156, 125.3670883178711, 111.73594665527344, 126.22867584228516, 129.8557586669922, 154.66485595703125, 154.126953125, 163.5243682861328, 147.48696899414062, 120.86820983886719, 114.4847412109375, 111.06826782226562, 133.20260620117188, 156.08827209472656, 151.15159606933594, 148.95645141601562, 134.1272430419922, 118.14897155761719, 107.94142150878906, 109.14408874511719, 115.44667053222656, 142.83511352539062, 164.02325439453125, 153.48829650878906, 149.39315795898438, 119.74604797363281, 112.19854736328125, 102.0892562866211, 104.5848617553711, 113.73533630371094, 129.17068481445312, 145.9955291748047, 154.64041137695312, 154.08480834960938, 139.50857543945312, 112.15841674804688, 103.294189453125, 93.19316101074219, 108.71646881103516, 117.23104858398438, 140.4329376220703, 145.29299926757812, 153.70449829101562, 139.5642852783203, 109.2863998413086, 97.27568054199219, 95.51864624023438, 113.84498596191406, 132.45947265625, 134.85317993164062, 136.99815368652344, 129.06932067871094, 119.31488037109375, 103.72029113769531, 103.72470092773438, 105.7502212524414, 120.99256134033203, 135.82366943359375, 125.87336730957031, 128.78530883789062, 111.221435546875, 112.64179229736328, 105.40133666992188, 107.26707458496094, 109.35447692871094, 112.08859252929688, 117.1502685546875, 124.63456726074219, 124.74285888671875, 122.01106262207031, 107.87673950195312, 104.93842315673828, 97.29493713378906, 107.64104461669922, 102.35931396484375, 118.99789428710938, 118.2857666015625, 125.57032775878906, 120.63429260253906, 98.2945785522461, 95.76441192626953, 94.62615203857422, 109.9058609008789, 118.03144836425781, 117.22203063964844, 115.58770751953125, 110.41575622558594, 104.466064453125, 98.24615478515625, 97.25528717041016, 103.8339614868164, 111.44236755371094, 118.9385757446289, 106.6754379272461, 111.61461639404297, 97.65373992919922, 110.32615661621094, 103.19486999511719, 107.024658203125, 107.85874938964844, 100.0836410522461, 100.78256225585938, 101.82125091552734, 107.02154541015625, 112.19917297363281, 108.97007751464844, 108.624267578125, 103.7271957397461, 105.581298828125, 96.69216918945312, 99.56452941894531, 100.28004455566406, 106.18156433105469, 110.25521850585938, 97.41536712646484, 102.91857147216797, 99.96886444091797, 115.03237915039062, 107.96586608886719, 103.75137329101562, 100.06501770019531, 93.39655303955078, 