{"train_losses": [352.4554138183594, 268.58873203822543, 138.75103323800224, 151.87054443359375, 199.9706813267299, 216.95884268624442, 181.54300144740515, 138.8419690813337, 164.0301513671875, 167.2912118094308, 133.56987871442522, 153.6728777204241, 171.0800040108817, 143.76404680524553, 119.02427564348493, 111.60298265729632, 133.92548479352678, 156.249507359096, 129.40436008998327, 100.71349334716797, 110.51874324253627, 123.45157187325614, 125.64788927350726, 116.40138571602958, 100.12225995744977, 103.0704345703125, 110.90870448521206, 105.7119892665318, 106.38992854527065, 107.89209529331752, 100.372072492327, 96.28236171177456, 97.46506936209542, 101.52018410818917, 104.50876944405692, 96.28602055140904, 88.72148023332868, 94.87704903738839, 99.0475845336914, 96.04768807547433, 93.4696044921875, 90.3380148751395, 90.97164590018136, 92.9911368233817, 91.6924547467913, 92.36484745570591, 91.62156023297992, 88.27691214425224, 88.83032771519252, 90.96145411900112, 90.83567592075893, 89.35894666399274, 87.63800048828125, 87.3736321585519, 88.89124516078404, 89.10501316615513, 88.03244999476841, 87.79573059082031, 87.13820539202008, 86.87266976492745, 87.71683284214565, 87.67134748186383, 87.22809491838727, 86.73671286446708, 86.1654052734375, 86.63210078648159, 87.26969691685268, 86.86626543317523, 86.23510633196149, 85.98031943184989, 86.05067988804409, 86.57903180803571, 86.50849151611328, 85.87560599190849, 85.91392953055245, 85.96892438616071, 85.93385205950055, 86.0149405343192, 85.89884730747768, 85.90999058314732, 85.72203172956195, 85.53219713483539, 85.74606432233539, 85.92749677385602, 85.80649893624442, 85.439943586077, 85.44774736676898, 85.69890812465123, 85.70201219831195, 85.60733904157367, 85.4216809953962, 85.46469552176339, 85.5847909109933, 85.47992488316127, 85.49183872767857, 85.49832153320312, 85.444093976702, 85.4248286655971, 85.39018903459821, 85.44600568498883, 85.48966108049665], "test_losses": [353.44676426478793, 270.906005859375, 138.89264569963728, 154.91702924455916, 201.09957013811385, 217.61775861467635, 185.6969713483538, 138.07311793736048, 167.5457044328962, 169.11138698032923, 134.14200919015067, 157.65485491071428, 170.77307782854353, 147.20751735142298, 120.23173086983817, 112.53470284598214, 137.58438328334265, 155.55537850516183, 132.64544132777624, 102.13028063092914, 111.03343527657645, 126.62150028773716, 126.0632095336914, 118.6579121180943, 101.59341539655414, 104.83193533761161, 112.83087703159877, 106.80701228550502, 109.2648424421038, 108.58580562046596, 102.63743809291294, 98.4043949672154, 98.32289777483258, 104.23691013881138, 105.56369236537388, 98.34019252232143, 90.4128919328962, 96.25583757672992, 101.42814636230469, 96.87176295689174, 95.8233893258231, 91.95672280447823, 92.17164502825055, 95.45336478097099, 92.87831551688058, 94.23998696463448, 93.47474888392857, 89.87986319405692, 90.6243896484375, 92.62402888706752, 92.76882825578961, 90.76860591343471, 89.62122671944755, 89.00851767403739, 90.4560296194894, 91.0787375313895, 89.42157091413226, 89.78417205810547, 88.62909589494977, 88.62996237618583, 89.61969648088727, 88.97509874616351, 89.43656594412667, 88.143308367048, 87.9003404889788, 88.68635777064732, 88.53869192940849, 89.0088642665318, 87.78404889787946, 87.64969526018415, 88.02535247802734, 87.9862551007952, 88.50770132882255, 87.43067605154855, 87.62688991001674, 87.83427102225167, 87.39732251848493, 87.96256583077567, 87.48276628766742, 87.59853690011161, 87.58048248291016, 87.08507973807198, 87.57191576276507, 87.63656834193638, 87.49280766078404, 87.20330047607422, 87.16649845668248, 87.41646139962333, 87.42138671875, 87.3623777117048, 87.09417615618024, 87.2327161516462, 87.26605115618024, 87.21036311558315, 87.23569924490792, 87.12772478376117, 87.28943307059151, 87.02646200997489, 87.13246045793805, 87.26454380580357, 87.02500479561942], "minibatch_train_losses": [351.1983642578125, 294.7757873535156, 215.75599670410156, 147.6556854248047, 114.87466430664062, 128.43594360351562, 209.8085479736328, 264.1524963378906, 310.0113525390625, 310.8907775878906, 275.8428039550781, 220.72264099121094, 143.85470581054688, 127.08004760742188, 133.69412231445312, 184.2769012451172, 241.0836181640625, 281.9755859375, 272.2574462890625, 243.80625915527344, 183.44046020507812, 150.88592529296875, 130.44422912597656, 147.1901092529297, 186.79531860351562, 229.30926513671875, 232.59315490722656, 243.86111450195312, 195.9082794189453, 161.5764617919922, 139.25686645507812, 147.2660675048828, 166.75921630859375, 185.55587768554688, 204.22637939453125, 211.01849365234375, 202.9478302001953, 179.2277374267578, 154.88681030273438, 139.60765075683594, 139.07115173339844, 165.12939453125, 181.2679443359375, 190.14569091796875, 194.26107788085938, 194.2028045654297, 180.32363891601562, 150.39198303222656, 140.10992431640625, 133.94769287109375, 148.78155517578125, 167.24459838867188, 185.45591735839844, 189.23936462402344, 179.4927520751953, 176.0082550048828, 158.5038604736328, 150.71742248535156, 144.7120361328125, 146.7913360595703, 156.4207763671875, 151.8654022216797, 168.19683837890625, 167.0625457763672, 165.87823486328125, 168.00914001464844, 177.3583221435547, 166.69688415527344, 151.70187377929688, 133.20809936523438, 127.49960327148438, 135.599365234375, 151.20037841796875, 164.09405517578125, 179.21945190429688, 170.92446899414062, 180.69973754882812, 150.01109313964844, 130.55206298828125, 114.69586944580078, 125.81950378417969, 141.9736785888672, 149.43618774414062, 163.24375915527344, 169.146728515625, 161.42904663085938, 150.4284210205078, 138.26522827148438, 121.9400863647461, 120.00067901611328, 129.0600128173828, 137.98992919921875, 152.79515075683594, 159.39053344726562, 153.4517059326172, 146.87362670898438, 117.48731231689453, 124.87126922607422, 117.00415802001953, 127.02265930175781, 136.54437255859375, 161.3033447265625, 159.941650390625, 141.27699279785156, 120.79423522949219, 106.92909240722656, 105.09677124023438, 122.7204360961914, 136.0621337890625, 151.4988555908203, 156.17965698242188, 155.82200622558594, 130.59898376464844, 109.94602966308594, 94.75309753417969, 106.53009033203125, 124.83758544921875, 129.31228637695312, 152.5885009765625, 153.66384887695312, 145.81442260742188, 127.86634063720703, 116.77635192871094, 103.77163696289062, 98.06458282470703, 113.39684295654297, 123.29389953613281, 140.41262817382812, 154.09783935546875, 145.95423889160156, 132.80242919921875, 112.13531494140625, 102.71733093261719, 100.20632934570312, 106.01536560058594, 114.8413314819336, 144.52012634277344, 150.76226806640625, 131.341796875, 126.09481048583984, 105.37495422363281, 100.179931640625, 107.44100952148438, 114.14656066894531, 126.78912353515625, 128.2025146484375, 134.20794677734375, 118.55953979492188, 109.72586059570312, 103.80702209472656, 110.00153350830078, 114.79331970214844, 117.29005432128906, 121.39227294921875, 125.85952758789062, 117.1948013305664, 106.78656768798828, 110.67598724365234, 108.93417358398438, 97.93096923828125, 115.99261474609375, 109.08868408203125, 118.72887420654297, 126.62078857421875, 119.03416442871094, 113.89019775390625, 100.98866271972656, 98.52598571777344, 97.81532287597656, 102.31559753417969, 105.70777893066406, 125.77958679199219, 126.39241790771484, 115.23070526123047, 110.28779602050781, 101.4887466430664, 94.37646484375, 99.04122924804688, 105.43989562988281, 114.01482391357422, 107.96778869628906, 118.69761657714844, 103.69949340820312, 105.95083618164062, 105.99919891357422, 108.82942962646484, 110.10488891601562, 103.84852600097656, 104.42121887207031, 104.93937683105469, 100.77784729003906, 97.37083435058594, 110.76882934570312, 113.77565002441406, 106.19213104248047, 112.66426086425781, 102.38027954101562, 99.1728286743164, 104.11817932128906, 101.99708557128906, 104.54219055175781, 100.59925842285156, 106.44117736816406, 102.61154174804688, 106.64234161376953, 102.1176986694336, 109.260009765625, 107.79817962646484, 