{"train_losses": [353.437997000558, 264.4254368373326, 137.07652282714844, 152.5983668736049, 199.76036071777344, 216.81333487374442, 179.3370840890067, 138.1528036934989, 163.1046883719308, 166.97426278250558, 133.8307386125837, 152.0618678501674, 170.7366703578404, 142.54349190848214, 118.32264927455357, 111.77880859375, 133.05552673339844, 155.79522051130022, 128.28315952845983, 100.19545527866909, 109.9093758719308, 123.17737579345703, 125.68066951206752, 114.79881613595145, 99.68709782191685, 102.64264569963727, 110.55863298688617, 105.54272896902901, 105.08351680210659, 107.65373011997768, 99.74347468784877, 95.90431867327008, 97.15461948939732, 100.44773755754743, 104.57799094063895, 95.40335518973214, 88.0843745640346, 94.82010432652065, 98.17460523332868, 95.8563210623605, 92.75862666538784, 89.68781498500279, 90.7230725969587, 92.42756761823382, 91.3304694039481, 91.62381526402065, 91.16844068254743, 87.88528224400112, 88.28949192592076, 90.5641119820731, 90.20142364501953, 88.93135724748883, 87.1385966709682, 86.93280247279576, 88.35776737758091, 88.57944161551339, 87.73568943568638, 87.0583724975586, 86.77429635184151, 86.43709673200335, 87.10186549595424, 87.39747401646206, 86.52420915876117, 86.33080945696149, 85.74986921037946, 86.0482897077288, 86.92307935442243, 86.21449170793805, 85.8747798374721, 85.49493844168526, 85.46454729352679, 86.27040427071708, 85.87920815604073, 85.45656912667411, 85.46444266183036, 85.39917755126953, 85.55284445626395, 85.47898755754743, 85.443113054548, 85.41712297712054, 85.23388017926898, 85.094482421875, 85.21745300292969, 85.49516296386719, 85.30024174281529, 84.95481436593192, 84.99542127336774, 85.20457022530692, 85.23367745535714, 85.1109869820731, 84.97367313929966, 84.95296042306083, 85.12388828822544, 85.02342115129743, 84.96173858642578, 85.07803889683315, 84.92772238595145, 84.95171138218471, 84.94173213413784, 84.92252567836216, 85.06037030901227], "test_losses": [353.44676426478793, 268.4272221156529, 137.54906572614397, 155.4418487548828, 202.33834402901786, 217.35214015415735, 184.19921875, 137.90175083705358, 166.9820077078683, 169.6131591796875, 134.36007145472936, 157.04264613560267, 170.7962406703404, 146.0788312639509, 120.63837650844029, 112.81323351178851, 137.09679521833147, 155.97954450334822, 131.71986280168807, 102.05127934047154, 111.17752620152065, 126.64737265450614, 126.53491319928851, 117.7761470249721, 101.46268572126117, 104.96431623186383, 113.0390625, 107.06547437395368, 108.56643567766461, 108.71037183489118, 102.70394570486886, 98.4304951259068, 98.42281014578683, 103.97387804303851, 105.78960854666573, 98.1240953717913, 90.3901868547712, 96.37290518624442, 101.35919298444476, 97.02941458565849, 95.53319658551898, 91.97372545514789, 92.23167092459542, 95.4907956804548, 92.96445138113839, 93.97281101771763, 93.59231349400112, 89.86216408865792, 90.70343453543526, 92.68033708844867, 92.57113647460938, 90.98079027448382, 89.5162822178432, 89.07068198067802, 90.52318355015346, 90.94550541469029, 89.65265219552177, 89.61187853131976, 88.66520581926618, 88.73973737444196, 89.52454812186105, 89.1331547328404, 89.28161948067802, 88.20592062813895, 87.98968941824776, 88.60211617606026, 88.65823800223214, 88.92176818847656, 87.84408896309989, 87.69366782052177, 87.98845672607422, 88.06593758719308, 88.47014508928571, 87.49312809535435, 87.60843876429966, 87.85167258126395, 87.45601654052734, 87.92123740059989, 87.55654471261161, 87.56390707833427, 87.61311667306083, 87.12602778843471, 87.54758889334542, 87.71192823137555, 87.45047215053013, 87.25563267299107, 87.19828360421317, 87.39544132777623, 87.50127955845424, 87.33132062639508, 87.13785661969867, 87.26119559151786, 87.26059068952289, 87.2664042881557, 87.22056252615792, 87.17122432163784, 87.2960673740932, 87.03827231270927, 87.1759033203125, 87.25082506452289, 87.0701174054827], "minibatch_train_losses": [352.5816345214844, 297.7515563964844, 210.07150268554688, 141.16456604003906, 114.259033203125, 127.87346649169922, 189.3588409423828, 262.41461181640625, 306.1919860839844, 315.5971374511719, 285.71551513671875, 226.38438415527344, 148.3265380859375, 129.53363037109375, 130.43411254882812, 182.85008239746094, 232.50543212890625, 264.7550048828125, 265.3449401855469, 242.1570587158203, 203.18594360351562, 154.62826538085938, 129.70675659179688, 141.1686248779297, 192.58787536621094, 232.57916259765625, 232.23187255859375, 224.5938720703125, 198.80320739746094, 160.29403686523438, 143.6384735107422, 139.29116821289062, 161.0628204345703, 185.983154296875, 223.74786376953125, 207.34317016601562, 204.99534606933594, 170.00462341308594, 152.371337890625, 139.4536895751953, 140.2545166015625, 154.81613159179688, 185.0932159423828, 186.54763793945312, 195.1674346923828, 197.32095336914062, 181.82379150390625, 146.27978515625, 145.580810546875, 134.6297607421875, 146.9765167236328, 165.09381103515625, 175.58477783203125, 183.73477172851562, 185.8486328125, 181.36648559570312, 155.59596252441406, 150.95675659179688, 135.35203552246094, 152.64181518554688, 160.02047729492188, 152.70799255371094, 160.43841552734375, 172.70062255859375, 161.874755859375, 172.2757568359375, 166.67697143554688, 161.35235595703125, 145.60528564453125, 149.30548095703125, 128.798828125, 136.39096069335938, 142.02224731445312, 167.30921936035156, 177.71725463867188, 179.79452514648438, 168.00050354003906, 147.81402587890625, 129.8555145263672, 114.93826293945312, 123.62702178955078, 143.07357788085938, 144.9462890625, 172.35992431640625, 173.22515869140625, 157.7091827392578, 149.82394409179688, 130.99514770507812, 118.25857543945312, 119.18661499023438, 131.78271484375, 139.017822265625, 153.2071533203125, 148.9351348876953, 160.57467651367188, 147.43531799316406, 123.8099136352539, 119.28811645507812, 115.05360412597656, 125.18096923828125, 142.9615020751953, 148.55203247070312, 157.90565490722656, 136.46343994140625, 132.4204864501953, 111.34506225585938, 103.25093078613281, 112.41757202148438, 140.3505096435547, 150.74217224121094, 158.5309295654297, 150.1540985107422, 132.10118103027344, 110.65629577636719, 93.67193603515625, 102.16641998291016, 122.35842895507812, 128.7724609375, 159.22454833984375, 151.294921875, 144.41934204101562, 131.32415771484375, 111.31039428710938, 103.78268432617188, 98.23558807373047, 111.66704559326172, 127.07745361328125, 139.10723876953125, 141.28260803222656, 150.88113403320312, 132.60055541992188, 112.635498046875, 106.86839294433594, 100.56454467773438, 105.33526611328125, 120.98377227783203, 132.2510528564453, 147.89483642578125, 130.23947143554688, 129.85528564453125, 104.14132690429688, 99.28463745117188, 100.85101318359375, 120.24376678466797, 127.88142395019531, 132.04641723632812, 130.06192016601562, 122.47991943359375, 109.07854461669922, 98.3638687133789, 102.34073638916016, 111.68326568603516, 113.21028137207031, 133.6509246826172, 125.9104232788086, 116.51783752441406, 111.31236267089844, 106.58302307128906, 108.69432830810547, 99.83004760742188, 108.01483154296875, 108.92597961425781, 118.38711547851562, 116.81480407714844, 125.33480834960938, 112.93421936035156, 103.28010559082031, 104.54749298095703, 99.41259765625, 100.4541244506836, 107.44933319091797, 112.51172637939453, 125.19770812988281, 112.47595977783203, 115.94979095458984, 102.22452545166016, 92.86042785644531, 94.31817626953125, 110.7033462524414, 114.33403015136719, 111.91709899902344, 113.08348083496094, 105.45511627197266, 106.3829116821289, 101.33015441894531, 104.36144256591797, 105.26402282714844, 102.57830047607422, 114.6620864868164, 105.1505126953125, 99.18592834472656, 99.63314056396484, 105.32461547851562, 116.39585876464844, 106.39784240722656, 108.1644515991211, 104.09716796875, 97.57492065429688, 95.4026870727539, 106.10728454589844, 102.27989196777344, 102.3926010131836, 111.71017456054688, 103.64291381835938, 106.29689025878906, 103.38609313964844, 101.04069519042969, 104.80165100097656, 95.18930053710938, 