{"testproblem": "mnist_mlp", "batch_size": 128, "num_epochs": 100, "random_seed": 42, "weight_decay": null, "optimizer_hyperparams": {"lr": 3.9810717055349695e-05}, "train_losses": [2.3034798334806394, 0.43854673703511554, 0.3181361911388544, 0.2788836310307185, 0.2490564493032602, 0.2286056794035129, 0.2017852688829104, 0.1740708379791333, 0.16115165372880605, 0.14621988664834928, 0.13376305371713945, 0.12362246960401535, 0.11597186241012353, 0.10421617061663897, 0.10221252456689492, 0.09034193197313027, 0.0817669245820397, 0.07807821064041211, 0.07497700879302545, 0.07289016258735688, 0.07023096867860892, 0.06336466791347051, 0.06229920675739264, 0.053857751142902255, 0.04965100263078243, 0.048938229059179626, 0.04438692675187038, 0.0399088986361256, 0.042331577505534276, 0.03642588495635069, 0.030547314657805823, 0.030076350670498915, 0.030929499210264437, 0.028563601275285084, 0.0234846106539361, 0.021472750255503714, 0.02087585312815813, 0.018181657382788565, 0.02032595895565091, 0.0148591829272799, 0.017345853997633245, 0.014528668055740686, 0.010833689453414617, 0.011979504010807246, 0.009960420650597185, 0.008487381817152103, 0.008459245427869834, 0.009276412958756853, 0.006238987263387594, 0.00691465814359104, 0.005679407022678508, 0.0053328596986830235, 0.005319520559472342, 0.003911396297506797, 0.0037805432131370674, 0.0032741455122446404, 0.002741072458238938, 0.0028738422522273585, 0.0028326289298442695, 0.0017121286095621495, 0.002460015419787035, 0.0021664792528519263, 0.0016974639535571139, 0.0019995045537749925, 0.0018891756219837146, 0.0016095044676405496, 0.0008368754269889531, 0.0008241307253065782, 0.0006531182324322752, 0.0007945717975067404, 0.0005569243087218358, 0.0006164671623339065, 0.0005167282570022134, 0.00044667662288515997, 0.0005232991937261361, 0.0003572225881119569, 0.0003049681142259103, 0.0002800703760630523, 0.0002573300391817704, 0.00023163221134708668, 0.000183475057546718, 0.00021352321625902102, 0.0017452115157189278, 0.00022371584931627297, 0.000208712827700835, 0.00016973234522037016, 0.00016118350844734753, 0.00013731490486325361, 0.00012722902764112523, 0.00013443932701379826, 0.00011335544956800265, 0.00011491701185989838, 8.772983430669858e-05, 0.00012172376498197898, 0.00021314477691283592, 0.0001273545890282362, 0.00011077025033629093, 0.00012287293345882342, 9.11594655078191e-05, 8.705838655049984e-05, 8.23998184970174e-05], "test_losses": [2.3034419279832106, 0.41659555479119986, 0.30880393957098323, 0.26847828356310344, 0.23971790600663576, 0.21877276448485178, 0.19648002537015158, 0.17890423806145406, 0.16306633475976876, 0.15281366048237452, 0.14225443068127602, 0.13589426340200964, 0.12711624612506384, 0.12096632847514673, 0.11651169773764335, 0.10657920198849379, 0.10404291280951256, 0.09910821783332488, 0.09547787396093974, 0.09366243081883742, 0.0893056948358814, 0.08834017720073462, 0.08902078066976407, 0.08318395671458581, 0.08458268047811893, 0.08201805263375625, 0.07767950707616714, 0.07589548950393994, 0.0746509487239214, 0.07609173699688071, 0.07231843149146208, 0.0735639965113921, 0.0723549740221829, 0.07124838856263803, 0.068886823582057, 0.0732244682760957, 0.07258143212694006, 0.06967902455765468, 0.06977282379730007, 0.0714776563243224, 0.07110123576309818, 0.0709490153628091, 0.06981448982006465, 0.07102636121308957, 0.07043238318501374, 0.0694024991721679, 0.07277720647219282, 0.07299261239285652, 0.07148531538983569, 0.07364834779395889, 0.0732219307564008, 0.07610319559581769, 0.07960902923383774, 0.07753951558604455, 0.07720372145279096, 0.08057965458824466, 0.08046237289762267, 0.08102446524665141, 0.08452366500233228, 0.08357686590021238, 0.08524876161932181, 0.08725027612243326, 0.08977170173938458, 0.09051088081338467, 0.08972081435748781, 0.09351322401123933, 0.08915013977541374, 0.09087518349480934, 0.09415308479219675, 0.09568873537370028, 0.09628901347661248, 0.09988611665530464, 0.0974699526738662, 0.0984105542063331, 0.10201458136240642, 0.10096168319861858, 0.10107831222315629, 0.10054758716470157, 0.1028379607372559, 0.10278966397238083, 0.10449656712798736, 0.10418474972725679, 0.11349549727180065, 0.10686783449581036, 0.10701859354351957, 0.1076152142829811, 0.10756619211334066, 0.10876859227816264, 0.10878430395267713, 0.11044073009338135, 0.11030002830263513, 0.11170434197172141, 0.11203295486764266, 0.11278768502271329, 0.10970852229123314, 0.11239441328992446, 0.11115722293750598, 0.1117629152842057, 0.11153657987522773, 0.1125230228003019, 0.11351517676256406], "train_accuracies": [0.08543669871794872, 0.8829126602564102, 0.9091546474358975, 0.91796875, 0.9300881410256411, 0.9357972756410257, 0.9440104166666666, 0.9503205128205128, 0.9541266025641025, 0.9572315705128205, 0.9636418269230769, 0.9630408653846154, 0.9674479166666666, 0.9699519230769231, 0.9717548076923077, 0.9747596153846154, 0.9761618589743589, 0.9774639423076923, 0.9785657051282052, 0.977363782051282, 0.9790665064102564, 0.9821714743589743, 0.9824719551282052, 0.9844751602564102, 0.9855769230769231, 0.9868790064102564, 0.9866786858974359, 0.9889823717948718, 0.9879807692307693, 0.9903846153846154, 0.9922876602564102, 0.9935897435897436, 0.9919871794871795, 0.9928886217948718, 0.9946915064102564, 0.9945913461538461, 0.9949919871794872, 0.9962940705128205, 0.9950921474358975, 0.996895032051282, 0.9961939102564102, 0.9969951923076923, 0.9983974358974359, 0.9974959935897436, 0.9979967948717948, 0.9984975961538461, 0.9988982371794872, 0.9987980769230769, 0.9992988782051282, 0.9989983974358975, 0.9993990384615384, 0.9994991987179487, 0.9995993589743589, 0.9997996794871795, 0.9997996794871795, 0.9995993589743589, 0.9997996794871795, 0.9997996794871795, 0.9997996794871795, 1.0, 0.9996995192307693, 0.9997996794871795, 0.9998998397435898, 0.9997996794871795, 0.9997996794871795, 0.9996995192307693, 1.0, 1.0, 1.0, 1.0, 1.0, 1.0, 1.0, 1.0, 1.0, 1.0, 1.0, 1.0, 1.0, 1.0, 1.0, 1.0, 0.9994991987179487, 1.0, 1.0, 1.0, 1.0, 1.0, 1.0, 1.0, 1.0, 1.0, 1.0, 1.0, 1.0, 1.0, 1.0, 1.0, 1.0, 1.0, 1.0],