{"testproblem": "fmnist_mlp", "batch_size": 128, "num_epochs": 100, "random_seed": 42, "weight_decay": null, "optimizer_hyperparams": {"lr": 0.01584893192461114}, "train_losses": [2.3021158377329507, 0.48492210950606907, 0.4163765762096796, 0.396294946089769, 0.3834464166026849, 0.3456364642733183, 0.38057305205326813, 0.3651729915768672, 0.3914466389478781, 0.35538994998503953, 0.3406426572264769, 0.3533572258475499, 0.3621332452465326, 0.3723825888755994, 0.382009415099254, 0.3768114598515706, 0.3760252873866986, 0.35678626157534427, 0.3472232971435938, 0.3512453643175272, 0.3622151431746972, 0.3398351308244925, 0.37794589136655515, 0.35781450149340505, 0.39113725760044193, 0.32760346948336333, 0.37686176215990996, 0.35797007381916046, 0.32831188635184216, 0.33778038162451524, 0.3495131805539131, 0.45655196580367213, 0.4009868999322255, 0.3224350299972754, 0.3742024227976799, 0.3484992455595579, 0.3643585162667128, 0.327251605116404, 0.3367788459245975, 0.32637041081220675, 0.423740844695996, 0.3181655122301517, 0.30939503147816044, 0.41901250718495786, 0.4561310488826189, 0.32015716227201313, 0.31815426682050413, 0.34594413829155457, 0.393645954819826, 0.32683842953963155, 0.33511102409699023, 0.3212213802796144, 0.3094420177050126, 0.3193371458313404, 0.331969820918181, 0.34059924479478443, 0.3890558706644254, 0.30964072277912724, 0.3302030406701259, 0.336400279440941, 0.34283455709616345, 0.3191845294756767, 0.3233941252797078, 0.3139455041442162, 0.3355952503207402, 0.4036070494315563, 0.3782094147724983, 0.32347756777054226, 0.29053261474921155, 0.31696881984288877, 0.3081661225893559, 0.3107071209412355, 0.2823668275123987, 0.30811556027485776, 0.3172147069603969, 0.304684569247258, 0.4344291274364178, 0.31913119841080445, 0.3382534315952888, 0.3270476934237358, 0.316264617901582, 0.375961870719225, 0.33982049368130857, 0.3532707335857245, 0.2931857483509259, 0.3222822388395285, 0.2917305574967311, 0.30165637704806453, 0.2940733371636806, 0.3158000335097313, 0.35852951480027956, 0.3220793358408488, 0.34186131201493436, 0.3157535795217905, 0.33141092573985076, 0.3394516219313328, 0.31106558919717103, 0.30872516620617646, 0.2804850263473315, 0.3338592128875928, 0.3092745731656368], "test_losses": [2.3022368321051965, 0.5149903198083242, 0.4609240182699301, 0.46588103817059445, 0.43552351800295025, 0.41868576407432556, 0.4294598299341324, 0.4242557822129665, 0.44390784662503463, 0.482388246517915, 0.422257811213151, 0.41889329101794803, 0.43015826092316556, 0.44521572574591023, 0.44305819330307156, 0.4583043945141328, 0.4567048203868744, 0.42829891045888263, 0.4248212264516415, 0.4315684328858669, 0.43385978730825275, 0.4253350033974036, 0.4694950890082579, 0.42491289572073865, 0.4774108947469638, 0.4202914438568629, 0.4675073455541562, 0.4381640339509035, 0.4242085237533618, 0.4442256599282607, 0.4635942528645198, 0.5341354268483627, 0.4950006300440201, 0.4196662071805734, 0.4658221388474489, 0.4520765447463745, 0.47056479790271855, 0.44374401695453203, 0.4295488439309291, 0.4530070273157878, 0.5309791446496279, 0.451147124171257, 0.43873178557707715, 0.5156787484884262, 0.5395088979066947, 0.4259430901744427, 0.42773514145459884, 0.44824198041206753, 0.5165221112278792, 0.4440860637487509, 0.44518278023371327, 0.4464648241798083, 0.43988178422053653, 0.4499944639511598, 0.43992127860203767, 0.47178253837120837, 0.5085656753717325, 0.4401389547647574, 0.47485491977288175, 0.45645778874556225, 0.4680693159118677, 0.44812320745908296, 0.45232441295415926, 0.46775041119410443, 0.688697952299546, 0.5161056224352274, 0.5220304910953228, 0.44554425604068315, 0.42815514864065707, 0.45638307050252575, 0.4276029830559706, 0.4387348875021323, 0.4515824379065098, 0.4609418327991779, 0.4653844831463618, 0.5010886146472051, 0.5790305798634504, 0.460063493786714, 0.5120036645959585, 0.46347140329770553, 0.45981876991498166, 0.4964542450048985, 0.4679939708648584, 0.48164727557928133, 0.4334651814439358, 0.4703340331713359, 0.42941713371337986, 0.4416214181826665, 0.45121196886667836, 0.45544284123640794, 0.5110210306369342, 0.5061066783009431, 0.4614708973811223, 0.4661635357217911, 0.46619676435605073, 0.4669980227183073, 0.4519084290816234, 0.44714672233049685, 0.4727781273615666, 0.45577264042236865, 0.4561672031115263], "train_accuracies": [0.10817307692307693, 0.8324318910256411, 0.8519631410256411, 0.8602764423076923, 0.8589743589743589, 0.8705929487179487, 0.8620793269230769, 0.8686899038461539, 0.86328125, 0.8740985576923077, 0.8792067307692307, 0.8706931089743589, 0.867988782051282, 0.8607772435897436, 0.8590745192307693, 0.8612780448717948, 0.8668870192307693, 0.8658854166666666, 0.8814102564102564, 0.8768028846153846, 0.8666866987179487, 0.8823116987179487, 0.870292467948718, 0.8712940705128205, 0.8694911858974359, 0.8845152243589743, 0.8653846153846154, 0.8748998397435898, 0.8846153846153846, 0.8819110576923077, 0.8780048076923077, 0.8677884615384616, 0.86328125, 0.887520032051282, 0.8712940705128205, 0.8716947115384616, 0.87109375, 0.8844150641025641, 0.8809094551282052, 0.8847155448717948, 0.8661858974358975, 0.8852163461538461, 0.8876201923076923, 0.8449519230769231, 0.8492588141025641, 0.8860176282051282, 0.8881209935897436, 0.8727964743589743, 0.8743990384615384, 0.8899238782051282, 0.87890625, 0.8913261217948718, 0.8860176282051282, 0.8832131410256411, 0.8824118589743589, 0.8779046474358975, 0.8561698717948718, 0.8865184294871795, 0.8792067307692307, 0.8823116987179487, 0.8755008012820513, 0.8909254807692307, 0.8871193910256411, 0.8882211538461539, 0.8878205128205128, 0.8642828525641025, 0.8767027243589743, 0.882011217948718, 0.8974358974358975, 0.8852163461538461, 0.8901241987179487, 0.8926282051282052, 0.9008413461538461, 0.8904246794871795, 0.8869190705128205, 0.8878205128205128, 0.8677884615384616, 0.8870192307692307, 0.8856169871794872, 0.8842147435897436, 0.8939302884615384, 0.8713942307692307, 0.8803084935897436, 0.8766025641025641, 0.8961338141025641, 0.8829126602564102, 0.8939302884615384, 0.8908253205128205, 0.8963341346153846, 0.8921274038461539, 0.8771033653846154, 0.8881209935897436, 0.8815104166666666, 0.8884214743589743, 0.8892227564102564, 0.8774038461538461, 0.8926282051282052, 0.8878205128205128, 0.9001402243589743, 0.8822115384615384, 0.890625],