{"testproblem": "mnist_mlp", "batch_size": 128, "num_epochs": 100, "random_seed": 42, "weight_decay": null, "optimizer_hyperparams": {"lr": 2.5118864315095822e-05}, "train_losses": [2.3034798334806394, 0.5896470565826465, 0.37413617681998473, 0.32525392296986705, 0.2971050078288103, 0.2780860482882231, 0.25691151752685887, 0.22882550028272164, 0.21564495878723952, 0.20101511373351783, 0.18758475952423537, 0.17199243748417267, 0.16176501327218154, 0.15043734195522773, 0.14944402577403265, 0.1380557340498154, 0.1285709192355474, 0.12227244990376326, 0.12168745515056145, 0.11879208951424329, 0.11322342871855466, 0.10475797327951743, 0.10140151055290914, 0.09408859321131156, 0.08836308198097424, 0.08462778230508168, 0.08094722438508119, 0.08098252929556064, 0.07874303036488783, 0.07266286610124204, 0.06594706897456677, 0.06329038311751226, 0.06787038785524857, 0.06607280358767663, 0.05483354398837456, 0.05215767152511921, 0.0519921768647738, 0.04847144404760538, 0.05230529417689794, 0.04365387387000597, 0.04745786030514118, 0.04079001771811491, 0.03711940859181759, 0.036933354484156154, 0.037231965778538816, 0.032807028374801844, 0.03198483932572298, 0.035138083836780146, 0.03077606052064743, 0.02979994749124998, 0.027621132417176016, 0.025371529424610812, 0.025297042639114153, 0.023242869378569033, 0.025685837134145774, 0.019913864883188255, 0.01965558974263378, 0.02246876708112466, 0.01708603684957593, 0.015657508566689033, 0.0213433426972001, 0.016151856642980605, 0.016686317666123312, 0.015754104938167028, 0.015846297992632177, 0.009448161384520622, 0.01207655200209373, 0.01081265522262607, 0.009064318576397805, 0.009359474598358456, 0.00813958574181948, 0.009181535211749949, 0.008022071041453343, 0.006451794782128089, 0.006919552864602361, 0.00575064883256952, 0.006872544644209437, 0.005891448597256572, 0.00556714684726336, 0.004278139402277959, 0.0065237926438641855, 0.004667166071251417, 0.0037029773438683688, 0.002789163356049894, 0.0028155715061494936, 0.0029301972379191564, 0.00390072519150682, 0.002092463752398124, 0.002116753331695994, 0.002426454761567024, 0.0017714757615557085, 0.0017914261597280318, 0.0015749672356133277, 0.001981267675709648, 0.0022860727965449677, 0.0010679900968590607, 0.0009853403092935109, 0.0010142313564220108, 0.000861946466522148, 0.0007944490390423781, 0.0008276724555075932], "test_losses": [2.3034419279832106, 0.5678851734369229, 0.36463542335117477, 0.3129916371634373, 0.2831655682709355, 0.2640740517526865, 0.24527308454689306, 0.22845393084944823, 0.21315149150979826, 0.20168093553720376, 0.1892386772789252, 0.1798597616979327, 0.16976214930988276, 0.16348644023617873, 0.1549055783603436, 0.14538524424036345, 0.1414515047501295, 0.13447697658855945, 0.13023553654933587, 0.12632431417034987, 0.12168609370023777, 0.11808762164452137, 0.11536386964890437, 0.11173739537405662, 0.1085377536379756, 0.10563602234021975, 0.10174410014102857, 0.0989384298475507, 0.09819171704256381, 0.09705117765145424, 0.09194433505240923, 0.09259636943730024, 0.08991845935965195, 0.08907788617011064, 0.08483159876404664, 0.0856357815508277, 0.08424606444075322, 0.08120670453764689, 0.08002441077946852, 0.08165427519438359, 0.07853300186494987, 0.07746207427520019, 0.07655720204974596, 0.07652102480045496, 0.07440738965016909, 0.07387738918455747, 0.0736877982241985, 0.07502180426262128, 0.07319007160810706, 0.07204057780118325, 0.07321185215065877, 0.07219397731555197, 0.07124953370732375, 0.0714218203479854, 0.07135145492756213, 0.07129734623222014, 0.07096281154558827, 0.07324537043817915, 0.07004876824048085, 0.0720398886821782, 0.07364583485879195, 0.07065876767946741, 0.07295037549323379, 0.07335129691860996, 0.07264195020812061, 0.07176421431060402, 0.0718288778518446, 0.07390039760428362, 0.0739352902254233, 0.07482689479365945, 0.07412200606165406, 0.07710416588741235, 0.07463639027749498, 0.0768145441961212, 0.0743004483385728, 0.07666553890046018, 0.07961303270302522, 0.0757067482202099, 0.07913683205604172, 0.07771335206687069, 0.08415689488920645, 0.07810802161932373, 0.08021537782863164, 0.07980544602450652, 0.08055637824611786, 0.08476674353751616, 0.0841023848296549, 0.08419875578524974, 0.0840817806430352, 0.08580499101812258, 0.08551781775000003, 0.08664564499392724, 0.08743123408072652, 0.08808823920881902, 0.08991935505316807, 0.08877664496405767, 0.09020669881302194, 0.09056908435498674, 0.09315832894152173, 0.09285180360222092, 0.09527064733302747], "train_accuracies": [0.08543669871794872, 0.8525641025641025, 0.8974358974358975, 0.9075520833333334, 0.9158653846153846, 0.9224759615384616, 0.9297876602564102, 0.9345953525641025, 0.9392027243589743, 0.9419070512820513, 0.9477163461538461, 0.9496193910256411, 0.953926282051282, 0.9581330128205128, 0.9572315705128205, 0.9626402243589743, 0.961738782051282, 0.9650440705128205, 0.9644431089743589, 0.9642427884615384, 0.9678485576923077, 0.9698517628205128, 0.9724559294871795, 0.9721554487179487, 0.9732572115384616, 0.9769631410256411, 0.9753605769230769, 0.9777644230769231, 0.977363782051282, 0.9785657051282052, 0.9797676282051282, 0.9838741987179487, 0.9810697115384616, 0.9819711538461539, 0.984375, 0.9839743589743589, 0.9853766025641025, 0.9867788461538461, 0.9852764423076923, 0.9878806089743589, 0.9881810897435898, 0.9900841346153846, 0.9896834935897436, 0.9904847756410257, 0.9903846153846154, 0.9918870192307693, 0.9922876602564102, 0.9903846153846154, 0.9927884615384616, 0.9940905448717948, 0.9941907051282052, 0.9940905448717948, 0.9935897435897436, 0.9946915064102564, 0.9941907051282052, 0.995292467948718, 0.9959935897435898, 0.9947916666666666, 0.9962940705128205, 0.9969951923076923, 0.9954927884615384, 0.9965945512820513, 0.9964943910256411, 0.9969951923076923, 0.9971955128205128, 0.9985977564102564, 0.9979967948717948, 0.9983974358974359, 0.9989983974358975, 0.9984975961538461, 0.9987980769230769, 0.9990985576923077, 0.999198717948718, 0.9994991987179487, 0.9988982371794872, 0.9997996794871795, 0.9992988782051282, 0.9990985576923077, 0.9992988782051282, 0.9997996794871795, 0.9990985576923077, 0.9992988782051282, 0.9997996794871795, 0.9998998397435898, 0.9998998397435898, 0.9997996794871795, 0.9995993589743589, 1.0, 0.9998998397435898, 0.9997996794871795, 1.0, 0.9998998397435898, 0.9998998397435898, 0.9997996794871795, 0.9998998397435898, 1.0, 1.0, 1.0, 1.0, 1.0, 1.0],