{"testproblem": "mnist_mlp", "batch_size": 128, "num_epochs": 100, "random_seed": 42, "weight_decay": null, "optimizer_hyperparams": {"lr": 0.01584893192461114, "momentum": 0.99}, "train_losses": [2.3034798334806394, 0.14183071222251806, 0.07497754927055958, 0.05924253039157543, 0.04092444885426607, 0.043066455313983634, 0.037783574647246264, 0.026437015392077275, 0.02143631390749644, 0.02842480758539377, 0.01759771744792278, 0.027466430209386043, 0.01503905553657275, 0.01424672483251645, 0.015494032595784236, 0.009506285190582275, 0.0040812828601934975, 0.009045849434840374, 0.007199207487969826, 0.01200376322063116, 0.010059828965518719, 0.013805020003555676, 0.006141142203257634, 0.007952303673403386, 0.004594921397093015, 0.0019627149001910137, 0.004267653975731287, 0.002999499081992186, 0.0017861436622647138, 0.002096178463827341, 0.0018101612058205481, 0.0015016795637515874, 0.0025558293534395024, 0.00286240856616925, 0.0042929217362633115, 0.0038044698631916293, 0.0023624032544784057, 0.0009026584239342274, 0.00934936660222518, 0.006548290594648092, 0.004265866934871063, 0.004630851033979502, 0.002675139798949926, 0.001969716822107633, 0.002302872876708324, 0.0011206326576379628, 0.0015929095351543182, 0.0005546937672755657, 0.00010960396283712142, 0.0003659922438554275, 0.00042862149003224494, 0.0004226709119020364, 3.85886583572779e-05, 1.8099704996133463e-05, 2.6883414158454307e-05, 8.17271379324106e-06, 1.8542011578877766e-05, 5.335379869509966e-06, 5.707908899356157e-06, 6.02914354740045e-06, 3.94546450712742e-06, 7.794453547551082e-06, 5.355152564171033e-06, 4.085688254772089e-06, 4.577474334301092e-06, 6.205569475125044e-06, 3.4905014893947505e-06, 5.023315166815733e-06, 3.6521217761895596e-06, 2.4965176215538613e-06, 3.924067967977279e-06, 3.3254902332257e-06, 4.18655765362275e-06, 2.408734498879848e-06, 3.0578902134528526e-06, 1.7342659143301157e-06, 2.034008502960205e-06, 3.0359205527183335e-06, 2.2352696993412114e-06, 1.6461962308639136e-06, 2.8670884859867583e-06, 3.268607915976109e-06, 2.343303117996607e-06, 1.7441045015286177e-06, 2.5924199666732397e-06, 1.5941376869495098e-06, 1.8569139333871694e-06, 1.9472761031908867e-06, 2.209765788836357e-06, 2.111284396587274e-06, 2.0091732343037925e-06, 1.766360723055326e-06, 1.0679165522257488e-06, 2.0509155896993784e-06, 1.5445626699007475e-06, 1.5314763937240991e-06, 1.1624816136482434e-06, 1.700021899663485e-06, 1.8938802755795991e-06, 1.8818447223076453e-06, 2.381224662829668e-06], "test_losses": [2.3034419279832106, 0.15232473970032656, 0.10475960524322894, 0.09872425937404235, 0.08797810919200763, 0.08123104028308238, 0.08550835859317046, 0.09334831773184049, 0.08471973125751202, 0.09858265722122712, 0.08389710546590579, 0.12194817532331516, 0.10076107877569321, 0.1017245462594124, 0.10007271450012922, 0.09387402491978346, 0.09302853138591999, 0.09862003876612736, 0.10224520393575613, 0.1300956253439952, 0.11755098638912806, 0.11720590505940028, 0.0944014059809538, 0.10382713644932477, 0.1046534032584765, 0.09857185342564033, 0.11441038274325621, 0.11730799367890143, 0.10839613032742189, 0.12578106879328305, 0.10923131583974911, 0.11514819876696819, 0.12199849840731193, 0.12241261937201788, 0.13870934841151422, 0.12203571310219093, 0.1177831284988385, 0.1246287466910405, 0.14373890343957987, 0.1378195583103941, 0.11952950043651538, 0.11020422417622729, 0.13168715922018656, 0.128870629466688, 0.1257469443938671, 0.12570796775607726, 0.12259111586862649, 0.12349161472267066, 0.13709761061442968, 0.13003143589370525, 0.1262235957890367, 0.13571883444316113, 0.13295914063182396, 0.13095882472892603, 0.13313264798564026, 0.13317166228229418, 0.13343477678986695, 0.13361848742724994, 0.13385378767569095, 0.1341602330406507, 0.13442268072126004, 0.13466352983736074, 0.13493622512293932, 0.13519726426173478, 0.1354387592142209, 0.1356290582424173, 0.13590146536723927, 0.13608909221604848, 0.13633206481925952, 0.13652855114868054, 0.13674016389995813, 0.1369000830902503, 0.1371480766683817, 0.1373154916203557, 0.1375226178803505, 0.1376815057861117, 0.13784805790354043, 0.1380429043649481, 0.13820689706466135, 0.13837066242614618, 0.1385192150154557, 0.13869644625064653, 0.13884728428167412, 0.1389952125505377, 0.13913594821515757, 0.13929430736849704, 0.13943565904329985, 0.13956517812151176, 0.1396991381278405, 0.13983960048510477, 0.13995553154307297, 0.14009564651701695, 0.14023125083305132, 0.14034941553687438, 0.14047327561256212, 0.1405771790454403, 0.14070842052117372, 0.140816734244044, 0.14092769569311386, 0.14104815071018842, 0.1411550342797851], "train_accuracies": [0.08543669871794872, 0.9569310897435898, 0.9772636217948718, 0.9810697115384616, 0.9878806089743589, 0.9879807692307693, 0.9887820512820513, 0.9919871794871795, 0.9926883012820513, 0.9912860576923077, 0.9944911858974359, 0.9910857371794872, 0.9954927884615384, 0.995292467948718, 0.995292467948718, 0.9972956730769231, 0.9990985576923077, 0.9970953525641025, 0.9978966346153846, 0.99609375, 0.9965945512820513, 0.996895032051282, 0.9980969551282052, 0.9978966346153846, 0.9986979166666666, 0.9994991987179487, 0.9986979166666666, 0.9986979166666666, 0.9994991987179487, 0.9992988782051282, 0.9995993589743589, 0.9995993589743589, 0.9992988782051282, 0.9989983974358975, 0.9983974358974359, 0.9987980769230769, 0.999198717948718, 0.9994991987179487, 0.996895032051282, 0.9978966346153846, 0.9987980769230769, 0.9984975961538461, 0.9992988782051282, 0.9992988782051282, 0.9994991987179487, 0.9996995192307693, 0.9994991987179487, 0.9996995192307693, 1.0, 0.9998998397435898, 0.9997996794871795, 0.9998998397435898, 1.0, 1.0, 1.0, 1.0, 1.0, 1.0, 1.0, 1.0, 1.0, 1.0, 1.0, 1.0, 1.0, 1.0, 1.0, 1.0, 1.0, 1.0, 1.0, 1.0, 1.0, 1.0, 1.0, 1.0, 1.0, 1.0, 1.0, 1.0, 1.0, 1.0, 1.0, 1.0, 1.0, 1.0, 1.0, 1.0, 1.0, 1.0, 1.0, 1.0, 1.0, 1.0, 1.0, 1.0, 1.0, 1.0, 1.0, 1.0, 1.0], "test_accuracies": [0.08383413461538461, 0.9533253205128205, 0.9678485576923077, 0.97265625, 0.9739583333333334, 0.9780649038461539, 0.9763621794871795, 0.9749599358974359, 0.9789663461538461, 0.9771634615384616, 0.9793669871794872, 0.97265625, 0.9777644230769231, 0.9793669871794872, 0.9776642628205128, 0.98046875, 0.9811698717948718, 0.9798677884615384, 0.9783653846153846, 0.9761618589743589, 0.9791666666666666, 0.9772636217948718, 0.9821714743589743, 0.9799679487179487, 0.9801682692307693, 0.9823717948717948, 0.9816706730769231, 0.9815705128205128, 0.9838741987179487, 0.981270032051282, 0.9821714743589743, 0.9818709935897436, 0.9820713141025641, 0.9811698717948718, 0.9795673076923077, 0.9805689102564102, 0.9823717948717948, 0.9827724358974359, 0.9795673076923077, 0.9814703525641025, 0.9819711538461539, 0.9811698717948718, 0.9792668269230769, 0.981270032051282, 0.9821714743589743, 0.9831730769230769, 0.9820713141025641, 0.9831730769230769, 0.983573717948718, 0.9834735576923077, 0.9830729166666666, 0.9833733974358975, 0.9832732371794872, 0.9833733974358975, 0.983573717948718, 0.9837740384615384, 0.9836738782051282, 0.9836738782051282, 0.9834735576923077, 0.983573717948718, 0.983573717948718, 0.983573717948718, 0.9837740384615384, 0.9837740384615384, 0.9837740384615384, 0.9838741987179487, 0.9838741987179487, 0.9839743589743589, 0.9839743589743589, 0.9839743589743589, 0.9838741987179487, 0.9838741987179487, 0.9839743589743589, 0.9839743589743589, 0.9839743589743589, 0.9840745192307693, 0.9840745192307693, 0.9840745192307693, 0.9840745192307693, 0.9840745192307693, 0.9839743589743589, 0.9839743589743589, 0.9839743589743589, 0.9839743589743589, 0.9839743589743589, 0.9839743589743589, 0.9838741987179487, 0.9838741987179487, 0.9838741987179487, 0.9838741987179487, 0.9838741987179487, 0.9838741987179487, 0.9838741987179487, 0.9838741987179487, 0.9838741987179487, 0.9838741987179487, 0.9838741987179487, 0.9838741987179487, 0.9839743589743589, 0.9839743589743589, 0.9839743589743589], "analyzable_training_params": {"lr_sched_epochs": null, "lr_sched_factors": null}}