{"testproblem": "fmnist_mlp", "batch_size": 128, "num_epochs": 100, "random_seed": 42, "weight_decay": null, "optimizer_hyperparams": {"lr": 0.00039810717055349735, "momentum": 0.99}, "train_losses": [2.3021158377329507, 0.9653021204165924, 0.6089089142206388, 0.5135001597496179, 0.4670997991775855, 0.4438596321986272, 0.3941717915810071, 0.3715518044355588, 0.3700629642758614, 0.3456279578117224, 0.3404047773816647, 0.33916276655136013, 0.30808351914852095, 0.3030439813931783, 0.31119875667186886, 0.2967130923882509, 0.2855932340025902, 0.26685587469583905, 0.25982042535757405, 0.24867276513041595, 0.24879564421299177, 0.23235560523775908, 0.2290499399487789, 0.2423341732758742, 0.23628476548653382, 0.23533340830069321, 0.22225182637190208, 0.21350748025071928, 0.19085377875046852, 0.19235054231606996, 0.17828886592999482, 0.19673718913243368, 0.165551595389843, 0.18693475692700118, 0.18867709802893493, 0.15563217034706703, 0.16104964959697846, 0.15396725558317625, 0.1487931703718809, 0.14046995599682516, 0.14381576033356863, 0.15163289153805146, 0.15025138969604784, 0.15657263105878463, 0.13967859444136804, 0.13886002355661148, 0.12355157369986558, 0.13449665636588365, 0.1077801305323075, 0.11272125036861652, 0.11146810746345764, 0.11757059433521369, 0.12994899027622664, 0.11003399272568715, 0.09429061799668349, 0.11297507636631146, 0.12505546154884192, 0.09473470717859574, 0.08711031060188244, 0.10239327187912586, 0.07967478299561219, 0.0748899302039391, 0.08130836830689357, 0.08430100896228583, 0.07850307861390786, 0.08582174548735985, 0.08323968053819278, 0.06761309953454213, 0.06461104530936633, 0.08869886923676883, 0.07010234706103802, 0.05782115129897228, 0.07467072719755845, 0.071298748254776, 0.09067567786536156, 0.06323680444023548, 0.06091869025467298, 0.06361908728304581, 0.05772845652432014, 0.07747774146115169, 0.04951244191481517, 0.04344636101562243, 0.053130596732864015, 0.05032857182698372, 0.06607807752413628, 0.04457802721896233, 0.049344833653706774, 0.03660950222267555, 0.03925711303376234, 0.03707869069125408, 0.05443862023261877, 0.05700667269336872, 0.03963356995238708, 0.028740387935286913, 0.03777692715326945, 0.0428491550951432, 0.04759578464122919, 0.03517617476292145, 0.027935205600582637, 0.03246787839975113, 0.03834902380521481], "test_losses": [2.3022368321051965, 0.9877701592751038, 0.6280119155461972, 0.5517662878219898, 0.49149781962235767, 0.4917060793974461, 0.43435280368878293, 0.4118844933616809, 0.41463048106584793, 0.396409096626135, 0.39071674931507844, 0.38883323604479814, 0.3674156793799156, 0.36152062794336903, 0.3646919841949756, 0.35988122855241483, 0.3582875963587027, 0.3420929702428671, 0.34486931008406174, 0.3363865063740657, 0.3286241560410231, 0.329460047567502, 0.33158548940450716, 0.33601893656528914, 0.3313508752064827, 0.3566880730482248, 0.34131199255203587, 0.32641720389708495, 0.31716277049138, 0.33453975789822066, 0.31997044623280185, 0.32443681072730285, 0.31499863339540285, 0.3346537970579587, 0.3484741462728916, 0.3090301222908191, 0.33227570335834455, 0.3213420000213843, 0.325546091565719, 0.334141489595939, 0.32750172378161013, 0.3419118013519507, 0.3533260233891316, 0.36302292270538133, 0.3445072026971059, 0.35509872818604493, 0.33521584937205684, 0.34627617188753224, 0.3363974016064253, 0.3540225775960164, 0.3472357713259183, 0.35957804513283265, 0.36214828472106886, 0.35670372146444446, 0.35534821240565717, 0.3869655149487349, 0.38888958707833904, 0.36245411252364135, 0.3660011012584735, 0.38256865166700804, 0.360914167876427, 0.3669760530957809, 0.4043208181093901, 0.38981692177745014, 0.40510344323821557, 0.4075329980024925, 0.41733560625177163, 0.38826199620962143, 0.4102619970456148, 0.4077860640409665, 0.4080740953676211, 0.40431013034704405, 0.4154966076215108, 0.42195670707867694, 0.44772338026609176, 0.4347837752638719, 0.41088208603935367, 0.43006244187171644, 0.4419470203992648, 0.46756074701746303, 0.4279247126900233, 0.42620294159039473, 0.44039422646164894, 0.4429819717621192, 0.4634877005830789, 0.4531715875252699, 0.45353357608501726, 0.4628344352046649, 0.4628517870337535, 0.456240022698274, 0.5197009060245293, 0.4808438087885196, 0.493381453725772, 0.47944128742584813, 0.5081584819425375, 0.48234939823548, 0.5116773156019357, 0.48976882871909017, 0.5156655896168488, 0.49905845064383286, 0.5175516246221005], "train_accuracies": [0.10817307692307693, 0.6003605769230769, 0.7850560897435898, 0.8223157051282052, 0.8354366987179487, 0.8420472756410257, 0.8654847756410257, 0.866386217948718, 0.8700921474358975, 0.875801282051282, 0.8829126602564102, 0.878104967948718, 0.887520032051282, 0.8917267628205128, 0.8903245192307693, 0.8923277243589743, 0.8974358974358975, 0.9047475961538461, 0.9043469551282052, 0.909354967948718, 0.909354967948718, 0.9159655448717948, 0.9176682692307693, 0.9097556089743589, 0.9150641025641025, 0.9149639423076923, 0.9195713141025641, 0.9214743589743589, 0.9308894230769231, 0.9307892628205128, 0.9363982371794872, 0.9284855769230769, 0.9407051282051282, 0.9293870192307693, 0.9287860576923077, 0.9442107371794872, 0.9447115384615384, 0.9455128205128205, 0.9480168269230769, 0.9503205128205128, 0.9473157051282052, 0.9443108974358975, 0.9437099358974359, 0.9421073717948718, 0.9510216346153846, 0.9480168269230769, 0.9577323717948718, 0.9525240384615384, 0.9618389423076923, 0.9584334935897436, 0.9619391025641025, 0.9565304487179487, 0.9519230769230769, 0.9587339743589743, 0.9657451923076923, 0.9565304487179487, 0.9518229166666666, 0.9659455128205128, 0.9686498397435898, 0.9626402243589743, 0.9735576923076923, 0.9733573717948718, 0.9713541666666666, 0.9684495192307693, 0.97265625, 0.9699519230769231, 0.9699519230769231, 0.9763621794871795, 0.9785657051282052, 0.9686498397435898, 0.9754607371794872, 0.9821714743589743, 0.9730568910256411, 0.9754607371794872, 0.9676482371794872, 0.9802684294871795, 0.979667467948718, 0.9769631410256411, 0.9789663461538461, 0.9715544871794872, 0.9840745192307693, 0.9857772435897436, 0.9820713141025641, 0.9826722756410257, 0.9751602564102564, 0.9836738782051282, 0.9826722756410257, 0.98828125, 0.9869791666666666, 0.9877804487179487, 0.9785657051282052, 0.9776642628205128, 0.9857772435897436, 0.9912860576923077, 0.9868790064102564, 0.9857772435897436, 0.9821714743589743, 0.9868790064102564, 0.9905849358974359, 0.9892828525641025, 0.9859775641025641],