{"train_losses": [353.9337594168527, 351.3877650669643, 348.86832101004467, 346.3750959123884, 343.90785435267856, 341.46627371651783, 339.0501185825893, 336.65909249441967, 334.29296875, 331.95142037527904, 329.63426426478793, 327.3411865234375, 325.07196044921875, 322.8263157435826, 320.60400826590404, 318.404793875558, 316.2284153529576, 314.0746765136719, 311.9432939801897, 309.8340323311942, 307.7466605050223, 305.6809823172433, 303.63673182896207, 301.61368669782365, 299.61163330078125, 297.6303492954799, 295.6696036202567, 293.7291913713728, 291.8088858468192, 289.9084734235491, 288.0277535574777, 286.1665344238281, 284.32458932059154, 282.5017525809152, 280.69776698521207, 278.9124537876674, 277.1456211635045, 275.39708818708147, 273.66664123535156, 271.954092843192, 270.25926426478793, 268.58194841657365, 266.9219861711775, 265.27917916434154, 263.6533442905971, 262.04431806291853, 260.45188903808594, 258.8759329659598, 257.3162362234933, 255.77264186314173, 254.24499293736048, 252.73312159946985, 251.23682294573103, 249.7559770856585, 248.29041181291853, 246.83997235979353, 245.40447780064173, 243.98377554757255, 242.5777108328683, 241.1861528669085, 239.80892944335938, 238.44588143484933, 237.09686715262276, 235.76176016671317, 234.44039045061385, 233.1326141357422, 231.8383047921317, 230.55731201171875, 229.28949628557478, 228.0347181047712, 226.79284014020647, 225.563720703125, 224.34723772321428, 223.14325823102678, 221.95164489746094, 220.77227129255022, 219.6050022670201, 218.44973972865515, 217.30632890973772, 216.1746368408203, 215.05457196916853, 213.9459947858538, 212.8487766810826, 211.76281084333147, 210.68798174176897, 209.6241694859096, 208.57125636509485, 207.52912248883928, 206.4976588657924, 205.47676958356584, 204.46634347098214, 203.46624101911272, 202.47638157435827, 201.49665178571428, 200.52694048200334, 199.5671604701451, 198.61718096051897, 197.67693219866072, 196.74628339494978, 195.82513427734375, 194.91342163085938], "test_losses": [353.44676426478793, 350.9185791015625, 348.4168047223772, 345.94117954799106, 343.49139404296875, 341.0671909877232, 338.6682870047433, 336.29442051478793, 333.94534737723217, 331.6207711356027, 329.3204432896205, 327.0441196986607, 324.7915344238281, 322.56241280691967, 320.35655430385043, 318.1736842564174, 316.01356288364957, 313.8759765625, 311.76063755580356, 309.66732352120533, 307.59580775669644, 305.54588099888394, 303.51729474748885, 301.5098135811942, 299.52322823660717, 297.5573207310268, 295.6118687220982, 293.6866542271205, 291.7814461844308, 289.8960484095982, 288.0302516392299, 286.18385096958707, 284.3566458565848, 282.5484619140625, 280.759024483817, 278.9881853376116, 277.23573521205356, 275.5014866420201, 273.7852587018694, 272.0868399483817, 270.4060385567801, 268.742684500558, 267.0965881347656, 265.4675510951451, 263.85542951311385, 262.260007585798, 260.68113490513394, 259.11861746651783, 257.5722874232701, 256.041990007673, 254.5275421142578, 253.02879551478796, 251.5455540248326, 250.07767159598214, 248.625004359654, 247.1873779296875, 245.7646026611328, 244.35656084333147, 242.9630846296038, 241.58401489257812, 240.2192164829799, 238.8685259137835, 237.53179059709822, 236.20888192313058, 234.89963858468192, 233.60391889299666, 232.32158769880022, 231.052494594029, 229.79651750837053, 228.55350603376115, 227.32330976213728, 226.1058131626674, 224.90088762555803, 223.70838056291853, 222.5281764439174, 221.36014229910714, 220.20415387834822, 219.06007821219308, 217.92780412946428, 216.8071768624442, 215.6981157575335, 214.6004595075335, 213.5141100202288, 212.43893432617188, 211.37484305245536, 210.32170758928572, 209.2793906075614, 208.247798374721, 207.22680446079798, 206.2163303920201, 205.21625191824776, 204.22643171037947, 203.24679129464286, 202.27721949986048, 201.31760951450892, 200.36785888671875, 199.4278520856585, 198.49750409807478, 197.57671683175224, 196.66536385672433, 195.7633775983538], "minibatch_train_losses": [369.72540283203125, 362.28155517578125, 360.4385986328125, 351.5848693847656, 361.0335388183594, 336.3243408203125, 328.49774169921875, 367.1208190917969, 359.6856994628906, 357.87823486328125, 349.0658264160156, 358.44390869140625, 333.8909912109375, 326.0584411621094, 364.5430603027344, 357.1165771484375, 355.34442138671875, 346.5732116699219, 355.88092041015625, 331.48345947265625, 323.64495849609375, 361.9918212890625, 354.5740051269531, 352.8369140625, 344.10662841796875, 353.3443603515625, 329.10150146484375, 321.2569580078125, 359.466796875, 352.0576477050781, 350.35540771484375, 341.6658020019531, 350.8338623046875, 326.7447814941406, 318.8942565917969, 356.9676818847656, 349.56719970703125, 347.899658203125, 339.2506103515625, 348.3492736816406, 324.4130859375, 316.5565185546875, 354.4942626953125, 347.1024475097656, 345.4693298339844, 336.860595703125, 345.8902282714844, 322.10614013671875, 314.2434997558594, 352.0462646484375, 344.6631164550781, 343.0642395019531, 334.49554443359375, 343.45648193359375, 319.8236083984375, 311.9549560546875, 349.62335205078125, 342.2489013671875, 340.68402099609375, 332.15521240234375, 341.0477294921875, 317.5653381347656, 309.6905517578125, 347.225341796875, 339.85955810546875, 338.3284912109375, 329.8393859863281, 338.663818359375, 315.3309326171875, 307.4500732421875, 344.85198974609375, 337.49481201171875, 335.99737548828125, 327.5477294921875, 336.30438232421875, 313.12030029296875, 305.23333740234375, 342.5029296875, 335.1544189453125, 333.6904296875, 325.2799987792969, 333.9692077636719, 310.93310546875, 303.0400085449219, 340.177978515625, 332.838134765625, 331.4073486328125, 323.0360107421875, 331.65802001953125, 308.7690734863281, 300.86981201171875, 337.87689208984375, 330.5456848144531, 329.14788818359375, 320.81536865234375, 329.37060546875, 306.6279296875, 298.7225646972656, 335.599365234375, 328.27679443359375, 326.9118347167969, 318.6180114746094, 327.1066589355469, 304.5095520019531, 296.5980224609375, 333.34515380859375, 326.0312805175781, 324.69891357421875, 316.44354248046875, 324.865966796875, 302.41357421875, 294.49591064453125, 331.11407470703125, 323.808837890625, 322.5089111328125, 314.2917785644531, 322.6483154296875, 300.33984375, 292.416015625, 328.9058837890625, 321.6092529296875, 320.341552734375, 312.1624755859375, 320.45343017578125, 298.28814697265625, 290.35809326171875, 326.7203063964844, 319.43231201171875, 318.1966552734375, 310.0554504394531, 318.2810363769531, 296.25811767578125, 288.32183837890625, 324.55706787109375, 317.2777099609375, 316.0738830566406, 307.9703369140625, 316.1309509277344, 294.24957275390625, 286.30712890625, 322.41595458984375, 315.1452331542969, 313.97308349609375, 305.9070129394531, 314.0029296875, 292.26239013671875, 284.313720703125, 320.29681396484375, 313.03472900390625, 311.89404296875, 303.86517333984375, 311.89666748046875, 290.29620361328125, 282.34130859375, 318.1993408203125, 310.94580078125, 309.83642578125, 301.84466552734375, 309.81207275390625, 288.350830078125, 280.3897399902344, 316.123291015625, 308.87841796875, 307.80010986328125, 299.8452453613281, 307.748779296875, 286.42608642578125, 278.458740234375, 314.0684814453125, 306.8321838378906, 305.7847900390625, 297.8666687011719, 305.7066955566406, 284.521728515625, 276.54815673828125, 312.0346984863281, 304.8069763183594, 303.7903137207031, 295.90869140625, 303.68548583984375, 282.6375732421875, 274.65771484375, 310.0216979980469, 302.8025817871094, 301.8164367675781, 293.97113037109375, 301.6850280761719, 280.7733154296875, 272.7872314453125, 308.0292663574219, 300.8187255859375, 299.8629455566406, 292.05377197265625, 299.70501708984375, 278.9288330078125, 270.93646240234375, 306.05712890625, 298.8551940917969, 297.92962646484375, 290.1563720703125, 297.74530029296875, 277.1038818359375, 269.10516357421875, 304.10516357421875, 296.91180419921875, 296.0162353515625, 288.27874755859375, 295.80560302734375, 275.2982177734375, 267.29327392578125, 302.1731262207031, 