{"testproblem": "fmnist_mlp", "batch_size": 128, "num_epochs": 100, "random_seed": 42, "weight_decay": null, "optimizer_hyperparams": {"lr": 0.000630957344480193}, "train_losses": [2.3021158377329507, 0.4120335250328749, 0.3659780252820406, 0.2975091718328305, 0.2789237310106938, 0.25078817858145785, 0.24486710952642637, 0.2360401390454708, 0.2467776630551387, 0.20951784937045512, 0.19614287599539146, 0.21088415995622292, 0.19482049068961388, 0.1918028466976606, 0.17924176882474852, 0.16500890269302404, 0.1659887647972657, 0.13328706086255038, 0.14037009901725328, 0.15845824224062455, 0.13680401826516175, 0.11424530732134978, 0.13827368320944983, 0.13158279633483824, 0.12877303266372436, 0.11762599618389057, 0.10335756396540464, 0.10855480044698104, 0.10822682206829388, 0.0875007755194719, 0.08851679705847533, 0.0985133386670779, 0.08245279085941803, 0.08032996169267556, 0.062112708193942524, 0.0897444181669599, 0.07483559794341907, 0.06063984795354116, 0.05226652453152033, 0.055243366421797335, 0.06033933451638008, 0.057697906803626284, 0.06703324042833768, 0.06313620015787773, 0.05933424797004614, 0.03979994797219451, 0.04766632777710374, 0.055324221471658885, 0.05182346145216471, 0.04629951239062043, 0.0448889530932483, 0.047500756390106216, 0.04708278810796447, 0.04195270167950254, 0.040983695489091754, 0.05028352708531878, 0.06087936668728407, 0.035389309940047756, 0.03225425294695947, 0.03526711652580744, 0.031238402544449154, 0.03165379986883356, 0.05621448492344756, 0.02284377018133035, 0.04226665112237709, 0.0315023544542969, 0.042415136620641135, 0.03338626532170635, 0.025539150521254692, 0.047589639822642006, 0.04594729028236216, 0.03134864987208484, 0.020846883873813428, 0.02782907946787488, 0.026502896995785143, 0.028020847905188415, 0.03167753368735504, 0.0405202018789565, 0.0419611142267688, 0.036082802519488796, 0.047557228889602884, 0.02705164618479709, 0.015401779853094082, 0.029619958048734147, 0.020389472737383, 0.02593224515648893, 0.016730054502542585, 0.0238211374455251, 0.02253213522430414, 0.01824518224487129, 0.01438718187646606, 0.03395154213126844, 0.05593101905945402, 0.02725267151179604, 0.024220216792458907, 0.015079529142568413, 0.024341614725880135, 0.020910897763828054, 0.037451470569253735, 0.017104903570352457, 0.021422669494476836], "test_losses": [2.3022368321051965, 0.42760815032017535, 0.41265242451276535, 0.35915399094422656, 0.33954258606984067, 0.3418005261665735, 0.33077076383126086, 0.32397769735409665, 0.34857625437852663, 0.3216888596996283, 0.3180326229104629, 0.3232028327691249, 0.33349796269948667, 0.3397831318852229, 0.3469346903073482, 0.3461960703134537, 0.35378618385547245, 0.3310519632620689, 0.3488584974637398, 0.34795145098215496, 0.36467634275173527, 0.3560028618726975, 0.4083730574601736, 0.35270789418465054, 0.3988044048922184, 0.4054518909408496, 0.4103322241168756, 0.43207438595784015, 0.43701401333778334, 0.43499916581771314, 0.409488300100351, 0.46227105382161265, 0.4389881827892401, 0.44796022524436313, 0.4589980616210363, 0.486354118738419, 0.5330908810481046, 0.5018201076831573, 0.5186702272830865, 0.5282123174804908, 0.5209156099038247, 0.5688123148985398, 0.5819182120836698, 0.6139438604124081, 0.5949561017063948, 0.5687156613820639, 0.588940672767468, 0.5717311807167835, 0.5799570608979616, 0.6185463707989607, 0.6180284327039351, 0.5963935662920659, 0.6390384638156646, 0.6347751777905685, 0.6305032764107753, 0.6584781194344546, 0.7052884206939967, 0.6302489204666554, 0.65032847569539, 0.7133440432640222, 0.6901291952683375, 0.6321807285914054, 0.6857154900446917, 0.6934961567704494, 0.7322764453979639, 0.7154160269942039, 0.7033206791831896, 0.7306038443094645, 0.7083986189502937, 0.7495618705184032, 0.7570715596278509, 0.8286483490314239, 0.7504711896181107, 0.7755914038190475, 0.7374258815095975, 0.7502838608164054, 0.8530390335199161, 0.7782564231982598, 0.8541467560407443, 0.7953990464791273, 0.827711052619494, 0.7744988869780149, 0.8259582991401354, 0.7961634045992142, 0.8053721754978864, 0.8750228599095956, 0.7941698978344599, 0.865915773770748, 0.8469763063849547, 0.7901659328968097, 0.8373601215007977, 0.8450831822477854, 0.8719394279596133, 0.8313503584418541, 0.815375953912735, 0.8726219565440447, 0.8040020832648644, 0.8395255739108111, 0.8309212044263498, 0.9016157044814184, 0.8396240600790733], "train_accuracies": [0.10817307692307693, 0.8509615384615384, 0.866386217948718, 0.8909254807692307, 0.8959334935897436, 0.9059495192307693, 0.9097556089743589, 0.9077524038461539, 0.9105568910256411, 0.9231770833333334, 0.9262820512820513, 0.9164663461538461, 0.9268830128205128, 0.9260817307692307, 0.9321915064102564, 0.9372996794871795, 0.9369991987179487, 0.9510216346153846, 0.9488181089743589, 0.9393028846153846, 0.9478165064102564, 0.9581330128205128, 0.9491185897435898, 0.9520232371794872, 0.94921875, 0.9537259615384616, 0.9595352564102564, 0.9579326923076923, 0.9566306089743589, 0.9639423076923077, 0.9681490384615384, 0.9615384615384616, 0.9658453525641025, 0.9692508012820513, 0.9771634615384616, 0.9653445512820513, 0.9713541666666666, 0.9755608974358975, 0.9789663461538461, 0.9792668269230769, 0.9769631410256411, 0.9777644230769231, 0.9733573717948718, 0.9752604166666666, 0.9779647435897436, 0.9854767628205128, 0.9816706730769231, 0.9775641025641025, 0.9786658653846154, 0.9820713141025641, 0.9817708333333334, 0.9832732371794872, 0.9825721153846154, 0.9830729166666666, 0.9839743589743589, 0.981270032051282, 0.9774639423076923, 0.9868790064102564, 0.9875801282051282, 0.9861778846153846, 0.9892828525641025, 0.9898838141025641, 0.9805689102564102, 0.9916866987179487, 0.9842748397435898, 0.98828125, 0.9827724358974359, 0.9868790064102564, 0.9907852564102564, 0.9800681089743589, 0.9811698717948718, 0.9885817307692307, 0.9927884615384616, 0.9912860576923077, 0.9895833333333334, 0.9891826923076923, 0.9883814102564102, 0.9854767628205128, 0.9824719551282052, 0.9867788461538461, 0.9832732371794872, 0.991386217948718, 0.9943910256410257, 0.989082532051282, 0.9932892628205128, 0.9908854166666666, 0.9941907051282052, 0.9910857371794872, 0.9918870192307693, 0.9930889423076923, 0.9953926282051282, 0.9883814102564102, 0.9806690705128205, 0.9904847756410257, 0.991386217948718, 0.9942908653846154, 0.9915865384615384, 0.9920873397435898, 0.9866786858974359, 0.9934895833333334, 0.9923878205128205],