{"testproblem": "mnist_mlp", "batch_size": 128, "num_epochs": 100, "random_seed": 42, "weight_decay": null, "optimizer_hyperparams": {"lr": 6.309573444801929e-05, "momentum": 0.99}, "train_losses": [2.3034798334806394, 2.291170068276234, 2.263215871957632, 2.173004367412665, 1.8365455972842681, 1.024968303931065, 0.7019435610526648, 0.543049489458402, 0.47313999327329487, 0.4271277353549615, 0.3961937652948575, 0.36069058187496966, 0.338318217259187, 0.32395930683765656, 0.3198930099606514, 0.30566960859757203, 0.2948001292653573, 0.27690269091190434, 0.2840819355004873, 0.264156665175389, 0.2572129323887519, 0.24768354399846151, 0.24438563447732192, 0.23049546806858137, 0.20978227687569764, 0.20764198201971176, 0.1964027295127893, 0.2007573544023893, 0.18666924746372762, 0.18395801762548777, 0.17630325974180147, 0.16729469339434916, 0.1720900607223694, 0.16760859304131606, 0.15449872995034242, 0.14770462311422214, 0.14807731338227406, 0.14020861584979755, 0.14592655452016073, 0.1285152998394691, 0.13352284141075918, 0.12126662434102634, 0.11920806015722263, 0.1170640358558068, 0.11922333169824038, 0.10916348852408238, 0.11241425547557764, 0.11204367885604882, 0.10424701740535405, 0.1026646708830809, 0.099806842704614, 0.09407171960442494, 0.09691802230782998, 0.08673563714210804, 0.09414579790945236, 0.08491133120006476, 0.08522996091498779, 0.08860732371417376, 0.08437510035358943, 0.08784282030776525, 0.08295164176095755, 0.07388015072315167, 0.0788008590013935, 0.08080974593758583, 0.08188547036395623, 0.06978041659563015, 0.072597314340946, 0.06985652212722179, 0.0648940694398987, 0.0685991096811799, 0.06325990752054331, 0.062305970690571345, 0.06056964230269958, 0.05940696066961838, 0.059158350293261885, 0.05726026096500647, 0.057956889820977665, 0.05932495501847603, 0.05007225585480531, 0.04940979292568488, 0.05339533945497794, 0.05356258906137485, 0.04971744678914547, 0.04300802645201866, 0.043378362814203285, 0.04362383886025502, 0.043222299872491605, 0.03704384446908266, 0.042994662474554315, 0.04582466665082253, 0.04003381655097772, 0.042267365022920646, 0.0355541843156784, 0.038106137862763345, 0.04054889784982571, 0.038272109670707814, 0.0354424711698905, 0.04327292914669483, 0.0354662513694702, 0.03268110470320934, 0.03315719708991356], "test_losses": [2.3034419279832106, 2.290874930528494, 2.2629733299597716, 2.1700790509199486, 1.823995923384642, 1.0098621409672957, 0.6709502549507679, 0.5323123232676432, 0.4561138256238057, 0.4099420201128874, 0.38285311177755016, 0.35855260629875535, 0.34096257116359013, 0.3261094983094014, 0.3121729225684435, 0.2980128752115445, 0.2882113203119773, 0.2770285353733179, 0.2671385006740307, 0.2560861102090432, 0.24939469988338459, 0.2423415205990657, 0.23125352290196297, 0.22323763384841955, 0.21681286762349117, 0.20906766064656088, 0.2023374430166605, 0.19627860178932166, 0.1902837020177872, 0.18417031991367155, 0.17816812683565494, 0.17259186138518345, 0.16788520506368235, 0.16477122148260093, 0.16027444075697508, 0.15678326685268146, 0.1523062247209824, 0.1510503912010254, 0.1452945905427138, 0.14234553038691863, 0.13878613013105515, 0.13664724534520736, 0.1345562692731619, 0.13074177116728747, 0.12978353900596118, 0.12609784486584175, 0.12422853531554723, 0.12180793514618507, 0.12008346617221832, 0.11750917848295127, 0.11660554140615158, 0.1150329682784967, 0.11291243966955405, 0.11290191601102169, 0.10972578269548905, 0.10783500563448821, 0.10719006441724606, 0.10527295967898308, 0.10409266200776283, 0.10303652725922756, 0.10182632849766658, 0.10025361304481824, 0.09919823696598029, 0.10032236246535411, 0.0997613319554008, 0.09626945772041114, 0.09620797779793158, 0.09475363810092975, 0.09599290028787576, 0.09555446380415024, 0.09190851557426728, 0.09074337823459735, 0.08941503688215445, 0.08906189918231505, 0.08958958249348097, 0.0883123045309614, 0.08722067495378164, 0.08813036230798715, 0.08662322192237927, 0.08452248461066912, 0.08539102336344047, 0.08529344148551807, 0.08385106906867944, 0.08327161162518538, 0.08272786359660901, 0.08208539814521106, 0.08172261777023475, 0.08112868728737037, 0.08167047891765833, 0.0801947785493655, 0.08000715979589866, 0.08076115110172676, 0.07916373468171327, 0.07864207397095668, 0.07773090727054156, 0.07899884406763774, 0.07738278452784587, 0.07853771115724857, 0.0761082655009933, 0.07691042469098018, 0.07603740792434949], "train_accuracies": [0.08543669871794872, 0.3352363782051282, 0.3998397435897436, 0.3440504807692308, 0.5199318910256411, 0.7197516025641025, 0.7916666666666666, 0.8393429487179487, 0.866386217948718, 0.8735977564102564, 0.8873197115384616, 0.8979366987179487, 0.901542467948718, 0.9096554487179487, 0.9063501602564102, 0.9160657051282052, 0.9156650641025641, 0.9212740384615384, 0.9200721153846154, 0.9253806089743589, 0.9256810897435898, 0.9289863782051282, 0.9278846153846154, 0.9330929487179487, 0.9410056089743589, 0.9402043269230769, 0.9442107371794872, 0.9442107371794872, 0.9446113782051282, 0.9485176282051282, 0.9483173076923077, 0.9519230769230769, 0.952323717948718, 0.9540264423076923, 0.9565304487179487, 0.9595352564102564, 0.9572315705128205, 0.9605368589743589, 0.9577323717948718, 0.9638421474358975, 0.9622395833333334, 0.9650440705128205, 0.9660456730769231, 0.9689503205128205, 0.9670472756410257, 0.969551282051282, 0.9712540064102564, 0.9686498397435898, 0.9694511217948718, 0.9725560897435898, 0.9730568910256411, 0.9724559294871795, 0.9733573717948718, 0.975761217948718, 0.9739583333333334, 0.973457532051282, 0.977363782051282, 0.9759615384615384, 0.9774639423076923, 0.9751602564102564, 0.9775641025641025, 0.9803685897435898, 0.9774639423076923, 0.9768629807692307, 0.9775641025641025, 0.9817708333333334, 0.9802684294871795, 0.9817708333333334, 0.9815705128205128, 0.9811698717948718, 0.9824719551282052, 0.9825721153846154, 0.9836738782051282, 0.9841746794871795, 0.9840745192307693, 0.9839743589743589, 0.9845753205128205, 0.9846754807692307, 0.9860777243589743, 0.9866786858974359, 0.9865785256410257, 0.9873798076923077, 0.9861778846153846, 0.9894831730769231, 0.9885817307692307, 0.9886818910256411, 0.9887820512820513, 0.9914863782051282, 0.9897836538461539, 0.9888822115384616, 0.9902844551282052, 0.9895833333333334, 0.9918870192307693, 0.9915865384615384, 0.9897836538461539, 0.9914863782051282, 0.9915865384615384, 0.9888822115384616, 0.9918870192307693, 0.992988782051282, 0.9928886217948718],