{"testproblem": "mnist_mlp", "batch_size": 128, "num_epochs": 100, "random_seed": 42, "weight_decay": null, "optimizer_hyperparams": {"lr": 6.309573444801929e-05}, "train_losses": [2.3034798334806394, 0.36203958304264605, 0.2767082125139542, 0.22871976708754516, 0.19490201799915388, 0.17606871250348213, 0.15045425668358803, 0.12190920625550625, 0.11305951630362333, 0.09891720049274273, 0.08725325476664764, 0.08088761541801386, 0.07493907874688888, 0.06545278045515983, 0.06379794721037914, 0.05069762692810633, 0.043196493783631384, 0.04019298674299931, 0.03899597147336373, 0.03501700266049458, 0.03537177960746563, 0.030670761632231567, 0.028864095751673747, 0.02252442363458566, 0.01892022166448908, 0.022089639463676855, 0.01701977651996108, 0.01204372500666441, 0.015637176588941842, 0.01155794407121646, 0.008861885382196842, 0.00728536122597945, 0.008779509530331079, 0.006772413467749571, 0.004598710447167739, 0.004367720920783587, 0.0037157929574067774, 0.0031971239293806064, 0.0034717259307702384, 0.0022641894622490956, 0.0027111644904391887, 0.0016040394249825906, 0.001417221226848853, 0.01013765691851194, 0.0012732538609550549, 0.0006977774393864167, 0.0007294889014118757, 0.00123106056633286, 0.0005086573461691538, 0.007195127423470601, 0.0006157695912779906, 0.0004935873051484426, 0.0004354751406189723, 0.00031726308262501005, 0.00028550734695715783, 0.00027405542249862966, 0.00022987942569530927, 0.012635286163108854, 0.00046311277084243606, 0.00026006528582328407, 0.00024368406201784426, 0.00019127913774588169, 0.00018053052899165032, 0.0001871775468596472, 0.00014327471263897725, 0.00010188688667347797, 0.00010075966994731854, 0.0002564568765079364, 0.00042087646822134656, 0.00019259526370427548, 0.00013507140848116996, 0.00011834134467137165, 0.0001002794895798732, 7.994212687779695e-05, 7.953088826093919e-05, 6.997203215574607e-05, 6.017205902399161e-05, 5.0277246210055476e-05, 4.733903094744071e-05, 4.6189969930893334e-05, 0.00036175455898046494, 0.00014027924491808965, 0.00010610892413518368, 7.816444700345014e-05, 6.586160415258163e-05, 5.6427712432849104e-05, 5.561681703115121e-05, 4.586374434905175e-05, 4.081237010466747e-05, 3.9972221622100245e-05, 3.133382266148543e-05, 2.9338619265800866e-05, 2.32380265608812e-05, 2.568332144083121e-05, 1.996294117699831e-05, 1.636281227454161e-05, 0.004239616470817381, 0.00010883445158982888, 8.109503258497287e-05, 4.469307187276009e-05, 4.9375761777926716e-05], "test_losses": [2.3034419279832106, 0.34139418315428954, 0.2690359855978153, 0.22264641489929113, 0.1927817413249077, 0.17209205616456577, 0.1525602875611721, 0.1342991438622658, 0.12377450488603269, 0.11421925178131996, 0.10646935344602053, 0.10160962723864195, 0.09508042307331777, 0.08958410089596724, 0.09190613356156227, 0.08126647863537073, 0.08038599060800596, 0.0762402075701035, 0.07526022193428034, 0.07394200988495961, 0.07215974076340596, 0.07472054450175701, 0.07425354884412044, 0.068763592829689, 0.07278037110630137, 0.07359594978296603, 0.06885639611536111, 0.07155032582485522, 0.07205513582970852, 0.07288134726098715, 0.07018350833692612, 0.06973394273947446, 0.07439549943097891, 0.07582252892928246, 0.07187424175059184, 0.07707344559140694, 0.07621235426706381, 0.07813297510624696, 0.0799070083989929, 0.07944763223760021, 0.08348170915045418, 0.08323672595314491, 0.08450653141316695, 0.10040230306390768, 0.08639908199891067, 0.08438399011412492, 0.0858031814583601, 0.0900881488282138, 0.0898529892691817, 0.10318801084007972, 0.08707522393132631, 0.09040215542205633, 0.09127159622044136, 0.0918350934695739, 0.09324282290748297, 0.0954400127610335, 0.09673712378702103, 0.12515699884925896, 0.09913132717021, 0.0983097839813966, 0.09802696925516312, 0.09866724593135026, 0.0995448716223622, 0.10147171289636156, 0.10281786957803445, 0.10340793633785768, 0.104218644519838, 0.10535331562352486, 0.10632224985135671, 0.10335800390786086, 0.10415634978562593, 0.10534497801787578, 0.1055217098731261, 0.10659948920305723, 0.10771348014569436, 0.10885466885967897, 0.11005601468376625, 0.11068566929166898, 0.11313613561483529, 0.11352392288450247, 0.11548256293798868, 0.11065628042874429, 0.11035779376442616, 0.110977619408797, 0.1114072759086505, 0.11243030309486084, 0.11255454207555605, 0.11382819905590552, 0.11420214083045721, 0.1155704672042376, 0.1164734836620016, 0.11807159778590386, 0.11923247762024403, 0.11957741576509598, 0.12147880350358975, 0.12334956763646542, 0.1422395562657561, 0.11899858082716282, 0.11983557494404988, 0.1187506639995636, 0.11908452026546001], "train_accuracies": [0.08543669871794872, 0.8977363782051282, 0.9214743589743589, 0.9330929487179487, 0.9457131410256411, 0.9502203525641025, 0.9586338141025641, 0.96484375, 0.9674479166666666, 0.971854967948718, 0.9760616987179487, 0.9755608974358975, 0.9780649038461539, 0.9821714743589743, 0.9822716346153846, 0.9859775641025641, 0.9888822115384616, 0.9878806089743589, 0.9905849358974359, 0.9899839743589743, 0.9902844551282052, 0.9918870192307693, 0.9911858974358975, 0.9941907051282052, 0.9946915064102564, 0.9939903846153846, 0.99609375, 0.9979967948717948, 0.9958934294871795, 0.9980969551282052, 0.9983974358974359, 0.9987980769230769, 0.9974959935897436, 0.999198717948718, 0.9993990384615384, 0.9993990384615384, 0.9996995192307693, 0.9996995192307693, 0.9995993589743589, 1.0, 0.9994991987179487, 0.9998998397435898, 0.9998998397435898, 0.9963942307692307, 0.9998998397435898, 1.0, 1.0, 0.9997996794871795, 1.0, 0.9979967948717948, 1.0, 1.0, 1.0, 1.0, 1.0, 1.0, 1.0, 0.9953926282051282, 1.0, 1.0, 1.0, 1.0, 1.0, 1.0, 1.0, 1.0, 1.0, 0.9998998397435898, 0.9998998397435898, 1.0, 1.0, 1.0, 1.0, 1.0, 1.0, 1.0, 1.0, 1.0, 1.0, 1.0, 1.0, 1.0, 1.0, 1.0, 1.0, 1.0, 1.0, 1.0, 1.0, 1.0, 1.0, 1.0, 1.0, 1.0, 1.0, 1.0, 0.9986979166666666, 1.0, 1.0, 1.0, 1.0], "test_accuracies": [0.08383413461538461, 0.9039463141025641, 0.9245793269230769, 0.9338942307692307, 0.9442107371794872, 0.9479166666666666, 0.9534254807692307, 0.9582331730769231, 0.9620392628205128, 0.9657451923076923, 0.9668469551282052, 0.9675480769230769, 0.9704527243589743, 0.9721554487179487, 0.9719551282051282, 0.9748597756410257, 0.9748597756410257, 0.9765625, 0.9765625, 0.9767628205128205, 0.9785657051282052, 0.9770633012820513, 0.9771634615384616, 0.9783653846153846, 0.9774639423076923, 0.9789663461538461, 0.9793669871794872, 0.9779647435897436, 0.9783653846153846, 0.9776642628205128, 0.9802684294871795, 0.9806690705128205, 0.9788661858974359, 0.9790665064102564, 0.9806690705128205, 0.9802684294871795, 0.9792668269230769, 0.9797676282051282, 0.9800681089743589, 0.9802684294871795, 0.9807692307692307, 0.9806690705128205, 0.9803685897435898, 0.977363782051282, 0.9807692307692307, 0.9810697115384616, 0.9803685897435898, 0.9807692307692307, 0.9806690705128205, 0.9771634615384616, 0.98046875, 0.9798677884615384, 0.9809695512820513, 0.9799679487179487, 0.9806690705128205, 0.9803685897435898, 0.9799679487179487, 0.9751602564102564, 0.98046875, 0.9805689102564102, 0.9803685897435898, 0.9805689102564102, 0.98046875, 0.9805689102564102, 0.9801682692307693, 0.9802684294871795, 0.98046875, 0.9805689102564102, 0.9795673076923077, 0.9803685897435898, 0.9800681089743589, 0.9800681089743589, 0.9803685897435898, 0.9803685897435898, 0.9811698717948718, 0.98046875, 0.98046875, 0.9807692307692307, 0.9808693910256411, 0.9806690705128205, 0.979667467948718, 0.9806690705128205, 0.9815705128205128, 0.9816706730769231, 0.9816706730769231, 0.9817708333333334, 0.9815705128205128, 0.9817708333333334, 0.9819711538461539, 0.981270032051282, 0.9819711538461539, 0.9821714743589743, 0.9818709935897436, 0.9816706730769231, 0.9815705128205128, 0.9815705128205128, 0.977363782051282, 0.9806690705128205, 0.9807692307692307, 0.9810697115384616, 0.981270032051282], "analyzable_training_params": {"lr_sched_epochs": null, "lr_sched_factors": null}}