{"testproblem": "mnist_mlp", "batch_size": 128, "num_epochs": 100, "random_seed": 42, "weight_decay": null, "optimizer_hyperparams": {"lr": 0.39810717055349776, "momentum": 0.99}, "train_losses": [2.3034798334806394, 2.368963149877695, 2.372961230767079, 2.359171152114868, 2.351170756877997, 2.346871256828308, 2.398973293793507, 2.405611420289064, 2.365697441956936, 2.3315376532383456, 2.3295048475265503, 2.3617771711104956, 2.356335985354888, 2.397514288242047, 2.3389467612290993, 2.345161566367516, 2.392972619105608, 2.3633464605380325, 2.4046303645158424, 2.398824856831477, 2.3188166740613108, 2.3349570769530077, 2.335232979212052, 2.372019416246659, 2.355430783369602, 2.345784978988843, 2.374867647122114, 2.4389343414551172, 2.3349203696617713, 2.3903587078436828, 2.3430107556856594, 2.4447884467931895, 2.3982566472811575, 2.37310459674933, 2.337132848226107, 2.3451880644529295, 2.3373165680811954, 2.3632286328535814, 2.3790909143594594, 2.382544982127654, 2.403208995476747, 2.3569341592299633, 2.4070146878560386, 2.425234351402674, 2.4051175239758615, 2.3761254273928127, 2.3676749895780516, 2.3784648302273874, 2.366872341204912, 2.4323321152956057, 2.3896540586764994, 2.378820871695494, 2.3675674811387672, 2.383310962945987, 2.4078221718470254, 2.3408955610715427, 2.37884992819566, 2.3636821752939468, 2.3643208191945004, 2.4004633029301963, 2.407401436414474, 2.3371099080794897, 2.345871295684423, 2.4268199235965042, 2.406372703038729, 2.385017984952682, 2.320876274353419, 2.440043391325535, 2.386318497168712, 2.4145749379427004, 2.4077370839241223, 2.3442339102427163, 2.373003223003485, 2.335409940817417, 2.333824845460745, 2.3236344105158095, 2.484036995814397, 2.459226648012797, 2.3934010909153867, 2.3680600814330273, 2.3466522632501063, 2.355702825081654, 2.3885460694630942, 2.386713293882517, 2.322839033909333, 2.3437568957989035, 2.339078047336676, 2.3738438532902646, 2.352513909339905, 2.344698863151746, 2.3826966866468773, 2.3781897838299093, 2.4051755850131693, 2.3780191403168898, 2.36732838398371, 2.4286280136841993, 2.4014778290039454, 2.4042470699701552, 2.3667887326998587, 2.343210003314874, 2.38245668166723], "test_losses": [2.3034419279832106, 2.3704435519683056, 2.3689425327838998, 2.359628368646671, 2.348903316717881, 2.346084490800515, 2.3966264938696837, 2.4137366857284155, 2.3606694294856143, 2.3308116503250904, 2.3290275854942126, 2.3591119815141726, 2.3568797417176075, 2.3987118555949283, 2.3392367974305763, 2.343760120563018, 2.401149034500122, 2.3662536480487923, 2.39081102456802, 2.405733802379706, 2.317299041992579, 2.3346029611734243, 2.339951765842927, 2.365870338219863, 2.356924234292446, 2.3530505131452513, 2.3726445191945786, 2.4262636472017336, 2.3329410491845546, 2.3855338127185135, 2.346123224649674, 2.433067942276979, 2.3922111040506606, 2.379558664101821, 2.3375628544734073, 2.351989733867156, 2.3428857846137805, 2.3672707417072396, 2.377411594757667, 2.3839684021778598, 2.4025549521813025, 2.354026186160552, 2.4105481795775585, 2.4192769680267725, 2.391798713268378, 2.380756784708072, 2.3679021994272866, 2.371034328754132, 2.3642307978409987, 2.4413784253291593, 2.3853597274193397, 2.3781176744363246, 2.368456461490729, 2.385482674989945, 2.4038498523907785, 2.3443555648510275, 2.3819468938387356, 2.3633184066185584, 2.360006641118954, 2.408101100188035, 2.4053825659629626, 2.334833942926847, 2.3459044114137306, 2.4188567399978638, 2.3984501912043643, 2.3790029134505835, 2.326195010772118, 2.441627915088947, 2.3802386980790358, 2.4113056048368797, 2.40561012732677, 2.3458630610734987, 2.3734368422092538, 2.336713567758218, 2.334658289567018, 2.325729000262725, 2.4876975004489603, 2.457520619416848, 2.3963326704807772, 2.37019153436025, 2.3515249337905493, 2.358450996570098, 2.3910248218438563, 2.3866040339836707, 2.325727044007717, 2.3433761718945627, 2.3398268283941808, 2.375790140567682, 2.354265176332914, 2.3452482254077225, 2.371320067307888, 2.376850473575103, 2.397285366669679, 2.371481519479018, 2.3617259508524184, 2.4184042459879165, 2.397469612268301, 2.401130960537837, 2.371606802329039, 2.3406338477746034, 2.384597267860021], "train_accuracies": [0.08543669871794872, 0.10506810897435898, 0.11117788461538461, 0.09685496794871795, 0.09955929487179487, 0.09845753205128205, 0.10226362179487179, 0.10046073717948718, 0.09274839743589744, 0.09725560897435898, 0.09705528846153846, 0.0960536858974359, 0.09094551282051282, 0.10196314102564102, 0.0992588141025641, 0.09975961538461539, 0.10817307692307693, 0.1031650641025641, 0.10486778846153846, 0.1045673076923077, 0.10186298076923077, 0.10416666666666667, 0.11478365384615384, 0.09775641025641026, 0.10526842948717949, 0.12049278846153846, 0.09865785256410256, 0.10226362179487179, 0.09545272435897435, 0.09755608974358974, 0.10376602564102565, 0.09455128205128205, 0.09975961538461539, 0.10446714743589744, 0.10416666666666667, 0.08743990384615384, 0.10647035256410256, 0.09595352564102565, 0.10586939102564102, 0.10106169871794872, 0.1123798076923077, 0.10346554487179487, 0.09915865384615384, 0.10767227564102565, 0.10096153846153846, 0.10306490384615384, 0.09725560897435898, 0.09815705128205128, 0.11408253205128205, 0.10016025641025642, 0.09505208333333333, 0.09835737179487179, 0.09735576923076923, 0.09755608974358974, 0.1038661858974359, 0.10566907051282051, 0.08974358974358974, 0.0928485576923077, 0.09595352564102565, 0.09545272435897435, 0.09695512820512821, 0.0960536858974359, 0.10096153846153846, 0.09865785256410256, 0.0967548076923077, 0.09445112179487179, 0.11708733974358974, 0.09825721153846154, 0.09314903846153846, 0.08904246794871795, 0.11298076923076923, 0.09875801282051282, 0.11288060897435898, 0.0914463141025641, 0.10016025641025642, 0.11278044871794872, 0.11468349358974358, 0.09595352564102565, 0.09094551282051282, 0.10006009615384616, 0.09044471153846154, 0.11338141025641026, 0.10216346153846154, 0.09965945512820513, 0.10827323717948718, 0.10036057692307693, 0.09755608974358974, 0.09845753205128205, 0.10947516025641026, 0.10036057692307693, 0.0953525641025641, 0.10256410256410256, 0.10346554487179487, 0.11197916666666667, 0.09435096153846154, 0.10196314102564102, 0.10016025641025642, 0.11438301282051282, 0.10436698717948718, 0.09745592948717949, 0.1015625],