{"testproblem": "mnist_mlp", "batch_size": 128, "num_epochs": 100, "random_seed": 42, "weight_decay": null, "optimizer_hyperparams": {"lr": 0.002511886431509582}, "train_losses": [2.3034798334806394, 0.11259750477396525, 0.09585169487847732, 0.04567848535206837, 0.0384850031338059, 0.0458338740401161, 0.022268273760206424, 0.014694071219613155, 0.02563967407704928, 0.018203382189266194, 0.014353413373613969, 0.012366953031279338, 0.009987728264278326, 0.013901850363860527, 0.022896945989953402, 0.012972230031990852, 0.013142070637490505, 0.011492605583790021, 0.00509165907995059, 0.00954392022238328, 0.005479166630464487, 0.009762458348025879, 0.007189344865484879, 0.0044591914957914595, 0.00785056857439952, 0.008956299509662084, 0.007928950509104209, 0.008771040506708698, 0.012783125687677126, 0.0028432348432640233, 0.008689956196273366, 0.0019050529435611307, 0.005526107419520998, 0.0055305321987431785, 0.039132456336982355, 0.005496845285121638, 0.003783767141449528, 0.006608146132352069, 0.012583193130409107, 0.006879897346385779, 0.009643947119818619, 0.006531246937811375, 0.01226089696567028, 0.01176826900933893, 0.004810251629887483, 0.0036826948642742652, 0.010713634686395287, 0.013106849293809576, 0.005510766020355125, 0.005153614881027562, 0.0029580480529544637, 0.01410338282585144, 0.003510819691328857, 0.00381746319665884, 0.002722247596233128, 0.008646236911702614, 0.00864360294695078, 0.016364631460022885, 0.005097820910099798, 0.003117607300504087, 0.004214282807553014, 0.0007248856395912858, 0.02244022111289012, 0.007084017139277421, 0.02460209093437581, 0.0025336538726547495, 0.007872742034333687, 0.019427899414530166, 0.0029644534796459945, 0.0010008989110923349, 0.0035565380598060214, 0.002325540866690855, 0.0063529217911239425, 0.006147676386694328, 0.014927681841632316, 0.0031766689099663966, 0.00032217991564464633, 0.016391079890943214, 0.0023437912230012724, 0.02280615362187979, 0.002225807542018652, 0.007419260778428556, 0.0016484053071158437, 0.028315370665857185, 0.024833498913582074, 0.0036661334288043855, 0.004023681674227238, 0.003711648599561065, 0.0018035925846701362, 0.002621241390723019, 0.012800800570403226, 0.012774639938680384, 0.0012544593407185927, 0.004436170662908505, 0.0013429193164390596, 0.027414498485412855, 0.01653277163635581, 0.0015745922319183592, 0.0035424525327144717, 0.0011683229046563308, 0.0017521877072375412], "test_losses": [2.3034419279832106, 0.12493457723982059, 0.11716007539190543, 0.0823167825404268, 0.08500843236031823, 0.09344386800120656, 0.0747513582643408, 0.08614431159236492, 0.10369525821163104, 0.0844896857937177, 0.08626529450217883, 0.07902382034808397, 0.08606339520655382, 0.0875568734959532, 0.12474307691296324, 0.10917712804168844, 0.11406331865164714, 0.11990122052912529, 0.11499747733036295, 0.10625154459371398, 0.10267261159009276, 0.13859106245665595, 0.14021056360350206, 0.11101894966589335, 0.1490346210029645, 0.1301993323633304, 0.1262985228513105, 0.1525780638345541, 0.14963681772590065, 0.13462753540788513, 0.145076017611875, 0.1423413873059102, 0.12777652913549295, 0.13295836743110648, 0.2017913142290826, 0.1583808312813441, 0.13801692934850088, 0.1511978217615531, 0.16281483512228498, 0.17625442155612966, 0.15260189874336505, 0.15120585089644942, 0.14934685957641938, 0.16671357354304442, 0.17070432276560518, 0.1404113731218669, 0.1804172533015028, 0.16397270706753866, 0.14931779169441703, 0.18328245187130493, 0.18490515121569237, 0.23445877088950232, 0.179151362960394, 0.14489871638421065, 0.18334345914757785, 0.192752756876871, 0.24734930145010972, 0.24423602370258707, 0.21912337370957127, 0.18512769697460896, 0.1789202888866361, 0.18176778454560405, 0.19949765609822068, 0.20134419057733163, 0.20951405918159977, 0.18785201404721308, 0.24879685934716597, 0.2350695062852584, 0.1933403730076045, 0.17821944009539528, 0.1830704304126975, 0.19153690982598048, 0.21649542169717068, 0.2362670393963643, 0.20219806513752048, 0.20776969723057193, 0.18493297465148573, 0.2781167462399492, 0.2514002656695457, 0.21500443996382484, 0.17563223021296345, 0.20813277450939402, 0.26930832249136305, 0.299602472399457, 0.3154527095403188, 0.18865482298991618, 0.1921007695409338, 0.20222697975352788, 0.1894530402794958, 0.24050840167686915, 0.21328058484001444, 0.23262215272720474, 0.19928109077647185, 0.21720017152107082, 0.21815408954772955, 0.2778594026592775, 0.21451226790220693, 0.21147783904094608, 0.19651011324439865, 0.24326069566618222, 0.2532955546481296], "train_accuracies": [0.08543669871794872, 0.9664463141025641, 0.9694511217948718, 0.9872796474358975, 0.9884815705128205, 0.9845753205128205, 0.992988782051282, 0.9958934294871795, 0.9917868589743589, 0.9943910256410257, 0.99609375, 0.9964943910256411, 0.9969951923076923, 0.9957932692307693, 0.9941907051282052, 0.9966947115384616, 0.9957932692307693, 0.996895032051282, 0.9984975961538461, 0.9972956730769231, 0.9987980769230769, 0.9978966346153846, 0.9982972756410257, 0.9987980769230769, 0.9974959935897436, 0.996895032051282, 0.9975961538461539, 0.9972956730769231, 0.9976963141025641, 0.9988982371794872, 0.9972956730769231, 0.9993990384615384, 0.9984975961538461, 0.9984975961538461, 0.9946915064102564, 0.9987980769230769, 0.9989983974358975, 0.9983974358974359, 0.9980969551282052, 0.9983974358974359, 0.9973958333333334, 0.9984975961538461, 0.9974959935897436, 0.9966947115384616, 0.9990985576923077, 0.9989983974358975, 0.9978966346153846, 0.9962940705128205, 0.9985977564102564, 0.9981971153846154, 0.9993990384615384, 0.9973958333333334, 0.999198717948718, 0.9992988782051282, 0.9988982371794872, 0.9984975961538461, 0.9982972756410257, 0.9972956730769231, 0.9988982371794872, 0.9988982371794872, 0.9990985576923077, 0.9998998397435898, 0.996895032051282, 0.9987980769230769, 0.9973958333333334, 0.999198717948718, 0.9981971153846154, 0.9958934294871795, 0.9992988782051282, 0.9994991987179487, 0.9990985576923077, 0.9995993589743589, 0.9983974358974359, 0.9987980769230769, 0.9984975961538461, 0.9989983974358975, 0.9998998397435898, 0.9971955128205128, 0.9995993589743589, 0.9965945512820513, 0.9992988782051282, 0.9987980769230769, 0.9997996794871795, 0.9965945512820513, 0.9980969551282052, 0.999198717948718, 0.999198717948718, 0.9992988782051282, 0.9994991987179487, 0.9996995192307693, 0.9985977564102564, 0.9987980769230769, 0.9995993589743589, 0.9992988782051282, 0.9996995192307693, 0.9975961538461539, 0.9987980769230769, 0.9993990384615384, 0.9995993589743589, 0.9996995192307693, 0.9995993589743589],