{"testproblem": "fmnist_mlp", "batch_size": 128, "num_epochs": 100, "random_seed": 42, "weight_decay": null, "optimizer_hyperparams": {"lr": 0.000630957344480193, "momentum": 0.99}, "train_losses": [2.3021158377329507, 0.8037818670272827, 0.5425493938800616, 0.4590950627357532, 0.4027989946114711, 0.3744615583847731, 0.34793170980918103, 0.33191321522761613, 0.30889390791073823, 0.3011513304633972, 0.2940835322325046, 0.28276292750468623, 0.2677136770425699, 0.25430974163688147, 0.26203239136017287, 0.24536019831131667, 0.23569829360796854, 0.23280793543045336, 0.21469246175808784, 0.21469808532259402, 0.21735693858220026, 0.19601579535848054, 0.20121110431276834, 0.20272987202191964, 0.1906625831929537, 0.21343346981283945, 0.16640342600070512, 0.18570713593791693, 0.17380564669385934, 0.15727661750637567, 0.15288371917528984, 0.17067353570690522, 0.1336517448608692, 0.15237750657475913, 0.13635423980080164, 0.13357541562081912, 0.14384808057011703, 0.12796211476700428, 0.1401820549598107, 0.11443573594666444, 0.1193618930112093, 0.13135046631288835, 0.11641180739761928, 0.15110821654208195, 0.11892154531028026, 0.10233576318774468, 0.13387512277143124, 0.11248153228408252, 0.09333038511566627, 0.09096005090918297, 0.11090283162700824, 0.09795413300012931, 0.09576472831078064, 0.09611214874073482, 0.07880472439603928, 0.10169370243182549, 0.09557383488386105, 0.08076646651786107, 0.07612709495692681, 0.07414608353223556, 0.07694948584032364, 0.061869831230395876, 0.06969903199336468, 0.08890675872755356, 0.06746479391287534, 0.06624389372957058, 0.08866324595724925, 0.07714335243098247, 0.058803858139958136, 0.08849977477429768, 0.05744076138123488, 0.05425115488469601, 0.05282371782530577, 0.07380216349011813, 0.07709494452828015, 0.04176576703022688, 0.046994998573492736, 0.057463227795102656, 0.04180298903240608, 0.03634239728443134, 0.04732180257829336, 0.0547397276147818, 0.04685597155147638, 0.04524909948500303, 0.04290419917267103, 0.043334511562417716, 0.048477326304866716, 0.03070894208474037, 0.04476979857262892, 0.037055227905511856, 0.04746381933681476, 0.05856460695847487, 0.048077872882668786, 0.03186669530203709, 0.038111199744236775, 0.033895668310996815, 0.026524052549249087, 0.027086024578565206, 0.024199352289239567, 0.0273525198109639, 0.04921655968213693], "test_losses": [2.3022368321051965, 0.8060487875571618, 0.5649768041494565, 0.49706603777714264, 0.43655294753037965, 0.42875353323343474, 0.3941626699689107, 0.3791625207433334, 0.366022469714666, 0.3600873481004666, 0.36281456970251524, 0.3513078605517363, 0.339040943636344, 0.33094907647524124, 0.3401001814084175, 0.33012714924720615, 0.3330286668661313, 0.33196178804605436, 0.3267055958127364, 0.3283181073956, 0.31581820967869884, 0.31778827214088196, 0.3325203110774358, 0.32488700384512925, 0.32164732748881364, 0.36020964536911404, 0.310341168099489, 0.3321224745267477, 0.32553391999159104, 0.3155493900561944, 0.3277707982521791, 0.3341765759082941, 0.3202574889247234, 0.3409849525644229, 0.3287118751651201, 0.3162271084311681, 0.34263192117214203, 0.33595811461026853, 0.35305744657913846, 0.3305032761433186, 0.3399922940402459, 0.36261484007804823, 0.3559746566491249, 0.3999320282003818, 0.33770661571851146, 0.35536126219309294, 0.3650361333902066, 0.36070845619990277, 0.3616808662429834, 0.3734075484367517, 0.38921049313667494, 0.3814057902647899, 0.38419551822619563, 0.4050643887275305, 0.37989575205705106, 0.41847001837614256, 0.40536063068952316, 0.3867641951029117, 0.3964145529346588, 0.41405550008400893, 0.4097785070920602, 0.3969131699548318, 0.42892715067435533, 0.4418931815486688, 0.422030556278351, 0.4369638069317891, 0.43697642248410445, 0.45170861138747287, 0.44433323121987855, 0.4538948464278991, 0.4372981894665804, 0.4562607149665172, 0.4485896074045927, 0.48695947038821685, 0.49261909302992696, 0.46256596824297536, 0.4611835058491964, 0.4834125830959051, 0.48191286890934676, 0.48422947822090906, 0.4974418288240066, 0.5214713506209545, 0.528859097032975, 0.5034783526490896, 0.5006795710860155, 0.5088712859612244, 0.5409375897202736, 0.507148431852842, 0.5425963043593444, 0.5201133785721583, 0.5169579491783411, 0.5375878027616403, 0.5499588136489575, 0.5367279062286402, 0.5617127775763854, 0.5344271997992809, 0.5543802338532913, 0.5778196519001936, 0.5560937411127946, 0.5904161782983022, 0.6225343170838479], "train_accuracies": [0.10817307692307693, 0.6542467948717948, 0.8131009615384616, 0.8354366987179487, 0.859375, 0.8638822115384616, 0.8772035256410257, 0.8762019230769231, 0.8926282051282052, 0.8901241987179487, 0.8960336538461539, 0.8990384615384616, 0.8982371794871795, 0.9065504807692307, 0.9066506410256411, 0.9097556089743589, 0.9161658653846154, 0.9154647435897436, 0.9195713141025641, 0.9222756410256411, 0.9216746794871795, 0.9282852564102564, 0.924979967948718, 0.9245793269230769, 0.9300881410256411, 0.9199719551282052, 0.9409054487179487, 0.9334935897435898, 0.9353966346153846, 0.9416065705128205, 0.9434094551282052, 0.9401041666666666, 0.9524238782051282, 0.9427083333333334, 0.9509214743589743, 0.953125, 0.9472155448717948, 0.9534254807692307, 0.94921875, 0.9558293269230769, 0.9574318910256411, 0.9508213141025641, 0.9563301282051282, 0.9438100961538461, 0.9561298076923077, 0.9618389423076923, 0.9465144230769231, 0.9592347756410257, 0.9655448717948718, 0.9681490384615384, 0.9605368589743589, 0.9633413461538461, 0.9647435897435898, 0.96484375, 0.9704527243589743, 0.9608373397435898, 0.9641426282051282, 0.9690504807692307, 0.9708533653846154, 0.9732572115384616, 0.9703525641025641, 0.9789663461538461, 0.9744591346153846, 0.9659455128205128, 0.9759615384615384, 0.9777644230769231, 0.9651442307692307, 0.9690504807692307, 0.9760616987179487, 0.9637419871794872, 0.9798677884615384, 0.9805689102564102, 0.9810697115384616, 0.9707532051282052, 0.9731570512820513, 0.9848758012820513, 0.9844751602564102, 0.9788661858974359, 0.9853766025641025, 0.9884815705128205, 0.9821714743589743, 0.9788661858974359, 0.9828725961538461, 0.9821714743589743, 0.9837740384615384, 0.9830729166666666, 0.981270032051282, 0.9891826923076923, 0.9821714743589743, 0.9865785256410257, 0.9823717948717948, 0.9780649038461539, 0.9834735576923077, 0.9883814102564102, 0.9868790064102564, 0.9871794871794872, 0.9904847756410257, 0.9897836538461539, 0.9912860576923077, 0.989082532051282, 0.9810697115384616],