{"testproblem": "mnist_mlp", "batch_size": 128, "num_epochs": 100, "random_seed": 42, "weight_decay": null, "optimizer_hyperparams": {"lr": 0.025118864315095822, "momentum": 0.99}, "train_losses": [2.3034798334806394, 0.1623548956062549, 0.1249212807474228, 0.10004476653650785, 0.09127196734054731, 0.06576250538898584, 0.05413560815251026, 0.05691575139569931, 0.050492325654396646, 0.050653706734570175, 0.032096922111052736, 0.03218075217535862, 0.03886130759014915, 0.03593842059564896, 0.04509768826075089, 0.028616714888276197, 0.034526350310979746, 0.026870499293391522, 0.02047215088103444, 0.032878123880483404, 0.03963895820272274, 0.03192330982822638, 0.029004804658679627, 0.03200077530569755, 0.03996854207406823, 0.05973499745894701, 0.058095064300757185, 0.06441292809083676, 0.04263388150586532, 0.041952289414042845, 0.04036035517660471, 0.045794900805235676, 0.03251096480884231, 0.06678685323836711, 0.0659043916190664, 0.29485695761365766, 0.5166389348033147, 2.325680680764027, 2.3075916461455517, 2.3064678479463625, 2.308652792221461, 2.308858898969797, 2.302986802198948, 2.3041880130767822, 2.304916867843041, 2.3063024313021927, 2.3066279551921745, 2.3077932657339635, 2.307524812527192, 2.3060619128056064, 2.306467423072228, 2.3059381338266225, 2.3078735210956673, 2.3039429646271925, 2.3037700744775624, 2.307418771279164, 2.306534473712628, 2.3073519407174525, 2.305291848304944, 2.311482738225888, 2.3049525756102343, 2.3055493373137255, 2.3051648904115725, 2.304431071648231, 2.3037030574602957, 2.3080404691207104, 2.305830105757102, 2.304831957205748, 2.3105696653708434, 2.30562337850913, 2.3049503901065926, 2.304516456066034, 2.3054997401359754, 2.3078914147156935, 2.304835524314489, 2.305142445442004, 2.3074647646683912, 2.3067926657505526, 2.3085773235712295, 2.3026875043526673, 2.311687646768032, 2.3024282302611914, 2.3081090389153895, 2.306639958650638, 2.3032759030659995, 2.3063268814331446, 2.303867670205923, 2.302585415351085, 2.302899565452184, 2.305590984148857, 2.3070133985617223, 2.3054713010787964, 2.3047223060559006, 2.310749215957446, 2.303801337877909, 2.3063593613795743, 2.305585286556146, 2.3053048084943724, 2.310709393941439, 2.3027885418671827, 2.303753666388683], "test_losses": [2.3034419279832106, 0.1733456580207134, 0.14221620631332582, 0.1325353229036316, 0.1444964034912678, 0.10253726526235159, 0.11687784489148702, 0.1200656227958508, 0.11011424677398725, 0.11462593943071671, 0.10668801189137575, 0.12199461421905419, 0.13214165134689745, 0.13890834064342272, 0.15053820901383191, 0.11098604391400631, 0.1363480748513188, 0.13717794525795257, 0.12997662436026028, 0.15004092602966687, 0.12232756910797878, 0.19864687159991798, 0.13492259533646014, 0.22235877690120384, 0.18876848803260005, 0.215243673334137, 0.19517630407921013, 0.2597187813849021, 0.1609270641198143, 0.170650381117295, 0.2016987444785161, 0.2172289318882693, 0.18109698390635925, 0.25197501743260103, 0.23763994866600022, 0.45451916018739724, 0.7443630620837212, 2.3234391518128223, 2.3067059944837522, 2.306075392625271, 2.3090417171135926, 2.307657758394877, 2.303966986827361, 2.304331143697103, 2.3048972533299374, 2.303628921508789, 2.3055017422407103, 2.3063729328986926, 2.3055547659213724, 2.305531831888052, 2.306104207650209, 2.3055559610709166, 2.3051646244831576, 2.3036405184330087, 2.3030826403544498, 2.305788156313774, 2.3065649362710805, 2.3070168984241977, 2.3035763593820424, 2.3135354732855773, 2.3048537297126575, 2.304526460476411, 2.3045412668815026, 2.3041166770152555, 2.3031719006024876, 2.3075758891227918, 2.308732304817591, 2.3039307258067985, 2.3110954425273795, 2.305153183448009, 2.3050424808110948, 2.303435172790136, 2.3050267146183896, 2.308496716694954, 2.304721040603442, 2.3049799478971043, 2.306476171200092, 2.3050831984250975, 2.3080504735310874, 2.303435735213451, 2.311333949749286, 2.30325596454816, 2.3054018845924964, 2.3062685972604995, 2.3025561999052, 2.305866391230852, 2.3035065883245225, 2.3027828962374954, 2.302368093759586, 2.30454565011538, 2.3067146234023266, 2.304439874795767, 2.304214523388789, 2.3085424594390087, 2.304023394217858, 2.3052136592375927, 2.3053249273544703, 2.304754804342221, 2.307339240343143, 2.3024645432447777, 2.3036235876572437], "train_accuracies": [0.08543669871794872, 0.9525240384615384, 0.9660456730769231, 0.9721554487179487, 0.9745592948717948, 0.9814703525641025, 0.9856770833333334, 0.9825721153846154, 0.9842748397435898, 0.9854767628205128, 0.9895833333333334, 0.9893830128205128, 0.989082532051282, 0.9900841346153846, 0.9889823717948718, 0.9928886217948718, 0.9916866987179487, 0.9915865384615384, 0.9942908653846154, 0.9917868589743589, 0.9906850961538461, 0.9917868589743589, 0.992988782051282, 0.9928886217948718, 0.9912860576923077, 0.9875801282051282, 0.983573717948718, 0.9892828525641025, 0.9885817307692307, 0.9889823717948718, 0.9896834935897436, 0.9887820512820513, 0.9926883012820513, 0.9852764423076923, 0.9841746794871795, 0.9452123397435898, 0.8673878205128205, 0.1116786858974359, 0.09475160256410256, 0.10196314102564102, 0.10496794871794872, 0.09765625, 0.10126201923076923, 0.10536858974358974, 0.11207932692307693, 0.10837339743589744, 0.10927483974358974, 0.09845753205128205, 0.09615384615384616, 0.10887419871794872, 0.11468349358974358, 0.09935897435897435, 0.11278044871794872, 0.11147836538461539, 0.11187900641025642, 0.11217948717948718, 0.10006009615384616, 0.09054487179487179, 0.10306490384615384, 0.09985977564102565, 0.11318108974358974, 0.11568509615384616, 0.10096153846153846, 0.1006610576923077, 0.10376602564102565, 0.09445112179487179, 0.11708733974358974, 0.09845753205128205, 0.10516826923076923, 0.10566907051282051, 0.10206330128205128, 0.10797275641025642, 0.11288060897435898, 0.1031650641025641, 0.09735576923076923, 0.09014423076923077, 0.09915865384615384, 0.10907451923076923, 0.11187900641025642, 0.11227964743589744, 0.10306490384615384, 0.11338141025641026, 0.0946514423076923, 0.10987580128205128, 0.11117788461538461, 0.09585336538461539, 0.11438301282051282, 0.10446714743589744, 0.10947516025641026, 0.10036057692307693, 0.11268028846153846, 0.09615384615384616, 0.11398237179487179, 0.11197916666666667, 0.10346554487179487, 0.11057692307692307, 0.11368189102564102, 0.11438301282051282, 0.09304887820512821, 0.09815705128205128, 0.09865785256410256],