{"testproblem": "mnist_mlp", "batch_size": 128, "num_epochs": 100, "random_seed": 42, "weight_decay": null, "optimizer_hyperparams": {"lr": 1e-05, "momentum": 0.99}, "train_losses": [2.3034798334806394, 2.3014728014285746, 2.2989287284704356, 2.296705649449275, 2.29421761402717, 2.2910326841549997, 2.2878214793327527, 2.2841568054297032, 2.2798081728128285, 2.2741248301970654, 2.2674253231439834, 2.2596441629605417, 2.249593529945765, 2.2364802971864357, 2.2207882893391147, 2.202046913978381, 2.1724385084250035, 2.1386882769755826, 2.0926960859543238, 2.0444573072286754, 1.9767171954497313, 1.8889883374556518, 1.7802423468002906, 1.6571373710265527, 1.496283239279038, 1.3402399940368457, 1.1882372024731758, 1.0776916169203246, 0.9784318720683073, 0.9014848050398704, 0.8500520350077213, 0.7905588470972501, 0.753305278527431, 0.7266067663828532, 0.6851405501365662, 0.6552995221737103, 0.6338795121663656, 0.6085076290063369, 0.590803420696503, 0.5578991392484078, 0.5609254974585313, 0.5285466107038351, 0.507105100613374, 0.5090163319538801, 0.4991553246210783, 0.47834590192024523, 0.47207163197871965, 0.46930991724515575, 0.44947573122305745, 0.45708206907296794, 0.44001609812944364, 0.43741365999747545, 0.4225972290986624, 0.401511128896322, 0.4116557261500603, 0.3941281453157083, 0.39303277623959076, 0.39981312801440555, 0.4002399520996289, 0.3949141101195262, 0.3940579619927284, 0.3770081328275876, 0.3796222442999864, 0.37981692032936293, 0.3760251643565985, 0.3589854328296123, 0.3669170571061281, 0.35884397228558856, 0.350321206335838, 0.35804089254293686, 0.3634347296678103, 0.3561048347216386, 0.34051702534541106, 0.3441148257026306, 0.33596225541371566, 0.33570348299466646, 0.340374846297961, 0.329969578064405, 0.33408207427232695, 0.319468817458703, 0.3275944221860323, 0.33053020387887955, 0.3156494297660314, 0.31180501500001323, 0.30415907215613586, 0.3079321514337491, 0.30185326551779723, 0.30488284008625227, 0.29648071890458083, 0.307913380746658, 0.2978877558922156, 0.31593621464876026, 0.29830156916227096, 0.2961525995379839, 0.29791220965293735, 0.2911258823214433, 0.28375591547825396, 0.31702201278545916, 0.28637084040122157, 0.2844972257048656, 0.2813110859730305], "test_losses": [2.3034419279832106, 2.301500387680836, 2.2990557505534244, 2.296514401069054, 2.293824632962545, 2.2908786902060876, 2.2875663133767934, 2.2837282113539867, 2.2792092194923987, 2.2737770814162035, 2.267142885770553, 2.2589777371822257, 2.2487562833688197, 2.235944683735187, 2.2195757658053665, 2.198544367765769, 2.1714643026009584, 2.1368361008472934, 2.0927712611663036, 2.037514784397223, 1.9684745012185512, 1.8816230694452922, 1.7724149059026668, 1.6382553027226374, 1.4847980370888343, 1.3266716400782268, 1.1810853389593272, 1.058678170809379, 0.9618766185564872, 0.8865279631736951, 0.825594418323957, 0.7760570160089395, 0.7344831721140788, 0.6988983796193049, 0.66773733152793, 0.6389868079851835, 0.6139659684820052, 0.5910337851979793, 0.5700645055144261, 0.5517325366918857, 0.5338028856577017, 0.5184792859049944, 0.5039754987527163, 0.49138570634218365, 0.4795117072570018, 0.468677417972149, 0.45897923276210445, 0.45005691366700024, 0.44196348503614086, 0.43470089787091964, 0.42702663842684185, 0.4198797022302945, 0.41404739662240714, 0.40854023616665447, 0.40324012390696085, 0.39779821534951526, 0.39281365198966783, 0.38793245836710316, 0.38328366721860874, 0.37891152162009323, 0.37475888946881664, 0.37049044606586296, 0.3669029517720143, 0.36434124992826045, 0.3606349357809776, 0.35657107156629747, 0.35378137049384606, 0.35070953962321466, 0.34805088012646407, 0.3439415280157939, 0.34200654732875335, 0.33958574121770185, 0.336341166200164, 0.3335131347083893, 0.3313330213706463, 0.32883286791352123, 0.3263986265907685, 0.3243048765147344, 0.32238115470569867, 0.3203755824898298, 0.31737211671395177, 0.3158441150131134, 0.31355331785594803, 0.3110057537276775, 0.3085070224478841, 0.30680792248592925, 0.3046034049624816, 0.3027296861490378, 0.30089977154364955, 0.29948879338991946, 0.297323568079334, 0.2959244128985283, 0.2929908690544275, 0.2913548489316152, 0.29013831545718205, 0.2875919441859692, 0.2866880716039584, 0.28481819442449474, 0.28289195088048774, 0.2812761193953263, 0.27997965413408404], "train_accuracies": [0.08543669871794872, 0.09044471153846154, 0.19501201923076922, 0.27133413461538464, 0.31640625, 0.3492588141025641, 0.36338141025641024, 0.3729967948717949, 0.3815104166666667, 0.39633413461538464, 0.39513221153846156, 0.3915264423076923, 0.3766025641025641, 0.3742988782051282, 0.3618790064102564, 0.34775641025641024, 0.3505608974358974, 0.36047676282051283, 0.3801081730769231, 0.4167668269230769, 0.4680488782051282, 0.4973958333333333, 0.5355568910256411, 0.5462740384615384, 0.594551282051282, 0.6417267628205128, 0.6897035256410257, 0.7152443910256411, 0.7313701923076923, 0.7567107371794872, 0.7621193910256411, 0.7822516025641025, 0.7845552884615384, 0.7940705128205128, 0.8041866987179487, 0.8101963141025641, 0.8235176282051282, 0.8225160256410257, 0.8319310897435898, 0.8415464743589743, 0.8391426282051282, 0.8467548076923077, 0.8544671474358975, 0.8560697115384616, 0.8564703525641025, 0.8589743589743589, 0.8631810897435898, 0.8646834935897436, 0.8701923076923077, 0.8687900641025641, 0.8733974358974359, 0.875801282051282, 0.8791065705128205, 0.8850160256410257, 0.8847155448717948, 0.8883213141025641, 0.8905248397435898, 0.8873197115384616, 0.8854166666666666, 0.8897235576923077, 0.8890224358974359, 0.8927283653846154, 0.8943309294871795, 0.8901241987179487, 0.8941306089743589, 0.8944310897435898, 0.8954326923076923, 0.8989383012820513, 0.8957331730769231, 0.8998397435897436, 0.8948317307692307, 0.8980368589743589, 0.9055488782051282, 0.9026442307692307, 0.9067508012820513, 0.9034455128205128, 0.9010416666666666, 0.9057491987179487, 0.9038461538461539, 0.9040464743589743, 0.9084535256410257, 0.9045472756410257, 0.9089543269230769, 0.9107572115384616, 0.9106570512820513, 0.9130608974358975, 0.9168669871794872, 0.9130608974358975, 0.9158653846153846, 0.9115584935897436, 0.9154647435897436, 0.9091546474358975, 0.917167467948718, 0.9142628205128205, 0.9164663461538461, 0.9150641025641025, 0.9182692307692307, 0.9120592948717948, 0.9207732371794872, 0.9200721153846154, 0.9153645833333334],