{"testproblem": "mnist_mlp", "batch_size": 128, "num_epochs": 100, "random_seed": 47, "weight_decay": null, "optimizer_name": "SGD", "optimizer_hyperparams": {"lr": 0.01, "momentum": 0.99}, "train_losses": [2.302263391323579, 0.14271276253156173, 0.07881592345447877, 0.05783792874083305, 0.034732760168994084, 0.03315372827152411, 0.030985695047256272, 0.02408453110509958, 0.02141963389630501, 0.018181870142236736, 0.018482495051545974, 0.013142112594766494, 0.011930570436211733, 0.009033346620316688, 0.01176755760724728, 0.0072657921566413, 0.013814806723250793, 0.00717455139144873, 0.0035571207125217486, 0.003022043726956233, 0.012843782249360513, 0.003214409861427087, 0.0036674877389883385, 0.0015654023259113997, 0.006835502954438711, 0.0030508509431129848, 0.0123239566022769, 0.011809972950663323, 0.0022333467092651585, 0.001330274563187208, 0.0016555383992500794, 0.003405142193421339, 0.0007717896921512408, 0.0026849712698887554, 0.0007539059584721541, 0.0007519134057637972, 0.00022580589239413923, 6.184483376833108e-05, 2.7851894115790343e-05, 3.276087152652251e-05, 1.824231675037971e-05, 1.3260887219355656e-05, 1.1862518313603523e-05, 1.1273492605258258e-05, 1.1981870883550399e-05, 6.517538657555213e-06, 1.1941656852379823e-05, 8.280747211896456e-06, 8.775016818291102e-06, 7.365854122699835e-06, 7.393268438485952e-06, 6.565776390907092e-06, 6.796505588751573e-06, 8.502975106239319e-06, 7.235660002781795e-06, 5.377695346489931e-06, 5.8785080909729e-06, 5.945181235288962e-06, 5.1750013461479775e-06, 6.2937346788553095e-06, 4.616303321642753e-06, 4.14319145373809e-06, 5.3185683030348555e-06, 4.692910573421381e-06, 4.048912953107785e-06, 3.9800428427182714e-06, 4.31522344931578e-06, 4.004209469526242e-06, 3.467481105755537e-06, 3.6883239562694844e-06, 3.6567067488645894e-06, 4.4440802855369375e-06, 3.635883331298828e-06, 3.1814934351505376e-06, 3.4611767683273706e-06, 2.7982661357292763e-06, 3.0235029183901274e-06, 2.8911118323986348e-06, 3.8819435315254405e-06, 3.832464034740741e-06, 2.8439248219514507e-06, 3.057603652660663e-06, 3.145100214542487e-06, 2.8198537154075425e-06, 2.8311251065669917e-06, 3.481809145365006e-06, 2.447993327409793e-06, 3.1154889326829175e-06, 2.60923153314835e-06, 3.6239432982909375e-06, 2.606365925226456e-06, 2.5134247082930346e-06, 1.8808895196670142e-06, 3.036207113510523e-06, 2.5445643143776137e-06, 2.1225557877467227e-06, 2.1495880224765874e-06, 2.2337413751162016e-06, 2.7848932987604385e-06, 1.8002704167977358e-06, 1.7023621461330315e-06], "test_losses": [2.3023106104288344, 0.16660874157857436, 0.10443114723341587, 0.09119447024586873, 0.07884766875455777, 0.08557441169157243, 0.08348563597656977, 0.08591739329485557, 0.09404670100850172, 0.07956123251754504, 0.09474517046832122, 0.09151064621236844, 0.08361287352939446, 0.0969180509639092, 0.09754737865370817, 0.08903105996358089, 0.1064658151127589, 0.08000342949078633, 0.09020211671789487, 0.10657154164539698, 0.11936670372214837, 0.08732966739588822, 0.09239279579084653, 0.09376801144427215, 0.10375616876169658, 0.09985215259859195, 0.10572547556307071, 0.09535770777326363, 0.09666324206269704, 0.09496856528597, 0.08964271451800297, 0.11230764776850358, 0.09712453387104548, 0.10004640762240459, 0.10265021107326715, 0.10330914791959983, 0.09853389367270164, 0.09717145242179051, 0.10092517270300633, 0.09983580277707332, 0.09972354483145934, 0.09970031755092816, 0.09982033847616269, 0.0998945727180212, 0.1000729635453377, 0.10023948311423644, 0.10041093764205773, 0.10058835578652528, 0.10079278324085933, 0.10096934089102806, 0.10114473462677918, 0.1013232487707566, 0.10150982630558503, 0.10167836598478831, 0.10182514729408118, 0.10198180845532662, 0.10213950231002691, 0.10229273283710846, 0.102456769762704, 0.1025837856129958, 0.1027066352036901, 0.10286747377652389, 0.10300758681618251, 0.1031407299809731, 0.10327003413859086, 0.10341188547989497, 0.10353940543838036, 0.10364975231007123, 0.10379123506255639, 0.10391401621298148, 0.10403364820358081, 0.10416201533128817, 0.10427937143219587, 0.10438634252223448, 0.10449863583422624, 0.10460911199259453, 0.1046970772724121, 0.10481015788630033, 0.10492454249507342, 0.10502709839970638, 0.10512742789414449, 0.10522993756696963, 0.10532471477889861, 0.10542390333154263, 0.10552455246066436, 0.10562086172210865, 0.1057127805856558, 0.10580325518281032, 0.10590001916847168, 0.1059938322704954, 0.10609026699780653, 0.10616925234595935, 0.10625964825829634, 0.10634261818650441, 0.10643379528744099, 0.10652274846170957, 0.10660345494174041, 0.10667760512576653, 0.10676784171030307, 0.10684989631558076, 0.10693318743067674], "train_accuracies": [0.11127804487179487, 0.9586338141025641, 0.9768629807692307, 0.9823717948717948, 0.9885817307692307, 0.989082532051282, 0.9900841346153846, 0.9928886217948718, 0.9935897435897436, 0.9937900641025641, 0.9938902243589743, 0.9961939102564102, 0.99609375, 0.9969951923076923, 0.9965945512820513, 0.9975961538461539, 0.9951923076923077, 0.9976963141025641, 0.9988982371794872, 0.9989983974358975, 0.9959935897435898, 0.9988982371794872, 0.9984975961538461, 0.9995993589743589, 0.9979967948717948, 0.999198717948718, 0.9979967948717948, 0.9958934294871795, 0.9994991987179487, 0.9995993589743589, 0.9997996794871795, 0.9984975961538461, 0.9996995192307693, 0.9989983974358975, 0.9997996794871795, 0.9997996794871795, 0.9998998397435898, 1.0, 1.0, 1.0, 1.0, 1.0, 1.0, 1.0, 1.0, 1.0, 1.0, 1.0, 1.0, 1.0, 1.0, 1.0, 1.0, 1.0, 1.0, 1.0, 1.0, 1.0, 1.0, 1.0, 1.0, 1.0, 1.0, 1.0, 1.0, 1.0, 1.0, 1.0, 1.0, 1.0, 1.0, 1.0, 1.0, 1.0, 1.0, 1.0, 1.0, 1.0, 1.0, 1.0, 1.0, 1.0, 1.0, 1.0, 1.0, 1.0, 1.0, 1.0, 1.0, 1.0, 1.0, 1.0, 1.0, 1.0, 1.0, 1.0, 1.0, 1.0, 1.0, 1.0, 1.0], "test_accuracies": [0.11848958333333333, 0.9502203525641025, 0.9686498397435898, 0.9720552884615384, 0.9768629807692307, 0.9769631410256411, 0.9764623397435898, 0.9777644230769231, 0.9772636217948718, 0.9794671474358975, 0.9791666666666666, 0.9791666666666666, 0.9810697115384616, 0.9782652243589743, 0.9799679487179487, 0.9826722756410257, 0.9783653846153846, 0.9826722756410257, 0.9819711538461539, 0.9811698717948718, 0.9784655448717948, 0.9828725961538461, 0.9829727564102564, 0.983573717948718, 0.9820713141025641, 0.9821714743589743, 0.9801682692307693, 0.9798677884615384, 0.9828725961538461, 0.983573717948718, 0.9855769230769231, 0.9817708333333334, 0.9850761217948718, 0.9834735576923077, 0.9837740384615384, 0.9837740384615384, 0.9849759615384616, 0.9853766025641025, 0.9854767628205128, 0.9856770833333334, 0.9859775641025641, 0.9859775641025641, 0.9858774038461539, 0.9860777243589743, 0.9859775641025641, 0.9860777243589743, 0.9860777243589743, 0.9860777243589743, 0.9860777243589743, 0.9860777243589743, 0.9860777243589743, 0.9860777243589743, 0.9860777243589743, 0.9860777243589743, 0.9860777243589743, 0.9860777243589743, 0.9860777243589743, 0.9861778846153846, 0.9861778846153846, 0.9861778846153846, 0.9861778846153846, 0.9861778846153846, 0.9861778846153846, 0.9862780448717948, 0.9862780448717948, 0.9862780448717948, 0.9862780448717948, 0.9862780448717948, 0.9862780448717948, 0.9862780448717948, 0.9862780448717948, 0.9862780448717948, 0.9862780448717948, 0.9862780448717948, 0.9862780448717948, 0.9862780448717948, 0.9862780448717948, 0.9862780448717948, 0.9862780448717948, 0.9862780448717948, 0.9862780448717948, 0.9861778846153846, 0.9861778846153846, 0.9861778846153846, 0.9861778846153846, 0.9861778846153846, 0.9862780448717948, 0.9862780448717948, 0.9863782051282052, 0.9863782051282052, 0.9864783653846154, 0.9864783653846154, 0.9864783653846154, 0.9864783653846154, 0.9865785256410257, 0.9865785256410257, 0.9865785256410257, 0.9865785256410257, 0.9865785256410257, 0.9865785256410257, 0.9865785256410257], "analyzable_training_params": {"lr_sched_epochs": null, "lr_sched_factors": null}}