{"testproblem": "mnist_mlp", "batch_size": 128, "num_epochs": 100, "random_seed": 51, "weight_decay": null, "optimizer_name": "SGD", "optimizer_hyperparams": {"lr": 0.01, "momentum": 0.99}, "train_losses": [2.3024097161415296, 0.16121902932914403, 0.0786730898782993, 0.06300922779318614, 0.04507321766458261, 0.04738176649866196, 0.022934942434613522, 0.019599823305049002, 0.013937261457053514, 0.015209608329221224, 0.01108344699232242, 0.009717492744899713, 0.01055781490718707, 0.005262666907256994, 0.006030628959146829, 0.022941364930608332, 0.006358123957537687, 0.004691646935848089, 0.006648490874048991, 0.00628265958183851, 0.005534157300224671, 0.00425733005007108, 0.004586644040850492, 0.0027380122874791804, 0.005331192882015155, 0.0018086080940870137, 0.002762577806909879, 0.002354353761825806, 0.002691677031226647, 0.0038250327969972906, 0.00423516158778698, 0.0048478073559892485, 0.0036042557360652164, 0.0009380183540857756, 0.0013172035702528097, 0.002177844015069497, 0.0031252183640996614, 0.0015639010816812515, 0.0008933097601701051, 0.0006813075011357283, 0.001272046508697363, 0.0008208498072165709, 0.00044388161637844186, 0.0007375449610826296, 0.0006555292086723524, 0.002004043557322942, 0.001013237075545849, 0.00204904172091912, 0.00048244333802125393, 0.0005793057095545989, 0.002623178733464999, 0.004935567553799886, 0.003358343854928628, 0.004964646620628161, 0.0017676819115877151, 0.0003688342105119656, 0.0009399191595804997, 0.00010668701277329371, 4.215715214228019e-05, 5.843552450338999e-05, 2.407650343882732e-05, 1.3939940776580419e-05, 1.3116842661148463e-05, 9.329082109989264e-06, 7.257152062195998e-06, 9.341690784845598e-06, 9.259113516563024e-06, 7.60006981018262e-06, 6.397183124835675e-06, 9.22138301225809e-06, 6.2494132763300186e-06, 6.234703155664297e-06, 5.484964603032821e-06, 5.157234577032236e-06, 6.658240006520198e-06, 5.264694874103253e-06, 5.078430359180157e-06, 4.292967227789072e-06, 4.856823346553705e-06, 3.389250009487837e-06, 4.468342432608972e-06, 4.290961302243746e-06, 3.56137752532959e-06, 3.82081056252504e-06, 3.264500544621394e-06, 2.9508119974380884e-06, 5.915378912901267e-06, 3.926933575899173e-06, 2.599583986477974e-06, 3.1557984841175567e-06, 2.4185730860783506e-06, 3.5694967477749556e-06, 2.9567342538100024e-06, 2.5007205131726387e-06, 3.1501627885378325e-06, 2.689659595489502e-06, 2.67370771139096e-06, 3.253802275046324e-06, 2.3980362293047783e-06, 2.877452434637608e-06, 1.970869608414479e-06], "test_losses": [2.30233341608292, 0.1741849698174076, 0.12350815159674638, 0.101399722461326, 0.08795994460487212, 0.09338991716504097, 0.07134255582992083, 0.07766134236963132, 0.0801620745123961, 0.09054343232837243, 0.08680747844613133, 0.07160756588937381, 0.09102832275227858, 0.08193098046840766, 0.08716675603332427, 0.10096463336585423, 0.09375092838532649, 0.10034848038011636, 0.09460659499447314, 0.11474224612212335, 0.09750764778791329, 0.10320970829194173, 0.09343049202400905, 0.09917589439413486, 0.11504451042184463, 0.09952414671006875, 0.10266785189891472, 0.11260866335569283, 0.13088060738757634, 0.10572225992114116, 0.12376295913679478, 0.10810723203497055, 0.11315966705576731, 0.11054559548695882, 0.12465527429221532, 0.10183547718975788, 0.1181254427259167, 0.12007106262712906, 0.09917577862357482, 0.10976114912101856, 0.11805608949791162, 0.1045192769036079, 0.11528079388424373, 0.12816486932719365, 0.10560902525694707, 0.11218018863254632, 0.11657345237640235, 0.11733408592259273, 0.11279483426075715, 0.12593049255128091, 0.12413058382196304, 0.12068555613931937, 0.11822754297501002, 0.1178822963952254, 0.12370857092528006, 0.11175806877704766, 0.12080734270887497, 0.10888185786704223, 0.09826334694830272, 0.096612948542222, 0.09730617787975532, 0.09745922646461389, 0.09807657273725057, 0.09849418069307621, 0.09883121152718861, 0.09913425687222908, 0.09941970179669368, 0.0996812004595995, 0.09997448153220691, 0.10021113838331822, 0.10043010043983276, 0.10069671349647717, 0.10092725351643868, 0.10116646505701236, 0.10133450139218415, 0.10154896539946397, 0.10173339339403006, 0.1019137112949139, 0.10208488656924321, 0.10227333018795037, 0.10243982687974587, 0.10259056893678811, 0.10276639017348106, 0.10292690228193234, 0.10308143840386318, 0.10322600827576259, 0.10335127565150078, 0.10350112731640156, 0.10362464485642238, 0.10375783406198025, 0.10388031554145691, 0.10399469093252452, 0.10413877833157013, 0.10425169106859428, 0.10437908458213012, 0.10448288597548619, 0.10459183915876426, 0.10470537812663959, 0.10482494318141387, 0.10491571914500152, 0.10503054352907035], "train_accuracies": [0.11017628205128205, 0.9530248397435898, 0.9753605769230769, 0.9794671474358975, 0.9831730769230769, 0.9840745192307693, 0.9918870192307693, 0.9932892628205128, 0.9945913461538461, 0.9946915064102564, 0.9966947115384616, 0.9962940705128205, 0.9961939102564102, 0.9982972756410257, 0.9983974358974359, 0.9933894230769231, 0.9984975961538461, 0.9982972756410257, 0.9980969551282052, 0.9979967948717948, 0.9984975961538461, 0.9985977564102564, 0.9983974358974359, 0.9988982371794872, 0.9982972756410257, 0.9992988782051282, 0.9992988782051282, 0.9994991987179487, 0.9990985576923077, 0.9985977564102564, 0.9986979166666666, 0.9979967948717948, 0.9986979166666666, 0.9996995192307693, 0.9994991987179487, 0.9994991987179487, 0.9990985576923077, 0.9994991987179487, 0.9995993589743589, 0.9997996794871795, 0.9994991987179487, 0.9996995192307693, 0.9997996794871795, 0.9995993589743589, 0.9997996794871795, 0.9994991987179487, 0.9995993589743589, 0.9992988782051282, 0.9997996794871795, 0.9997996794871795, 0.999198717948718, 0.9990985576923077, 0.9987980769230769, 0.9989983974358975, 0.9993990384615384, 0.9998998397435898, 0.9995993589743589, 1.0, 1.0, 1.0, 1.0, 1.0, 1.0, 1.0, 1.0, 1.0, 1.0, 1.0, 1.0, 1.0, 1.0, 1.0, 1.0, 1.0, 1.0, 1.0, 1.0, 1.0, 1.0, 1.0, 1.0, 1.0, 1.0, 1.0, 1.0, 1.0, 1.0, 1.0, 1.0, 1.0, 1.0, 1.0, 1.0, 1.0, 1.0, 1.0, 1.0, 1.0, 1.0, 1.0, 1.0], "test_accuracies": [0.11137820512820513, 0.9496193910256411, 0.9639423076923077, 0.9705528846153846, 0.9733573717948718, 0.9742588141025641, 0.9795673076923077, 0.9786658653846154, 0.9788661858974359, 0.9769631410256411, 0.9787660256410257, 0.9810697115384616, 0.9771634615384616, 0.9801682692307693, 0.9809695512820513, 0.9789663461538461, 0.9819711538461539, 0.9803685897435898, 0.9810697115384616, 0.98046875, 0.9816706730769231, 0.9811698717948718, 0.9824719551282052, 0.9815705128205128, 0.9793669871794872, 0.9834735576923077, 0.9831730769230769, 0.9821714743589743, 0.9807692307692307, 0.9828725961538461, 0.9814703525641025, 0.9820713141025641, 0.9803685897435898, 0.9816706730769231, 0.9821714743589743, 0.9834735576923077, 0.9820713141025641, 0.981270032051282, 0.9825721153846154, 0.9816706730769231, 0.9819711538461539, 0.9834735576923077, 0.9824719551282052, 0.981270032051282, 0.983573717948718, 0.9834735576923077, 0.9832732371794872, 0.983573717948718, 0.9833733974358975, 0.9828725961538461, 0.981270032051282, 0.9817708333333334, 0.9814703525641025, 0.9823717948717948, 0.9813701923076923, 0.9831730769230769, 0.9815705128205128, 0.9827724358974359, 0.983573717948718, 0.9845753205128205, 0.9848758012820513, 0.9844751602564102, 0.9849759615384616, 0.9847756410256411, 0.9848758012820513, 0.9848758012820513, 0.9847756410256411, 0.9847756410256411, 0.9847756410256411, 0.9846754807692307, 0.9848758012820513, 0.9848758012820513, 0.9847756410256411, 0.9847756410256411, 0.9847756410256411, 0.9846754807692307, 0.9846754807692307, 0.9846754807692307, 0.9846754807692307, 0.9845753205128205, 0.9846754807692307, 0.9846754807692307, 0.9845753205128205, 0.9845753205128205, 0.9845753205128205, 0.9844751602564102, 0.9844751602564102, 0.9844751602564102, 0.9844751602564102, 0.9844751602564102, 0.984375, 0.984375, 0.984375, 0.9844751602564102, 0.9844751602564102, 0.9844751602564102, 0.9844751602564102, 0.9845753205128205, 0.9844751602564102, 0.9845753205128205, 0.9845753205128205],