{"testproblem": "mnist_mlp", "batch_size": 128, "num_epochs": 100, "random_seed": 49, "weight_decay": null, "optimizer_name": "SGD", "optimizer_hyperparams": {"lr": 0.01, "momentum": 0.99}, "train_losses": [2.30161399107713, 0.16056058928370476, 0.08032896181043142, 0.05380633110419298, 0.046775089242519476, 0.035079213265234076, 0.023416423191053744, 0.032340385330220066, 0.017913471238735396, 0.016826424007423412, 0.015601963067475038, 0.012324804416260658, 0.011203666671346396, 0.00435063677529494, 0.007667730013147378, 0.010397687434959106, 0.009226147419749161, 0.00398963673088031, 0.009894876358791804, 0.004557353659318044, 0.006617029913916037, 0.005132687994493888, 0.0021269716417942294, 0.008173169424900642, 0.0026253781353051844, 0.001697283047132003, 0.002526807861450391, 0.0017756032160459422, 0.005808179911512595, 0.0030203300934189404, 0.006781585132464385, 0.0034020421310113026, 0.0023238005068821786, 0.0037675355202876604, 0.0014267569551101099, 0.000724837995874576, 0.00017840157334621137, 0.0003250061701505612, 4.2456321609325896e-05, 0.00021758054693539938, 1.886291190599784e-05, 1.3326318600238898e-05, 1.0169851474272899e-05, 8.339110093239025e-06, 9.667605925828982e-06, 9.893797911130465e-06, 7.80878158716055e-06, 6.83858226507138e-06, 7.334714516615256e-06, 7.672092089286218e-06, 6.156089978340345e-06, 6.393171273745023e-06, 7.315992544858884e-06, 6.966770459444095e-06, 6.425170562206171e-06, 5.354674962850718e-06, 5.710392426221799e-06, 5.266032157800137e-06, 4.458599365674532e-06, 5.726678631244562e-06, 3.7463047565558018e-06, 4.788717398276696e-06, 3.692813408680451e-06, 4.8443101919614355e-06, 3.6363609326191436e-06, 3.4793256184993647e-06, 3.972878822913537e-06, 3.86541852584252e-06, 4.30605350396572e-06, 3.1919051439334185e-06, 3.601687076764229e-06, 3.422013460061489e-06, 4.0560769729125195e-06, 3.0970535217187344e-06, 2.3911587702922334e-06, 3.3502777417500815e-06, 3.503110164251083e-06, 2.9045801896315356e-06, 2.5734114341246777e-06, 3.83547292305873e-06, 2.9054398720081035e-06, 3.0515858760246865e-06, 2.794922926487067e-06, 2.9880649004227075e-06, 2.5504865707495273e-06, 2.9881604206867705e-06, 3.0191089862432236e-06, 2.4201014103033604e-06, 3.2896223740699966e-06, 2.758720746407142e-06, 2.4444590776394575e-06, 2.494798256800725e-06, 2.2170253289051543e-06, 2.8675183271750425e-06, 2.6403233791008974e-06, 2.5179141607040015e-06, 2.235460739869338e-06, 2.2076643430269682e-06, 2.2008824042784863e-06, 1.980039553764539e-06, 2.0405994011805606e-06], "test_losses": [2.3016913945858297, 0.16278115308915192, 0.09747099105077676, 0.08492599308299713, 0.09387578956114176, 0.08586305234199151, 0.0902223577722907, 0.10929743429789177, 0.09059364384470078, 0.08640512024076322, 0.089215266589935, 0.08912896971480969, 0.08373543457725109, 0.09335013517202476, 0.08970282699626225, 0.08670729740212361, 0.09430043673954713, 0.08022245291907054, 0.10567582436861137, 0.089052085716946, 0.11204195621972665, 0.09379602920932648, 0.10357582299277568, 0.11339713716640687, 0.11171052841326365, 0.09805527057212132, 0.10522381254495719, 0.10690952192705411, 0.11466154809563588, 0.10754274438398007, 0.10070962626009415, 0.09507489760812277, 0.08827148788632491, 0.1136367150510733, 0.09874761935610038, 0.09931998647367343, 0.09863278630356757, 0.08853614206115405, 0.09101648717067945, 0.08812058401795533, 0.0867962750295798, 0.08679838746021955, 0.08713775042157906, 0.08745957411921178, 0.08785951713052316, 0.08815211007514825, 0.08849722552949037, 0.08882194344336405, 0.08911265227466057, 0.08939750838833742, 0.08966816880573066, 0.08992842904841289, 0.09021240219664879, 0.09045001725928906, 0.0906854671641038, 0.09094229130408703, 0.09117446173555575, 0.09139668540312694, 0.09161052700036611, 0.09182955570614491, 0.09201366793459807, 0.09224051693215585, 0.09243187346519569, 0.09264259854665934, 0.09280062349847494, 0.0929942429304505, 0.09316121256695344, 0.09334115020166604, 0.09350972870985667, 0.0936635284183117, 0.0938270179889141, 0.0939842347915356, 0.09413009428252013, 0.09428113049421555, 0.09443686668498394, 0.09458428143690793, 0.09470854561107281, 0.09484419666039638, 0.09499206771262181, 0.09513690322637558, 0.09524970931502488, 0.09538878008532219, 0.09550605857601532, 0.09563494239671108, 0.09574342925005998, 0.09586989172758201, 0.09599297851897202, 0.09610876760994777, 0.096218408873448, 0.09633003051082294, 0.09644380961664212, 0.09655478310126525, 0.09666166043816468, 0.09676138106255959, 0.09687448121034183, 0.09697002745591678, 0.09707077731115696, 0.09717407822608948, 0.09726409260661174, 0.09736455905322845, 0.09746011738211681], "train_accuracies": [0.08964342948717949, 0.9513221153846154, 0.9738581730769231, 0.9819711538461539, 0.9853766025641025, 0.989082532051282, 0.992988782051282, 0.9888822115384616, 0.9950921474358975, 0.9947916666666666, 0.9950921474358975, 0.9957932692307693, 0.9962940705128205, 0.9985977564102564, 0.9970953525641025, 0.9967948717948718, 0.996895032051282, 0.999198717948718, 0.9962940705128205, 0.9983974358974359, 0.9978966346153846, 0.9983974358974359, 0.9992988782051282, 0.9976963141025641, 0.9990985576923077, 0.9992988782051282, 0.9990985576923077, 0.9994991987179487, 0.9980969551282052, 0.9987980769230769, 0.9982972756410257, 0.9985977564102564, 0.999198717948718, 0.9990985576923077, 0.9994991987179487, 0.9995993589743589, 1.0, 0.9998998397435898, 1.0, 0.9998998397435898, 1.0, 1.0, 1.0, 1.0, 1.0, 1.0, 1.0, 1.0, 1.0, 1.0, 1.0, 1.0, 1.0, 1.0, 1.0, 1.0, 1.0, 1.0, 1.0, 1.0, 1.0, 1.0, 1.0, 1.0, 1.0, 1.0, 1.0, 1.0, 1.0, 1.0, 1.0, 1.0, 1.0, 1.0, 1.0, 1.0, 1.0, 1.0, 1.0, 1.0, 1.0, 1.0, 1.0, 1.0, 1.0, 1.0, 1.0, 1.0, 1.0, 1.0, 1.0, 1.0, 1.0, 1.0, 1.0, 1.0, 1.0, 1.0, 1.0, 1.0, 1.0], "test_accuracies": [0.08884214743589744, 0.9511217948717948, 0.9700520833333334, 0.9745592948717948, 0.9728565705128205, 0.975761217948718, 0.9758613782051282, 0.9725560897435898, 0.9772636217948718, 0.9784655448717948, 0.9779647435897436, 0.9794671474358975, 0.981270032051282, 0.9806690705128205, 0.9816706730769231, 0.9820713141025641, 0.9811698717948718, 0.9827724358974359, 0.9795673076923077, 0.9825721153846154, 0.9797676282051282, 0.9800681089743589, 0.9807692307692307, 0.9801682692307693, 0.9810697115384616, 0.9830729166666666, 0.9811698717948718, 0.9830729166666666, 0.9806690705128205, 0.9825721153846154, 0.9817708333333334, 0.9830729166666666, 0.9831730769230769, 0.9810697115384616, 0.9827724358974359, 0.9831730769230769, 0.984375, 0.9847756410256411, 0.9857772435897436, 0.9853766025641025, 0.9859775641025641, 0.9864783653846154, 0.9862780448717948, 0.9862780448717948, 0.9863782051282052, 0.9863782051282052, 0.9863782051282052, 0.9863782051282052, 0.9863782051282052, 0.9863782051282052, 0.9862780448717948, 0.9863782051282052, 0.9863782051282052, 0.9863782051282052, 0.9862780448717948, 0.9862780448717948, 0.9862780448717948, 0.9863782051282052, 0.9863782051282052, 0.9863782051282052, 0.9863782051282052, 0.9863782051282052, 0.9863782051282052, 0.9863782051282052, 0.9863782051282052, 0.9863782051282052, 0.9863782051282052, 0.9863782051282052, 0.9863782051282052, 0.9864783653846154, 0.9864783653846154, 0.9864783653846154, 0.9864783653846154, 0.9865785256410257, 0.9865785256410257, 0.9865785256410257, 0.9865785256410257, 0.9865785256410257, 0.9865785256410257, 0.9865785256410257, 0.9865785256410257, 0.9865785256410257, 0.9865785256410257, 0.9865785256410257, 0.9865785256410257, 0.9865785256410257, 0.9865785256410257, 0.9865785256410257, 0.9865785256410257, 0.9865785256410257, 0.9865785256410257, 0.9865785256410257, 0.9865785256410257, 0.9865785256410257, 0.9865785256410257, 0.9865785256410257, 0.9865785256410257, 0.9865785256410257, 0.9866786858974359, 0.9866786858974359, 0.9866786858974359], "analyzable_training_params": {"lr_sched_epochs": null, "lr_sched_factors": null}}