{"testproblem": "mnist_mlp", "batch_size": 128, "num_epochs": 100, "random_seed": 42, "weight_decay": null, "optimizer_hyperparams": {"lr": 0.01, "momentum": 0.99}, "train_losses": [2.3034798334806394, 0.139519557929956, 0.08026619422703217, 0.047229270928372175, 0.04010128313436722, 0.030042110154261954, 0.033937692284010924, 0.02684938783446948, 0.011880911456850858, 0.019050946769615013, 0.012965869373426987, 0.01954855442715761, 0.013023718952750549, 0.008469689900103288, 0.005622483718280609, 0.0042262739764574245, 0.005041229156538462, 0.007276313570447457, 0.00701672660234647, 0.0028267006556957196, 0.01322336308658123, 0.006738300459125103, 0.004035395283538561, 0.0025114284064143132, 0.0037261401183712175, 0.0033914689452220234, 0.008860288832623225, 0.005430563758963194, 0.0035028538833826017, 0.00531466118991375, 0.0021217415491357828, 0.004682534684737523, 0.0020077312126373635, 0.0008693595345203693, 0.0008783977096661543, 0.0022386194994816412, 0.0044860466120716855, 0.00218152818389428, 0.006532092507068927, 0.0017335202115086408, 0.0008006456952828628, 0.004394047917463841, 0.0021243224589106366, 0.00018720238063579952, 0.00021612954636414847, 2.7915797172448572e-05, 2.3483513639523433e-05, 1.7388126788995203e-05, 1.1243594762606499e-05, 1.4578445981710385e-05, 9.372257269345797e-06, 9.099260354653383e-06, 8.353724693640685e-06, 7.4017219818555395e-06, 9.248128686195765e-06, 9.165933498969445e-06, 1.0277168490947821e-05, 5.867045659285325e-06, 6.068497896194458e-06, 6.6867528053430414e-06, 5.684410914396628e-06, 5.546002051769159e-06, 4.67762733117128e-06, 4.829695591559777e-06, 5.246928104987512e-06, 4.7267247468997275e-06, 4.680683979621301e-06, 4.420868861369598e-06, 5.941838026046753e-06, 3.890731395819248e-06, 3.445033843700702e-06, 3.413034555239555e-06, 4.960367312798133e-06, 3.3065294608091695e-06, 3.24176672177437e-06, 3.064194550881019e-06, 2.9643758749350523e-06, 3.735702007244795e-06, 2.8082957634559043e-06, 2.4823806224725186e-06, 3.1957259544959434e-06, 4.587742762687879e-06, 2.812594175338745e-06, 2.133349577585856e-06, 2.1360241449796236e-06, 2.209001626723852e-06, 2.2221834231645635e-06, 1.726910853997255e-06, 3.669888545305301e-06, 3.634928128658197e-06, 2.5105591003711406e-06, 2.023310233385135e-06, 2.3855230747125088e-06, 2.3809381020374785e-06, 2.3624071708092324e-06, 2.1256124361967427e-06, 2.136883827356192e-06, 2.876974833317292e-06, 2.4003287156422934e-06, 2.837716004787347e-06, 2.0550229610540928e-06], "test_losses": [2.3034419279832106, 0.15092645774189478, 0.09709137990975227, 0.07490858137129973, 0.08529370968253949, 0.07998998549122077, 0.0850091109243341, 0.09003089205958904, 0.07245347777811381, 0.09031323362619449, 0.0891644652479161, 0.09852638343969981, 0.08191904697853786, 0.09122292587581353, 0.08788732577783939, 0.08607620724405234, 0.10249516582832886, 0.09582782173768067, 0.09628784412947985, 0.09438844712880942, 0.10316534667538527, 0.10516983518997829, 0.09843186692645152, 0.08672023027275617, 0.09511435105919074, 0.11134081625212462, 0.12577200957979912, 0.099936448992827, 0.10792937461668864, 0.11961784440641984, 0.10213535548880315, 0.11468508261709641, 0.0893966348316425, 0.10155782657556045, 0.10174718055014427, 0.10531988338782237, 0.11284965840287697, 0.10750163045640175, 0.12408096675211802, 0.1027665868974649, 0.09834735986227408, 0.0932182073354339, 0.10646904546480912, 0.0858984887599945, 0.09874084940514503, 0.08779079605562565, 0.08987109105174358, 0.09014561208776939, 0.09031885919662622, 0.0906051363891516, 0.09094369411468506, 0.0912237651168536, 0.09152162805772744, 0.09183804900982441, 0.09206727400231056, 0.0923411247248833, 0.0925462638051846, 0.09278366819788249, 0.09298719155291717, 0.09324630755835618, 0.0934150587194241, 0.09366320212108967, 0.0938486521347211, 0.09404775142096557, 0.0942081024344915, 0.09440061798653542, 0.09457063861191273, 0.09470844908784597, 0.09489819331046863, 0.09504741167601867, 0.09520239397310294, 0.09534826401907665, 0.09550444767452203, 0.0956302587993634, 0.0957795838610484, 0.0959144145823442, 0.09603203374605912, 0.0961765510818133, 0.09629556202353576, 0.09643217921257019, 0.0965453306069741, 0.09667150127008939, 0.09678357519591466, 0.09690089533344293, 0.09700923776015258, 0.09712254542570847, 0.09724022887456112, 0.09734257425253208, 0.09744548062101388, 0.09756392025603698, 0.0976648153975988, 0.09775499034768496, 0.09785967086179134, 0.09795460004646045, 0.0980479655166467, 0.09813772777143197, 0.09823799715974392, 0.09833509947818059, 0.0984276913297482, 0.09850985356248342, 0.09859743843284938], "train_accuracies": [0.08543669871794872, 0.9537259615384616, 0.9761618589743589, 0.9839743589743589, 0.9873798076923077, 0.9905849358974359, 0.9892828525641025, 0.9915865384615384, 0.9966947115384616, 0.9934895833333334, 0.9955929487179487, 0.9934895833333334, 0.9959935897435898, 0.9964943910256411, 0.9977964743589743, 0.9988982371794872, 0.9982972756410257, 0.9974959935897436, 0.9977964743589743, 0.9992988782051282, 0.9955929487179487, 0.9980969551282052, 0.9987980769230769, 0.9992988782051282, 0.9990985576923077, 0.9986979166666666, 0.9976963141025641, 0.9983974358974359, 0.9989983974358975, 0.9981971153846154, 0.999198717948718, 0.9984975961538461, 0.9994991987179487, 0.9997996794871795, 0.9997996794871795, 0.9994991987179487, 0.9981971153846154, 0.9993990384615384, 0.9982972756410257, 0.9992988782051282, 0.9997996794871795, 0.9989983974358975, 0.9992988782051282, 1.0, 1.0, 1.0, 1.0, 1.0, 1.0, 1.0, 1.0, 1.0, 1.0, 1.0, 1.0, 1.0, 1.0, 1.0, 1.0, 1.0, 1.0, 1.0, 1.0, 1.0, 1.0, 1.0, 1.0, 1.0, 1.0, 1.0, 1.0, 1.0, 1.0, 1.0, 1.0, 1.0, 1.0, 1.0, 1.0, 1.0, 1.0, 1.0, 1.0, 1.0, 1.0, 1.0, 1.0, 1.0, 1.0, 1.0, 1.0, 1.0, 1.0, 1.0, 1.0, 1.0, 1.0, 1.0, 1.0, 1.0, 1.0], "test_accuracies": [0.08383413461538461, 0.9548277243589743, 0.9711538461538461, 0.9786658653846154, 0.9754607371794872, 0.9776642628205128, 0.9766626602564102, 0.977363782051282, 0.9808693910256411, 0.9793669871794872, 0.9805689102564102, 0.9742588141025641, 0.9808693910256411, 0.9809695512820513, 0.9800681089743589, 0.9834735576923077, 0.9808693910256411, 0.979667467948718, 0.9810697115384616, 0.9813701923076923, 0.9803685897435898, 0.9817708333333334, 0.9825721153846154, 0.9838741987179487, 0.9824719551282052, 0.9825721153846154, 0.9800681089743589, 0.9827724358974359, 0.9820713141025641, 0.9797676282051282, 0.9829727564102564, 0.9813701923076923, 0.9839743589743589, 0.9833733974358975, 0.9838741987179487, 0.985176282051282, 0.9814703525641025, 0.9841746794871795, 0.9811698717948718, 0.9840745192307693, 0.9838741987179487, 0.9831730769230769, 0.9819711538461539, 0.9852764423076923, 0.985176282051282, 0.9855769230769231, 0.9861778846153846, 0.9862780448717948, 0.9862780448717948, 0.9863782051282052, 0.9863782051282052, 0.9862780448717948, 0.9863782051282052, 0.9862780448717948, 0.9863782051282052, 0.9864783653846154, 0.9863782051282052, 0.9864783653846154, 0.9865785256410257, 0.9865785256410257, 0.9864783653846154, 0.9864783653846154, 0.9864783653846154, 0.9864783653846154, 0.9864783653846154, 0.9864783653846154, 0.9864783653846154, 0.9864783653846154, 0.9863782051282052, 0.9863782051282052, 0.9863782051282052, 0.9863782051282052, 0.9863782051282052, 0.9863782051282052, 0.9863782051282052, 0.9863782051282052, 0.9863782051282052, 0.9862780448717948, 0.9861778846153846, 0.9861778846153846, 0.9861778846153846, 0.9861778846153846, 0.9861778846153846, 0.9861778846153846, 0.9861778846153846, 0.9861778846153846, 0.9861778846153846, 0.9861778846153846, 0.9861778846153846, 0.9861778846153846, 0.9861778846153846, 0.9861778846153846, 0.9861778846153846, 0.9861778846153846, 0.9861778846153846, 0.9861778846153846, 0.9861778846153846, 0.9861778846153846, 0.9861778846153846, 0.9861778846153846, 0.9861778846153846], "analyzable_training_params": {"lr_sched_epochs": null, "lr_sched_factors": null}}