{"testproblem": "mnist_mlp", "batch_size": 128, "num_epochs": 100, "random_seed": 48, "weight_decay": null, "optimizer_name": "SGD", "optimizer_hyperparams": {"lr": 0.01, "momentum": 0.99}, "train_losses": [2.30185460127317, 0.13889767463581684, 0.09179338669547668, 0.048836162934700646, 0.04157660447825224, 0.040545821810762085, 0.02357692550867796, 0.02125541576876854, 0.02069878014616477, 0.013180100144102024, 0.01760209179841555, 0.016283518109375086, 0.013706304443379244, 0.011235830350181995, 0.005252418657525992, 0.005244186243567712, 0.005272800293870461, 0.006377255663466759, 0.004382862590062313, 0.00262436948907681, 0.004575112165930944, 0.005604749378294517, 0.007670829980037151, 0.005194569078202431, 0.0013197634178094375, 0.005079065091334856, 0.003789204817551833, 0.0014030046474475127, 0.004869623539539484, 0.002484502414098153, 0.0013711273383635741, 0.0011185650737621845, 0.0018841014840664007, 0.004733806667037499, 0.007570835164724252, 0.0018784378488094378, 0.0013381586147424502, 0.0007723415604768655, 0.0014963808636634778, 0.0018799453496168822, 0.00037026921143898595, 0.00038525958855946857, 0.001064247571122952, 0.0005395754407613706, 0.0005930920059864337, 0.0003512142082819572, 0.00026946022915534483, 4.9968273975910284e-05, 1.7825991679460574e-05, 1.0687571305495043e-05, 1.042192945113549e-05, 1.0719570593956189e-05, 6.54094112225068e-06, 9.05942840453906e-06, 6.27940663924584e-06, 6.70170172666892e-06, 5.093713601430257e-06, 4.999435100799952e-06, 4.903723796208699e-06, 5.4357716670403115e-06, 4.341969123253455e-06, 5.8200496893662675e-06, 4.003349787149674e-06, 4.272716931807689e-06, 4.198020085310324e-06, 5.385241447350918e-06, 4.376356418316181e-06, 4.10832655735505e-06, 3.525079824985602e-06, 3.528231993699685e-06, 2.834659356337327e-06, 3.7528001345120943e-06, 3.267461672807351e-06, 3.7878560714232617e-06, 3.0198731483557285e-06, 2.7724756644322324e-06, 4.096482044611222e-06, 3.3481762959406924e-06, 2.606461445490519e-06, 2.7574789829743213e-06, 3.0547380447387695e-06, 3.245396491808769e-06, 2.324294585448045e-06, 2.712488938600589e-06, 3.408258542036399e-06, 2.7125844588646523e-06, 2.6133389045030644e-06, 2.7224230460631543e-06, 2.6857432646629136e-06, 2.297930992566622e-06, 2.3329869294777895e-06, 1.9206259495172744e-06, 2.0872132900433662e-06, 2.0382113945789824e-06, 2.1216961053701548e-06, 1.980230594292665e-06, 2.0122298827538125e-06, 1.7471611499786377e-06, 2.4572587930239165e-06, 2.3881976421062764e-06, 2.1231289093311016e-06], "test_losses": [2.3016496988443227, 0.14829442024422, 0.1152930448595912, 0.08561739335075402, 0.08813931148212689, 0.09023991334610261, 0.08537838717874809, 0.08962699037809403, 0.09505746262864424, 0.09468578762159897, 0.10173955218245585, 0.09519776033285336, 0.09339543245732784, 0.09771051816642284, 0.0935344079700418, 0.08279075829359965, 0.09280684511535443, 0.09001562340805928, 0.08002179326155247, 0.08666080842988613, 0.10389567978489093, 0.11225198471966462, 0.09201581391673057, 0.09866852451784489, 0.08405671624514537, 0.10529210962928258, 0.10783264690484756, 0.10071263648569584, 0.11140667269818294, 0.11906220171696101, 0.11904857942882256, 0.10853458759494317, 0.1203432257931966, 0.13739891975927046, 0.1441748520025076, 0.11020009534863326, 0.11672422029555608, 0.11001301384889163, 0.114251636637327, 0.10574451733667117, 0.10960008184879254, 0.09933535998257306, 0.11372904651440106, 0.10257743938993184, 0.11080315685234009, 0.11277517002935593, 0.11262669590994334, 0.10919981659987034, 0.112833573602331, 0.11091439034312199, 0.11101014520495366, 0.11107721857917614, 0.11117417198152114, 0.11133796038726966, 0.11150211336998603, 0.11166828775253052, 0.11182090310523143, 0.11197678591960515, 0.11213974473186028, 0.1122740574945242, 0.11241459502623631, 0.11256072464852761, 0.11266616044136193, 0.1128048054778423, 0.1129251783952499, 0.11305811055577718, 0.11316994909579173, 0.1132758117448061, 0.11341579769475338, 0.11352348728821827, 0.11364754578337455, 0.11374837852632388, 0.11386358174375999, 0.11397383213998416, 0.11406365333077235, 0.11416404854315214, 0.11426686691359067, 0.11437923910144047, 0.11446506893023467, 0.11455842446631347, 0.11465244460850954, 0.11473530712418067, 0.11483212937720311, 0.11491378320333286, 0.11500526926456353, 0.11509735399904923, 0.11518074206721324, 0.1152600470978098, 0.11533875051790322, 0.11541958726369418, 0.11550804363706937, 0.11557811345809545, 0.11565667799172494, 0.11572811984194395, 0.11580049002972934, 0.11587749622189082, 0.11595538879434268, 0.11602894560648845, 0.11609502031635015, 0.11616315504010671, 0.11623443042238553], "train_accuracies": [0.10086137820512821, 0.9568309294871795, 0.9735576923076923, 0.9852764423076923, 0.9865785256410257, 0.987479967948718, 0.9918870192307693, 0.9919871794871795, 0.9940905448717948, 0.9963942307692307, 0.9947916666666666, 0.9950921474358975, 0.9954927884615384, 0.9959935897435898, 0.9983974358974359, 0.9980969551282052, 0.9981971153846154, 0.9985977564102564, 0.9985977564102564, 0.999198717948718, 0.9981971153846154, 0.9982972756410257, 0.9974959935897436, 0.9985977564102564, 0.9997996794871795, 0.9984975961538461, 0.9988982371794872, 0.9993990384615384, 0.9981971153846154, 0.999198717948718, 0.9996995192307693, 0.9997996794871795, 0.9992988782051282, 0.9993990384615384, 0.9977964743589743, 0.9992988782051282, 0.9993990384615384, 0.9996995192307693, 0.9993990384615384, 0.9993990384615384, 0.9997996794871795, 0.9998998397435898, 0.9998998397435898, 0.9997996794871795, 0.9998998397435898, 0.9998998397435898, 1.0, 1.0, 1.0, 1.0, 1.0, 1.0, 1.0, 1.0, 1.0, 1.0, 1.0, 1.0, 1.0, 1.0, 1.0, 1.0, 1.0, 1.0, 1.0, 1.0, 1.0, 1.0, 1.0, 1.0, 1.0, 1.0, 1.0, 1.0, 1.0, 1.0, 1.0, 1.0, 1.0, 1.0, 1.0, 1.0, 1.0, 1.0, 1.0, 1.0, 1.0, 1.0, 1.0, 1.0, 1.0, 1.0, 1.0, 1.0, 1.0, 1.0, 1.0, 1.0, 1.0, 1.0, 1.0], "test_accuracies": [0.10096153846153846, 0.9543269230769231, 0.9652443910256411, 0.9722556089743589, 0.9753605769230769, 0.9754607371794872, 0.9769631410256411, 0.9781650641025641, 0.9771634615384616, 0.9781650641025641, 0.9783653846153846, 0.9788661858974359, 0.9787660256410257, 0.9800681089743589, 0.9811698717948718, 0.9832732371794872, 0.9805689102564102, 0.981270032051282, 0.9823717948717948, 0.9836738782051282, 0.981270032051282, 0.9807692307692307, 0.9820713141025641, 0.9838741987179487, 0.9848758012820513, 0.9811698717948718, 0.9821714743589743, 0.9825721153846154, 0.9828725961538461, 0.9819711538461539, 0.9826722756410257, 0.9852764423076923, 0.9814703525641025, 0.9799679487179487, 0.9792668269230769, 0.9818709935897436, 0.9820713141025641, 0.9818709935897436, 0.9823717948717948, 0.9837740384615384, 0.9826722756410257, 0.9844751602564102, 0.9831730769230769, 0.9827724358974359, 0.9826722756410257, 0.9825721153846154, 0.9827724358974359, 0.9848758012820513, 0.9839743589743589, 0.984375, 0.9845753205128205, 0.9847756410256411, 0.9847756410256411, 0.9846754807692307, 0.9847756410256411, 0.9846754807692307, 0.9847756410256411, 0.9846754807692307, 0.9847756410256411, 0.9847756410256411, 0.9847756410256411, 0.9848758012820513, 0.9848758012820513, 0.9848758012820513, 0.9848758012820513, 0.9848758012820513, 0.9849759615384616, 0.9849759615384616, 0.9850761217948718, 0.985176282051282, 0.985176282051282, 0.985176282051282, 0.985176282051282, 0.9850761217948718, 0.9850761217948718, 0.9850761217948718, 0.9849759615384616, 0.9849759615384616, 0.9849759615384616, 0.9849759615384616, 0.9849759615384616, 0.9849759615384616, 0.9849759615384616, 0.9849759615384616, 0.9850761217948718, 0.9852764423076923, 0.9852764423076923, 0.9852764423076923, 0.9852764423076923, 0.9852764423076923, 0.9852764423076923, 0.9852764423076923, 0.9852764423076923, 0.9852764423076923, 0.9852764423076923, 0.9853766025641025, 0.9853766025641025, 0.9853766025641025, 0.9853766025641025, 0.9853766025641025, 0.9853766025641025], "analyzable_training_params": {"lr_sched_epochs": null, "lr_sched_factors": null}}