{"testproblem": "mnist_mlp", "batch_size": 128, "num_epochs": 100, "random_seed": 43, "weight_decay": null, "optimizer_name": "SGD", "optimizer_hyperparams": {"lr": 0.01, "momentum": 0.99}, "train_losses": [2.3020726503470006, 0.16241409314366487, 0.09148030417660873, 0.058292315962413944, 0.031616315532189146, 0.02831095447525, 0.031206409614055585, 0.021998878090809554, 0.019881130554355107, 0.015270949556277348, 0.012885218939911097, 0.013444498205223145, 0.007977109760619126, 0.0064239147095344, 0.0036618312199910483, 0.03822661771510656, 0.011799861462070392, 0.009609701708914379, 0.008497699139974056, 0.007262332102236075, 0.007886993818176098, 0.0027516261220742497, 0.0025420055653040227, 0.006343308883981827, 0.004187328215592947, 0.004989081671318183, 0.008687335782899307, 0.0031644255400468143, 0.00056836414986696, 0.00045301301930195245, 0.00015192650831662692, 6.807036697864532e-05, 0.000426970708828706, 3.392898883575048e-05, 0.0022822703019930767, 0.00016962034771075615, 4.520740073460799e-05, 6.8094103764265e-05, 1.7097554145715174e-05, 5.905425701385889e-05, 1.2480677702488043e-05, 1.290497871545645e-05, 1.3437408667344313e-05, 1.253865850277436e-05, 9.509997490124824e-06, 1.122501607124622e-05, 2.8595328330993652e-05, 8.612584609251757e-06, 8.127437188075139e-06, 7.629012450193747e-06, 5.743346917323577e-06, 7.312553815352611e-06, 6.997241423680232e-06, 7.392313235845321e-06, 7.335669719255888e-06, 7.598398205561515e-06, 6.6294406469051655e-06, 5.784038549814469e-06, 5.025225572096996e-06, 4.599730555827801e-06, 5.4899316567641036e-06, 5.164780677893223e-06, 4.730163476406e-06, 1.0500399348063347e-05, 9.543334062282856e-06, 3.547718127568563e-06, 5.193245716584034e-06, 4.954636096954346e-06, 4.022071758906047e-06, 3.815747988529694e-06, 3.021879073901054e-06, 4.5520181839282695e-06, 3.4832419493259527e-06, 4.587360681631626e-06, 6.6172140531050854e-06, 3.713827866774339e-06, 7.272148743653909e-06, 3.9004744627536875e-06, 6.793210139641395e-06, 2.7719025428478535e-06, 3.097340082510924e-06, 2.3453090435419326e-06, 3.0766121852092256e-06, 2.9476598287240054e-06, 2.978512874016395e-06, 2.5824858592106748e-06, 3.0320997421558086e-06, 2.2639257785601494e-06, 2.9735458202851123e-06, 2.3845678720718774e-06, 2.3807470615093525e-06, 3.0230253170698115e-06, 2.1592355691469634e-06, 2.3291661189152646e-06, 2.076228459676107e-06, 4.4136093213008e-06, 2.4271699098440317e-06, 2.556313306857378e-06, 2.2808328652993227e-06, 2.407397215182965e-06, 1.8679942840184922e-06], "test_losses": [2.3019866729393983, 0.17269161947740194, 0.11600704020701158, 0.09490477226865597, 0.08219652470105733, 0.08274199947332725, 0.08641572528256056, 0.09137118440599014, 0.0936677856848408, 0.07798234769740166, 0.09712182252835004, 0.09538076096811356, 0.08227043312329513, 0.08801259078945105, 0.09689620963464944, 0.1443787672294256, 0.08789562262021579, 0.09707515908835027, 0.09299814094526646, 0.09260526390220875, 0.09737334467279606, 0.09143596815948303, 0.0974973721955067, 0.12821294467609662, 0.10329707972227763, 0.10375152031580608, 0.09689249812314908, 0.08960253079063617, 0.09266840613996372, 0.0954244673395386, 0.09674350272577542, 0.09739176031106557, 0.10371811597202069, 0.09949468343685834, 0.11095265158189413, 0.10381275795113581, 0.10568633365134399, 0.1009785683395771, 0.09991054790906417, 0.10033038922418387, 0.10078951539710546, 0.10122814416312255, 0.10157879040791438, 0.10201645012085254, 0.1023332189816313, 0.10273977261609755, 0.10303525113237974, 0.10327294815140657, 0.10352151200939448, 0.10380960771670708, 0.10408713291279781, 0.10431111114433943, 0.10456935946757977, 0.10475337309524035, 0.1049471954600169, 0.10516584817415629, 0.1053828218808541, 0.10557057722829856, 0.10573171676160434, 0.10593692590601933, 0.10611182370055945, 0.10628547591085617, 0.10643569704813835, 0.10660021866743381, 0.10677133944745247, 0.1069052065603244, 0.1070647908326907, 0.10719822189555718, 0.10733437194274022, 0.10747145995115623, 0.10761921895811191, 0.10776267749949908, 0.10786483947856304, 0.1080034886701749, 0.10812815259664486, 0.10824903158041146, 0.10836931752661864, 0.10847779329961692, 0.10859785888057488, 0.10870491111507782, 0.10881246435336578, 0.10891822395989528, 0.10903391590676247, 0.10913233439891766, 0.10923373121290635, 0.10933694085822655, 0.10942903700738381, 0.10952795526156059, 0.10965321776576531, 0.1097430176077745, 0.10983065625604911, 0.10992303313926244, 0.11002434465365532, 0.11010771020291707, 0.11020573978431714, 0.1102944617279065, 0.1103807409795431, 0.11046325883422142, 0.11055113384738946, 0.11063016163041958, 0.11072748135297726], "train_accuracies": [0.07622195512820513, 0.9522235576923077, 0.973457532051282, 0.9811698717948718, 0.9891826923076923, 0.9904847756410257, 0.9899839743589743, 0.9926883012820513, 0.9928886217948718, 0.9945913461538461, 0.99609375, 0.9950921474358975, 0.9978966346153846, 0.9986979166666666, 0.9988982371794872, 0.9894831730769231, 0.9955929487179487, 0.9967948717948718, 0.9970953525641025, 0.9977964743589743, 0.9978966346153846, 0.9989983974358975, 0.999198717948718, 0.9980969551282052, 0.9984975961538461, 0.9983974358974359, 0.9972956730769231, 0.9988982371794872, 0.9998998397435898, 0.9998998397435898, 1.0, 1.0, 0.9998998397435898, 1.0, 0.9989983974358975, 1.0, 1.0, 1.0, 1.0, 1.0, 1.0, 1.0, 1.0, 1.0, 1.0, 1.0, 1.0, 1.0, 1.0, 1.0, 1.0, 1.0, 1.0, 1.0, 1.0, 1.0, 1.0, 1.0, 1.0, 1.0, 1.0, 1.0, 1.0, 1.0, 1.0, 1.0, 1.0, 1.0, 1.0, 1.0, 1.0, 1.0, 1.0, 1.0, 1.0, 1.0, 1.0, 1.0, 1.0, 1.0, 1.0, 1.0, 1.0, 1.0, 1.0, 1.0, 1.0, 1.0, 1.0, 1.0, 1.0, 1.0, 1.0, 1.0, 1.0, 1.0, 1.0, 1.0, 1.0, 1.0, 1.0], "test_accuracies": [0.07892628205128205, 0.9444110576923077, 0.9668469551282052, 0.9720552884615384, 0.9758613782051282, 0.9766626602564102, 0.9763621794871795, 0.9730568910256411, 0.9769631410256411, 0.9813701923076923, 0.9792668269230769, 0.9784655448717948, 0.9815705128205128, 0.9822716346153846, 0.9830729166666666, 0.9710536858974359, 0.9808693910256411, 0.9802684294871795, 0.9795673076923077, 0.9821714743589743, 0.9806690705128205, 0.9836738782051282, 0.9827724358974359, 0.9801682692307693, 0.9828725961538461, 0.9803685897435898, 0.9818709935897436, 0.9821714743589743, 0.9839743589743589, 0.9844751602564102, 0.9849759615384616, 0.9852764423076923, 0.9836738782051282, 0.9858774038461539, 0.9842748397435898, 0.9856770833333334, 0.9848758012820513, 0.9852764423076923, 0.9852764423076923, 0.9854767628205128, 0.985176282051282, 0.9855769230769231, 0.9854767628205128, 0.9855769230769231, 0.9856770833333334, 0.9856770833333334, 0.9856770833333334, 0.9856770833333334, 0.9856770833333334, 0.9856770833333334, 0.9857772435897436, 0.9857772435897436, 0.9857772435897436, 0.9858774038461539, 0.9858774038461539, 0.9858774038461539, 0.9860777243589743, 0.9860777243589743, 0.9860777243589743, 0.9860777243589743, 0.9860777243589743, 0.9860777243589743, 0.9860777243589743, 0.9860777243589743, 0.9860777243589743, 0.9861778846153846, 0.9861778846153846, 0.9861778846153846, 0.9861778846153846, 0.9860777243589743, 0.9860777243589743, 0.9860777243589743, 0.9860777243589743, 0.9860777243589743, 0.9859775641025641, 0.9860777243589743, 0.9859775641025641, 0.9859775641025641, 0.9859775641025641, 0.9859775641025641, 0.9859775641025641, 0.9859775641025641, 0.9859775641025641, 0.9859775641025641, 0.9859775641025641, 0.9859775641025641, 0.9859775641025641, 0.9859775641025641, 0.9859775641025641, 0.9859775641025641, 0.9859775641025641, 0.9859775641025641, 0.9859775641025641, 0.9859775641025641, 0.9859775641025641, 0.9859775641025641, 0.9859775641025641, 0.9859775641025641, 0.9859775641025641, 0.9859775641025641, 0.9859775641025641], "analyzable_training_params": {"lr_sched_epochs": null, "lr_sched_factors": null}}