{"testproblem": "mnist_mlp", "batch_size": 128, "num_epochs": 100, "random_seed": 44, "weight_decay": null, "optimizer_name": "SGD", "optimizer_hyperparams": {"lr": 0.01, "momentum": 0.99}, "train_losses": [2.301740973423689, 0.16453302713731924, 0.09171488243513383, 0.057526133476923674, 0.04459650707072937, 0.030554247829012383, 0.026447004543092005, 0.02871350218088199, 0.02462585759946169, 0.023332310792727348, 0.007666197629311146, 0.01574510061301482, 0.011319317448979769, 0.013121079175900191, 0.02119754546154768, 0.006675134818905439, 0.00545447603918803, 0.0028798645601058616, 0.007620384964423302, 0.0036925108482440314, 0.005648909853054927, 0.006764924535766626, 0.0033270298288418697, 0.0036556099374324847, 0.005691201449968876, 0.002454236639329256, 0.002997747216469202, 0.0020135023559515294, 0.0009790105649676078, 0.0005832387564273981, 0.0007657973239055047, 0.0011613986526544278, 0.0006035993305536417, 0.0005819775068607086, 0.0005014668672512739, 0.0005301287732063195, 0.0006040424968187625, 0.0015063282006826156, 0.0016527645385418183, 0.010806120454500884, 0.0009334354828565549, 0.00035493940306015505, 0.0007711173727726325, 0.0015184808617983109, 0.0008201576196230375, 0.0040061300477156276, 0.005908215466218117, 0.004725345004445467, 0.000991376307912362, 0.002013268999946423, 0.003958778837934518, 0.0007154465390321536, 0.001830475022777533, 0.0045593284930174165, 0.0019540575643380484, 0.000928694907671366, 0.001375934443412683, 0.0010691067824761074, 0.0005344307670990626, 3.5941314238768355e-05, 1.9624924812561425e-05, 1.1082738637924194e-05, 1.1735046521211281e-05, 1.1341789594063392e-05, 1.0082928033975455e-05, 9.147020486684945e-06, 7.466914562078623e-06, 8.273869752883911e-06, 6.397756246420054e-06, 8.046149443357419e-06, 6.741629197047307e-06, 5.337385795055292e-06, 5.91700275739034e-06, 4.675048284041576e-06, 4.7337932464403984e-06, 6.066587490913195e-06, 6.269568052047338e-06, 4.01758230649508e-06, 4.539887110392253e-06, 4.4672917097042764e-06, 4.751751056084266e-06, 3.9926515175746035e-06, 3.8013244286561626e-06, 3.424879067983383e-06, 3.1624849026019756e-06, 4.167644641338251e-06, 4.12332323881296e-06, 3.9128920970818936e-06, 3.5535448636764136e-06, 4.477989979279347e-06, 2.965808678895999e-06, 3.4055839746426313e-06, 3.325729033885858e-06, 2.7446792675898623e-06, 3.3548627144251113e-06, 2.6781971638019268e-06, 2.158949008354774e-06, 4.014621178309123e-06, 3.2995564815325615e-06, 2.707235324077117e-06, 2.631965355995374e-06], "test_losses": [2.301934132209191, 0.1595734542187972, 0.1253878093109681, 0.09906731677265504, 0.07610246474639727, 0.06423688441132888, 0.08486893345625737, 0.07816842484932679, 0.08246326783242133, 0.08819481207487676, 0.07682299699920875, 0.09406118608342531, 0.08838459538916747, 0.08209533979877448, 0.10582271459488532, 0.08359498958079478, 0.09236272882956725, 0.08303002124795547, 0.1023682930912727, 0.09386781755930339, 0.08740308424696708, 0.10642119688101304, 0.08723541291860434, 0.08364312326869904, 0.10404548999399711, 0.09205078080487557, 0.09524641307787253, 0.09603461546775623, 0.09356437561412652, 0.09587090780051091, 0.10173596969495217, 0.10778756819378871, 0.08665984618262602, 0.08776615223345849, 0.09189085151331547, 0.09678017219098714, 0.10332790753828028, 0.09553930325767933, 0.10664751624258664, 0.13090348093268964, 0.08835349511355162, 0.10164714489991848, 0.09714969355039872, 0.10415338839475925, 0.09857855608256963, 0.10636972552404189, 0.12360136368526863, 0.09504062488961679, 0.09449095107041873, 0.1145894795608444, 0.12182896023090833, 0.10392323894521747, 0.12203977562678166, 0.10879332116112495, 0.09952623492632157, 0.10973567303079061, 0.10070216479018712, 0.10244241934747268, 0.11115033196237607, 0.10128780010227974, 0.09934220637361972, 0.09938651084517822, 0.09956174771277568, 0.09980175696695462, 0.10003294910375889, 0.1002182042082915, 0.10045475211854164, 0.10066020992608407, 0.10090272498723024, 0.10108629162781514, 0.1012633350940469, 0.10145385358004998, 0.10165599974779746, 0.10181806346353812, 0.10199174948800833, 0.10216058112489872, 0.10230789605814677, 0.10247103437685813, 0.10262454138734402, 0.10277088695707229, 0.1029179382782716, 0.10306286491835728, 0.10319088196429686, 0.10333944923984699, 0.10346372664356843, 0.10359046247620614, 0.1037203974257677, 0.10384076606864348, 0.10396980265012154, 0.1040866196107788, 0.10419465216975181, 0.10430851191855393, 0.1044320745441394, 0.10453261840993013, 0.10464076573650043, 0.10474528711384688, 0.1048511292021244, 0.10495914838826045, 0.10504528617438598, 0.10515258215272273, 0.10525335550594789], "train_accuracies": [0.13291266025641027, 0.9541266025641025, 0.9717548076923077, 0.9808693910256411, 0.9848758012820513, 0.9897836538461539, 0.9906850961538461, 0.9895833333333334, 0.9914863782051282, 0.9922876602564102, 0.9973958333333334, 0.9950921474358975, 0.996895032051282, 0.9965945512820513, 0.9926883012820513, 0.9977964743589743, 0.9982972756410257, 0.999198717948718, 0.9975961538461539, 0.9987980769230769, 0.9983974358974359, 0.9978966346153846, 0.9992988782051282, 0.9984975961538461, 0.9984975961538461, 0.9992988782051282, 0.9987980769230769, 0.9992988782051282, 0.9997996794871795, 0.9997996794871795, 0.9996995192307693, 0.9995993589743589, 0.9997996794871795, 0.9998998397435898, 0.9998998397435898, 0.9997996794871795, 0.9996995192307693, 0.9993990384615384, 0.9993990384615384, 0.9963942307692307, 0.9996995192307693, 1.0, 0.9998998397435898, 0.9992988782051282, 0.9997996794871795, 0.9987980769230769, 0.9978966346153846, 0.9983974358974359, 0.9997996794871795, 0.9995993589743589, 0.9989983974358975, 0.9996995192307693, 0.9992988782051282, 0.9988982371794872, 0.9992988782051282, 0.9996995192307693, 0.9998998397435898, 0.9996995192307693, 0.9997996794871795, 1.0, 1.0, 1.0, 1.0, 1.0, 1.0, 1.0, 1.0, 1.0, 1.0, 1.0, 1.0, 1.0, 1.0, 1.0, 1.0, 1.0, 1.0, 1.0, 1.0, 1.0, 1.0, 1.0, 1.0, 1.0, 1.0, 1.0, 1.0, 1.0, 1.0, 1.0, 1.0, 1.0, 1.0, 1.0, 1.0, 1.0, 1.0, 1.0, 1.0, 1.0, 1.0],