{"testproblem": "mnist_mlp", "batch_size": 128, "num_epochs": 100, "random_seed": 46, "weight_decay": null, "optimizer_name": "SGD", "optimizer_hyperparams": {"lr": 0.01, "momentum": 0.99}, "train_losses": [2.302543493417593, 0.1619727914340985, 0.08525236777197091, 0.0640889181015201, 0.036051385797178134, 0.03190284656981627, 0.03030683785581436, 0.024389149573368903, 0.014999378878527727, 0.014642020353139976, 0.016829698036114376, 0.013744122062165003, 0.013271336921323568, 0.008149422705173492, 0.00841324102993195, 0.00930828706194193, 0.00837505623125113, 0.004027414278915295, 0.005080428093862839, 0.0038717002249681032, 0.003981240642949557, 0.005722677072462363, 0.0016143857859648191, 0.0025343154676449606, 0.0011813980169021166, 0.0017840051784729345, 0.0009071163068979215, 0.0023277834869730165, 0.0009712288872553752, 0.001388198910997464, 0.0011017933869973207, 0.001890433116410023, 0.0011269242908710088, 0.0010613290449747671, 0.004744275353657894, 0.002003798213524696, 0.0016890327708843427, 0.0008900027531079757, 0.0015754960238551481, 7.36124526995879e-05, 4.970640517198123e-05, 9.542631988341991e-05, 0.0002515781432008132, 2.8149057657290727e-05, 1.3371213124348567e-05, 8.678493591455313e-06, 1.244175319488232e-05, 1.7883685918954703e-05, 1.0477713285348354e-05, 1.2611683744650621e-05, 7.880326264943831e-06, 6.190095192346817e-06, 8.458128342261682e-06, 1.2494910221833448e-05, 6.569501681205554e-06, 7.958891682135753e-06, 6.360598863699497e-06, 6.689236332208682e-06, 5.6527937069917334e-06, 1.0927900289877867e-05, 5.645247606130747e-06, 5.397420281018966e-06, 5.2545697261125615e-06, 8.709155596219576e-06, 5.001154465553088e-06, 4.213876449144804e-06, 3.8750660725128955e-06, 4.61496603794587e-06, 4.324011313609588e-06, 4.311307118489192e-06, 4.20795419277289e-06, 3.6839300241225806e-06, 3.782029335315411e-06, 8.172283952052776e-06, 3.873442228023822e-06, 5.7542362274267734e-06, 5.659289084948026e-06, 2.97469206345387e-06, 3.3338482563312236e-06, 5.4185302593769174e-06, 3.6730407140193843e-06, 3.198209481361585e-06, 2.6951042505411e-06, 3.1419480458284038e-06, 6.654228155429547e-06, 3.5685415451343242e-06, 3.0957162380218506e-06, 4.123705319869213e-06, 2.841345774821746e-06, 3.103357859146901e-06, 4.3355692655612265e-06, 2.481234379303761e-06, 2.436244334930029e-06, 3.0334370258526924e-06, 2.021781909160125e-06, 2.9036249869909043e-06, 3.984771095789396e-06, 3.1306766546689546e-06, 3.834756521078257e-06, 2.365941420579568e-06, 3.5069787349456396e-06], "test_losses": [2.3024891890012302, 0.164846285389593, 0.1056002017397147, 0.09749767167541461, 0.07193664320481893, 0.07524707612509911, 0.08352442307827565, 0.08194624033207312, 0.06840020547119471, 0.08362375572323799, 0.10392706631085812, 0.09177805977658583, 0.09204863539586465, 0.08031661189997043, 0.0910822534456085, 0.09063004764417808, 0.07990409032656597, 0.091543978271194, 0.09090870549567999, 0.09811884296150544, 0.10389215890795757, 0.09712398291016236, 0.08650260862822716, 0.09747482812366424, 0.09730824460394871, 0.10311532760850894, 0.09879579867881078, 0.107848974231344, 0.10302908494113347, 0.1204872872107304, 0.1089547918870663, 0.10462143458425999, 0.10623275359662679, 0.11946449457452847, 0.10729427700145887, 0.11297014656548317, 0.10188798773556183, 0.09879945992277218, 0.10222331549112613, 0.09744616975195897, 0.0954098371693339, 0.09967767633497715, 0.10204684751060529, 0.10342107025476602, 0.10184891139849639, 0.10152155834321792, 0.10167820770771076, 0.1017698423507122, 0.10197561807357348, 0.1021458901082858, 0.1023325913418562, 0.10259982040868355, 0.10284240801747029, 0.10304219753314288, 0.10321097247875653, 0.10339274973823474, 0.10360302771322238, 0.10382126376796992, 0.10401227673849998, 0.10420173124816173, 0.10436436624672168, 0.10460514226594032, 0.10479208812690698, 0.10494373323252568, 0.10513994164573841, 0.10534181383748849, 0.10549127606627269, 0.10566032701768936, 0.10581390387736835, 0.10598135152115272, 0.10613021870645192, 0.10630553602599181, 0.10643972518543403, 0.10660009453885066, 0.10675310439024216, 0.10688861521581809, 0.10702809161291672, 0.10716743203691947, 0.10732519660049523, 0.10746012422709893, 0.10760129071198977, 0.10770408250391483, 0.10782920382916927, 0.10795522667467594, 0.10810880105082805, 0.10822463159759839, 0.10832671467692424, 0.10846010839136747, 0.10856815790518737, 0.10869050408020997, 0.10881345542386556, 0.10892092775648986, 0.10903224979455654, 0.1091434374356117, 0.1092398883536076, 0.10935224396869159, 0.10946387396408962, 0.10955397373972794, 0.10965985002426001, 0.109767054565824, 0.10986060630052517], "train_accuracies": [0.10977564102564102, 0.9540264423076923, 0.9741586538461539, 0.9803685897435898, 0.9883814102564102, 0.9912860576923077, 0.9895833333333334, 0.9922876602564102, 0.9953926282051282, 0.9949919871794872, 0.9933894230769231, 0.9955929487179487, 0.9959935897435898, 0.9974959935897436, 0.9971955128205128, 0.9972956730769231, 0.9967948717948718, 0.9981971153846154, 0.9981971153846154, 0.9984975961538461, 0.9986979166666666, 0.9987980769230769, 0.9995993589743589, 0.9994991987179487, 0.9996995192307693, 0.9996995192307693, 0.9997996794871795, 0.9990985576923077, 0.9996995192307693, 0.9996995192307693, 0.9996995192307693, 0.9992988782051282, 0.9995993589743589, 0.9996995192307693, 0.9983974358974359, 0.9994991987179487, 0.999198717948718, 0.9995993589743589, 0.9996995192307693, 1.0, 1.0, 1.0, 0.9998998397435898, 1.0, 1.0, 1.0, 1.0, 1.0, 1.0, 1.0, 1.0, 1.0, 1.0, 1.0, 1.0, 1.0, 1.0, 1.0, 1.0, 1.0, 1.0, 1.0, 1.0, 1.0, 1.0, 1.0, 1.0, 1.0, 1.0, 1.0, 1.0, 1.0, 1.0, 1.0, 1.0, 1.0, 1.0, 1.0, 1.0, 1.0, 1.0, 1.0, 1.0, 1.0, 1.0, 1.0, 1.0, 1.0, 1.0, 1.0, 1.0, 1.0, 1.0, 1.0, 1.0, 1.0, 1.0, 1.0, 1.0, 1.0, 1.0], "test_accuracies": [0.10687099358974358, 0.9518229166666666, 0.9685496794871795, 0.9705528846153846, 0.9781650641025641, 0.9789663461538461, 0.9770633012820513, 0.9781650641025641, 0.9819711538461539, 0.9789663461538461, 0.9727564102564102, 0.9814703525641025, 0.9795673076923077, 0.9813701923076923, 0.9814703525641025, 0.9802684294871795, 0.9817708333333334, 0.9814703525641025, 0.9815705128205128, 0.9797676282051282, 0.9813701923076923, 0.9810697115384616, 0.9827724358974359, 0.9820713141025641, 0.9839743589743589, 0.9825721153846154, 0.983573717948718, 0.9825721153846154, 0.9834735576923077, 0.981270032051282, 0.9816706730769231, 0.9827724358974359, 0.9821714743589743, 0.98046875, 0.9802684294871795, 0.9822716346153846, 0.9827724358974359, 0.9831730769230769, 0.9838741987179487, 0.984375, 0.9861778846153846, 0.9849759615384616, 0.9847756410256411, 0.9841746794871795, 0.984375, 0.9846754807692307, 0.9847756410256411, 0.9849759615384616, 0.9850761217948718, 0.9850761217948718, 0.9850761217948718, 0.9850761217948718, 0.9849759615384616, 0.9850761217948718, 0.9850761217948718, 0.9850761217948718, 0.9850761217948718, 0.9850761217948718, 0.985176282051282, 0.985176282051282, 0.9853766025641025, 0.9853766025641025, 0.9853766025641025, 0.9853766025641025, 0.9853766025641025, 0.9853766025641025, 0.9853766025641025, 0.9853766025641025, 0.9854767628205128, 0.9854767628205128, 0.9854767628205128, 0.9854767628205128, 0.9854767628205128, 0.9855769230769231, 0.9855769230769231, 0.9855769230769231, 0.9855769230769231, 0.9855769230769231, 0.9855769230769231, 0.9855769230769231, 0.9855769230769231, 0.9855769230769231, 0.9855769230769231, 0.9855769230769231, 0.9855769230769231, 0.9855769230769231, 0.9856770833333334, 0.9856770833333334, 0.9856770833333334, 0.9856770833333334, 0.9856770833333334, 0.9856770833333334, 0.9857772435897436, 0.9857772435897436, 0.9857772435897436, 0.9857772435897436, 0.9857772435897436, 0.9857772435897436, 0.9857772435897436, 0.9857772435897436, 0.9857772435897436], "analyzable_training_params": {"lr_sched_epochs": null, "lr_sched_factors": null}}