{"testproblem": "mnist_mlp", "batch_size": 128, "num_epochs": 100, "random_seed": 50, "weight_decay": null, "optimizer_name": "SGD", "optimizer_hyperparams": {"lr": 0.01, "momentum": 0.99}, "train_losses": [2.302283152555808, 0.15983211363737398, 0.09420076404244472, 0.05505342951092201, 0.050264508941043645, 0.028372241016954947, 0.03190247752727606, 0.018222188983017053, 0.019918453963234637, 0.01807316256543765, 0.006312039513618519, 0.01194020167279702, 0.013777404641493773, 0.010301369242370129, 0.011645083745511679, 0.008005541773178639, 0.0069013943370336145, 0.006646376079282699, 0.010309742453197638, 0.003175107021935475, 0.003201317949554859, 0.0008713789403629609, 0.0036200442566321446, 0.004004101961469039, 0.00640113441607891, 0.0016680135367772519, 0.002135946057163752, 0.00451780922519855, 0.0035497757295767465, 0.0014124546104516739, 0.0021983450039839134, 0.0025773534599022986, 0.0006194409842674548, 0.000489221002237919, 0.00022973600201881849, 2.943958418491559e-05, 2.075469073576805e-05, 1.6498928650831564e-05, 1.215820129101093e-05, 1.2128590009151361e-05, 4.6053638634009236e-05, 9.92388679431035e-06, 8.982248031176054e-06, 9.594341883292565e-06, 7.230883989578639e-06, 6.809448584532126e-06, 1.037459916029221e-05, 2.9192759822576474e-05, 6.916144719490638e-06, 6.088366111119588e-06, 4.864082886622502e-06, 7.570554048587114e-06, 5.729018877714108e-06, 4.99876645895151e-06, 5.0481504354721464e-06, 1.684308816225101e-05, 5.743346917323577e-06, 4.799033586795514e-06, 1.4356600168423774e-05, 4.695680661079211e-06, 1.3477574938382857e-05, 1.3440847396850586e-05, 4.234031224862123e-06, 4.612004909759913e-06, 4.249027906320034e-06, 3.88834338921767e-06, 3.624516419875316e-06, 4.17557282325549e-06, 3.108802514198499e-06, 4.287236011945284e-06, 3.3332751347468448e-06, 4.136600555517734e-06, 2.8179433101262803e-06, 3.4820957061571953e-06, 3.2789241044949263e-06, 3.5450435601747954e-06, 3.3357586616124863e-06, 3.2934431846325215e-06, 3.380080064137777e-06, 3.9882575854277e-06, 3.0878835763686743e-06, 6.2870960205029214e-06, 2.5429404698885405e-06, 2.971826455531976e-06, 2.0836790402730307e-06, 2.9312303433051475e-06, 2.4727330758021426e-06, 5.60350525073516e-06, 1.9025726196093437e-06, 2.1568475625453852e-06, 2.731306430621025e-06, 1.79062287012736e-06, 5.5615240946794165e-06, 1.802658423399314e-06, 2.576754643366887e-06, 2.200595843486297e-06, 2.441020348133185e-06, 2.357631157606076e-06, 2.4014749588110508e-06, 4.88051237204136e-06, 1.965615993891007e-06], "test_losses": [2.302510848412147, 0.1599574260509167, 0.11479767643583891, 0.09691353552998641, 0.09949449019936416, 0.07862084181024095, 0.08855532353314069, 0.08385403769520614, 0.08994866088510324, 0.07973055025705925, 0.08357583896185343, 0.08613485327133766, 0.11150494525925471, 0.0891226146561213, 0.09786319259840709, 0.07692815454151386, 0.09577658466803722, 0.09161786701625739, 0.11087759822989121, 0.09049878130929592, 0.09482211996920598, 0.0928755273612646, 0.11458370457283962, 0.10070035757067111, 0.1132652060343669, 0.09860675963453758, 0.10437671035432662, 0.11192799039567128, 0.1066754566362271, 0.12401011041723765, 0.11805378473722018, 0.11344741595288117, 0.1140679991684663, 0.11037786964040536, 0.11051850493710774, 0.11036067284070529, 0.10905322341773754, 0.10927493736529961, 0.10961048133098163, 0.10994313466243255, 0.1101979496769416, 0.11050038054012336, 0.1108029891187564, 0.11105116800620006, 0.1112894566777425, 0.11151634772809652, 0.11180918377179366, 0.11200567000569442, 0.11226001830819325, 0.1124595918525488, 0.11267359000750077, 0.1129086944155204, 0.11311095910003552, 0.11323066686208431, 0.11346714375301814, 0.11362227959892689, 0.11380717769647256, 0.11399466377229263, 0.11412249729992488, 0.1142993758026606, 0.11447755366754837, 0.1146355164834322, 0.11477100142301658, 0.11490958666381164, 0.11508218901088604, 0.1152458277841409, 0.11533727874167454, 0.11549734739729992, 0.11563622727034947, 0.115728651245053, 0.11589115581069237, 0.11602876402246647, 0.11613178530182594, 0.11627457219247635, 0.11639966710637777, 0.11651109784650497, 0.11661955489753148, 0.11675236259515469, 0.11684570676432206, 0.11696297312394166, 0.11704390027966255, 0.11716917099860999, 0.11727138637350155, 0.11737709716917613, 0.11748243581790191, 0.11759364987031007, 0.11766451869446498, 0.11778508336880268, 0.11788752670280445, 0.11796586392208552, 0.11806786003021094, 0.11816597987826054, 0.11824485263190208, 0.11834235661304914, 0.1184488813368938, 0.11851601493664277, 0.1186106742765659, 0.11868026809623608, 0.11876568040595605, 0.11885209849629647, 0.11893005669116974], "train_accuracies": [0.10396634615384616, 0.9527243589743589, 0.9711538461538461, 0.9825721153846154, 0.9841746794871795, 0.9907852564102564, 0.9889823717948718, 0.9936899038461539, 0.9931891025641025, 0.9928886217948718, 0.9979967948717948, 0.9964943910256411, 0.9959935897435898, 0.9965945512820513, 0.9962940705128205, 0.9972956730769231, 0.9978966346153846, 0.9974959935897436, 0.9966947115384616, 0.9990985576923077, 0.9989983974358975, 0.9997996794871795, 0.9988982371794872, 0.9988982371794872, 0.9979967948717948, 0.999198717948718, 0.9994991987179487, 0.9985977564102564, 0.999198717948718, 0.9993990384615384, 0.999198717948718, 0.9993990384615384, 0.9997996794871795, 0.9997996794871795, 0.9998998397435898, 1.0, 1.0, 1.0, 1.0, 1.0, 1.0, 1.0, 1.0, 1.0, 1.0, 1.0, 1.0, 1.0, 1.0, 1.0, 1.0, 1.0, 1.0, 1.0, 1.0, 1.0, 1.0, 1.0, 1.0, 1.0, 1.0, 1.0, 1.0, 1.0, 1.0, 1.0, 1.0, 1.0, 1.0, 1.0, 1.0, 1.0, 1.0, 1.0, 1.0, 1.0, 1.0, 1.0, 1.0, 1.0, 1.0, 1.0, 1.0, 1.0, 1.0, 1.0, 1.0, 1.0, 1.0, 1.0, 1.0, 1.0, 1.0, 1.0, 1.0, 1.0, 1.0, 1.0, 1.0, 1.0, 1.0], "test_accuracies": [0.09955929487179487, 0.9521233974358975, 0.9662459935897436, 0.9703525641025641, 0.9717548076923077, 0.9779647435897436, 0.9735576923076923, 0.977363782051282, 0.9782652243589743, 0.9805689102564102, 0.9814703525641025, 0.98046875, 0.9786658653846154, 0.9815705128205128, 0.9809695512820513, 0.9832732371794872, 0.9809695512820513, 0.9813701923076923, 0.98046875, 0.9822716346153846, 0.9830729166666666, 0.9829727564102564, 0.981270032051282, 0.9826722756410257, 0.9797676282051282, 0.9828725961538461, 0.9815705128205128, 0.9814703525641025, 0.9818709935897436, 0.9805689102564102, 0.9818709935897436, 0.9829727564102564, 0.9829727564102564, 0.9839743589743589, 0.9828725961538461, 0.984375, 0.9849759615384616, 0.9848758012820513, 0.9847756410256411, 0.9847756410256411, 0.9847756410256411, 0.9848758012820513, 0.9846754807692307, 0.9846754807692307, 0.9847756410256411, 0.9847756410256411, 0.9847756410256411, 0.9847756410256411, 0.9848758012820513, 0.9848758012820513, 0.9848758012820513, 0.9849759615384616, 0.9849759615384616, 0.9849759615384616, 0.9848758012820513, 0.9848758012820513, 0.9849759615384616, 0.9849759615384616, 0.9849759615384616, 0.9849759615384616, 0.9849759615384616, 0.9849759615384616, 0.9849759615384616, 0.9849759615384616, 0.9849759615384616, 0.9849759615384616, 0.9848758012820513, 0.9848758012820513, 0.9848758012820513, 0.9849759615384616, 0.9849759615384616, 0.9849759615384616, 0.9849759615384616, 0.9849759615384616, 0.9849759615384616, 0.9850761217948718, 0.9849759615384616, 0.9850761217948718, 0.9850761217948718, 0.9850761217948718, 0.9850761217948718, 0.9850761217948718, 0.9850761217948718, 0.9850761217948718, 0.9850761217948718, 0.9850761217948718, 0.9850761217948718, 0.9850761217948718, 0.9850761217948718, 0.9850761217948718, 0.9850761217948718, 0.9850761217948718, 0.9850761217948718, 0.9850761217948718, 0.9850761217948718, 0.9850761217948718, 0.9850761217948718, 0.9850761217948718, 0.9850761217948718, 0.9850761217948718, 0.9850761217948718], "analyzable_training_params": {"lr_sched_epochs": null, "lr_sched_factors": null}}