{"testproblem": "mnist_mlp", "batch_size": 128, "num_epochs": 100, "random_seed": 45, "weight_decay": null, "optimizer_name": "SGD", "optimizer_hyperparams": {"lr": 0.01, "momentum": 0.99}, "train_losses": [2.3030852262790384, 0.1520761290612893, 0.07528138561890675, 0.05681624132184646, 0.038164954274319686, 0.0426321579859807, 0.02511503800558738, 0.02195840123563241, 0.020737272949937064, 0.020220651959952634, 0.015015321138959665, 0.01002316907621347, 0.0070344703988387035, 0.013286945887674123, 0.014070201736803237, 0.005838456492011364, 0.007870075483925832, 0.005490892686140843, 0.001981445874732274, 0.004153127232805276, 0.0034378743611085108, 0.0028288916756327334, 0.0033524769047896066, 0.005726336907499876, 0.009536168275353236, 0.010972060000476165, 0.005562627162688818, 0.001113454572474345, 0.0010908681135147046, 0.0012168070922295253, 0.0003295639673104653, 7.42145646841098e-05, 2.3245859222534375e-05, 2.5036243292001578e-05, 2.369728799049671e-05, 2.2195327358368115e-05, 1.1869873373936383e-05, 1.3872885551208105e-05, 1.7526631171886736e-05, 7.752138070571116e-06, 9.51716150992956e-06, 9.310455658496954e-06, 9.171664714813232e-06, 1.0141577476110213e-05, 1.0280941541378315e-05, 1.0906885831783979e-05, 1.1205673217773438e-05, 8.000108676078991e-06, 8.175674921427018e-06, 5.568162753031804e-06, 5.685509397433354e-06, 5.161819549707266e-06, 4.934863402293278e-06, 5.321290630560655e-06, 5.1180712687663545e-06, 6.303668786317874e-06, 6.358497417890108e-06, 5.530336728462806e-06, 4.477989979279347e-06, 4.891115121352367e-06, 4.262018662232619e-06, 4.541415434617263e-06, 4.185459170586024e-06, 4.28924193749061e-06, 3.39545882665194e-06, 6.102312069672805e-06, 3.8029482731452354e-06, 3.6363609326191436e-06, 3.4217268992692998e-06, 3.7401914596557617e-06, 3.067251199331039e-06, 3.248453140258789e-06, 3.8020885907686675e-06, 3.976126511891683e-06, 3.092373028779641e-06, 3.2594379706260484e-06, 2.5523014557667266e-06, 3.101542974129701e-06, 3.089316380329621e-06, 2.8766882725251026e-06, 3.2624946190760684e-06, 3.324391750188974e-06, 3.0162433783213296e-06, 3.013377770399436e-06, 3.801802029976478e-06, 3.012709128550994e-06, 2.8679959284953584e-06, 3.7495524455339482e-06, 2.0708793248885718e-06, 2.987682819366455e-06, 2.9258812085176128e-06, 2.958167057770949e-06, 3.705804164593036e-06, 3.077853948642046e-06, 2.1470089753468833e-06, 2.0935176274715327e-06, 2.8741092253953984e-06, 3.560040241632706e-06, 2.908878601514376e-06, 2.33881366558564e-06, 2.320664815413646e-06], "test_losses": [2.3029779256918492, 0.16801759225722307, 0.10407098182118855, 0.09004456129593727, 0.08487091297044969, 0.10038126343622422, 0.08517708887274449, 0.0681733869923613, 0.07999876115280084, 0.08301395567086263, 0.07460336614018068, 0.07910134586004111, 0.08410321340824549, 0.10313811771667157, 0.10557708688653432, 0.08873437765317085, 0.0926139778815783, 0.08817721389902708, 0.08423403129936793, 0.09892348828128515, 0.09945832393490352, 0.11255513819364402, 0.10078485634846565, 0.1018862148317007, 0.12379641052431022, 0.0983998077467848, 0.09646332137382184, 0.1000744468317582, 0.09318106110470417, 0.09959922742862733, 0.09166686731175734, 0.09489651052997662, 0.09482924105265202, 0.09570358344950737, 0.09640279694054371, 0.09702366900940736, 0.0975836163912064, 0.09804304159031464, 0.09847301774873184, 0.09890931486510314, 0.0993014352921492, 0.09969183544699962, 0.1000170187594799, 0.10032067567301102, 0.10065178157618412, 0.10091852272550265, 0.10120073180550183, 0.10145288720153846, 0.10168692775261708, 0.1019431114769899, 0.10217212909498276, 0.10236715988661998, 0.1026094962293521, 0.1028315634586108, 0.10302817386885484, 0.10321737152452652, 0.10341371075274089, 0.1036173883252419, 0.1038011996409832, 0.10398997882237801, 0.1041496337319796, 0.10429825275563277, 0.10447170303609127, 0.10463312139304784, 0.10478240308853295, 0.10494414454278274, 0.10507163214377868, 0.10522156738891052, 0.1053620501397512, 0.1054958323828685, 0.10565454584474747, 0.10577303085189599, 0.10590147828826538, 0.10602769499214795, 0.10615914396177499, 0.10626396312354466, 0.10640001999071011, 0.10651779384949268, 0.1066223444082798, 0.10674316765597233, 0.10686164502149974, 0.10697001916093704, 0.10708842202065846, 0.10719900807509056, 0.1073022382095074, 0.10740728365878265, 0.10749064404995014, 0.10759607926966289, 0.10770549009052607, 0.10780003198828453, 0.10789213635218449, 0.10798938453006439, 0.10808015566987869, 0.10817408943787599, 0.10826881382709895, 0.1083540282665919, 0.10843394658504388, 0.10852617579392898, 0.10861359603511982, 0.10869815797568896, 0.10877493840570633], "train_accuracies": [0.09204727564102565, 0.9543269230769231, 0.9764623397435898, 0.9825721153846154, 0.9880809294871795, 0.9854767628205128, 0.9915865384615384, 0.9927884615384616, 0.9930889423076923, 0.9932892628205128, 0.9946915064102564, 0.9966947115384616, 0.9979967948717948, 0.9959935897435898, 0.9949919871794872, 0.9981971153846154, 0.9974959935897436, 0.9976963141025641, 0.9994991987179487, 0.9985977564102564, 0.9990985576923077, 0.9986979166666666, 0.9985977564102564, 0.9988982371794872, 0.9964943910256411, 0.9965945512820513, 0.9979967948717948, 0.9996995192307693, 0.9998998397435898, 0.9997996794871795, 0.9998998397435898, 1.0, 1.0, 1.0, 1.0, 1.0, 1.0, 1.0, 1.0, 1.0, 1.0, 1.0, 1.0, 1.0, 1.0, 1.0, 1.0, 1.0, 1.0, 1.0, 1.0, 1.0, 1.0, 1.0, 1.0, 1.0, 1.0, 1.0, 1.0, 1.0, 1.0, 1.0, 1.0, 1.0, 1.0, 1.0, 1.0, 1.0, 1.0, 1.0, 1.0, 1.0, 1.0, 1.0, 1.0, 1.0, 1.0, 1.0, 1.0, 1.0, 1.0, 1.0, 1.0, 1.0, 1.0, 1.0, 1.0, 1.0, 1.0, 1.0, 1.0, 1.0, 1.0, 1.0, 1.0, 1.0, 1.0, 1.0, 1.0, 1.0, 1.0], "test_accuracies": [0.09805689102564102, 0.9508213141025641, 0.967948717948718, 0.9743589743589743, 0.9751602564102564, 0.9697516025641025, 0.9767628205128205, 0.9807692307692307, 0.9787660256410257, 0.9793669871794872, 0.9817708333333334, 0.9820713141025641, 0.981270032051282, 0.9797676282051282, 0.9776642628205128, 0.9811698717948718, 0.9815705128205128, 0.981270032051282, 0.9845753205128205, 0.9828725961538461, 0.9834735576923077, 0.98046875, 0.9828725961538461, 0.9828725961538461, 0.979667467948718, 0.9800681089743589, 0.9808693910256411, 0.9823717948717948, 0.985176282051282, 0.9832732371794872, 0.9840745192307693, 0.9855769230769231, 0.9857772435897436, 0.9857772435897436, 0.9856770833333334, 0.9856770833333334, 0.9857772435897436, 0.9859775641025641, 0.9856770833333334, 0.9857772435897436, 0.9857772435897436, 0.9856770833333334, 0.9856770833333334, 0.9856770833333334, 0.9856770833333334, 0.9856770833333334, 0.9855769230769231, 0.9855769230769231, 0.9855769230769231, 0.9856770833333334, 0.9857772435897436, 0.9857772435897436, 0.9857772435897436, 0.9857772435897436, 0.9857772435897436, 0.9858774038461539, 0.9858774038461539, 0.9858774038461539, 0.9858774038461539, 0.9858774038461539, 0.9858774038461539, 0.9857772435897436, 0.9857772435897436, 0.9856770833333334, 0.9856770833333334, 0.9856770833333334, 0.9856770833333334, 0.9856770833333334, 0.9856770833333334, 0.9856770833333334, 0.9856770833333334, 0.9856770833333334, 0.9856770833333334, 0.9856770833333334, 0.9855769230769231, 0.9855769230769231, 0.9855769230769231, 0.9855769230769231, 0.9854767628205128, 0.9854767628205128, 0.9854767628205128, 0.9854767628205128, 0.9854767628205128, 0.9854767628205128, 0.9854767628205128, 0.9854767628205128, 0.9854767628205128, 0.9854767628205128, 0.9854767628205128, 0.9854767628205128, 0.9854767628205128, 0.9854767628205128, 0.9854767628205128, 0.9853766025641025, 0.9854767628205128, 0.9854767628205128, 0.9854767628205128, 0.9854767628205128, 0.9853766025641025, 0.9853766025641025, 0.9853766025641025], "analyzable_training_params": {"lr_sched_epochs": null, "lr_sched_factors": null}}