{"testproblem": "mnist_mlp", "batch_size": 128, "num_epochs": 100, "random_seed": 42, "weight_decay": null, "optimizer_hyperparams": {"lr": 1.0, "momentum": 0.99}, "train_losses": [2.3034798334806394, 2.6530833825086937, 2.4835642606784134, 2.6947100590436888, 2.636509522413596, 2.464443634717892, 2.4983896781236696, 2.3880675603181887, 2.3667124846042733, 2.561127246954502, 2.6478659984392996, 2.3882129070086355, 2.465552433943137, 2.5858230835352187, 2.513522921464382, 2.4409289329479904, 2.482841286903773, 2.523846522355691, 2.66376613959288, 2.4399203062057495, 2.4772673509059806, 2.5395871248000708, 2.590815926209474, 2.4263017299847727, 2.5616591374079385, 2.3613278285051003, 2.4509855997868075, 2.612934555762853, 2.6194676130245895, 2.4475717758521056, 2.3844392024553738, 2.354693131569104, 2.635648045784388, 2.458551727808439, 2.509502664590493, 2.4793491608057265, 2.4202249569770617, 2.515104651451111, 2.40772052300282, 2.5559139037743592, 2.4071749998972964, 2.470357454740084, 2.548954043632899, 2.3314611606108837, 2.494303746101184, 2.4336821971795497, 2.4925254613925247, 2.424388689872546, 2.4563269126109586, 2.5941820358618712, 2.6677497564217982, 2.506661898050553, 2.4626481991547804, 2.557407709268423, 2.4022369231933203, 2.5051713784535727, 2.5161203971275916, 2.387573107694968, 2.507493074123676, 2.4472674498191247, 2.434451610614092, 2.4871619236774936, 2.393976783141112, 2.5296528400518956, 2.4185651418490286, 2.4842585906004295, 2.4846000915918593, 2.464760279044127, 2.5463206003873777, 2.4617372292738695, 2.5600477946110263, 2.557397090471708, 2.5198553066987257, 2.403076877960792, 2.632103647941198, 2.5584384569754968, 2.601060540248186, 2.412617808733231, 2.5106918078202467, 2.5175937628134704, 2.5046134209021544, 2.5646837919186325, 2.405272975946084, 2.4564462288832054, 2.395342768766941, 2.434461446908804, 2.5231678057939577, 2.405544332968883, 2.774851985466786, 2.4098930053221874, 2.4642495864476914, 2.4545633517778835, 2.562618218935453, 2.531485927410615, 2.420821550564888, 2.4487584890463414, 2.5305786224511952, 2.4486623207728067, 2.5470864130900455, 2.4117923913857875, 2.483180963076078], "test_losses": [2.3034419279832106, 2.662925524589343, 2.476693339836903, 2.6777230501174927, 2.6300738958212047, 2.4653590611922436, 2.4900144888804507, 2.3883710335462522, 2.369753217085814, 2.56677800264114, 2.6526777744293213, 2.3951055789605165, 2.469931327379667, 2.592341028727018, 2.5078930885363846, 2.4451848971538053, 2.4877914679356112, 2.5249133507410684, 2.6770507433475594, 2.435718741172399, 2.4799631039301553, 2.541730507826194, 2.5767540901135177, 2.4304393101961184, 2.567742014542604, 2.362505081372383, 2.4547967513402305, 2.621520852431273, 2.615918538509271, 2.453905157553844, 2.3819569807786207, 2.3459291824927697, 2.6386506924262414, 2.4724596922214213, 2.5171948029444766, 2.4989615098024025, 2.4206089606651893, 2.5151137663767886, 2.4034948685230355, 2.56055748462677, 2.403994988172482, 2.475461715306991, 2.5544223815966873, 2.3320002127916384, 2.48944904254033, 2.4400796431761522, 2.4992396923211904, 2.419605710567572, 2.462574738722581, 2.6087037049807034, 2.6582037027065573, 2.5131387557738867, 2.460554153491289, 2.546322214297759, 2.4056909817915697, 2.5115404648658557, 2.5025314887364707, 2.397569586069156, 2.5041488103377514, 2.4537494365985575, 2.4360240881259623, 2.491681163127606, 2.394048654116117, 2.5330731532512565, 2.423139342894921, 2.488736384954208, 2.491543451944987, 2.4699123761592765, 2.550560290996845, 2.4663828366842027, 2.571730619821793, 2.541360845932594, 2.5150576799343796, 2.407923215474838, 2.6326565467394314, 2.5625213231795874, 2.5907609309905615, 2.3988089897693734, 2.5149648831440854, 2.5122855382087903, 2.5018461086811166, 2.5728958386641283, 2.3998359472323685, 2.4573702689928885, 2.3878006690587754, 2.4366443126629562, 2.5292255786749034, 2.409705183444879, 2.7547676135332155, 2.4118353770329404, 2.4639558578148866, 2.4654630789389977, 2.5527626826212955, 2.5268721886170216, 2.421565829179226, 2.4314213593800864, 2.5228035877912474, 2.445507049560547, 2.555358091990153, 2.4164788203361707, 2.4767747628383145], "train_accuracies": [0.08543669871794872, 0.09765625, 0.11117788461538461, 0.09865785256410256, 0.09955929487179487, 0.09495192307692307, 0.0907451923076923, 0.10046073717948718, 0.09935897435897435, 0.10536858974358974, 0.09705528846153846, 0.09715544871794872, 0.09715544871794872, 0.11338141025641026, 0.10146233974358974, 0.10466746794871795, 0.10817307692307693, 0.10476762820512821, 0.09695512820512821, 0.08844150641025642, 0.11388221153846154, 0.08794070512820513, 0.09515224358974358, 0.09264823717948718, 0.09905849358974358, 0.09745592948717949, 0.10496794871794872, 0.11057692307692307, 0.11608573717948718, 0.09755608974358974, 0.09645432692307693, 0.09455128205128205, 0.10687099358974358, 0.10506810897435898, 0.10196314102564102, 0.10657051282051282, 0.09875801282051282, 0.09685496794871795, 0.10987580128205128, 0.09985977564102565, 0.10606971153846154, 0.09645432692307693, 0.09915865384615384, 0.09965945512820513, 0.0985576923076923, 0.09945913461538461, 0.10176282051282051, 0.08994391025641026, 0.11408253205128205, 0.10016025641025642, 0.10086137820512821, 0.0960536858974359, 0.0967548076923077, 0.0992588141025641, 0.09545272435897435, 0.10677083333333333, 0.09645432692307693, 0.09795673076923077, 0.10036057692307693, 0.10556891025641026, 0.09945913461538461, 0.10106169871794872, 0.09715544871794872, 0.10667067307692307, 0.10376602564102565, 0.09445112179487179, 0.10106169871794872, 0.10006009615384616, 0.09254807692307693, 0.09975961538461539, 0.09805689102564102, 0.10797275641025642, 0.10506810897435898, 0.10216346153846154, 0.10026041666666667, 0.11278044871794872, 0.09645432692307693, 0.10907451923076923, 0.10126201923076923, 0.08533653846153846, 0.09905849358974358, 0.09615384615384616, 0.0946514423076923, 0.09965945512820513, 0.09915865384615384, 0.1024639423076923, 0.11438301282051282, 0.09905849358974358, 0.0868389423076923, 0.09935897435897435, 0.11268028846153846, 0.10877403846153846, 0.09915865384615384, 0.09895833333333333, 0.09435096153846154, 0.09495192307692307, 0.09695512820512821, 0.09655448717948718, 0.10436698717948718, 0.09795673076923077, 0.10356570512820513],