{"train_losses": [353.9337594168527, 345.6097673688616, 337.46207536969865, 329.49865286690846, 321.7298845563616, 314.1621660505022, 306.79840087890625, 299.63880702427457, 292.68178013392856, 285.9245343889509, 279.36363438197543, 272.9952915736607, 266.81553867885043, 260.820303780692, 255.0055171421596, 249.3671133858817, 243.90113176618303, 238.6035919189453, 233.47061375209265, 228.4983171735491, 223.68294416155135, 219.02075413295202, 214.508052280971, 210.14122227260046, 205.9167022705078, 201.83099801199776, 197.88063485281808, 194.06222098214286, 190.37242562430245, 186.80793108258928, 183.3655286516462, 180.04200962611608, 176.8342742919922, 173.73919895717077, 170.7537798200335, 167.8750457763672, 165.1000475202288, 162.42591203962053, 159.8498077392578, 157.36896187918526, 154.98062351771765, 152.6821049281529, 150.4707750592913, 148.34403337751115, 146.29932948521204, 144.33416966029577, 142.44609723772322, 140.63270023890905, 138.89162118094308, 137.22054508754186, 135.6171875, 134.07933480398995, 132.60480063302177, 131.19144984654017, 129.83719526018416, 128.53998674665178, 127.29783412388393, 126.10877881731305, 124.97091238839286, 123.88237653459821, 122.84134347098214, 121.84604099818638, 120.89473070417132, 119.98573739188058, 119.11741965157645, 118.28817204066685, 117.49644579206195, 116.74073028564453, 116.01955086844308, 115.33148302350726, 114.67514147077289, 114.04918670654297, 113.4523173740932, 112.88327026367188, 112.34082467215401, 111.82380785260882, 111.33107212611607, 110.86151776994977, 110.41407557896206, 109.98772648402623, 109.58147539411273, 109.19436972481864, 108.8254895891462, 108.4739521571568, 108.13890729631696, 107.81953648158482, 107.51505715506417, 107.22471400669643, 106.94778660365513, 106.68358285086495, 106.43144771030971, 106.19073050362724, 105.96083722795758, 105.7411869594029, 105.53122057233539, 105.33041490827289, 105.13825988769531, 104.95428466796875, 104.77802494594029, 104.60905020577567, 104.44694083077567], "test_losses": [353.44676426478793, 345.1892307826451, 337.1077575683594, 329.20975603376115, 321.50561087472096, 314.0016087123326, 306.7005528041295, 299.6026306152344, 292.7061505998884, 286.00831386021207, 279.50562831333707, 273.194344656808, 267.0704084123884, 261.1298130580357, 255.3684539794922, 249.78230721609933, 244.36736406598772, 239.1197008405413, 234.03543308803015, 229.11070905412947, 224.34179469517298, 219.72493634905135, 215.2564980643136, 210.93286786760603, 206.7505166190011, 202.7059544154576, 198.79574584960938, 195.0165252685547, 191.3649640764509, 187.83778163364954, 184.43180193219865, 181.14383152553015, 177.97076851981026, 174.90954371861048, 171.95716203962053, 169.11065673828125, 166.36712210518974, 163.72367640904017, 161.1775403703962, 158.72591945103235, 156.3661106654576, 154.0954328264509, 151.91126360212053, 149.81102861676897, 147.7921883719308, 145.85225568498885, 143.98880222865515, 142.19942801339286, 140.48177882603235, 138.83356148856026, 137.25249590192522, 135.73638916015625, 134.28306579589844, 132.8904026576451, 131.55631365094865, 130.2787802559989, 129.05580357142858, 127.8854500906808, 126.76581791469029, 125.69505092075893, 124.67134312220982, 123.69292558942523, 122.75807407924107, 121.86512429373605, 121.01243482317243, 120.19841766357422, 119.42152949741909, 118.6802738734654, 117.97317504882812, 117.298828125, 116.65584782191685, 116.04290989467076, 115.45871189662388, 114.90201459612165, 114.37159075055804, 113.86627415248326, 113.3849345615932, 112.92647443498883, 112.48983437674386, 112.07399095807757, 111.67797524588448, 111.30082702636719, 110.94163949148995, 110.59953199114118, 110.2736576625279, 109.96321541922433, 109.66742270333427, 109.38552965436664, 109.11682782854352, 108.86062186104911, 108.6162610735212, 108.3831056867327, 108.1605715070452, 107.94807761056083, 107.7450670514788, 107.55102648053851, 107.3654534476144, 107.18788255964007, 107.01783861432757, 106.85491725376674, 106.69868687220982],