{"train_losses": [353.9337594168527, 269.6802411760603, 214.31309945242745, 177.79956926618303, 153.62564740862166, 137.55172293526786, 126.8114013671875, 119.5947025844029, 114.71398162841797, 111.38758959089007, 109.09943389892578, 107.50760541643415, 106.38479723249164, 105.5793217250279, 104.98955971854073, 104.54717799595424, 104.20601436070034, 103.93474469866071, 103.71204594203404, 103.52331433977399, 103.35850960867745, 103.21069989885602, 103.07506997244698, 102.94826398577008, 102.82792663574219, 102.71241324288505, 102.60054234095982, 102.49148777553013, 102.38465554373605, 102.27961730957031, 102.17606026785714, 102.07377297537667, 101.9725832257952, 101.87237221854073, 101.77305930001395, 101.67456926618304, 101.5768563406808, 101.47988673618862, 101.38362666538784, 101.28805541992188, 101.19315338134766, 101.09890529087612, 101.00530133928571, 100.91233607700893, 100.81999097551618, 100.72826712472099, 100.63715362548828, 100.54664066859654, 100.45673588344029, 100.36741747174945, 100.27869088309151, 100.1905495779855, 100.10298265729632, 100.01599666050502, 99.92957741873605, 99.8437271118164, 99.75843920026507, 99.6737082345145, 99.5895265851702, 99.50590188162667, 99.42281995500836, 99.34028080531529, 99.25828334263393, 99.17681121826172, 99.0958753313337, 99.01546369280133, 98.93557739257812, 98.85620880126953, 98.77735464913505, 98.69900948660714, 98.62117658342633, 98.5438461303711, 98.4670170375279, 98.39067949567523, 98.3148422241211, 98.23949432373047, 98.16463034493583, 98.09025137765067, 98.01635197230748, 97.94292885916573, 97.86997549874442, 97.79749843052456, 97.72547912597656, 97.65392630440849, 97.5828366960798, 97.51219831194196, 97.4420166015625, 97.37228611537388, 97.30300031389508, 97.23416137695312, 97.16575513567243, 97.09779248918805, 97.03025926862445, 96.96316201346261, 96.89649200439453, 96.83024270193917, 96.76441846575055, 96.69901602608817, 96.63402666364398, 96.56945146833148, 96.50528935023716], "test_losses": [353.44676426478793, 269.83241489955356, 214.96478707449776, 178.84128897530692, 154.97163827078683, 139.1348637172154, 128.57916695731026, 121.5060544695173, 116.73686218261719, 113.4969961983817, 111.27586800711495, 109.73589215959821, 108.65314592633929, 107.87857491629464, 107.31262642996651, 106.88856724330357, 106.56147875104632, 106.30102975027901, 106.08663940429688, 105.90429796491351, 105.74441746303013, 105.60041264125279, 105.46774727957589, 105.34326825823102, 105.22478703090123, 105.11077008928571, 105.00013950892857, 104.89213235037667, 104.78621237618583, 104.68199157714844, 104.57919311523438, 104.47760772705078, 104.37709699358258, 104.27755192347935, 104.17889077322823, 104.08105359758649, 103.98399462018695, 103.88767787388393, 103.79207829066685, 103.69717298235211, 103.60294669015067, 103.50938088553292, 103.41646575927734, 103.32418387276786, 103.23254067557198, 103.14151654924665, 103.05110386439732, 102.9613015311105, 102.87209974016461, 102.78348977225167, 102.69547271728516, 102.60804203578404, 102.5211900983538, 102.43491472516742, 102.34920937674386, 102.26406533377511, 102.17948695591518, 102.09546443394252, 102.01199122837612, 101.92907169886998, 101.84669385637555, 101.76485443115234, 101.68355560302734, 101.60278647286552, 101.52254595075335, 101.44283294677734, 101.36363438197544, 101.28495461600167, 101.206789289202, 101.12913295200893, 101.05198124476841, 100.97532980782645, 100.89918191092355, 100.82352229527065, 100.74835641043526, 100.67367880684989, 100.5994851248605, 100.52577318464007, 100.4525397164481, 100.37978036063058, 100.30749075753349, 100.23566654750279, 100.16430555071149, 100.0934077671596, 100.02296774727958, 99.9529778616769, 99.88344029017857, 99.81435285295758, 99.74571119035993, 99.67750658307757, 99.60974012102399, 99.54241289411273, 99.47551509312221, 99.40904453822544, 99.34300340924945, 99.27737753731864, 99.2121832711356, 99.14739990234375, 99.0830328805106, 99.01907239641461, 98.95552607945034], "minibatch_train_losses": [369.72540283203125, 347.703125, 332.52423095703125, 311.755859375, 308.2090759277344, 276.1226806640625, 258.64410400390625, 283.31158447265625, 266.5473937988281, 257.1934509277344, 242.10049438476562, 240.17987060546875, 216.82437133789062, 202.45082092285156, 226.1466522216797, 212.9410858154297, 207.56483459472656, 196.40419006347656, 195.12716674804688, 178.21743774414062, 165.76229858398438, 188.13661193847656, 177.37493896484375, 174.74346923828125, 166.34255981445312, 165.14498901367188, 153.05238342285156, 141.75991821289062, 162.71664428710938, 153.66177368164062, 152.9459686279297, 146.50819396972656, 145.08299255371094, 136.63194274902344, 126.02310180664062, 145.60494995117188, 137.76461791992188, 138.40228271484375, 133.38052368164062, 131.57626342773438, 125.90752410888672, 115.6806640625, 134.00001525878906, 127.04150390625, 128.64794921875, 124.66188049316406, 122.41942596435547, 118.89725494384766, 108.86457824707031, 126.06272888183594, 119.75794982910156, 122.06719970703125, 118.8490982055664, 116.16220092773438, 114.31069946289062, 104.35711669921875, 120.58121490478516, 114.77114868164062, 117.59737396240234, 114.95622253417969, 111.84736633300781, 111.30635070800781, 101.36317443847656, 116.75370788574219, 111.32545471191406, 114.53726959228516, 112.33489990234375, 108.8405990600586, 109.33478546142578, 99.36265563964844, 114.04740905761719, 108.91912841796875, 112.42253112792969, 110.55760192871094, 106.71983337402344, 108.03677368164062, 98.01480102539062, 112.10649871826172, 107.21766662597656, 110.94452667236328, 109.34172058105469, 105.202880859375, 107.17731475830078, 97.09602355957031, 110.692138671875, 105.99698638916016, 109.89730834960938, 108.49996185302734, 104.10017395019531, 106.60258483886719, 96.45942687988281, 109.64302062988281, 105.10630798339844, 109.14289093017578, 107.90785217285156, 103.28369903564453, 106.21188354492188, 96.00837707519531, 108.84956359863281, 104.443603515625, 108.58842468261719, 107.48246765136719, 102.6665267944336, 105.93936157226562, 95.67925262451172, 108.23678588867188, 103.93948364257812, 108.17117309570312, 107.16847229003906, 102.18922424316406, 105.74197387695312, 95.43016815185547, 107.75302124023438, 103.54649353027344, 107.84855651855469, 106.9288558959961, 101.81095886230469, 105.59174346923828, 95.2335205078125, 107.36231994628906, 103.23194885253906, 107.59149932861328, 106.73881530761719, 101.50345611572266, 105.4704818725586, 95.07115173339844, 107.03954315185547, 102.9732437133789, 107.380126953125, 106.58175659179688, 101.24699401855469, 105.36650085449219, 94.93113708496094, 106.76691436767578, 102.75462341308594, 107.20072937011719, 106.446533203125, 101.02774810791016, 105.27232360839844, 94.80561828613281, 106.53172302246094, 102.56503295898438, 107.04385375976562, 106.32566833496094, 100.83587646484375, 105.18328094482422, 94.68950653076172, 106.32483673095703, 102.39665222167969, 106.90290832519531, 106.21420288085938, 100.66444396972656, 105.09645080566406, 94.57945251464844, 106.13958740234375, 102.24396514892578, 106.77332305908203, 106.10877990722656, 100.50837707519531, 105.01012420654297, 94.47333526611328, 105.97107696533203, 102.10297393798828, 106.65188598632812, 106.0072250366211, 100.36402893066406, 104.92332458496094, 94.3697509765625, 105.815673828125, 101.9708251953125, 106.5363540649414, 105.9080810546875, 100.228759765625, 104.83555603027344, 94.26785278320312, 105.67066192626953, 101.84542846679688, 106.42512512207031, 105.81041717529297, 100.10057830810547, 104.74659729003906, 94.16709899902344, 105.53395080566406, 101.72528076171875, 106.31710815429688, 105.71365356445312, 99.97802734375, 104.65642547607422, 94.06716918945312, 105.40397644042969, 101.6092529296875, 106.21148681640625, 105.6174087524414, 99.8600082397461, 104.56513214111328, 93.96784973144531, 105.27951049804688, 101.49652099609375, 106.10771179199219, 105.52146911621094, 99.74568176269531, 104.47283935546875, 93.86908721923828, 