{"testproblem": "fmnist_mlp", "batch_size": 128, "num_epochs": 100, "random_seed": 42, "weight_decay": null, "optimizer_hyperparams": {"lr": 0.001584893192461114}, "train_losses": [2.3021158377329507, 0.419921732483766, 0.36822129919742924, 0.2973757550502435, 0.276786014628716, 0.25226964916174227, 0.24152405082415312, 0.23425503151539045, 0.24911907391670424, 0.23113671413216835, 0.194957640595161, 0.21628732492144292, 0.20293299452616617, 0.20738239213824272, 0.18587005654206643, 0.19674374172702813, 0.1820826105391368, 0.15385851197135755, 0.1553048783292373, 0.15357122188195205, 0.1475725440451732, 0.14464579159632707, 0.1330803556319995, 0.15067578226518938, 0.1295380815386008, 0.12496548556746581, 0.11446598169799799, 0.12255575928168419, 0.1295871099886986, 0.10870885065732858, 0.129902044741007, 0.12497867108919682, 0.10170475852030975, 0.09583561320621999, 0.09960549284154788, 0.09647039223748904, 0.08276448811953649, 0.10359467599445428, 0.06956932342682894, 0.08853910992351863, 0.0734487528172441, 0.08910065956222706, 0.07061760005756067, 0.0731473963182324, 0.07745962890868004, 0.06612119701905893, 0.06107822922655405, 0.06366441811984166, 0.06803839321797475, 0.054942996288912416, 0.06000430815112896, 0.052828526291518636, 0.06340902850318414, 0.0540343781407827, 0.05248767832437387, 0.05796992917282459, 0.053981923760894016, 0.05259438902617265, 0.04284437528500954, 0.07595343530798952, 0.05515391611231443, 0.04258689175670346, 0.04757751502956335, 0.09386278081159943, 0.051795080268325716, 0.08281961372360969, 0.04671236684020513, 0.03558890966889568, 0.04063010216356279, 0.06354245604374088, 0.03609692994266366, 0.03387081870236076, 0.04114560135759604, 0.03658314882658231, 0.0497203377696375, 0.02693420564994598, 0.03645875652392323, 0.058226574976474814, 0.029228201712099597, 0.031406475469852105, 0.05188416891420881, 0.037696967295442634, 0.028300266868124407, 0.04914048502747065, 0.024637955772236753, 0.030656357158500798, 0.05884221717954064, 0.022299850881935503, 0.05154914948611687, 0.03192739761792696, 0.05502743507998112, 0.054800501403709255, 0.02721274871743308, 0.025070495043809597, 0.040551881735714584, 0.0331952441841937, 0.03796869342048199, 0.02114335109646886, 0.027838966456982188, 0.03995622129131777, 0.037370254434883975], "test_losses": [2.3022368321051965, 0.4455725011917261, 0.41519322991371155, 0.3640135964139914, 0.3437994976456349, 0.3457973698774974, 0.3293521511249053, 0.3236687708741579, 0.36427377508236813, 0.34716540040113986, 0.31918028703866863, 0.3395835808836497, 0.32722292573024064, 0.35002486465068966, 0.37940993656714755, 0.3755083246490894, 0.3775935476789108, 0.34678971404448533, 0.4031115559240182, 0.35529304916659993, 0.36998992661635083, 0.39857963587229067, 0.3993503722624901, 0.4128287063959317, 0.40062889743309754, 0.4065849834527725, 0.4427069486715855, 0.44853796771703625, 0.4988559772953009, 0.43238280637141985, 0.43021463316220504, 0.4877677286664645, 0.49330804229546815, 0.46571512080920047, 0.5110566419286605, 0.48327075995695895, 0.5147255335289699, 0.5301240159150882, 0.5261659085368499, 0.5647740704126847, 0.5390848952990311, 0.5601321785495832, 0.546978099605976, 0.6182897293414825, 0.6035979711092435, 0.620262466944181, 0.5605707250726528, 0.58873489460884, 0.5854054655020053, 0.6035626983413329, 0.5808326613444549, 0.6633549000208194, 0.6515274502528019, 0.6691562197147272, 0.6303244263697894, 0.6885367354903466, 0.7312902017281606, 0.6769030157190102, 0.7186740109553704, 0.7723154563170213, 0.7499232987562815, 0.6930771705049735, 0.6744446341808026, 0.7021732290203755, 0.7415190484279242, 0.7727260944934992, 0.7097552027075719, 0.7338867336511612, 0.7662506623145862, 0.7673386751841276, 0.8103894568406619, 0.7784604699565814, 0.7395590864695035, 0.741116137458728, 0.7077043904707983, 0.8015280774770639, 0.744161952382479, 0.813227219077257, 0.7936124704205073, 0.8366369077792535, 0.8064800212398554, 0.8573148351831313, 0.8584943685011986, 0.8357129702583338, 0.820734312136968, 0.8491450697183609, 0.8221676966700798, 0.933808222030982, 0.7708290274708699, 0.8762000485872611, 0.9004439940819373, 0.8719223273488191, 0.865181511029219, 0.8997333063147007, 0.8201972893797435, 0.8853126259950491, 0.8402379976633267, 0.9628628755991275, 0.8185280435360395, 0.9332211323273487, 0.8822756998049908], "train_accuracies": [0.10817307692307693, 0.8425480769230769, 0.8644831730769231, 0.8916266025641025, 0.8955328525641025, 0.9057491987179487, 0.9131610576923077, 0.9117588141025641, 0.9081530448717948, 0.9110576923076923, 0.9272836538461539, 0.9167668269230769, 0.9224759615384616, 0.9181690705128205, 0.9289863782051282, 0.9279847756410257, 0.932792467948718, 0.9420072115384616, 0.9405048076923077, 0.9402043269230769, 0.9441105769230769, 0.946113782051282, 0.9502203525641025, 0.9401041666666666, 0.9491185897435898, 0.9502203525641025, 0.9550280448717948, 0.9529246794871795, 0.9479166666666666, 0.9555288461538461, 0.9517227564102564, 0.9501201923076923, 0.9582331730769231, 0.9636418269230769, 0.9620392628205128, 0.9652443910256411, 0.9669471153846154, 0.9597355769230769, 0.9723557692307693, 0.9629407051282052, 0.9721554487179487, 0.9634415064102564, 0.973457532051282, 0.9708533653846154, 0.9688501602564102, 0.9728565705128205, 0.9753605769230769, 0.973457532051282, 0.97265625, 0.9788661858974359, 0.9770633012820513, 0.9764623397435898, 0.9752604166666666, 0.9822716346153846, 0.9813701923076923, 0.9763621794871795, 0.9800681089743589, 0.9809695512820513, 0.9827724358974359, 0.9736578525641025, 0.98046875, 0.9853766025641025, 0.9805689102564102, 0.9642427884615384, 0.9814703525641025, 0.9720552884615384, 0.9817708333333334, 0.9865785256410257, 0.9847756410256411, 0.9780649038461539, 0.9867788461538461, 0.9871794871794872, 0.9854767628205128, 0.9860777243589743, 0.9809695512820513, 0.9894831730769231, 0.9850761217948718, 0.9794671474358975, 0.9886818910256411, 0.9895833333333334, 0.9805689102564102, 0.9866786858974359, 0.9898838141025641, 0.9826722756410257, 0.9904847756410257, 0.9902844551282052, 0.9788661858974359, 0.9916866987179487, 0.9838741987179487, 0.9876802884615384, 0.9844751602564102, 0.9813701923076923, 0.9894831730769231, 0.991386217948718, 0.9859775641025641, 0.9879807692307693, 0.9858774038461539, 0.9927884615384616, 0.9905849358974359, 0.9865785256410257, 0.9875801282051282],