{"train_losses": [353.9337594168527, 121.84344918387276, 112.50214168003627, 103.23104095458984, 96.05013929094586, 90.60730634416852, 88.54159545898438, 86.87054116385323, 86.36417170933315, 85.76802607945034, 85.72580283028739, 85.55512019566127, 85.59536743164062, 85.5804421561105, 85.6071297781808, 85.66907283238002, 85.6955315726144, 85.75676727294922, 85.79149191720145, 85.82657296316964, 85.86477879115513, 85.89018794468471, 85.9196526663644, 85.94803946358817, 85.97343989780971, 86.000486101423, 86.02586691720145, 86.0498515537807, 86.0740225655692, 86.09714072091239, 86.11927577427456, 86.1409890311105, 86.16192190987724, 86.18207550048828, 86.20169176374164, 86.22067696707589, 86.23901912144252, 86.25681958879743, 86.27409907749721, 86.2908455984933, 86.3071060180664, 86.32289123535156, 86.3382088797433, 86.35307094029018, 86.36749594552177, 86.38148607526507, 86.39504895891461, 86.408200945173, 86.42094421386719, 86.43328857421875, 86.44524165562221, 86.45681544712612, 86.468019757952, 86.4788589477539, 86.48934391566685, 86.49948229108539, 86.50928388323102, 86.51875523158482, 86.5279072352818, 86.53675733293805, 86.54530007498605, 86.55355398995536, 86.56152452741351, 86.56922149658203, 86.57665906633649, 86.58384377615792, 86.59078761509487, 86.59749276297433, 86.60397338867188, 86.61023276192802, 86.61628723144531, 86.62214006696429, 86.62779998779297, 86.63327353341239, 86.63856833321708, 86.64369746616909, 86.6486565726144, 86.6534663609096, 86.65812138148716, 86.66263144356864, 86.66700853620257, 86.67124720982143, 86.67535945347377, 86.67935398646763, 86.68322862897601, 86.68699645996094, 86.69064440046039, 86.69419860839844, 86.69765036446708, 86.70100838797433, 86.7042715890067, 86.7074465070452, 86.71053859165737, 86.71354566301618, 86.7164775303432, 86.71933092389789, 86.72211238316127, 86.72482081821987, 86.7274649483817, 86.73004259381976, 86.73255266462054], "test_losses": [353.44676426478793, 123.64779118129185, 115.04358455113002, 105.92038290841239, 98.53780909946987, 93.36284637451172, 91.03495134626117, 89.54229191371373, 88.88408442905971, 88.30175454275948, 88.27412741524833, 88.10951777866909, 88.1055930001395, 88.0899156842913, 88.11864035470145, 88.16761997767857, 88.18937683105469, 88.25099073137555, 88.28593008858817, 88.31827654157367, 88.35494123186383, 88.38143375941685, 88.41237531389508, 88.44181169782367, 88.46849714006696, 88.49740818568638, 88.52484021868024, 88.55090767996651, 88.57729012625558, 88.60269601004464, 88.6271743774414, 88.65132686070034, 88.67474583217076, 88.69740840366909, 88.71954454694476, 88.74105072021484, 88.76190403529576, 88.78222002301898, 88.80198124476841, 88.8211691720145, 88.83982631138393, 88.85797555106026, 88.87559182303292, 88.89269692557198, 88.90929739815849, 88.92539651053292, 88.94099862234933, 88.95611136300224, 88.97074345179966, 88.98489488874164, 88.99857766287667, 89.01179613385882, 89.02456229073661, 89.03688376290458, 89.04876708984375, 89.06022426060268, 89.07126835414341, 89.08190046037946, 89.09213147844586, 89.10198647635323, 89.11146327427456, 89.12056841169085, 89.12932913643974, 89.13774980817523, 89.14583914620536, 89.1536113194057, 89.16107613699776, 89.16825103759766, 89.17514038085938, 89.18175615583148, 89.18811144147601, 89.19421822684151, 89.20008087158203, 89.20571463448661, 89.21112714494977, 89.21633039202008, 89.22132764543805, 89.22613634381976, 89.23075757707868, 89.23520115443638, 89.23948124476841, 89.24359348842076, 89.247556413923, 89.25136893136161, 89.25504629952567, 89.25858306884766, 89.26199885777065, 89.26528603690011, 89.26846095493862, 89.27152688162667, 89.27448490687779, 89.27733394077846, 89.28009142194476, 89.28275735037667, 89.28533281598773, 89.28782653808594, 89.2902352469308, 89.29256875174386, 89.29483250209263, 89.29701777866909, 89.29913766043526], "minibatch_train_losses": [369.72540283203125, 154.67013549804688, 122.95626831054688, 167.4735107421875, 185.11068725585938, 200.9451904296875, 149.85662841796875, 120.4942398071289, 108.37139892578125, 112.75482177734375, 119.60763549804688, 132.186279296875, 128.56732177734375, 116.23739624023438, 120.03294372558594, 98.79744720458984, 97.50096130371094, 100.26881408691406, 97.03874206542969, 114.39297485351562, 101.40174865722656, 103.08075714111328, 95.83012390136719, 95.2020492553711, 93.07044219970703, 90.10148620605469, 93.10635375976562, 86.94424438476562, 101.58686828613281, 94.43719482421875, 95.550537109375, 91.67121887207031, 85.2358169555664, 93.41473388671875, 84.04319763183594, 92.18299865722656, 88.87251281738281, 92.5601806640625, 91.68316650390625, 84.91839599609375, 88.860107421875, 79.64464569091797, 93.07064056396484, 88.55780029296875, 92.16450500488281, 90.38682556152344, 84.43374633789062, 89.55484008789062, 80.26622772216797, 89.47359466552734, 86.15850067138672, 90.57130432128906, 90.09376525878906, 83.93842315673828, 88.13514709472656, 78.35295104980469, 90.42992401123047, 86.22364807128906, 90.20268249511719, 89.38245391845703, 83.80974578857422, 89.01446533203125, 78.82049560546875, 88.760498046875, 85.76046752929688, 89.99885559082031, 89.4736328125, 83.84585571289062, 88.19731903076172, 78.46566772460938, 89.56211853027344, 85.77819061279297, 90.05648040771484, 89.48164367675781, 83.58653259277344, 88.88520812988281, 78.71045684814453, 88.96560668945312, 85.51385498046875, 89.9122314453125, 89.40376281738281, 83.93572998046875, 88.22227478027344, 78.34819793701172, 89.291748046875, 85.71073150634766, 89.93692016601562, 89.53987121582031, 83.74698638916016, 88.74858093261719, 78.59332275390625, 89.20196533203125, 85.82066345214844, 90.05671691894531, 89.48095703125, 83.92945861816406, 88.53451538085938, 78.60811614990234, 89.24044799804688, 85.8022232055664, 90.01753234863281, 89.6141128540039, 83.87113952636719, 88.68035888671875, 78.61958312988281, 89.39311981201172, 85.95044708251953, 90.080322265625, 89.63044738769531, 83.9669189453125, 88.79000854492188, 78.73394775390625, 89.35518646240234, 86.02388000488281, 90.12852478027344, 89.71559143066406, 84.04226684570312, 88.78414916992188, 78.78378295898438, 89.49568176269531, 86.12357330322266, 90.17595672607422, 89.79193115234375, 84.05705261230469, 88.91714477539062, 78.86788940429688, 89.52655792236328, 86.18853759765625, 90.20573425292969, 89.82368469238281, 84.12918090820312, 88.92402648925781, 78.90185546875, 89.56896209716797, 86.25234985351562, 90.2261962890625, 89.88079071044922, 84.16047668457031, 88.98260498046875, 78.94474792480469, 89.63719177246094, 86.33753967285156, 90.26482391357422, 89.91771697998047, 84.19442749023438, 89.05084228515625, 79.00692749023438, 89.66171264648438, 86.3944320678711, 90.29463195800781, 89.9548568725586, 84.23013305664062, 89.07760620117188, 79.04814147949219, 89.70758056640625, 86.44824981689453, 90.31771850585938, 89.99738311767578, 84.25038146972656, 89.1286849975586, 79.09078979492188, 89.7501220703125, 86.50492858886719, 90.3432388305664, 90.03076934814453, 84.277587890625, 89.17190551757812, 79.13518524169922, 89.7823486328125, 86.55374145507812, 90.36665344238281, 90.06620788574219, 84.3033676147461, 89.20518493652344, 79.17475891113281, 89.82333374023438, 86.60060119628906, 90.38805389404297, 90.10155487060547, 84.32372283935547, 89.24467468261719, 79.21405792236328, 89.86003112792969, 86.64390563964844, 90.40784454345703, 90.13272094726562, 84.34528350830078, 89.27820587158203, 79.25055694580078, 89.89315795898438, 86.68287658691406, 90.42575073242188, 90.16357421875, 84.36542510986328, 89.30854034423828, 79.28392028808594, 89.92868041992188, 86.72057342529297, 90.44281768798828, 90.19317626953125, 84.3836669921875, 89.34048461914062, 79.31632232666016, 89.96210479736328, 86.75595092773438, 90.45907592773438, 90.22055053710938, 84.40182495117188, 89.36981201171875, 79.346923828125, 89.99369812011719, 86.78853607177734, 90.47431945800781, 90.24715423583984, 84.41889953613281, 89.3973159790039, 79.37556457519531, 90.02543640136719, 