{"testproblem": "fmnist_mlp", "batch_size": 128, "num_epochs": 100, "random_seed": 42, "weight_decay": null, "optimizer_hyperparams": {"lr": 1.584893192461114e-05, "momentum": 0.99}, "train_losses": [2.3021158377329507, 2.2922116090089846, 2.278681155962822, 2.258391939676725, 2.2248644064634275, 2.161274249737079, 2.0514066097063894, 1.8542807392584972, 1.603138303145384, 1.4004514599457765, 1.2610060266959362, 1.1516325962849152, 1.0667553658668811, 1.008531846297093, 0.9543372713602506, 0.9148615422921303, 0.8597784821803753, 0.8536622600677686, 0.8167868149586213, 0.7762852823122953, 0.7520600312795395, 0.7566259778462924, 0.7231221076769706, 0.7422662453773694, 0.708153846172186, 0.6826169582513663, 0.6891968915095696, 0.6741968477383639, 0.6564343693928841, 0.640148462775426, 0.6365112883922381, 0.6323664367963107, 0.6113751790462396, 0.6226887595959198, 0.5982061907266959, 0.5951161510669268, 0.595608067436096, 0.5841016154258679, 0.5873270214368136, 0.5631084419213809, 0.5704241253626652, 0.5684785097837448, 0.5618932491693741, 0.564806402875827, 0.5629665030118747, 0.5424727083016665, 0.5382754668975488, 0.5385631150924243, 0.54792153606048, 0.5225071425621326, 0.5167804860915893, 0.5299211121522464, 0.5183522005875906, 0.5151601540736663, 0.5025227031646631, 0.5059994245186831, 0.5019814524895105, 0.4898793697357178, 0.49279199617031294, 0.5003723868956933, 0.5018965173990299, 0.4790524580539801, 0.48615633218716353, 0.47356656652230483, 0.49233623995230746, 0.48047194610803556, 0.4678995723907764, 0.47207705944012374, 0.4666119450942064, 0.47547359726367855, 0.46498839136881703, 0.4583827658341481, 0.4401550965431409, 0.4596477980032945, 0.45382880094723826, 0.45895807445049286, 0.4429994290455794, 0.4690574392294272, 0.4444048523138731, 0.45945976712764836, 0.4465956531274013, 0.4462335957930638, 0.45706008947812593, 0.4390809150078358, 0.4185004371863145, 0.4310879042515388, 0.44478251880560166, 0.42472848219749254, 0.43685046526101917, 0.44220778804558974, 0.42923670281202364, 0.42493470586263216, 0.43362810825690246, 0.42873116830984753, 0.43327490985393524, 0.42244740556447935, 0.41995499913509077, 0.41078141217048353, 0.41042962020788437, 0.4076296450235905, 0.4147619406382243], "test_losses": [2.3022368321051965, 2.2924113273620605, 2.2790568272272744, 2.259041556945214, 2.224616909638429, 2.162362991235195, 2.0502562736853576, 1.8583566011526647, 1.605467825363844, 1.4019486155265417, 1.263909679192763, 1.1629213048861577, 1.0823201850438728, 1.016131410231957, 0.9614299948398883, 0.9151130448549222, 0.8790396918088962, 0.8460763906821226, 0.8188435909075614, 0.7975808122219183, 0.7768161778266613, 0.7617156658417139, 0.74523053643031, 0.7323137819766998, 0.7186701633991339, 0.7086638433810992, 0.6980447516991541, 0.687255268677687, 0.677587485848329, 0.6694461237161587, 0.6589929392704597, 0.6519652284108676, 0.6448422120167658, 0.638892147785578, 0.6293046547052188, 0.6224341610303292, 0.6160436952725435, 0.6123226892489654, 0.6059904855031234, 0.6015177816152573, 0.5962094611082321, 0.5912150144577026, 0.585919201756135, 0.5816182700487283, 0.5766122421393027, 0.57275578723504, 0.5706902272426165, 0.564202124109635, 0.5605011410438098, 0.5562979773833201, 0.553303307829759, 0.5513703391338006, 0.5488571520799246, 0.5424741200911694, 0.5396246436314706, 0.5365821505204226, 0.5355336050956677, 0.5295333442015525, 0.5282860723061439, 0.5256680162289203, 0.5220483086812191, 0.5190208542805451, 0.5161647903613555, 0.5133433957130481, 0.5159194263128134, 0.5086571333500055, 0.5081511644216684, 0.5069869672640775, 0.5019990840019324, 0.5026961442751762, 0.49881941080093384, 0.4982099116612703, 0.49371960835579115, 0.4930360450958594, 0.4902669905852049, 0.48873501786818874, 0.4865634403167627, 0.485364861977406, 0.4833171329437158, 0.48231930075547635, 0.4794093886247048, 0.4838238144532228, 0.4781128844389549, 0.47464705774417293, 0.4727712101661242, 0.4708322355380425, 0.4704896372098189, 0.46862694659294224, 0.47026571325766736, 0.47344613992250884, 0.4659441166963333, 0.4627358668889755, 0.46199993025033903, 0.46103698282669753, 0.4599209829018666, 0.4586458274951348, 0.4568096296145366, 0.4565618156622618, 0.456975709933501, 0.4537929334701636, 0.4541889555179156], "train_accuracies": [0.10817307692307693, 0.23858173076923078, 0.2320713141025641, 0.2822516025641026, 0.26842948717948717, 0.30088141025641024, 0.3808092948717949, 0.50390625, 0.49549278846153844, 0.4894831730769231, 0.5655048076923077, 0.5960536858974359, 0.6139823717948718, 0.6164863782051282, 0.63671875, 0.6372195512820513, 0.6585536858974359, 0.6682692307692307, 0.682792467948718, 0.684395032051282, 0.7052283653846154, 0.71484375, 0.7307692307692307, 0.7204527243589743, 0.7393830128205128, 0.7501001602564102, 0.7431891025641025, 0.7577123397435898, 0.7600160256410257, 0.7722355769230769, 0.7710336538461539, 0.7775440705128205, 0.7828525641025641, 0.7737379807692307, 0.7866586538461539, 0.7906650641025641, 0.7899639423076923, 0.79296875, 0.7972756410256411, 0.8047876602564102, 0.7994791666666666, 0.8021834935897436, 0.8042868589743589, 0.8016826923076923, 0.8033854166666666, 0.8111979166666666, 0.8137019230769231, 0.8132011217948718, 0.8098958333333334, 0.8209134615384616, 0.8258213141025641, 0.8204126602564102, 0.8191105769230769, 0.8196113782051282, 0.8261217948717948, 0.8236177884615384, 0.8236177884615384, 0.8310296474358975, 0.8300280448717948, 0.8256209935897436, 0.8282251602564102, 0.8283253205128205, 0.8318309294871795, 0.836738782051282, 0.8253205128205128, 0.8301282051282052, 0.8411458333333334, 0.8344350961538461, 0.8376402243589743, 0.8344350961538461, 0.8371394230769231, 0.8421474358974359, 0.8469551282051282, 0.8380408653846154, 0.8427483974358975, 0.8424479166666666, 0.8449519230769231, 0.8409455128205128, 0.842948717948718, 0.8420472756410257, 0.8460536858974359, 0.8439503205128205, 0.8408453525641025, 0.84765625, 0.8540665064102564, 0.8520633012820513, 0.8498597756410257, 0.8536658653846154, 0.8469551282051282, 0.8455528846153846, 0.8511618589743589, 0.8541666666666666, 0.8478565705128205, 0.8528645833333334, 0.8501602564102564, 0.8527644230769231, 0.8570713141025641, 0.8600761217948718, 0.8592748397435898, 0.859375, 0.8539663461538461],