{"train_losses": [353.9337594168527, 204.6904536655971, 409.71409388950894, 222.53637913295202, 91.79581233433315, 133.63094547816686, 101.45549011230469, 98.68468475341797, 98.48223114013672, 94.25391823904855, 89.12920706612724, 88.50296565464565, 88.78921290806362, 90.07602800641742, 91.32262093680245, 92.65314592633929, 93.15892137799945, 92.31504276820591, 91.0384772164481, 89.80232347760882, 89.14410836356026, 89.28240421840123, 89.74624633789062, 90.17611912318638, 90.2945316859654, 89.9422607421875, 89.18589237758091, 88.23379625592914, 87.23326982770648, 86.36006164550781, 85.77088165283203, 85.5119160243443, 85.46810477120536, 85.49072701590401, 85.51878574916294, 85.549558367048, 85.58616420200893, 85.62892259870257, 85.67548588344029, 85.72435978480748, 85.7769045148577, 85.832765851702, 85.89089856828961, 85.95154789515904, 86.01402936662946, 86.0780770438058, 86.14366694859096, 86.21050371442523, 86.2784914289202, 86.34728676932198, 86.41676330566406, 86.48684474400112, 86.557370867048, 86.62815965924945, 86.69907815115792, 86.77004023960659, 86.84089006696429, 86.91144343784877, 86.98150852748326, 87.05088152204242, 87.11927250453404, 87.18635668073382, 87.25181034633091, 87.3152596609933, 87.37635476248605, 87.43478175571987, 87.49031502859933, 87.54283687046596, 87.59238651820591, 87.63916560581752, 87.68356323242188, 87.72608838762555, 87.76736123221261, 87.80805206298828, 87.84880937848773, 87.89020211356026, 87.93268585205078, 87.97653416224888, 88.02185494559151, 88.06860787527901, 88.1166240147182, 88.16562761579242, 88.21532876150948, 88.2654277256557, 88.31569344656808, 88.36595480782645, 88.41609845842633, 88.46607862200055, 88.5158942086356, 88.56554303850446, 88.6150371006557, 88.66437203543526, 88.71354130336216, 88.7625231061663, 88.81127820696149, 88.85977172851562, 88.90799822126117, 88.95592171805245, 89.00353131975446, 89.05081285749164, 89.09774780273438], "test_losses": [353.44676426478793, 210.80307006835938, 411.03697422572543, 223.9725843157087, 94.08873966761998, 136.36427634102958, 104.27448163713727, 101.50365447998047, 101.15563637869698, 96.52358899797711, 91.11023058210101, 90.50001416887555, 90.78196607317243, 92.07943834577289, 93.27665274483817, 94.4151611328125, 94.88948495047433, 94.15816933768136, 93.02611105782645, 91.91898890904018, 91.43087877546039, 91.6505148751395, 92.12249537876674, 92.53646305629185, 92.6376211983817, 92.29395403180804, 91.55590929303851, 90.60876573835101, 89.6048583984375, 88.72581699916294, 88.13345663888114, 87.86945343017578, 87.81869615827289, 87.83416203090123, 87.85458483014789, 87.87719072614398, 87.9058096749442, 87.93983350481305, 87.97695486886161, 88.01627894810268, 88.05915832519531, 88.10529000418526, 88.15399932861328, 88.20530373709542, 88.25851004464286, 88.3135016305106, 88.37029266357422, 88.42867715018136, 88.48854173932757, 88.54953983851841, 88.611570085798, 88.6745856148856, 88.7384283883231, 88.80288369315011, 88.8678218296596, 88.93311745779855, 88.9985831124442, 89.06398446219308, 89.12905665806362, 89.1935283115932, 89.2570310320173, 89.3191397530692, 89.3794413975307, 89.4374749319894, 89.49279676164899, 89.54503413609096, 89.5938971383231, 89.63925606863839, 89.68115561349052, 89.71982901436942, 89.75571877615792, 89.78941345214844, 89.82163456508091, 89.85313742501395, 89.88467516217914, 89.91689082554409, 89.95029558454242, 89.98518916538784, 90.02170017787388, 90.05975559779576, 90.09915379115513, 90.13958522251674, 90.18070656912667, 90.22220066615513, 90.26379939488002, 90.30533599853516, 90.3467036655971, 90.38787187848773, 90.42885916573661, 90.46968950544085, 90.51038905552456, 90.55097961425781, 90.59144919259208, 90.6317868913923, 90.67196764264789, 90.71195438929966, 90.75174168178013, 90.79131208147321, 90.83064596993583, 90.86975533621651, 90.90860748291016], "minibatch_train_losses": [369.72540283203125, 2394.266845703125, 610.4326782226562, 540.361328125, 1176.50927734375, 947.4500732421875, 395.89739990234375, 208.36146545410156, 431.59759521484375, 673.8555297851562, 576.0157470703125, 257.8531799316406, 144.13539123535156, 222.5452880859375, 427.297607421875, 412.45709228515625, 251.68740844726562, 126.77424621582031, 133.61801147460938, 259.900146484375, 286.6623840332031, 211.53912353515625, 128.92584228515625, 102.83743286132812, 152.5501251220703, 214.26644897460938, 176.3684844970703, 112.49848937988281, 93.32691192626953, 120.66836547851562, 162.5254364013672, 162.27825927734375, 112.02801513671875, 97.94642639160156, 96.8668212890625, 141.84019470214844, 139.48956298828125, 114.49359130859375, 95.44615173339844, 96.22628784179688, 127.02769470214844, 110.12942504882812, 99.60555267333984, 94.8644027709961, 101.23162078857422, 107.32537841796875, 104.4645004272461, 93.75189208984375, 81.7260971069336, 97.143310546875, 99.32547760009766, 99.3536376953125, 98.85823059082031, 89.84855651855469, 90.93492889404297, 86.16336059570312, 101.16065979003906, 90.64126586914062, 94.52952575683594, 101.76338195800781, 90.02662658691406, 92.40898132324219, 81.91123962402344, 97.15780639648438, 93.96559143066406, 95.155029296875, 94.06350708007812, 87.1330795288086, 94.66128540039062, 82.23674011230469, 90.95597839355469, 89.94245910644531, 93.92766571044922, 92.37557983398438, 86.43354034423828, 91.13206481933594, 80.10652160644531, 90.28872680664062, 88.7286148071289, 91.95878601074219, 91.30084228515625, 86.04652404785156, 90.13389587402344, 78.69715118408203, 91.02861785888672, 89.62613677978516, 92.17498779296875, 92.05128479003906, 86.09925079345703, 90.13005065917969, 78.54539489746094, 92.697998046875, 90.50780487060547, 92.52742004394531, 93.47694396972656, 87.11392211914062, 90.70038604736328, 78.2658920288086, 94.07097625732422, 91.12625122070312, 92.11279296875, 94.84956359863281, 87.8808822631836, 91.49081420898438, 78.31422424316406, 95.25396728515625, 90.85836029052734, 91.93238830566406, 96.28028869628906, 87.61751556396484, 91.69618225097656, 79.05561065673828, 95.6266860961914, 89.57129669189453, 92.3369140625, 97.17710876464844, 86.45854187011719, 91.67109680175781, 79.69751739501953, 94.92561340332031, 88.07081604003906, 92.64613342285156, 97.09834289550781, 85.00396728515625, 91.9778060913086, 79.87074279785156, 93.88570404052734, 87.1119384765625, 92.73011779785156, 96.07402038574219, 83.93511962890625, 92.09759521484375, 79.50328063964844, 93.02842712402344, 86.72361755371094, 92.40523529052734, 94.64462280273438, 83.58049011230469, 91.68693542480469, 78.74261474609375, 92.80648803710938, 86.68688201904297, 91.59064483642578, 93.78582763671875, 83.64977264404297, 90.7470703125, 78.33270263671875, 93.2707290649414, 86.619384765625, 91.11481475830078, 93.84060668945312, 83.79426574707031, 89.68611145019531, 78.5672607421875, 93.93472290039062, 86.49880981445312, 91.18571472167969, 94.61518859863281, 83.75377655029297, 88.94247436523438, 79.28134155273438, 94.44025421142578, 86.34036254882812, 91.81959533691406, 95.64126586914062, 83.59291076660156, 88.53302764892578, 80.24153137207031, 94.59373474121094, 86.12130737304688, 92.84061431884766, 96.42854309082031, 83.35444641113281, 88.43141174316406, 81.2191162109375, 94.21752166748047, 85.98267364501953, 94.1066665649414, 96.65869140625, 83.17031860351562, 88.61648559570312, 81.98805236816406, 93.35472106933594, 86.0997085571289, 95.35545349121094, 96.28961181640625, 83.18937683105469, 88.9880599975586, 82.42510223388672, 92.15225219726562, 86.54441833496094, 96.3579330444336, 95.4862289428711, 83.47976684570312, 89.45673370361328, 82.45154571533203, 90.80604553222656, 87.24579620361328, 96.90190124511719, 94.35881042480469, 84.06835174560547, 89.8712158203125, 82.05797576904297, 89.54972076416016, 88.04533386230469, 96.89896392822266, 93.10264587402344, 84.89864349365234, 90.09854125976562, 81.37832641601562, 88.59290313720703, 88.73797607421875, 96.38783264160156, 91.97106170654297, 85.77090454101562, 90.0459976196289, 80.67818450927734, 88.0141372680664, 