{"testproblem": "fmnist_mlp", "batch_size": 128, "num_epochs": 100, "random_seed": 42, "weight_decay": null, "optimizer_hyperparams": {"lr": 0.0002511886431509582, "momentum": 0.99}, "train_losses": [2.3021158377329507, 1.35693459938734, 0.7536370547918173, 0.5837355840664643, 0.5385929055702992, 0.4845780646189665, 0.4508363195718863, 0.4248283746150824, 0.4085159718226164, 0.3981767785854829, 0.3825977908877226, 0.38959617836353105, 0.36105127957386846, 0.3456280787403767, 0.3586723582866864, 0.33097627873604113, 0.34002050088766295, 0.3291014551352232, 0.3188518465329439, 0.29878824204206467, 0.29951287977970564, 0.2911438929537932, 0.2763980913620729, 0.286450876448399, 0.30178586947612274, 0.26440653930871916, 0.26035994616074437, 0.25658261432097507, 0.25927704133284396, 0.22146429035526055, 0.22822162604484802, 0.2531252316175363, 0.21456265162963134, 0.21911834925413132, 0.20206055111992052, 0.2100761068555025, 0.20329928952149856, 0.20725413029774642, 0.19661353967892817, 0.1897090124205137, 0.18450987520508277, 0.17872921138619766, 0.16726854558174425, 0.1856378653110602, 0.17653009075766954, 0.15688884683335438, 0.17022145845187017, 0.17585952876087946, 0.14924147782417443, 0.14776529505466804, 0.16140662219661933, 0.15607489812641573, 0.1500130210740444, 0.16677465948920983, 0.12647137361077163, 0.14550872385883942, 0.1642300124065234, 0.1459688286846265, 0.11771802795238984, 0.10678421629545017, 0.11519493721425533, 0.10906988463531701, 0.10048633918930323, 0.1251728869497012, 0.10310726713102597, 0.10616133438471036, 0.13858004181812972, 0.1263696117183337, 0.10328880133919227, 0.10136138953459568, 0.09256021888592304, 0.08162434537632343, 0.1046778356226591, 0.10469659126530854, 0.09446471829253894, 0.0907721761136483, 0.0909561422199775, 0.07748159078451303, 0.08904112335772087, 0.06091056329508623, 0.10817220253057969, 0.07387665090843654, 0.07710694044064252, 0.07825107968006378, 0.09255030111242564, 0.07035598665093765, 0.06967690353019115, 0.06560122694533604, 0.06302186316595627, 0.06666933821562009, 0.07076529007500564, 0.06574325335140412, 0.08067890132466952, 0.06969714594575074, 0.07427586877766328, 0.0481111099704718, 0.058195894584059715, 0.046549067426568426, 0.05241166919660874, 0.055968171797501735, 0.05075264301819679], "test_losses": [2.3022368321051965, 1.3678725545222943, 0.7638475573979892, 0.6158718096140103, 0.5556891908248266, 0.5267878491909076, 0.4884738654662401, 0.46111139349448377, 0.4478284177871851, 0.4463649418873665, 0.42264011101080823, 0.42603441728995395, 0.4115655664832164, 0.3925876653729341, 0.3967221159583483, 0.3766137904081589, 0.3919375588496526, 0.3829735769675328, 0.3757023710088852, 0.3617384366882153, 0.355428142616382, 0.36345399343050444, 0.3479828952978819, 0.3501036407855841, 0.3749450250313832, 0.35090475472120136, 0.3444255855985177, 0.3398539401017703, 0.34919562477331895, 0.3273749962831155, 0.327924044468464, 0.34019255523498243, 0.32805285258935046, 0.3259551506011914, 0.3253468242593301, 0.31794603914022446, 0.321417860686779, 0.32793124344868535, 0.318665583164264, 0.32793282660154194, 0.3254366454023581, 0.312218940219818, 0.3144638373110539, 0.33934695311845875, 0.32535986334849626, 0.31682082284719515, 0.34200855019765025, 0.33874675707939345, 0.3156398766889022, 0.3274725780655176, 0.3342710704757617, 0.3398508914770224, 0.33034564287234575, 0.37000478651279056, 0.3317384312932308, 0.34514138924005705, 0.3654702305793762, 0.3499979229691701, 0.33184481049195313, 0.3335354011028241, 0.3367246104738651, 0.33594066554155105, 0.3505600043214284, 0.36486507188051176, 0.3523169054816931, 0.35331843201166546, 0.37876732895771664, 0.3717434091063646, 0.3711270909660902, 0.34020857455638737, 0.3584498551984628, 0.3629978863665691, 0.4002497748304636, 0.38564842786544407, 0.38236416570651227, 0.3913298677175473, 0.38671420762936276, 0.3840556351038126, 0.40833021795902497, 0.37585984265957123, 0.42849281162787706, 0.3837629508895752, 0.3925161512616353, 0.4046277434397966, 0.417315159088526, 0.40907078503798217, 0.40552026625627124, 0.41792189387174755, 0.4106355832937436, 0.4125885778130629, 0.432953987748195, 0.42102974041914326, 0.4599890739489824, 0.4379890093054527, 0.44214371935679364, 0.40943247118057347, 0.44872361918290454, 0.43212427437687534, 0.4545861350802275, 0.44475866796878666, 0.4508208045974756], "train_accuracies": [0.10817307692307693, 0.45592948717948717, 0.6987179487179487, 0.7874599358974359, 0.8107972756410257, 0.8307291666666666, 0.8450520833333334, 0.8482572115384616, 0.8590745192307693, 0.8571714743589743, 0.8713942307692307, 0.8651842948717948, 0.871895032051282, 0.8812099358974359, 0.8747996794871795, 0.8833133012820513, 0.8787059294871795, 0.8849158653846154, 0.887520032051282, 0.8935296474358975, 0.8927283653846154, 0.8967347756410257, 0.9008413461538461, 0.8942307692307693, 0.8913261217948718, 0.9055488782051282, 0.9067508012820513, 0.9086538461538461, 0.9058493589743589, 0.9221754807692307, 0.918770032051282, 0.907051282051282, 0.9229767628205128, 0.917167467948718, 0.9272836538461539, 0.9227764423076923, 0.9290865384615384, 0.9259815705128205, 0.9338942307692307, 0.9332932692307693, 0.9351963141025641, 0.9375, 0.9437099358974359, 0.9294871794871795, 0.9369991987179487, 0.9435096153846154, 0.9380008012820513, 0.9364983974358975, 0.9477163461538461, 0.9466145833333334, 0.9452123397435898, 0.9441105769230769, 0.9479166666666666, 0.9396033653846154, 0.9603365384615384, 0.9459134615384616, 0.9379006410256411, 0.9465144230769231, 0.9571314102564102, 0.9634415064102564, 0.9638421474358975, 0.9614383012820513, 0.9663461538461539, 0.9522235576923077, 0.9643429487179487, 0.9658453525641025, 0.9480168269230769, 0.9535256410256411, 0.9631410256410257, 0.9660456730769231, 0.969551282051282, 0.9739583333333334, 0.9606370192307693, 0.9632411858974359, 0.9680488782051282, 0.9680488782051282, 0.9689503205128205, 0.9754607371794872, 0.9680488782051282, 0.9808693910256411, 0.960136217948718, 0.9752604166666666, 0.9720552884615384, 0.9743589743589743, 0.9654447115384616, 0.9761618589743589, 0.9756610576923077, 0.9762620192307693, 0.9800681089743589, 0.9769631410256411, 0.9751602564102564, 0.9765625, 0.9689503205128205, 0.9751602564102564, 0.9729567307692307, 0.9848758012820513, 0.9807692307692307, 0.9842748397435898, 0.9811698717948718, 0.98046875, 0.9820713141025641],