{"testproblem": "fmnist_mlp", "batch_size": 128, "num_epochs": 100, "random_seed": 42, "weight_decay": null, "optimizer_hyperparams": {"lr": 1e-05}, "train_losses": [2.3021158377329507, 1.2821807922461095, 0.8489038348197937, 0.7232256776247269, 0.6632191454752897, 0.6020449235653266, 0.5772093312862592, 0.5431747581714239, 0.5308738603041723, 0.5061080749982443, 0.4952523360649745, 0.4953157431804217, 0.47166902896685475, 0.4682444502145816, 0.46671797449772173, 0.46250850153275025, 0.4510241815677056, 0.4502084713715773, 0.4340230685013991, 0.4287665008734434, 0.43194457850395107, 0.43216846386591595, 0.41496245563030243, 0.440503179644927, 0.4211446688725398, 0.40353420797066814, 0.4180822219604101, 0.4042085489401451, 0.40032148437622267, 0.3804567322517053, 0.3879884727872335, 0.3988138727652721, 0.377242790773893, 0.38754670111796796, 0.37435067540560013, 0.37994336929076755, 0.3798628896474838, 0.37671924076783353, 0.37508544211204237, 0.3601992153204404, 0.36225711019375384, 0.3677979472738046, 0.3634603025439458, 0.3728302537630766, 0.3709495484064787, 0.35665414654291594, 0.3590527593325346, 0.3546527528609985, 0.361039746266145, 0.3476880832742422, 0.35005450802735794, 0.35667879497393584, 0.3509191565024547, 0.35048218358021516, 0.33837473201446044, 0.3464064668768492, 0.34431652113413197, 0.33379007895023394, 0.3418666817820989, 0.33753262899625, 0.3422222670454245, 0.3260142807012949, 0.32679227682260364, 0.33024142338679385, 0.3379419593092723, 0.3393551380588458, 0.322703507466194, 0.32520076842644274, 0.3203158051921771, 0.3339780066639949, 0.32507674587078583, 0.3182419246205917, 0.30107167515999234, 0.31988576704110855, 0.3157258465504035, 0.31952715474061477, 0.3107571758520909, 0.32699510569755846, 0.3097284401838596, 0.32546198769257617, 0.3159590944265708, 0.31074000398317975, 0.32192428906758624, 0.31114186212802547, 0.2942324462227332, 0.3028661131094664, 0.31120915653613895, 0.29123746966704345, 0.31036767057883435, 0.29842396214222294, 0.3038526633993173, 0.29588496455779445, 0.3053496309962028, 0.3005446338882813, 0.30571837092821413, 0.29474706336473805, 0.2998502892561448, 0.2898829371119157, 0.2817330648883795, 0.2916403017365016, 0.29576732428410113], "test_losses": [2.3022368321051965, 1.2919494066482935, 0.8619103500476251, 0.7482952529039139, 0.6796891567034599, 0.6327154426238476, 0.5967407348828438, 0.5713191036230478, 0.5526956763022985, 0.5379170251962466, 0.5232337373189437, 0.5128480432889401, 0.5040304389519569, 0.49603832952487165, 0.4892140359450609, 0.4813181387308316, 0.4796914580540779, 0.4717664156968777, 0.4667247060017708, 0.46189764867990446, 0.4587875940860846, 0.45685400794713926, 0.4544273095253186, 0.44957283292061245, 0.447209575237372, 0.44328352923576647, 0.44351059121963304, 0.43915079763302434, 0.43781594702830684, 0.4321456471314797, 0.4292272774454875, 0.4282702352756109, 0.42649409346855605, 0.42387064794699353, 0.42223441696319824, 0.418897709212242, 0.41729082740270174, 0.41832010008585757, 0.4151240279659247, 0.4122451140712469, 0.4109207172042284, 0.409316524099081, 0.4073077046718353, 0.40674147124473864, 0.4055568822301351, 0.4031507214292502, 0.4042760187234634, 0.4009866307561214, 0.3979286320316486, 0.396828514834245, 0.39721829883563214, 0.3951764872823006, 0.39577241471180546, 0.39433186252911884, 0.3915477062647159, 0.39256148441479755, 0.3909998604884514, 0.3897089129075026, 0.38907226538046813, 0.3855272743564386, 0.38862908287690234, 0.3849858121994214, 0.38296370112743133, 0.3820173824444795, 0.38160176957264924, 0.3798506492987657, 0.3782899049230111, 0.37721976962609166, 0.37783045990344805, 0.380246119812513, 0.3748401525693062, 0.3747313761940369, 0.37277152274663633, 0.3718847462382072, 0.3718961020692801, 0.37166403711606294, 0.3697069166944577, 0.36862970353701174, 0.3690180547344379, 0.370744920693911, 0.36725244117088807, 0.3668605763560686, 0.36594882702980286, 0.36700267765002376, 0.3667637499479147, 0.3635678979066702, 0.3625212170374699, 0.3630614588275934, 0.3641024571962846, 0.359819281177643, 0.36197240268572783, 0.3589714182875095, 0.35871876088472515, 0.35854214085982394, 0.360221650546942, 0.3586334261374596, 0.35736261824002635, 0.3580078411942873, 0.35506349630080736, 0.358972735894032, 0.35520806927711535], "train_accuracies": [0.10817307692307693, 0.6350160256410257, 0.6758814102564102, 0.727363782051282, 0.7679286858974359, 0.7933693910256411, 0.8026842948717948, 0.8107972756410257, 0.8187099358974359, 0.8310296474358975, 0.8301282051282052, 0.8301282051282052, 0.8336338141025641, 0.8378405448717948, 0.8399439102564102, 0.8405448717948718, 0.8416466346153846, 0.8431490384615384, 0.8497596153846154, 0.8475560897435898, 0.8443509615384616, 0.8470552884615384, 0.8558693910256411, 0.8393429487179487, 0.8534655448717948, 0.8591746794871795, 0.8547676282051282, 0.8587740384615384, 0.8581730769230769, 0.8651842948717948, 0.8642828525641025, 0.8576722756410257, 0.8684895833333334, 0.8606770833333334, 0.8648838141025641, 0.8660857371794872, 0.8689903846153846, 0.8674879807692307, 0.8684895833333334, 0.8763020833333334, 0.8716947115384616, 0.8694911858974359, 0.870292467948718, 0.8677884615384616, 0.8703926282051282, 0.8739983974358975, 0.8727964743589743, 0.8762019230769231, 0.8704927884615384, 0.8813100961538461, 0.8780048076923077, 0.8765024038461539, 0.8766025641025641, 0.8743990384615384, 0.8825120192307693, 0.8777043269230769, 0.8738982371794872, 0.8819110576923077, 0.8794070512820513, 0.8804086538461539, 0.8815104166666666, 0.8824118589743589, 0.8842147435897436, 0.8837139423076923, 0.8814102564102564, 0.8792067307692307, 0.8871193910256411, 0.8853165064102564, 0.8860176282051282, 0.8810096153846154, 0.8847155448717948, 0.8877203525641025, 0.8924278846153846, 0.8877203525641025, 0.8896233974358975, 0.8884214743589743, 0.8892227564102564, 0.8840144230769231, 0.8884214743589743, 0.8869190705128205, 0.8902243589743589, 0.8903245192307693, 0.8876201923076923, 0.8887219551282052, 0.8942307692307693, 0.8911258012820513, 0.8892227564102564, 0.8981370192307693, 0.8886217948717948, 0.8942307692307693, 0.8899238782051282, 0.8962339743589743, 0.8900240384615384, 0.8900240384615384, 0.8928285256410257, 0.8923277243589743, 0.8921274038461539, 0.8974358974358975, 0.9024439102564102, 0.8940304487179487, 0.895332532051282],