{"train_losses": [353.9337594168527, 162.76578412737166, 109.70476422991071, 93.8489739554269, 95.57906232561383, 92.23168618338448, 88.34791346958706, 87.08838871547154, 86.6441159929548, 86.1756123134068, 85.90261513846261, 85.55505807059151, 85.39711652483258, 85.23152160644531, 85.14403315952846, 85.05747658865792, 85.01205880301339, 84.96600014822823, 84.93963078090123, 84.91424015590123, 84.90074920654297, 84.88759286063058, 84.88139888218471, 84.87527683803013, 84.87344578334263, 84.87177494594029, 84.87256949288505, 84.87378474644252, 84.87620653424945, 84.879152570452, 84.88262830461774, 84.88659994942802, 84.89079066685268, 84.89532143729073, 84.89997100830078, 84.90480477469308, 84.90972137451172, 84.9146979195731, 84.9197278703962, 84.92476218087333, 84.92980412074498, 84.93482862200055, 84.93982805524554, 84.94479152134487, 84.94971248081752, 84.95458221435547, 84.95939636230469, 84.96415056501117, 84.9688470023019, 84.97347368512835, 84.97803606305804, 84.98252759660993, 84.98695264543805, 84.9913101196289, 84.99559347970145, 84.99980817522321, 85.0039563860212, 85.0080315726144, 85.01204027448382, 85.01598031180245, 85.0198495047433, 85.0236565726144, 85.0273938860212, 85.03106471470424, 85.03467341831752, 85.03821999686105, 85.04170336042132, 85.04512459891183, 85.04848371233258, 85.05178506033761, 85.05502646309989, 85.05821119035993, 85.06133488246373, 85.06440843854632, 85.06742531912667, 85.07039097377232, 85.07329777308873, 85.07615770612445, 85.07896205357143, 85.08172280447823, 85.08443014962333, 85.08708844866071, 85.08970315115792, 85.09226880754743, 85.09478650774274, 85.09726388113839, 85.09969765799386, 85.10208347865513, 85.10443224225726, 85.10673413957868, 85.10899680001395, 85.11122349330357, 85.1134055001395, 85.11555480957031, 85.11765943254743, 85.11973244803292, 85.12176840645927, 85.12376730782645, 85.12572915213448, 85.12766483851841, 85.12955910818917], "test_losses": [353.44676426478793, 165.70072501046317, 112.01852199009487, 96.29366956438336, 98.36649758475167, 94.7141843523298, 91.03301456996373, 89.73429434640067, 89.2418452671596, 88.81462969098773, 88.52039991106305, 88.16011592320034, 88.00204031808036, 87.84468841552734, 87.73760659354073, 87.6583720615932, 87.60586874825614, 87.55973488943917, 87.5294908796038, 87.50172424316406, 87.48739079066685, 87.47320883614677, 87.46465410505023, 87.45815713065011, 87.4554672241211, 87.45305742536273, 87.4533942086356, 87.45429338727679, 87.45646122523716, 87.45937892368862, 87.46288626534599, 87.46693093436105, 87.47132982526507, 87.47613525390625, 87.48111070905414, 87.48632376534599, 87.49166870117188, 87.49711281912667, 87.50264413016183, 87.50821358816964, 87.5138179234096, 87.51942552839007, 87.52502768380302, 87.53061131068638, 87.5361578805106, 87.54166957310268, 87.54713330950055, 87.55254364013672, 87.55789293561664, 87.5631822858538, 87.56840406145368, 87.57355499267578, 87.57864052908761, 87.58364759172711, 87.58858489990234, 87.59344591413226, 87.59822954450335, 87.60293579101562, 87.60757337297711, 87.61212921142578, 87.61660875592914, 87.62101527622768, 87.6253433227539, 87.62960161481585, 87.63378579275948, 87.63789367675781, 87.64192635672433, 87.64589473179409, 87.64978790283203, 87.6536113194057, 87.65736716134208, 87.66105433872768, 87.66467394147601, 87.66822814941406, 87.67171478271484, 87.67514038085938, 87.67850058419364, 87.68180520193917, 87.68504333496094, 87.68822261265346, 87.69133976527623, 87.69440569196429, 87.69740840366909, 87.70035988943917, 87.70325578962054, 87.70609828404018, 87.70888301304409, 87.71161760602679, 87.71430315290179, 87.71694074358258, 87.71952383858817, 87.72206224714007, 87.72455160958427, 87.72699519566127, 87.7293930053711, 87.73175375802177, 87.7340578351702, 87.736328125, 87.7385504586356, 87.74073573521206, 87.74287850516183], "minibatch_train_losses": [369.72540283203125, 208.18612670898438, 133.74449157714844, 114.13442993164062, 124.03760528564453, 164.30047607421875, 165.28651428222656, 159.05735778808594, 147.40025329589844, 133.91934204101562, 120.1705322265625, 99.42213439941406, 101.96647644042969, 92.39773559570312, 115.9637680053711, 115.91433715820312, 122.80012512207031, 116.69479370117188, 111.58280944824219, 101.74446105957031, 88.722412109375, 97.41630554199219, 92.49464416503906, 98.34962463378906, 101.58792877197266, 94.05018615722656, 105.6908950805664, 91.85987091064453, 96.64987182617188, 91.52157592773438, 94.33438110351562, 93.43304443359375, 88.44355010986328, 91.27448272705078, 82.94933319091797, 96.84526824951172, 91.9827880859375, 95.53721618652344, 92.70736694335938, 86.84486389160156, 90.40821838378906, 80.58419799804688, 90.79244995117188, 87.62014770507812, 92.48127746582031, 92.87567138671875, 85.3093490600586, 90.84942626953125, 79.98599243164062, 90.19425964355469, 86.66226196289062, 91.47504425048828, 90.60433197021484, 85.63571166992188, 88.42738342285156, 78.87407684326172, 90.12928771972656, 85.83234405517578, 90.30552673339844, 90.13087463378906, 83.91806030273438, 89.43148803710938, 79.12946319580078, 88.99935150146484, 85.4974365234375, 90.08235931396484, 89.59803771972656, 83.91021728515625, 87.8622055053711, 78.25390625, 89.43782806396484, 85.29297637939453, 89.82303619384766, 89.26657104492188, 83.46493530273438, 88.15299987792969, 78.22116088867188, 88.5941162109375, 84.97628784179688, 89.52757263183594, 89.1435546875, 83.31610107421875, 87.71115112304688, 77.91624450683594, 88.79888916015625, 84.93829345703125, 89.49565124511719, 88.93214416503906, 83.22611236572266, 87.69639587402344, 77.88350677490234, 88.44740295410156, 84.70736694335938, 89.29371643066406, 88.88131713867188, 83.09586334228516, 87.58740997314453, 77.73912048339844, 88.50090789794922, 84.7313461303711, 89.2837142944336, 88.74124908447266, 83.07835388183594, 87.5137939453125, 77.7386474609375, 88.35317993164062, 84.61117553710938, 89.18000793457031, 88.72662353515625, 82.98626708984375, 87.49578857421875, 77.66802978515625, 88.3753662109375, 84.62094116210938, 89.16126251220703, 88.65336608886719, 83.00006866455078, 87.44859313964844, 77.66738891601562, 88.30790710449219, 84.58439636230469, 89.12411499023438, 88.6460189819336, 82.9500503540039, 87.45117950439453, 77.64707946777344, 88.3212890625, 84.58351135253906, 89.11027526855469, 88.60684204101562, 82.95816040039062, 87.43226623535156, 77.64103698730469, 88.28846740722656, 84.57582092285156, 89.0896987915039, 88.60606384277344, 82.94027709960938, 87.43687438964844, 77.640869140625, 88.30119323730469, 84.58631896972656, 89.08684539794922, 88.59134674072266, 82.94364929199219, 87.43788146972656, 77.64566040039062, 88.28807830810547, 84.58433532714844, 89.07485961914062, 88.5906982421875, 82.94265747070312, 87.4415283203125, 77.64456939697266, 88.29975891113281, 84.6009292602539, 89.07575988769531, 88.58731079101562, 82.94744873046875, 87.45407104492188, 77.65730285644531, 88.29676055908203, 84.60923767089844, 89.07398986816406, 88.5905990600586, 82.951904296875, 87.4593734741211, 77.66191864013672, 88.3085708618164, 84.62345886230469, 89.074462890625, 88.59335327148438, 82.95736694335938, 87.47380828857422, 77.67289733886719, 88.3118896484375, 84.63702392578125, 89.07633972167969, 88.59805297851562, 82.96549224853516, 87.48184204101562, 77.68193054199219, 88.32289123535156, 84.65198516845703, 89.07918548583984, 88.60428619384766, 82.97169494628906, 87.49652862548828, 77.693115234375, 88.33052062988281, 84.66657257080078, 89.08235931396484, 88.61055755615234, 82.98066711425781, 87.50701904296875, 77.70294189453125, 88.34072875976562, 84.68215942382812, 89.08631896972656, 88.61839294433594, 82.988037109375, 87.52095794677734, 77.71437072753906, 88.35055541992188, 84.69751739501953, 89.0907974243164, 88.62593078613281, 82.99662780761719, 87.53292846679688, 77.72509765625, 88.360595703125, 84.71248626708984, 89.0950927734375, 88.63433074951172, 83.00455474853516, 87.54591369628906, 77.73583984375, 88.3712158203125, 84.72782897949219, 