{"testproblem": "mnist_mlp", "batch_size": 128, "num_epochs": 100, "random_seed": 42, "weight_decay": null, "optimizer_hyperparams": {"lr": 6.309573444801943}, "train_losses": [2.3034798334806394, 2.3744106139892187, 2.5437178306090527, 2.5116788485111337, 2.534742596821907, 2.620445138368851, 2.4860457426462417, 2.4257084131240845, 2.7318077912697425, 2.366408115778214, 2.7134928764441075, 2.394947186494485, 2.675640118427766, 2.628736132230514, 2.4506954718858767, 2.531897661013481, 2.6004888797417665, 2.561317272675343, 2.4800450771282883, 2.4703754003231344, 2.473441414344005, 2.5030751411731424, 2.645112985219711, 2.5786045453487296, 2.572707167038551, 2.433985092701056, 2.4097514886122484, 2.362216579608428, 2.64949801334968, 2.5661608500358386, 2.4773223063884635, 2.5342138027533507, 2.453395568407499, 2.422640968591739, 2.686796200581086, 2.4871058891981077, 2.5074326930901942, 2.4141763265316305, 2.7115855614344277, 2.4867114470555234, 2.550280803289169, 2.557502168875474, 2.575322230656942, 2.334503812667651, 2.4523753967040625, 2.698241194089254, 2.6893787475732656, 2.445301645841354, 2.4015033611884484, 2.4237534266251783, 2.381378335830493, 2.5422556705963917, 2.451115275040651, 2.4963127007851234, 2.431386956801781, 2.6938467789918947, 2.661183366408715, 2.577132001901284, 2.586466676149613, 2.6525384523929696, 2.49468587912046, 2.377176507925376, 2.5487735852217064, 2.5769163767496743, 2.6094296284210987, 2.448985980107234, 2.4466572235792112, 2.623972779665238, 2.4405677440838938, 2.564560291094658, 2.458173461449452, 2.5115290054908166, 2.487807408357278, 2.473632494608561, 2.4806291506840634, 2.4529725710550943, 2.659116784731547, 2.5475857808039737, 2.3782941653178287, 2.36096741602971, 2.5019059089513926, 2.5026229925644703, 3.0037123148257914, 2.5209862757951784, 2.440871128669152, 2.4905573557584715, 2.509518360480284, 2.4574835025347195, 2.53347726051624, 2.4906835586596756, 2.3700612508333645, 2.4498889354559092, 2.414451993428744, 2.491288900375366, 2.5603189651782694, 2.445387445963346, 2.5325599633730373, 2.4307062045121803, 2.712145074819907, 2.4994697907032113, 2.3499548251812277], "test_losses": [2.3034419279832106, 1644.8958444350806, 2.536950652415936, 2.508474111557007, 2.534550810471559, 2.6217251313038363, 2.4784224980916734, 2.4225411537366037, 2.7445803788992076, 2.3588270529722557, 2.7065777075596347, 2.393815074211512, 2.680150102346371, 2.6064030145987487, 2.452079476454319, 2.5275141581510887, 2.589732053952339, 2.546927137252612, 2.469520477148203, 2.47061580266708, 2.4735105282221084, 2.5007141339473233, 2.649060823978522, 2.5812133642343373, 2.5697748233110476, 2.4418406578210683, 2.4060279558866453, 2.3660761362467055, 2.6455966387039576, 2.5646418638718433, 2.474161609625205, 2.5304372860835147, 2.4527024764281053, 2.4180035224327674, 2.6821761314685526, 2.4845163699908133, 2.5069886843363443, 2.417468147400098, 2.704811835900331, 2.4885739974486523, 2.5496063904884534, 2.5538477225181384, 2.5691161980995765, 2.3321257615700746, 2.4420022750512147, 2.6736690784112, 2.6797806299649753, 2.4498473772635827, 2.403108233060592, 2.4320294306828427, 2.385210938942738, 2.542864062847235, 2.450545543279403, 2.5018172569763966, 2.4284707552347427, 2.688835092079945, 2.6559014412072988, 2.57979787618686, 2.5662887493769326, 2.6547897167694874, 2.499639636430985, 2.3648471312645154, 2.536630248412108, 2.585203060737023, 2.6188364915358715, 2.446342489658258, 2.449981234012506, 2.6147102820567594, 2.4451900200966077, 2.573347834440378, 2.457953829031724, 2.4980919697345834, 2.483082373936971, 2.464810924652295, 2.485492999737079, 2.4428939574804063, 2.6609225395398264, 2.5523506586368265, 2.3744920706137633, 2.364992413765345, 2.495763598344265, 2.4970046281814575, 2.997967527462886, 2.5175052575576, 2.4370312751867833, 2.489548588410402, 2.4981074852821155, 2.453106843508207, 2.5288891058701735, 2.49600380506271, 2.369532918318724, 2.4528835064325576, 2.4201283302062597, 2.4849574810419326, 2.55042543166723, 2.4547146191963782, 2.5293524387555246, 2.4298972624998827, 2.720392789596166, 2.500754924920889, 2.3441358315639005], "train_accuracies": [0.08543669871794872, 0.10526842948717949, 0.0960536858974359, 0.10056089743589744, 0.09955929487179487, 0.09885817307692307, 0.11298076923076923, 0.09915865384615384, 0.09875801282051282, 0.11217948717948718, 0.10306490384615384, 0.10947516025641026, 0.10096153846153846, 0.09405048076923077, 0.09955929487179487, 0.09785657051282051, 0.10036057692307693, 0.08553685897435898, 0.09695512820512821, 0.09895833333333333, 0.10186298076923077, 0.10977564102564102, 0.10046073717948718, 0.09715544871794872, 0.09825721153846154, 0.09064503205128205, 0.10086137820512821, 0.09905849358974358, 0.09775641025641026, 0.09805689102564102, 0.09565304487179487, 0.10116185897435898, 0.10817307692307693, 0.09194711538461539, 0.09915865384615384, 0.09945913461538461, 0.10346554487179487, 0.1116786858974359, 0.09685496794871795, 0.09525240384615384, 0.09735576923076923, 0.10006009615384616, 0.09735576923076923, 0.09885817307692307, 0.11207932692307693, 0.10146233974358974, 0.09705528846153846, 0.10627003205128205, 0.0992588141025641, 0.1006610576923077, 0.09485176282051282, 0.10336538461538461, 0.10036057692307693, 0.11147836538461539, 0.09385016025641026, 0.11217948717948718, 0.09825721153846154, 0.09795673076923077, 0.09985977564102565, 0.09785657051282051, 0.10306490384615384, 0.0960536858974359, 0.10096153846153846, 0.09094551282051282, 0.10216346153846154, 0.10486778846153846, 0.10396634615384616, 0.10086137820512821, 0.09885817307692307, 0.09755608974358974, 0.09805689102564102, 0.10797275641025642, 0.09915865384615384, 0.11197916666666667, 0.10276442307692307, 0.10376602564102565, 0.09915865384615384, 0.10837339743589744, 0.11187900641025642, 0.09885817307692307, 0.09905849358974358, 0.10176282051282051, 0.09575320512820513, 0.10987580128205128, 0.09595352564102565, 0.1024639423076923, 0.09885817307692307, 0.09715544871794872, 0.0953525641025641, 0.11137820512820513, 0.10096153846153846, 0.08693910256410256, 0.0999599358974359, 0.1038661858974359, 0.09905849358974358, 0.0914463141025641, 0.09895833333333333, 0.11438301282051282, 0.09134615384615384, 0.09775641025641026, 0.11067708333333333],