{"testproblem": "mnist_mlp", "batch_size": 128, "num_epochs": 100, "random_seed": 42, "weight_decay": null, "optimizer_hyperparams": {"lr": 0.001584893192461114, "momentum": 0.99}, "train_losses": [2.3034798334806394, 0.4789814991064561, 0.16966454422053617, 0.09997356367798951, 0.06599288237973666, 0.059623490469769024, 0.03751159607408903, 0.0316404594729344, 0.020129178220836017, 0.012434117758694367, 0.008069818505109886, 0.00727687797580774, 0.004132261213201743, 0.0035572234445657483, 0.0028065620229030266, 0.002403241224013842, 0.00093597928300882, 0.0008138979379183206, 0.0008461710829765368, 0.0006206443485541221, 0.0006377619619552905, 0.0005122762746535814, 0.0004569246696356015, 0.00042529771916377236, 0.0003813115450052115, 0.00037982376913229626, 0.0003467149650439238, 0.0003152737059654334, 0.00031456298744067166, 0.00029174649180510105, 0.00024766608690604184, 0.00024103650297874058, 0.00024767592549324036, 0.000237210343281428, 0.00021449390512246353, 0.00020159131441360866, 0.00020177289843559265, 0.00018686877611355903, 0.0001913184920946757, 0.00016285545932940947, 0.0001838629444440206, 0.00015916102207623995, 0.00015174798094309293, 0.00016075792985084729, 0.00014265645772982866, 0.00013534867992767921, 0.00014057975166883224, 0.00014503481678473644, 0.0001336467953828665, 0.00012916899644411527, 0.00012802504576169528, 0.00012160130800345005, 0.00011735266217818626, 0.00011270006115619953, 0.00011364676249332917, 0.0001086388260890276, 9.613321759761908e-05, 0.00010615252913572849, 9.82790803297972e-05, 9.699662526448567e-05, 0.00010008479540164654, 9.25886516387646e-05, 9.573098176564925e-05, 9.923199048409096e-05, 9.247899437562014e-05, 8.366925594134208e-05, 8.72526031274062e-05, 8.289640148480733e-05, 7.863868123445756e-05, 7.969265182813008e-05, 7.525735940688696e-05, 7.644811501869789e-05, 7.673257436507787e-05, 7.248039429004375e-05, 7.404826390437591e-05, 7.30548531581194e-05, 7.132813334465027e-05, 6.783113647729922e-05, 6.821971291150802e-05, 6.310087748062916e-05, 6.571106421641815e-05, 6.735831117018675e-05, 6.238906047283075e-05, 5.659031180235056e-05, 5.9452672035266194e-05, 5.829659027931018e-05, 6.142955942031664e-05, 5.183980250969911e-05, 5.644817764942463e-05, 6.233528256416321e-05, 5.417699233079568e-05, 5.840691618430309e-05, 5.094726116229326e-05, 5.5597760738470614e-05, 5.75802838191008e-05, 5.1385794694607073e-05, 4.8321313582933864e-05, 5.6446840365727745e-05, 5.010314858876742e-05, 4.589739136206798e-05, 4.980617608779516e-05], "test_losses": [2.3034419279832106, 0.4692562726827768, 0.16586457164241716, 0.11616975243370502, 0.09020797936962201, 0.08062259881542279, 0.06799321179875197, 0.07652432791506633, 0.06112900438408057, 0.061254084444580935, 0.05869984063200462, 0.06488792388102947, 0.0646107038244223, 0.06219792038870928, 0.06659425202852641, 0.06602146564863431, 0.0645055935646479, 0.0659021579970916, 0.0676695647625587, 0.06843101987854028, 0.06856946847759761, 0.0693275247915433, 0.07034764477075675, 0.07026147025708969, 0.07123055012944417, 0.07138275058987813, 0.07182471755032356, 0.07237424553395846, 0.07296387034539993, 0.0734010429527515, 0.07403441542425217, 0.07420315755865513, 0.07424875506414817, 0.07468960873591594, 0.07517528610351758, 0.07570516251218624, 0.07596329465890542, 0.07589822572966416, 0.0764219397917772, 0.07655929549573323, 0.07712264516605781, 0.0775465516325755, 0.0775593251754076, 0.07780884908368954, 0.07832579773205978, 0.07824435328634885, 0.07877672091126442, 0.07878606651838009, 0.07905343098518176, 0.07940943281237896, 0.07949123684412394, 0.07969678924060784, 0.07993756358822186, 0.07997903065421642, 0.0804320353632554, 0.08063303101330231, 0.08077123708640918, 0.08094872648899372, 0.0810678561624044, 0.0812858732847067, 0.08154817135670246, 0.08162082430834953, 0.08181428431700437, 0.0819577532223402, 0.08219832755052127, 0.0824212029767342, 0.08256233306840444, 0.08266764196256797, 0.08267603313120511, 0.0830369642816293, 0.08308230402568977, 0.08329053261341193, 0.08344603406313138, 0.08360229098261932, 0.08390298700676514, 0.08385861951571244, 0.08392588044397342, 0.08415005986507122, 0.08423318370030476, 0.08439035054582816, 0.08446612318929954, 0.08472041613780536, 0.08481258469132277, 0.08496564082228221, 0.08494639420547546, 0.08524220360395236, 0.08523434419662525, 0.08529589420709854, 0.08553535911517265, 0.08558564781187436, 0.08572802195946376, 0.0858725328476001, 0.08590410525600116, 0.0861563723629866, 0.08619679419849163, 0.08628804012177846, 0.08636219312365238, 0.08656235655339864, 0.0865529866841359, 0.08680047271534419, 0.08677193641853638], "train_accuracies": [0.08543669871794872, 0.8637820512820513, 0.9511217948717948, 0.9722556089743589, 0.9828725961538461, 0.9830729166666666, 0.9906850961538461, 0.9909855769230769, 0.9956931089743589, 0.9975961538461539, 0.9987980769230769, 0.9986979166666666, 0.9994991987179487, 0.9998998397435898, 1.0, 0.9997996794871795, 1.0, 1.0, 1.0, 1.0, 1.0, 1.0, 1.0, 1.0, 1.0, 1.0, 1.0, 1.0, 1.0, 1.0, 1.0, 1.0, 1.0, 1.0, 1.0, 1.0, 1.0, 1.0, 1.0, 1.0, 1.0, 1.0, 1.0, 1.0, 1.0, 1.0, 1.0, 1.0, 1.0, 1.0, 1.0, 1.0, 1.0, 1.0, 1.0, 1.0, 1.0, 1.0, 1.0, 1.0, 1.0, 1.0, 1.0, 1.0, 1.0, 1.0, 1.0, 1.0, 1.0, 1.0, 1.0, 1.0, 1.0, 1.0, 1.0, 1.0, 1.0, 1.0, 1.0, 1.0, 1.0, 1.0, 1.0, 1.0, 1.0, 1.0, 1.0, 1.0, 1.0, 1.0, 1.0, 1.0, 1.0, 1.0, 1.0, 1.0, 1.0, 1.0, 1.0, 1.0, 1.0], "test_accuracies": [0.08383413461538461, 0.8634815705128205, 0.9493189102564102, 0.9644431089743589, 0.9711538461538461, 0.9746594551282052, 0.9784655448717948, 0.9753605769230769, 0.9807692307692307, 0.9817708333333334, 0.9824719551282052, 0.9814703525641025, 0.9815705128205128, 0.9816706730769231, 0.9825721153846154, 0.9828725961538461, 0.9831730769230769, 0.9831730769230769, 0.9830729166666666, 0.9828725961538461, 0.9829727564102564, 0.9831730769230769, 0.9830729166666666, 0.9832732371794872, 0.9831730769230769, 0.9829727564102564, 0.9836738782051282, 0.983573717948718, 0.9832732371794872, 0.9834735576923077, 0.983573717948718, 0.9831730769230769, 0.9833733974358975, 0.9834735576923077, 0.9832732371794872, 0.9830729166666666, 0.983573717948718, 0.9834735576923077, 0.9834735576923077, 0.9833733974358975, 0.9833733974358975, 0.9832732371794872, 0.9832732371794872, 0.9832732371794872, 0.9831730769230769, 0.9832732371794872, 0.9832732371794872, 0.9833733974358975, 0.9830729166666666, 0.9834735576923077, 0.9834735576923077, 0.983573717948718, 0.9831730769230769, 0.9833733974358975, 0.9830729166666666, 0.9828725961538461, 0.9830729166666666, 0.9830729166666666, 0.9831730769230769, 0.9831730769230769, 0.9833733974358975, 0.9830729166666666, 0.9831730769230769, 0.9832732371794872, 0.9831730769230769, 0.9832732371794872, 0.9832732371794872, 0.9831730769230769, 0.9830729166666666, 0.9834735576923077, 0.9831730769230769, 0.9830729166666666, 0.9831730769230769, 0.9833733974358975, 0.9831730769230769, 0.9830729166666666, 0.9832732371794872, 0.9830729166666666, 0.9831730769230769, 0.9830729166666666, 0.9829727564102564, 0.9832732371794872, 0.9830729166666666, 0.9833733974358975, 0.9831730769230769, 0.9832732371794872, 0.9831730769230769, 0.9831730769230769, 0.9832732371794872, 0.9831730769230769, 0.9830729166666666, 0.9833733974358975, 0.9832732371794872, 0.9832732371794872, 0.9831730769230769, 0.9831730769230769, 0.9831730769230769, 0.9831730769230769, 0.9832732371794872, 0.9832732371794872, 0.9832732371794872], "analyzable_training_params": {"lr_sched_epochs": null, "lr_sched_factors": null}}