{"testproblem": "fmnist_mlp", "batch_size": 128, "num_epochs": 100, "random_seed": 42, "weight_decay": null, "optimizer_hyperparams": {"lr": 63.09573444801943}, "train_losses": [2.3021158377329507, 28.24548542805207, 37.1178380770561, 31.08370037567921, 26.6863954495161, 42.20014347174229, 20.4773101073045, 19.230325209788788, 13.801062926267965, 36.08139595618615, 42.60832703419221, 33.0375300187331, 21.707061902070656, 22.35355213360909, 23.016027548374275, 22.783318446232723, 42.94399794554099, 34.136030906285995, 32.05385777889154, 32.313342216687325, 36.33045935019469, 38.53593102479592, 28.161257450397198, 46.620124963613655, 22.508001767672024, 26.48986192849966, 24.31654644012451, 31.49312065809201, 41.242573566925834, 50.67521051260141, 28.006214019579765, 29.163491909320538, 23.62382186987461, 16.324293222182835, 38.66859382238143, 31.874649830353565, 25.68469064663618, 24.93975402147342, 24.476293245951336, 41.31764891208746, 31.062224021324745, 39.12875456687732, 39.33748638935578, 20.895439294668343, 31.44224619254088, 26.9248719337659, 31.943136948805588, 36.49701040219038, 18.717332522074383, 35.0170529683431, 24.44690044109638, 35.0068122668144, 48.44421777969752, 32.48802167941363, 35.14757021879539, 16.578300781739063, 30.219777889740772, 27.463838626176884, 29.303064248500725, 29.432058627788837, 42.28254244877742, 26.803961142515526, 28.679221397791153, 28.52130924127041, 29.29394949399508, 44.9557744539701, 20.965921035179726, 19.435825201181267, 24.469332866179638, 37.524265925089516, 38.11286965394631, 21.721813128544735, 31.100750776437614, 26.67100175221761, 27.754164059956867, 32.730419721358864, 32.26893319839086, 28.681577095618614, 20.47208106212127, 33.04087174244416, 49.67200861221705, 31.855470877427322, 33.836100089244354, 42.64042096260266, 22.55799215267866, 24.642090430626503, 24.694062624222195, 17.754216695443176, 29.710881673372707, 25.69655543107253, 23.959809474456005, 29.98950818868784, 32.57419728010129, 32.54818630218506, 29.1429165326632, 25.141809267875477, 34.143243276155914, 28.721658853384163, 29.49260692107372, 43.272171607384315, 32.39019880539332], "test_losses": [2.3022368321051965, 28.07654747596154, 36.70106002611992, 31.328947629684055, 26.840220695886856, 42.40495080214281, 20.601873300014397, 19.175942910023224, 13.813547391157885, 36.25583091148963, 42.670743599916115, 33.309014858343666, 21.62061055501302, 22.48376750946045, 22.97305160913712, 23.024300012833034, 42.66179368434808, 34.527894411331566, 31.862696134127102, 32.27542212070563, 37.34849797762357, 37.92829851003793, 28.197246355888172, 46.84935423044058, 22.58162002074413, 26.564270068437626, 24.156979609758427, 31.773117334414753, 41.07528544694949, 51.19546528351613, 28.51140846350254, 29.417553632687298, 23.60742236406375, 16.3554277297778, 39.180600533118614, 32.06112465491662, 25.650038645817684, 25.13375502366286, 24.375848036545975, 41.218137643276116, 31.199312234536194, 39.13283289395846, 39.70575418227758, 21.180081245226738, 31.400889665652546, 26.848783688667492, 31.55724914257343, 36.777214686075844, 18.94693284156995, 35.239008316626915, 24.472550563323193, 34.66077139438727, 47.96002989548903, 32.38223814352965, 35.57825523767716, 16.577834618397247, 30.069404846582657, 27.180311178549744, 29.178146778008877, 29.955435141538963, 42.026339922195824, 26.632395573151417, 28.361457066658215, 28.227068998874763, 29.30195233760736, 45.399127911298706, 20.733370780944824, 19.307919685657208, 24.762721037253357, 37.56824060586783, 38.25215112246, 21.77855088160588, 31.04855588766245, 26.628123038854355, 27.84409014383952, 32.53024920439109, 33.018783862774185, 28.587358817076073, 20.393732217641976, 33.538912112896256, 49.626260610727165, 31.709082872439655, 33.74042303134234, 42.81910250737117, 22.62764079754169, 24.4384730167878, 24.63861260047326, 17.671886798663017, 29.40469915438921, 25.47280167310666, 23.90514075450408, 30.224895061590733, 33.01911549690442, 32.026635805765785, 28.985058099795612, 24.91627372839512, 34.1738991126036, 29.01706133133326, 29.440268320915028, 42.771233338576096, 32.21315552638127], "train_accuracies": [0.10817307692307693, 0.10186298076923077, 0.09885817307692307, 0.10056089743589744, 0.1006610576923077, 0.10256410256410256, 0.10276442307692307, 0.09975961538461539, 0.09865785256410256, 0.10176282051282051, 0.09955929487179487, 0.10006009615384616, 0.10296474358974358, 0.10376602564102565, 0.10376602564102565, 0.09635416666666667, 0.09735576923076923, 0.10276442307692307, 0.09885817307692307, 0.0999599358974359, 0.10576923076923077, 0.09965945512820513, 0.10306490384615384, 0.10296474358974358, 0.10216346153846154, 0.10096153846153846, 0.09895833333333333, 0.09815705128205128, 0.10076121794871795, 0.10076121794871795, 0.10917467948717949, 0.10036057692307693, 0.09765625, 0.09835737179487179, 0.10226362179487179, 0.10296474358974358, 0.10406650641025642, 0.10336538461538461, 0.09655448717948718, 0.09845753205128205, 0.09775641025641026, 0.10116185897435898, 0.09895833333333333, 0.10236378205128205, 0.10476762820512821, 0.10206330128205128, 0.09575320512820513, 0.10106169871794872, 0.09975961538461539, 0.09965945512820513, 0.09895833333333333, 0.09455128205128205, 0.09945913461538461, 0.09845753205128205, 0.10787259615384616, 0.10146233974358974, 0.09515224358974358, 0.09775641025641026, 0.0985576923076923, 0.10076121794871795, 0.10296474358974358, 0.1024639423076923, 0.09565304487179487, 0.0953525641025641, 0.09595352564102565, 0.09715544871794872, 0.0953525641025641, 0.09985977564102565, 0.09985977564102565, 0.1006610576923077, 0.10346554487179487, 0.10346554487179487, 0.10046073717948718, 0.10486778846153846, 0.09865785256410256, 0.10486778846153846, 0.09735576923076923, 0.09825721153846154, 0.09615384615384616, 0.09935897435897435, 0.09915865384615384, 0.09655448717948718, 0.10026041666666667, 0.09865785256410256, 0.10106169871794872, 0.09585336538461539, 0.09715544871794872, 0.09985977564102565, 0.09815705128205128, 0.09935897435897435, 0.09665464743589744, 0.10416666666666667, 0.10056089743589744, 0.0967548076923077, 0.09815705128205128, 0.0967548076923077, 0.09985977564102565, 0.10106169871794872, 0.10136217948717949, 0.09685496794871795, 0.09845753205128205],