{"train_losses": [353.9337594168527, 340.815438406808, 328.1343427385603, 315.9137878417969, 304.1756286621094, 292.9305114746094, 282.17967006138394, 271.91735403878346, 262.13321358816967, 252.81411961146765, 243.9454105922154, 235.5117427280971, 227.4975128173828, 219.88721357073103, 212.66554478236608, 205.81746564592635, 199.3282928466797, 193.18370056152344, 187.36971391950334, 181.87274605887276, 176.67952183314733, 171.77715846470423, 167.15310668945312, 162.79512241908483, 158.6913125174386, 154.83011736188615, 151.20027378627233, 147.79084995814733, 144.59124101911272, 141.59112112862724, 138.78049686976843, 136.14966801234655, 133.68926783970423, 131.39019775390625, 129.24370465959822, 127.24132210867745, 125.37489754813058, 123.63656834193638, 122.01878138950893, 120.51430402483258, 119.11617388044085, 117.81774030412946, 116.61265127999442, 115.49483380998883, 114.45851135253906, 113.49817766462054, 112.60861097063336, 111.78486851283482, 111.0222418648856, 110.31631687709263, 109.66290828159877, 109.05807931082589, 108.49812316894531, 107.97956957135882, 107.49916730608258, 107.05385480608258, 106.64081355503627, 106.25736672537667, 105.90106419154576, 105.56960078648159, 105.26085226876395, 104.9728535243443, 104.70378112792969, 104.4519533429827, 104.21582794189453, 103.99397386823382, 103.7850832257952, 103.5879636492048, 103.40150669642857, 103.22471727643695, 103.05667223249164, 102.89654214041573, 102.74356515066964, 102.59705570765904, 102.45638166155133, 102.32098170689174, 102.19033595493862, 102.06399100167411, 101.94152178083148, 101.82256099155971, 101.7067631312779, 101.5938219342913, 101.48347800118583, 101.37547084263393, 101.26960100446429, 101.16566140311105, 101.06347983224052, 100.96290370396206, 100.86379568917411, 100.76602935791016, 100.66949898856026, 100.57410975864956, 100.47977556501117, 100.38641575404576, 100.2939682006836, 100.2023696899414, 100.111572265625, 100.02152361188617, 99.93218994140625, 99.84353528703961, 99.75552368164062], "test_losses": [353.44676426478793, 340.4337463378906, 327.8572038922991, 315.7393275669643, 304.10178920200894, 292.95491681780135, 282.29968697684154, 272.1300964355469, 262.43568420410156, 253.2031991141183, 244.41795785086495, 236.0646035330636, 228.1276114327567, 220.5915025983538, 213.44107709612166, 206.66141401018416, 200.2379106794085, 194.15636335100447, 188.40291050502233, 182.96404811314173, 177.82664053780692, 172.9778834751674, 168.40530831473214, 164.09678649902344, 160.04048592703683, 156.22494070870536, 152.63895961216517, 149.27166966029577, 146.11253574916296, 143.15130615234375, 140.3780277797154, 137.78307887486048, 135.3571286882673, 133.09114946637834, 130.97642299107142, 129.00453622000558, 127.16737801688058, 125.45714242117745, 123.86632101876395, 122.38770403180804, 121.01438685825893, 119.73974936349052, 118.55748639787946, 117.46155221121651, 116.44621058872768, 115.50598907470703, 114.6356953212193, 113.83041708809989, 113.08548627580915, 112.39651271275112, 111.75934164864677, 111.17005484444755, 110.62498801095145, 110.12068939208984, 109.65392085484096, 109.22167859758649, 108.82112666538784, 108.44963618687221, 108.10477447509766, 107.78424944196429, 107.48597281319755, 107.20798165457589, 106.94848523821149, 106.70581381661552, 106.4784415108817, 106.26496124267578, 106.06407601492745, 105.87461199079242, 105.69547489711216, 105.52568599155971, 105.36434064592633, 105.21061706542969, 105.0637686593192, 104.92312295096261, 104.78805977957589, 104.65802982875279, 104.53253064836774, 104.41110556466239, 104.2933600289481, 104.17891693115234, 104.0674569266183, 103.95867483956474, 103.8523188999721, 103.74814714704242, 103.64595685686383, 103.54555075509208, 103.44677407400948, 103.34947422572544, 103.2535149710519, 103.1587905883789, 103.06519099644252, 102.97262682233539, 102.88101632254464, 102.79029955182757, 102.70040239606585, 102.61127471923828, 102.52287292480469, 102.43514905657086, 102.34806823730469, 102.26160321916852, 102.17572239467076],