{"testproblem": "mnist_mlp", "batch_size": 128, "num_epochs": 100, "random_seed": 42, "weight_decay": null, "optimizer_hyperparams": {"lr": 100.0}, "train_losses": [2.3034798334806394, 46.21403674590282, 43.54787875444461, 44.517398442977516, 74.625946582892, 62.94733507205279, 70.41957190097907, 35.969245128142525, 38.960826604794235, 53.395315121381714, 52.31718454605494, 52.05984301444812, 46.778176576663284, 37.337856977413864, 61.63247039990547, 21.958706293350613, 42.295584018413834, 67.53288684747157, 36.055231069907165, 55.908443842178734, 54.717214486537834, 44.16934360601963, 47.0224800598927, 64.38098286359738, 65.2862065633138, 53.35661242558406, 37.66678599822215, 88.46490801297702, 38.485940346351036, 65.39187123225285, 65.58198288159493, 32.127336330902885, 79.81077751746544, 33.28862415215908, 26.548830252427322, 41.32523815448467, 34.5943570014758, 57.705016454060875, 25.8259488374759, 32.29401221642127, 29.20916635562212, 64.0597089620737, 47.28640585679274, 61.007515540489784, 40.3104792374831, 42.21474696428348, 40.147569020589195, 54.783738307463814, 31.86858976804293, 54.24891026814779, 69.08793405386118, 63.13626216008113, 29.594741625663563, 79.143857613588, 36.054950347313515, 38.12532297770182, 40.38285739605244, 61.437028004572944, 46.73414024939904, 38.60453008994078, 55.43993103809846, 69.17931874593098, 56.663418598664116, 65.74214480473445, 41.05235305199256, 52.349341025719276, 87.25456971388597, 46.65787266462277, 59.3388845492632, 67.4209948808719, 41.08077303568522, 47.24958972441844, 54.53841727819198, 35.1473516806578, 52.856080715472885, 40.64525296137883, 47.066382872752655, 58.86683762379182, 65.88108233916454, 40.33423189016489, 44.06434924785908, 74.30492606529823, 52.297726215460365, 35.647671992962174, 73.81737899780273, 43.17470457614996, 61.39740782517653, 30.03951857640193, 45.60834640111678, 66.5952830681434, 51.868350053444885, 54.921463990822815, 64.86869885371281, 65.53818042461688, 46.60596065032176, 66.04221549400917, 60.37532923771785, 35.55775077526386, 49.33413979946039, 53.503217159173424, 54.93110593159994], "test_losses": [2.3034419279832106, 46.29921570802346, 43.5940675001878, 43.877283487564476, 73.75982274764624, 63.326734347221176, 70.95988058432555, 35.94326322506635, 39.2280425291795, 54.08883857727051, 52.09577477283967, 52.15289800595014, 47.03149775969676, 37.49872816525973, 61.091222469623276, 22.008223215738933, 43.0662782620161, 68.53251667511769, 35.28257059439635, 55.78867618854229, 55.79570941435985, 44.09202140416854, 47.140634243304916, 64.21206347147624, 65.71986486972907, 53.23841804113143, 37.59970327524039, 89.1853999602489, 38.41201327397273, 65.14495199154585, 66.4114029713166, 31.469326483897675, 78.30758442022862, 33.33635205488939, 26.38534734187982, 42.075922599205605, 34.18735655760154, 58.088474860558144, 25.893428068894607, 32.164671873435, 29.288055811172878, 63.36777574588091, 47.10568516071026, 60.303661639873795, 39.77642056880853, 42.56015533056014, 40.88000723031851, 55.36378077971629, 31.784104958558693, 54.682733682485726, 69.59105173746745, 63.45780768761268, 29.53923205840282, 78.71258760109926, 36.34446100088266, 38.62285560216659, 39.95190610641088, 61.365488981589294, 46.35274261083358, 39.2608612989768, 55.362749980046196, 69.80129065880409, 56.463348388671875, 65.30730408888597, 41.24968093480819, 52.070405177581, 88.83934999123598, 46.46259752909342, 59.514902114868164, 67.19713147481282, 41.23953349773701, 48.04661799699832, 54.660353391598434, 35.43486815232497, 52.76159403874324, 40.58317433870756, 46.696541028145035, 60.03658187083709, 66.2735652923584, 40.104768557426254, 44.673950880001755, 74.3391197889279, 51.39563516470102, 35.69546127319336, 74.15647990886981, 43.15719741430038, 62.08125153566018, 29.96006364088792, 46.295166651407875, 66.69341742686736, 51.147060149755234, 53.783196767171226, 65.03673925155249, 65.84379103244879, 46.44349699753981, 66.24769743894919, 59.63650859930576, 35.367599829649315, 49.13320893507738, 53.99170577220428, 54.34645515833146], "train_accuracies": [0.08543669871794872, 0.09885817307692307, 0.10526842948717949, 0.09895833333333333, 0.0992588141025641, 0.09905849358974358, 0.10216346153846154, 0.09595352564102565, 0.09274839743589744, 0.09425080128205128, 0.09825721153846154, 0.09545272435897435, 0.09715544871794872, 0.09775641025641026, 0.09655448717948718, 0.09425080128205128, 0.0928485576923077, 0.10526842948717949, 0.09705528846153846, 0.09525240384615384, 0.09134615384615384, 0.10987580128205128, 0.09715544871794872, 0.09755608974358974, 0.09745592948717949, 0.0953525641025641, 0.08713942307692307, 0.10406650641025642, 0.10296474358974358, 0.09785657051282051, 0.09905849358974358, 0.10536858974358974, 0.09935897435897435, 0.09234775641025642, 0.10216346153846154, 0.10667067307692307, 0.08764022435897435, 0.11177884615384616, 0.1077724358974359, 0.10416666666666667, 0.11258012820512821, 0.09645432692307693, 0.09755608974358974, 0.09815705128205128, 0.09685496794871795, 0.10406650641025642, 0.10196314102564102, 0.10026041666666667, 0.0928485576923077, 0.10076121794871795, 0.09114583333333333, 0.11057692307692307, 0.10206330128205128, 0.09825721153846154, 0.11197916666666667, 0.10266426282051282, 0.10056089743589744, 0.09895833333333333, 0.0999599358974359, 0.10226362179487179, 0.10326522435897435, 0.09154647435897435, 0.10516826923076923, 0.10086137820512821, 0.10226362179487179, 0.09745592948717949, 0.11037660256410256, 0.11588541666666667, 0.09825721153846154, 0.08904246794871795, 0.09595352564102565, 0.09895833333333333, 0.1063701923076923, 0.09495192307692307, 0.10026041666666667, 0.09014423076923077, 0.10036057692307693, 0.0992588141025641, 0.0985576923076923, 0.08553685897435898, 0.09905849358974358, 0.10376602564102565, 0.11478365384615384, 0.11007612179487179, 0.08974358974358974, 0.09585336538461539, 0.10506810897435898, 0.11398237179487179, 0.09945913461538461, 0.10096153846153846, 0.10106169871794872, 0.0953525641025641, 0.10356570512820513, 0.1031650641025641, 0.09174679487179487, 0.09505208333333333, 0.1024639423076923, 0.08663862179487179, 0.09304887820512821, 0.11698717948717949, 0.11077724358974358],