{"testproblem": "mnist_mlp", "batch_size": 128, "num_epochs": 100, "random_seed": 42, "weight_decay": null, "optimizer_hyperparams": {"lr": 1.584893192461114e-05}, "train_losses": [2.3034798334806394, 0.937441022732319, 0.48214441767105687, 0.38790341103688264, 0.3495448841116367, 0.32458446289484316, 0.30936520680403096, 0.28056822163172257, 0.2697042431204747, 0.2578080592629237, 0.2447224490535565, 0.22828621359971854, 0.21478943861065766, 0.20402406614560348, 0.20469503515423873, 0.1942091058844175, 0.18619186736834356, 0.17512573273136064, 0.1797002459374758, 0.17240892704098654, 0.16650231287647516, 0.15702768133427852, 0.15378800664956754, 0.14713885095448065, 0.1354561182550895, 0.1320418004806225, 0.1275824053833882, 0.12939384861443287, 0.12298546287302788, 0.11966809654274048, 0.11338021969183898, 0.10647664362421402, 0.11251178589195777, 0.10969884626758404, 0.09801511810376094, 0.0932821849695383, 0.0942000971438411, 0.0892248670451152, 0.09526368674750511, 0.08343762240539758, 0.08879987916980799, 0.07805428644403434, 0.07649599132725061, 0.07446123597522576, 0.0761833232946885, 0.07003969154678859, 0.06876354972616984, 0.07173484231894597, 0.06645460145022625, 0.06514567041244262, 0.06159471870901493, 0.06003804719791962, 0.05996519811929037, 0.055226044729352, 0.06314689744837008, 0.05244281637267424, 0.051959823817014694, 0.05742767207228985, 0.049581438494034305, 0.049690765424225576, 0.05252305062439961, 0.045332660588125386, 0.04878120690297622, 0.0477937131594771, 0.04868211566160122, 0.038506715391308836, 0.04325637276260517, 0.03804557064834695, 0.03526354829470316, 0.0357703522611887, 0.03700328660078156, 0.03458289867744614, 0.03334146747604395, 0.03151853239307037, 0.03140306940827614, 0.030497345130126446, 0.032568581927663244, 0.03333261679523648, 0.026700378300096743, 0.025930351410538722, 0.026726051926230773, 0.028582634046100654, 0.02573297769786456, 0.021034695924474642, 0.02068437123671174, 0.020364769113560516, 0.021106895453368243, 0.016208510451878492, 0.021441766634010352, 0.022223449909152128, 0.018200431156378143, 0.018734264426315442, 0.015718103004380677, 0.017391601111739874, 0.017587850264345225, 0.015600018119678283, 0.015646896122071225, 0.017448126344392315, 0.013341436210351113, 0.012607337345775122, 0.013764726845786357], "test_losses": [2.3034419279832106, 0.9187022646268209, 0.4727082936427532, 0.3740246242437607, 0.33274577868481475, 0.30871950620068955, 0.29180312085037047, 0.2756146110403232, 0.2630580684695488, 0.25247571741541225, 0.24115569751041058, 0.23170017551344174, 0.22161005914975435, 0.214918382322559, 0.2053910077859958, 0.19591867107038313, 0.1908884888801437, 0.18264654188010937, 0.176964608928523, 0.17108599483393705, 0.1667814122942778, 0.1607423791040977, 0.15634817727960837, 0.1522488582831545, 0.14654670299914402, 0.14289259497458354, 0.13888084835922107, 0.13530358483489507, 0.1332687106795418, 0.1303085962501474, 0.12592258727034697, 0.12335132678540853, 0.12030044436836854, 0.11921161386924677, 0.11456664852224864, 0.11308167316019535, 0.11170636841024344, 0.1085617430985738, 0.10648266450525859, 0.10615477892450798, 0.1034857250081423, 0.10226572861369604, 0.09966474728515515, 0.09850588412239002, 0.09671432584619676, 0.09548872737930371, 0.09382619706388468, 0.09235813306310238, 0.09145454620608152, 0.0895267130377201, 0.08959616567843999, 0.08861402546366055, 0.08749247187127669, 0.08714486109331632, 0.08607454617054035, 0.08468652979876751, 0.08394085517965066, 0.08535338400934751, 0.08159577911003278, 0.08119061687149298, 0.08070151880383492, 0.07924489772472626, 0.07913347214269333, 0.07977160663367847, 0.08033926801708265, 0.07828758040872905, 0.07655135348725778, 0.07802131638312951, 0.07691379519513784, 0.0764731728256895, 0.07531336594659549, 0.07521110376677452, 0.0744778526803622, 0.07498797706256692, 0.07315651247373377, 0.07385193945792241, 0.07630329421506478, 0.07262776359820212, 0.07234279102144334, 0.0728869414768922, 0.07320522663828272, 0.07122832663261737, 0.07199569659021038, 0.07187394800189978, 0.07087566805048248, 0.07302130935474849, 0.07140769944406855, 0.07185851197498731, 0.07203242347504084, 0.07158942237639657, 0.07208627809842046, 0.07272462808312131, 0.0724369352683425, 0.07130318383375804, 0.07168333113002472, 0.07191174228986104, 0.07229043569606848, 0.07181529157484572, 0.07142071760235688, 0.07263026544107841, 0.07279149448881164], "train_accuracies": [0.08543669871794872, 0.8128004807692307, 0.8747996794871795, 0.8935296474358975, 0.9034455128205128, 0.9090544871794872, 0.9151642628205128, 0.9207732371794872, 0.9227764423076923, 0.9239783653846154, 0.9301883012820513, 0.9353966346153846, 0.9390024038461539, 0.9426081730769231, 0.9418068910256411, 0.9479166666666666, 0.9470152243589743, 0.94921875, 0.9473157051282052, 0.9499198717948718, 0.9519230769230769, 0.9530248397435898, 0.9566306089743589, 0.9576322115384616, 0.9612379807692307, 0.9633413461538461, 0.9631410256410257, 0.9646434294871795, 0.964042467948718, 0.9670472756410257, 0.9644431089743589, 0.9709535256410257, 0.9697516025641025, 0.9700520833333334, 0.9728565705128205, 0.973457532051282, 0.9721554487179487, 0.9749599358974359, 0.9720552884615384, 0.9762620192307693, 0.9743589743589743, 0.9777644230769231, 0.9779647435897436, 0.9794671474358975, 0.9781650641025641, 0.979667467948718, 0.9811698717948718, 0.9790665064102564, 0.9799679487179487, 0.9823717948717948, 0.9837740384615384, 0.9828725961538461, 0.9821714743589743, 0.9853766025641025, 0.9842748397435898, 0.9847756410256411, 0.9857772435897436, 0.984375, 0.9867788461538461, 0.9865785256410257, 0.9864783653846154, 0.9878806089743589, 0.9865785256410257, 0.9872796474358975, 0.9863782051282052, 0.9897836538461539, 0.9881810897435898, 0.9900841346153846, 0.9906850961538461, 0.9902844551282052, 0.9900841346153846, 0.991386217948718, 0.9916866987179487, 0.9912860576923077, 0.9925881410256411, 0.9918870192307693, 0.9917868589743589, 0.9920873397435898, 0.9931891025641025, 0.9940905448717948, 0.9940905448717948, 0.9937900641025641, 0.9938902243589743, 0.9951923076923077, 0.9953926282051282, 0.9961939102564102, 0.9953926282051282, 0.9974959935897436, 0.9949919871794872, 0.9947916666666666, 0.9959935897435898, 0.9958934294871795, 0.996895032051282, 0.9965945512820513, 0.9964943910256411, 0.9973958333333334, 0.9969951923076923, 0.9963942307692307, 0.9972956730769231, 0.9978966346153846, 0.9976963141025641],