{"train_losses": [353.9337594168527, 154.46841866629464, 205.64890834263392, 251.81581115722656, 134.72745622907365, 201.44618661063058, 183.57073320661272, 131.8384562901088, 187.75476292201452, 138.00037928989954, 157.99493626185827, 142.22300502232142, 151.70850481305803, 136.58724975585938, 131.1538358415876, 148.9117191859654, 110.11647033691406, 135.2930417742048, 127.43794468470982, 102.98678370884487, 133.73085457938058, 111.38094438825335, 103.38838849748883, 130.79204668317522, 95.50407191685268, 113.5916268484933, 111.6261956351144, 97.38452584402901, 107.41710444859096, 103.89701516287667, 94.12405395507812, 105.71352059500558, 94.80182865687779, 98.53243909563336, 96.75409371512276, 97.43082427978516, 93.43613869803292, 96.39264351981026, 94.41304561070034, 91.28179931640625, 94.76956067766461, 91.94232286725726, 88.9706290108817, 94.83984701974052, 87.8196770804269, 90.47663116455078, 91.9097900390625, 86.7847181047712, 90.99515315464565, 88.6093510219029, 87.52846091134208, 89.24996730259487, 87.53092956542969, 87.11144474574498, 88.2063707624163, 86.8298841203962, 86.90285273960659, 87.22245679582868, 86.93533761160714, 85.84981427873883, 87.57223946707589, 85.6117673601423, 86.23150416782924, 86.59039633614677, 85.4101802280971, 85.89790998186383, 86.126955304827, 85.09187316894531, 85.91678946358817, 85.41527012416294, 85.33344050816127, 85.45461709158761, 85.31191798618862, 85.10132489885602, 85.33972821916852, 85.06742422921317, 84.96992819649833, 85.19977024623326, 84.89213344029018, 84.89914049421039, 85.07142639160156, 84.76436070033482, 84.85215759277344, 84.98320007324219, 84.6090829031808, 84.8795667375837, 84.78878348214286, 84.6146741594587, 84.78297533307757, 84.69322749546596, 84.58535657610211, 84.76265825544085, 84.54460035051618, 84.65418243408203, 84.63717869349888, 84.5606198992048, 84.58043452671596, 84.61375754220145, 84.5375507899693, 84.53880419049945, 84.57782527378627], "test_losses": [353.44676426478793, 158.68986075265067, 209.11750139508928, 251.34544372558594, 138.90150451660156, 205.5546395438058, 183.09361703055245, 135.44990757533483, 192.67444937569755, 138.10117885044642, 160.7327117919922, 147.32542637416296, 152.7567378452846, 138.83824157714844, 135.79584176199776, 150.51742553710938, 112.37425558907645, 139.5554678780692, 129.03292628696985, 105.13172258649554, 138.0137438092913, 113.04274095807757, 105.04637363978794, 134.99083382742745, 97.67633492606026, 114.95683070591518, 115.31981658935547, 100.00201198032924, 109.06687382289341, 107.17637852260044, 96.68475450788226, 107.71453094482422, 98.20795549665179, 100.95288521902901, 98.62525830950055, 101.0884759085519, 96.15138571602958, 97.948488507952, 97.87457929338727, 94.46670750209263, 96.36431121826172, 94.94033922467914, 92.2834221976144, 96.71443176269531, 90.58212389264789, 93.66880362374442, 93.88516344342914, 89.50278036934989, 94.22327750069755, 90.56453813825335, 90.04789733886719, 92.62919071742466, 89.68718828473773, 89.32908085414341, 91.51192910330636, 89.36350686209542, 89.05124882289341, 90.23277718680245, 89.67256818498883, 88.18324061802456, 90.37990461077008, 88.2975845336914, 88.71553148542132, 89.3919906616211, 88.01974705287388, 88.37808118547711, 88.9433822631836, 87.71813419886998, 88.37806701660156, 88.17874908447266, 87.96771676199776, 87.95919254847935, 88.05602482386998, 87.68368530273438, 87.85710797991071, 87.87762996128627, 87.5380390712193, 87.64246477399554, 87.75769478934151, 87.55627114432198, 87.43041011265346, 87.58874402727399, 87.63614327566964, 87.33448137555804, 87.32650974818638, 87.73825509207589, 87.1988024030413, 87.23263004847935, 87.64992196219308, 87.17411041259766, 87.13794054303851, 87.60683768136161, 87.08534785679409, 87.16205487932477, 87.4488296508789, 87.16108921595982, 87.05830928257534, 87.37653132847377, 87.20215388706752, 87.01846204485211, 87.2715584891183], "minibatch_train_losses": [369.72540283203125, 325.942626953125, 263.4621887207031, 189.87240600585938, 136.80419921875, 110.443359375, 113.15213012695312, 153.2406005859375, 201.24301147460938, 264.91156005859375, 311.38983154296875, 304.76806640625, 319.1029052734375, 261.41387939453125, 198.3594207763672, 154.41433715820312, 132.78408813476562, 129.468994140625, 143.2156982421875, 171.21954345703125, 197.5106658935547, 262.44256591796875, 273.9120788574219, 267.0972595214844, 232.20787048339844, 200.71543884277344, 158.38694763183594, 132.66151428222656, 143.15280151367188, 140.14199829101562, 167.724365234375, 196.88818359375, 208.8126678466797, 240.5558624267578, 224.8267059326172, 195.32388305664062, 171.91226196289062, 154.81109619140625, 146.55479431152344, 133.5506591796875, 143.70230102539062, 145.30191040039062, 185.9913787841797, 205.23284912109375, 215.54840087890625, 202.39422607421875, 184.3187713623047, 159.0598602294922, 132.4958953857422, 142.1117401123047, 124.74102020263672, 137.82843017578125, 149.07040405273438, 161.41326904296875, 191.50552368164062, 193.40890502929688, 187.05381774902344, 173.7725372314453, 161.93028259277344, 155.157470703125, 137.00656127929688, 129.5361785888672, 118.38236999511719, 137.4729461669922, 153.20555114746094, 167.43687438964844, 172.73768615722656, 170.4141082763672, 166.88575744628906, 151.23422241210938, 166.05960083007812, 146.4490203857422, 149.5752716064453, 137.884765625, 127.93238067626953, 145.9902801513672, 139.98025512695312, 143.81480407714844, 141.66790771484375, 149.18133544921875, 159.9476318359375, 159.0391845703125, 157.7314453125, 147.73052978515625, 151.12484741210938, 149.1313934326172, 141.126953125, 135.9676055908203, 128.65499877929688, 120.17219543457031, 115.94117736816406, 144.46170043945312, 142.61241149902344, 161.2628936767578, 158.11485290527344, 148.42654418945312, 161.70230102539062, 140.30255126953125, 133.655029296875, 115.90713500976562, 116.49495697021484, 119.58943176269531, 117.82321166992188, 133.00521850585938, 133.05029296875, 146.25811767578125, 156.02294921875, 151.85812377929688, 148.76515197753906, 136.69729614257812, 113.80987548828125, 101.42586517333984, 118.02229309082031, 110.96623229980469, 126.86831665039062, 129.7279052734375, 132.533447265625, 148.22805786132812, 137.45753479003906, 141.4890594482422, 120.82281494140625, 119.98267364501953, 113.2144546508789, 101.57003021240234, 118.05054473876953, 110.31085205078125, 122.81262969970703, 137.77239990234375, 139.72366333007812, 142.92176818847656, 130.67576599121094, 114.40621948242188, 98.4060287475586, 107.10143280029297, 100.54684448242188, 112.23777770996094, 116.72940063476562, 124.58868408203125, 135.25083923339844, 133.00587463378906, 144.04788208007812, 119.53053283691406, 117.41734313964844, 104.17974853515625, 90.90194702148438, 101.53840637207031, 92.40361022949219, 109.22569274902344, 126.3298110961914, 135.06478881835938, 144.66622924804688, 133.57884216308594, 127.58016967773438, 103.86204528808594, 102.09092712402344, 94.34234619140625, 97.42513275146484, 98.88844299316406, 102.93620300292969, 116.19454956054688, 121.16099548339844, 140.8367156982422, 123.98660278320312, 128.94000244140625, 115.55140686035156, 102.92842102050781, 99.77700805664062, 86.00511169433594, 98.66397094726562, 103.89820861816406, 111.43698120117188, 123.30609130859375, 120.81634521484375, 125.70317840576172, 108.26083374023438, 110.38053894042969, 107.6168212890625, 104.94754791259766, 101.91441345214844, 93.87458038330078, 104.75094604492188, 101.53040313720703, 117.66084289550781, 107.9085922241211, 120.16570281982422, 112.88796997070312, 105.27534484863281, 103.06617736816406, 91.67167663574219, 103.68357849121094, 99.00065612792969, 103.68196868896484, 110.01924133300781, 109.58486938476562, 111.63775634765625, 99.32554626464844, 106.1637191772461, 105.76057434082031, 101.77848052978516, 100.58922576904297, 91.0395736694336, 101.5730972290039, 94.0562744140625, 106.68635559082031, 101.75637817382812, 114.70531463623047, 110.10411071777344, 101.30775451660156, 102.74641418457031,