{"train_losses": [353.9337594168527, 15075.850864955357, 180538.44419642858, 186443.4955357143, 98905.41964285714, 17705.319475446428, 1590.7117396763392, 11731.526646205357, 3068.6074567522323, 906.7687116350446, 1448.5631103515625, 185.5789075578962, 394.0951232910156, 165.99859401157923, 158.9684579031808, 152.4170641217913, 93.2894788469587, 94.68833487374442, 92.48964146205357, 87.22740064348493, 86.90128762381417, 88.03382219587054, 88.35470036097935, 88.37542397635323, 88.35137067522321, 88.46534946986607, 88.85292162214007, 90.40085710797992, 98.85298701695034, 133.46082850864954, 209.18090166364397, 284.00089372907365, 320.9067818777902, 333.35714285714283, 336.37283761160717, 334.69921439034596, 329.87194388253346, 323.63905116489957, 318.4144025530134, 316.7393101283482, 320.3617422921317, 329.4719892229353, 342.27624947684154, 354.4703456333705, 358.3698425292969, 342.4975803920201, 293.86888340541293, 208.84968784877233, 119.02659715924945, 90.1248539515904, 89.65047236851284, 126.26448495047433, 226.20941598074776, 2019.8821323939733, 996.9122140066964, 761.773454938616, 555.0597621372768, 395.45067923409596, 316.68204171316967, 300.6576232910156, 325.00510951450894, 361.0569588797433, 355.2671203613281, 256.3045349121094, 121.44208090645927, 92.32442365373883, 91.02108873639789, 132.254022870745, 171.7553449358259, 1542.1797572544642, 404.070321219308, 414.37979561941967, 267.4489310128348, 125.25547136579242, 131.80034964425224, 203.83988516671317, 103.07466888427734, 108.5561272757394, 189.50936453683036, 593.8210972377232, 4630.355887276785, 1697.8125523158483, 1018.3683733258929, 719.5441981724331, 531.9006870814732, 405.9524623325893, 309.57631138392856, 227.2100067138672, 171.41014753069197, 137.95514351981026, 104.24725559779576, 116.00445447649274, 138.2043239048549, 157.9699925013951, 313.9510018484933, 4850.722028459822, 715.599138532366, 594.2563738141741, 411.7426191057478, 306.47000994001115, 258.6155024937221], "test_losses": [353.44676426478793, 15108.000697544643, 180495.96205357142, 186467.65848214287, 98898.31584821429, 17716.500558035714, 1594.2430768694196, 11726.861607142857, 3072.2542898995534, 910.4525320870536, 1449.2414027622767, 186.89417593819755, 396.2709699358259, 167.5471932547433, 159.23526000976562, 152.79987444196428, 95.08992767333984, 96.95747484479632, 94.26881408691406, 89.34313419886998, 89.25931440080915, 90.25232914515904, 90.6832515171596, 90.6578619820731, 90.59352438790458, 90.78267451695034, 91.1101324898856, 92.4126968383789, 100.32198115757534, 133.96458435058594, 208.5045166015625, 282.4840567452567, 319.0091465541295, 331.28580147879467, 334.188720703125, 332.44175938197543, 327.58821759905135, 321.3873770577567, 316.24265834263394, 314.65298897879467, 318.3088814871652, 327.35985892159596, 340.02525547572543, 352.0670427594866, 355.8903285435268, 340.1125924246652, 291.87001255580356, 207.69948032924108, 119.31249455043248, 92.01665496826172, 91.4988294328962, 127.08931296212333, 231.99506269182478, 2012.3345772879463, 993.0439540318081, 759.2985578264509, 553.9998866489956, 395.7240295410156, 317.7096949986049, 301.8441467285156, 325.74629865373885, 361.17531040736606, 355.0604553222656, 256.6475503104074, 123.42587062290737, 96.04701777866909, 94.05147770472935, 133.7238006591797, 176.85216413225447, 1535.2883475167412, 411.6856689453125, 421.86305454799106, 273.4240155901228, 129.0885968889509, 132.836797441755, 203.66753496442522, 105.61457279750279, 111.12672315325055, 189.51851981026786, 601.7357177734375, 4614.107212611607, 1689.0162876674108, 1012.630615234375, 715.2156982421875, 528.7243303571429, 403.8168160574777, 308.3389325823103, 227.09234183175224, 172.64218139648438, 140.21793692452567, 106.59902082170758, 118.82984270368304, 143.02803911481584, 160.77460588727678, 321.50191824776783, 4836.5712890625, 720.035871233259, 596.8529052734375, 412.3147539411272, 306.0721958705357, 258.70800345284596], "minibatch_train_losses": [369.72540283203125, 2458842.5, 174076.109375, 538063.625, 1393686.25, 1070561.25, 334139.5, 15097.607421875, 270279.625, 635234.5, 655734.875, 363556.90625, 73769.3203125, 18801.1328125, 180868.96875, 344626.125, 338875.6875, 186044.53125, 36208.734375, 9128.169921875, 96883.7890625, 186028.53125, 184004.46875, 99596.5, 17426.892578125, 6197.8701171875, 57312.625, 105433.03125, 99214.03125, 48012.953125, 5275.583984375, 7338.5556640625, 40263.02734375, 62421.140625, 49278.60546875, 17584.62890625, 534.212646484375, 10368.0390625, 29945.09765625, 34985.3203125, 20007.46875, 3358.58251953125, 1550.611328125, 12627.203125, 20753.13671875, 16140.703125, 4916.404296875, 159.45858764648438, 5145.05810546875, 11827.228515625, 11009.060546875, 4377.8310546875, 202.72442626953125, 2361.26953125, 6737.62451171875, 6956.5615234375, 3013.29833984375, 207.00430297851562, 1334.303466796875, 3944.54931640625, 4237.23486328125, 1802.275146484375, 140.35060119628906, 879.6260375976562, 2487.8125, 2507.1064453125, 1012.6748657226562, 99.49430847167969, 733.1482543945312, 1642.863037109375, 1486.016845703125, 488.8431396484375, 133.69244384765625, 697.958984375, 1109.5498046875, 814.1757202148438, 196.44418334960938, 197.321533203125, 633.4039306640625, 737.113525390625, 348.682373046875, 101.22167205810547, 276.54461669921875, 505.2611083984375, 378.9473876953125, 152.64785766601562, 144.25555419921875, 266.3965759277344, 351.919921875, 195.12533569335938, 90.93394470214844, 158.78256225585938, 231.662353515625, 240.9530487060547, 125.485595703125, 111.63634490966797, 179.76193237304688, 165.00491333007812, 164.1426544189453, 96.11544799804688, 148.59466552734375, 196.03196716308594, 126.05706787109375, 124.34568786621094, 95.22998809814453, 158.56593322753906, 150.3311767578125, 99.38008117675781, 131.4507598876953, 123.12207794189453, 132.08981323242188, 103.42813110351562, 95.3424301147461, 118.17799377441406, 112.0734634399414, 103.97085571289062, 99.25969696044922, 103.98249816894531, 96.14930725097656, 94.1441879272461, 86.94802856445312, 96.01853942871094, 99.41485595703125, 89.6030502319336, 89.43421936035156, 82.87866973876953, 91.60833740234375, 84.6376953125, 94.21593475341797, 100.87511444091797, 87.93705749511719, 90.22058868408203, 80.42906951904297, 88.26481628417969, 84.72401428222656, 90.5908432006836, 95.63307189941406, 87.41853332519531, 88.96186065673828, 77.6358871459961, 89.72064971923828, 83.6600112915039, 92.02106475830078, 95.51067352294922, 84.13272094726562, 89.06190490722656, 77.2765884399414, 91.26435852050781, 84.76892852783203, 90.3990478515625, 96.92500305175781, 87.78640747070312, 90.0884780883789, 76.77897644042969, 91.81512451171875, 86.16233825683594, 92.25148010253906, 97.3729248046875, 87.32011413574219, 90.5213623046875, 76.93485260009766, 91.6732177734375, 86.43560791015625, 91.7586898803711, 97.53236389160156, 89.01383972167969, 91.91139221191406, 76.72247314453125, 91.6085205078125, 86.6640625, 93.97509002685547, 101.62565612792969, 92.34559631347656, 93.34447479248047, 76.784423828125, 91.89321899414062, 87.42594146728516, 96.60212707519531, 106.0663070678711, 96.44696044921875, 95.65065002441406, 77.32725524902344, 92.35247802734375, 87.82121276855469, 99.25932312011719, 113.4756851196289, 105.86140441894531, 102.86481475830078, 81.06459045410156, 93.74211120605469, 87.39216613769531, 101.73674774169922, 125.51123046875, 125.13780212402344, 122.564697265625, 96.18623352050781, 101.76214599609375, 86.82598114013672, 99.36135864257812, 135.1334686279297, 152.34458923339844, 162.42298889160156, 139.1324462890625, 135.48687744140625, 98.81341552734375, 90.86392211914062, 125.90436553955078, 164.06800842285156, 204.5167236328125, 207.46578979492188, 210.07969665527344, 148.98736572265625, 98.71048736572266, 104.31280517578125, 144.13851928710938, 212.47488403320312, 254.24349975585938, 284.17144775390625, 217.98667907714844, 131.29595947265625, 97.03875732421875, 120.64147186279297, 199.72286987304688, 267.92230224609375, 