{"train_losses": [353.9337594168527, 108.74181038992745, 130.37581743512834, 103.8009785243443, 101.18394797188895, 97.23892429896763, 93.80823843819755, 92.48973846435547, 90.87720707484654, 89.9904065813337, 89.11803872244698, 88.47850145612445, 87.96302032470703, 87.50360979352679, 87.12769317626953, 86.80554635184151, 86.5308837890625, 86.28897966657367, 86.08192879813058, 85.90229143415179, 85.74381583077567, 85.60574122837612, 85.48533412388393, 85.37875366210938, 85.28533608572823, 85.20319148472377, 85.13050624302456, 85.06639971051898, 85.00975472586495, 84.95951189313617, 84.91498565673828, 84.87545340401786, 84.84024701799665, 84.80889892578125, 84.78091212681362, 84.75587463378906, 84.73345620291573, 84.7133298601423, 84.69523402622768, 84.67893327985492, 84.66421944754464, 84.65092032296317, 84.6388669695173, 84.62792859758649, 84.61798640659877, 84.60893031529018, 84.60066877092633, 84.59312002999442, 84.58620997837612, 84.57987758091518, 84.57406289236886, 84.56871577671596, 84.56379045758929, 84.5592531476702, 84.55505916050502, 84.55118233816964, 84.54759652273995, 84.54427010672433, 84.54118020193917, 84.53831372942243, 84.53564562116351, 84.53316388811383, 84.53085109165737, 84.52868761335101, 84.52667454310826, 84.52479008265904, 84.52302660260882, 84.52137429373605, 84.51982770647321, 84.51837485177177, 84.5170146397182, 84.51573835100446, 84.51453508649554, 84.51340593610492, 84.51234436035156, 84.51134381975446, 84.51039777483258, 84.50950949532645, 84.50867353166852, 84.50788334437779, 84.50713784354073, 84.50643920898438, 84.50577436174665, 84.50514875139508, 84.50455801827567, 84.50399889264789, 84.50346919468471, 84.50297110421317, 84.50250135149274, 84.50205557686942, 84.5016348702567, 84.50123487200055, 84.50086648123605, 84.50050898960659, 84.50017438616071, 84.49985940115792, 84.4995618547712, 84.49928065708706, 84.49901798793248, 84.49877057756696, 84.498532976423], "test_losses": [353.44676426478793, 111.57475825718471, 133.27589525495256, 106.22626168387276, 103.59691401890346, 99.62693568638393, 96.40481458391461, 95.147705078125, 93.4419926234654, 92.57120622907367, 91.7511454990932, 91.12641034807477, 90.57741437639508, 90.14179120744977, 89.76971544538226, 89.44403948102679, 89.16966029575893, 88.93014308384487, 88.7243401663644, 88.54190608433315, 88.38559177943638, 88.24671718052456, 88.12574114118304, 88.01903097970145, 87.92520359584263, 87.84236145019531, 87.76923261369977, 87.70454406738281, 87.64725058419364, 87.59643445696149, 87.55130549839565, 87.51115417480469, 87.47538212367466, 87.44345201764789, 87.4149148123605, 87.38934326171875, 87.36641148158482, 87.34579031808036, 87.3272236415318, 87.3104727608817, 87.29533277239118, 87.28162602015904, 87.26919337681362, 87.25789533342633, 87.24761417933873, 87.23824310302734, 87.22968510219029, 87.22185952322823, 87.21469116210938, 87.20811898367745, 87.20207868303571, 87.19652993338448, 87.19141605922154, 87.18670109340123, 87.1823479788644, 87.17832401820591, 87.17460196358817, 87.17115347726005, 87.16795349121094, 87.1649889264788, 87.1622314453125, 87.15966796875, 87.15727996826172, 87.15505872453961, 87.15298788888114, 87.15105656215123, 87.14925166538784, 87.14756774902344, 87.14598846435547, 87.14451599121094, 87.14313616071429, 87.14184461321149, 87.14063262939453, 87.13950020926339, 87.13843754359654, 87.13743918282645, 87.13650621686664, 87.13562665666852, 87.13480159214565, 87.13402884347099, 87.133302961077, 87.13262285505023, 87.13197980608258, 87.13137926374164, 87.13081468854632, 87.13028608049665, 87.12978799002511, 87.12932368687221, 87.12888772147042, 87.12847573416573, 87.12809208461216, 87.1277324131557, 87.12739562988281, 87.12708391462054, 87.12678963797433, 87.12651606968471, 87.12626102992466, 87.12602124895368, 87.12580217633929, 87.12559618268695, 87.12540762765067], "minibatch_train_losses": [369.72540283203125, 291.64276123046875, 234.05764770507812, 182.99530029296875, 153.01531982421875, 124.51561737060547, 105.10311126708984, 112.9139175415039, 105.61430358886719, 114.61770629882812, 120.52597045898438, 116.90596008300781, 134.77650451660156, 126.01176452636719, 128.79507446289062, 126.38775634765625, 128.19088745117188, 127.27754211425781, 111.26995849609375, 118.38088989257812, 100.44820404052734, 104.7701416015625, 100.5751953125, 103.4813232421875, 102.12483215332031, 96.77127838134766, 100.273681640625, 90.77163696289062, 105.99598693847656, 101.41069030761719, 106.13900756835938, 103.72344970703125, 100.24716186523438, 99.17338562011719, 89.14286804199219, 101.4921646118164, 95.6282958984375, 99.13191223144531, 97.65388488769531, 91.6478271484375, 96.07528686523438, 85.7510986328125, 96.00265502929688, 92.900634765625, 97.52005004882812, 97.60287475585938, 90.16029357910156, 96.83287048339844, 85.49544525146484, 94.71742248535156, 90.9271240234375, 95.34855651855469, 94.98054504394531, 88.76429748535156, 92.93030548095703, 82.73954772949219, 94.09000396728516, 90.13033294677734, 94.73030090332031, 93.79678344726562, 88.48422241210938, 91.73287963867188, 81.71928405761719, 93.24125671386719, 89.08544158935547, 93.52093505859375, 92.90093994140625, 86.95285034179688, 91.41796875, 81.31855773925781, 91.861328125, 88.05445861816406, 92.68917846679688, 92.44367980957031, 86.16857147216797, 90.98043823242188, 80.77093505859375, 91.27361297607422, 87.47801208496094, 92.10539245605469, 91.67277526855469, 85.77996826171875, 89.9866943359375, 79.97128295898438, 91.02149200439453, 87.06714630126953, 91.67534637451172, 91.18302917480469, 85.39097595214844, 89.49710083007812, 79.61749267578125, 90.49004364013672, 86.5374526977539, 91.17339324951172, 90.81505584716797, 84.84909057617188, 89.31480407714844, 79.34022521972656, 90.01213073730469, 86.16039276123047, 90.8160400390625, 90.48866271972656, 84.52412414550781, 88.90725708007812, 78.97785186767578, 89.78335571289062, 85.8602294921875, 90.51834106445312, 90.14486694335938, 84.30915069580078, 88.53573608398438, 78.69007873535156, 89.53347778320312, 85.59080505371094, 90.25485229492188, 89.90335845947266, 84.02410888671875, 88.35242462158203, 78.4913330078125, 89.2522201538086, 85.33514404296875, 90.0077896118164, 89.69125366210938, 83.79632568359375, 88.14579010009766, 78.29774475097656, 89.06491088867188, 85.13348388671875, 89.81745910644531, 89.48475646972656, 83.64009094238281, 87.92012023925781, 78.10452270507812, 88.90795135498047, 84.96131896972656, 89.64533233642578, 89.31452941894531, 83.47328186035156, 87.77239990234375, 77.96803283691406, 88.74150085449219, 84.79534912109375, 89.48868560791016, 89.17208099365234, 83.32783508300781, 87.63906860351562, 77.84014129638672, 88.60873413085938, 84.66031646728516, 89.35938262939453, 89.03739166259766, 83.2142333984375, 87.50154113769531, 77.71978759765625, 88.50166320800781, 84.54167938232422, 89.2442626953125, 88.92227935791016, 83.10955810546875, 87.39543151855469, 77.62442779541016, 88.39542388916016, 84.433349609375, 89.14195251464844, 88.82304382324219, 83.01397705078125, 87.30394744873047, 77.53846740722656, 88.30667114257812, 84.3408203125, 89.05340576171875, 88.7330551147461, 82.93658447265625, 87.21534729003906, 77.46096801757812, 88.23190307617188, 84.25914001464844, 88.97591400146484, 88.65396118164062, 82.86641693115234, 87.1425552368164, 77.39532470703125, 88.16212463378906, 84.18634033203125, 88.90668487548828, 88.5853500366211, 82.80371856689453, 87.07901763916016, 77.33772277832031, 88.1023178100586, 84.12232971191406, 88.84639739990234, 88.52340698242188, 82.75090026855469, 87.02033996582031, 77.28601837158203, 88.05056762695312, 84.06623840332031, 88.79318237304688, 88.468994140625, 82.70345306396484, 86.97059631347656, 77.2416763305664, 88.00363159179688, 84.01592254638672, 88.74583435058594, 88.42095947265625, 82.66166687011719, 86.92669677734375, 77.20255279541016, 87.96286010742188, 83.97179412841797, 88.70428466796875, 88.37801361083984, 82.62549591064453, 86.88714599609375, 77.16780090332031, 