{"testproblem": "mnist_mlp", "batch_size": 128, "num_epochs": 100, "random_seed": 42, "weight_decay": null, "optimizer_hyperparams": {"lr": 0.0002511886431509582}, "train_losses": [2.3034798334806394, 0.22009163970748583, 0.1287569592300898, 0.09001745937917477, 0.062186520642194994, 0.05505534643546129, 0.03833129323827915, 0.026757795554705154, 0.020509042968161594, 0.014309553775745325, 0.011875600291368289, 0.006642946471961645, 0.006671309136809447, 0.007370332590280435, 0.004697674097350011, 0.003435627366296756, 0.004097764666836996, 0.004184474762624655, 0.0015940054869040465, 0.02493426936845749, 0.0023814588307570187, 0.002685796493330063, 0.0027264662994406163, 0.01876766010163686, 0.0035470260832554256, 0.0009563161681095759, 0.00011241254516136952, 6.0091033960000066e-05, 5.225402613480886e-05, 3.827148332045628e-05, 2.9129191086842464e-05, 2.207965231858767e-05, 1.653914268200214e-05, 1.526557100124848e-05, 1.1024327996449592e-05, 8.547821870216956e-06, 6.135457601302709e-06, 8.417293429374695e-06, 0.004603316291020467, 0.005565633543599875, 0.0005484920663711352, 0.00010015982656906813, 5.123616220095219e-05, 3.6458269907878e-05, 2.3970475945717248e-05, 1.6711031397183735e-05, 1.4603758851687113e-05, 1.1640815780713008e-05, 8.556323173718574e-06, 6.417099099892836e-06, 5.051254844054198e-06, 4.23212081958086e-06, 3.527037990398896e-06, 2.4269788693159053e-06, 2.290623692365793e-06, 1.6783387997211555e-06, 1.2408559903120383e-06, 1.0936115032587295e-06, 1.0075955054698845e-06, 6.196399529774984e-07, 6.119028115883851e-07, 0.08145791781731905, 0.0012375376879786833, 0.0012309842575819064, 8.885758236432687e-05, 2.9443309475214053e-05, 1.944009310159928e-05, 1.4474519934409704e-05, 1.0741396974294614e-05, 7.501349617273379e-06, 6.278272336110091e-06, 5.382232559032929e-06, 4.0098212850399505e-06, 3.2938730258208056e-06, 3.3428211911366534e-06, 2.368424947445209e-06, 1.830407060109652e-06, 1.4439081916442285e-06, 1.2090955025110488e-06, 9.491132237972357e-07, 9.091021731877938e-07, 9.508684086493956e-07, 6.503377778407855e-07, 4.1871307752071283e-07, 8.060716283627046e-07, 2.9684111396841803e-07, 2.518391762024317e-07, 1.6662316062511542e-07, 1.4350725672183893e-07, 1.3776410084504349e-07, 1.2578824773812906e-07, 8.939502713007805e-08, 5.980762533652477e-08, 6.084640820821126e-08, 4.72467106122237e-08, 3.3408212356078316e-08, 2.3808425817734157e-08, 0.01028509190879189, 0.00420108596340586, 0.0001440165707698235, 5.326615885282174e-05], "test_losses": [2.3034419279832106, 0.20978920806485873, 0.13459483130524555, 0.10440220908285716, 0.0886440619539756, 0.07879538707530652, 0.07492090890613887, 0.07625688629177137, 0.07324519751068109, 0.0648448465583034, 0.07157378335698293, 0.06807180011692719, 0.07660182202473664, 0.08029770196821445, 0.08236246813948338, 0.08237571473448323, 0.0888373559484115, 0.09009486178939159, 0.08680797308587875, 0.12458505658194041, 0.08813119615213229, 0.09168316010767832, 0.08804171710298994, 0.13464666912570977, 0.09261628510191655, 0.08538543967864452, 0.08435739490848321, 0.08672935740114787, 0.08847094317659354, 0.09071945074277046, 0.09217438123260553, 0.09388563642278314, 0.09596305905292049, 0.09800572134554386, 0.0996718335395249, 0.10240502786846498, 0.10376841820871983, 0.10572645008468474, 0.07992474344344093, 0.09563714884317075, 0.08552707488147113, 0.0841488680587365, 0.08756797246109599, 0.0898626517289533, 0.09217207594655263, 0.09468367861774869, 0.09795066655780642, 0.1010664456929916, 0.10451844734593461, 0.10750631590445454, 0.10969360124988434, 0.1112347387899764, 0.11443864376260302, 0.11514865575382152, 0.11718338323183931, 0.12012402319277708, 0.12132246318894128, 0.12398871581535786, 0.12519615202043682, 0.12638265469398063, 0.12802246706082654, 0.2719168408463399, 0.1014716551424219, 0.10538380737535846, 0.10027401044200628, 0.10392063225691135, 0.10990428915008521, 0.11490725179035695, 0.11775538456650117, 0.12026482944687207, 0.12273723142555891, 0.12407969236851503, 0.12613901672646022, 0.12870534498674366, 0.1291887653657259, 0.1310444701797305, 0.13322148254762092, 0.13360524370979804, 0.13539329283417034, 0.13654294182570317, 0.13823868009524468, 0.14105420510690564, 0.14042705081355494, 0.1426337193697691, 0.1439376153792135, 0.14521063608714405, 0.14729230936306217, 0.14803087012842298, 0.14825547355203292, 0.15172943903897435, 0.15343392377671522, 0.15408776034839833, 0.15530330272248158, 0.15581519832500282, 0.15800859625093067, 0.1609139402056686, 0.15970889306985414, 0.13606583202878633, 0.12235249802231407, 0.1107523779456432, 0.1074910756224432], "train_accuracies": [0.08543669871794872, 0.9373998397435898, 0.9623397435897436, 0.9735576923076923, 0.9830729166666666, 0.9841746794871795, 0.9897836538461539, 0.9914863782051282, 0.9946915064102564, 0.9966947115384616, 0.9973958333333334, 0.9987980769230769, 0.9981971153846154, 0.9977964743589743, 0.9988982371794872, 0.9993990384615384, 0.999198717948718, 0.9985977564102564, 0.9994991987179487, 0.9923878205128205, 0.9995993589743589, 0.9993990384615384, 0.9990985576923077, 0.9933894230769231, 0.9992988782051282, 0.9996995192307693, 1.0, 1.0, 1.0, 1.0, 1.0, 1.0, 1.0, 1.0, 1.0, 1.0, 1.0, 1.0, 0.9984975961538461, 0.9980969551282052, 0.9997996794871795, 1.0, 1.0, 1.0, 1.0, 1.0, 1.0, 1.0, 1.0, 1.0, 1.0, 1.0, 1.0, 1.0, 1.0, 1.0, 1.0, 1.0, 1.0, 1.0, 1.0, 0.9808693910256411, 0.9995993589743589, 0.9995993589743589, 1.0, 1.0, 1.0, 1.0, 1.0, 1.0, 1.0, 1.0, 1.0, 1.0, 1.0, 1.0, 1.0, 1.0, 1.0, 1.0, 1.0, 1.0, 1.0, 1.0, 1.0, 1.0, 1.0, 1.0, 1.0, 1.0, 1.0, 1.0, 1.0, 1.0, 1.0, 1.0, 1.0, 0.9970953525641025, 0.9984975961538461, 1.0, 1.0], "test_accuracies": [0.08383413461538461, 0.9370993589743589, 0.9587339743589743, 0.9660456730769231, 0.9736578525641025, 0.9750600961538461, 0.9772636217948718, 0.9764623397435898, 0.9783653846153846, 0.9798677884615384, 0.9800681089743589, 0.9797676282051282, 0.9797676282051282, 0.979667467948718, 0.981270032051282, 0.9811698717948718, 0.9789663461538461, 0.9787660256410257, 0.9807692307692307, 0.9727564102564102, 0.9811698717948718, 0.98046875, 0.9822716346153846, 0.9743589743589743, 0.9811698717948718, 0.9828725961538461, 0.9836738782051282, 0.9846754807692307, 0.984375, 0.9842748397435898, 0.9844751602564102, 0.9841746794871795, 0.9844751602564102, 0.9842748397435898, 0.984375, 0.9840745192307693, 0.9839743589743589, 0.9838741987179487, 0.9815705128205128, 0.9789663461538461, 0.9830729166666666, 0.9836738782051282, 0.9836738782051282, 0.9841746794871795, 0.9838741987179487, 0.9841746794871795, 0.9838741987179487, 0.9842748397435898, 0.983573717948718, 0.9839743589743589, 0.9837740384615384, 0.9837740384615384, 0.9838741987179487, 0.9842748397435898, 0.984375, 0.9840745192307693, 0.9844751602564102, 0.9839743589743589, 0.9838741987179487, 0.9842748397435898, 0.984375, 0.961738782051282, 0.9808693910256411, 0.98046875, 0.9833733974358975, 0.9834735576923077, 0.9832732371794872, 0.9833733974358975, 0.9833733974358975, 0.9831730769230769, 0.9832732371794872, 0.9830729166666666, 0.9830729166666666, 0.9831730769230769, 0.9832732371794872, 0.9832732371794872, 0.9831730769230769, 0.9830729166666666, 0.9829727564102564, 0.9828725961538461, 0.9827724358974359, 0.9828725961538461, 0.9829727564102564, 0.9825721153846154, 0.9828725961538461, 0.9826722756410257, 0.9831730769230769, 0.9822716346153846, 0.9829727564102564, 0.9825721153846154, 0.9831730769230769, 0.9828725961538461, 0.9827724358974359, 0.9829727564102564, 0.9828725961538461, 0.9831730769230769, 0.9825721153846154, 0.9799679487179487, 0.98046875, 0.9827724358974359, 0.9830729166666666], "analyzable_training_params": {"lr_sched_epochs": null, "lr_sched_factors": null}}