{"testproblem": "mnist_mlp", "batch_size": 128, "num_epochs": 100, "random_seed": 42, "weight_decay": null, "optimizer_hyperparams": {"lr": 1.0}, "train_losses": [2.3034798334806394, 2.3342513335056796, 2.3749850743856187, 2.324417212070563, 2.3625504909417567, 2.336959713544601, 2.3464932411144943, 2.3221849019710836, 2.35527341793745, 2.329918567950909, 2.332140855300121, 2.3216181137622933, 2.3315534591674805, 2.404040061510526, 2.3310503317759586, 2.4767702573384995, 2.3592378084476175, 2.326374209844149, 2.3337969810534744, 2.389803877243629, 2.3297516046426234, 2.3497062096228967, 2.3557070249166245, 2.332064014214736, 2.3803175748922887, 2.3375392724306154, 2.341271840609037, 2.3307526998030834, 2.3132798060392723, 2.396233094044221, 2.3555693595837326, 2.356984086525746, 2.3320097648180447, 2.3511994893734274, 2.3336515701734104, 2.3355273130612497, 2.3636502913939648, 2.332181270305927, 2.3129347440523977, 2.355242154537103, 2.344467270068633, 2.3466623349067492, 2.3229827972558827, 2.334014036716559, 2.3395858300037875, 2.3424981985336695, 2.350343343539116, 2.380984780115959, 2.362379801579011, 2.3574531414569955, 2.3420184483894935, 2.3369498680799436, 2.338735186136686, 2.3313492078047533, 2.3549927931565504, 2.319792096431439, 2.3527524318450537, 2.3258279378597555, 2.3584114007460766, 2.3426496982574463, 2.3401788350863333, 2.323092968035967, 2.3252393312943287, 2.403401573499044, 2.347070406644772, 2.3473634811548085, 2.3556564832345033, 2.3393738789436145, 2.355928509663313, 2.3506150184533534, 2.342043800231738, 2.3677308834516086, 2.3534440719164333, 2.3369813637855725, 2.3392278231107273, 2.330198272680625, 2.3393452931673098, 2.3577929001588087, 2.3523825193062806, 2.3627396485744376, 2.3551819049395046, 2.313087264696757, 2.3230405954214244, 2.350424885749817, 2.3560784443830833, 2.3358052357649193, 2.3202502880340967, 2.337143729894589, 2.335622802758828, 2.3400272742295876, 2.3425408693460317, 2.3464797337849936, 2.341067534226638, 2.3402336896994176, 2.3539055371895814, 2.358076688570854, 2.368371437757443, 2.374120293519436, 2.4172047193233785, 2.3552944660186768, 2.3724718124438553], "test_losses": [2.3034419279832106, 5.355998470233037, 2.3679367426114206, 2.3269862945263204, 2.3679529489615025, 2.3383871286343307, 2.3468580643335977, 2.322092288579696, 2.3536655474931765, 2.327708424665989, 2.3303522146665134, 2.323928313377576, 2.3285841391636777, 2.399660914372175, 2.3292898459312243, 2.476389637360206, 2.3612011732199254, 2.32610975473355, 2.336016887273544, 2.3857894860781155, 2.3244852072153335, 2.352440800422277, 2.353842793366848, 2.3314131528903275, 2.376077272953131, 2.338959039785923, 2.3443443652911062, 2.336586160537524, 2.3152726338459897, 2.39596195710011, 2.3560316746051493, 2.3569605472760324, 2.326879388246781, 2.350022988441663, 2.3290125956902137, 2.3381089705687303, 2.3667143063667493, 2.329068217522059, 2.316615972763453, 2.3484422977154074, 2.3453591603499193, 2.3473124228990994, 2.32239201435676, 2.3295054527429433, 2.339726231037042, 2.338416267664005, 2.349155780596611, 2.376685604071006, 2.3682226553941383, 2.355954925219218, 2.3380624942290478, 2.3342284239255466, 2.3417153358459473, 2.332811557329618, 2.3579821525475917, 2.3206855180935984, 2.358820991638379, 2.329376208476531, 2.3589599285370264, 2.3436201016108194, 2.3415374969824767, 2.327362338701884, 2.3230458008937345, 2.3962838924848118, 2.3411976985442333, 2.341411578349578, 2.3555211440110817, 2.3450231429858084, 2.351586170685597, 2.349781103623219, 2.3403517313492603, 2.3578104911706386, 2.3571372704628186, 2.341432727300204, 2.3405808363205347, 2.3308702126527443, 2.3397277073982434, 2.3479822996335153, 2.350167772708795, 2.3567050878818216, 2.353652556737264, 2.3126626962270493, 2.320587824552487, 2.3442428692793236, 2.3575534331492887, 2.3345477489324717, 2.318860032619574, 2.3340213115398702, 2.34199220706255, 2.3412271310121584, 2.3447546806090918, 2.349580874809852, 2.3425162816658998, 2.341432647827344, 2.3529082169899573, 2.35352623462677, 2.36464096338321, 2.3734190402886806, 2.4167508498216286, 2.3561706512402267, 2.3684569933475594], "train_accuracies": [0.08543669871794872, 0.10036057692307693, 0.09885817307692307, 0.10056089743589744, 0.10046073717948718, 0.1045673076923077, 0.09835737179487179, 0.10236378205128205, 0.09935897435897435, 0.11217948717948718, 0.09705528846153846, 0.11107772435897435, 0.10266426282051282, 0.11338141025641026, 0.09895833333333333, 0.11017628205128205, 0.09845753205128205, 0.11318108974358974, 0.09695512820512821, 0.10286458333333333, 0.09635416666666667, 0.10416666666666667, 0.10046073717948718, 0.09865785256410256, 0.09705528846153846, 0.12049278846153846, 0.09865785256410256, 0.10396634615384616, 0.09985977564102565, 0.08934294871794872, 0.08814102564102565, 0.10116185897435898, 0.09975961538461539, 0.09875801282051282, 0.09835737179487179, 0.10086137820512821, 0.10647035256410256, 0.10306490384615384, 0.10767227564102565, 0.11368189102564102, 0.10606971153846154, 0.09765625, 0.0921474358974359, 0.10767227564102565, 0.10036057692307693, 0.09014423076923077, 0.10136217948717949, 0.10306490384615384, 0.0992588141025641, 0.09935897435897435, 0.10116185897435898, 0.09835737179487179, 0.10586939102564102, 0.11147836538461539, 0.09835737179487179, 0.0967548076923077, 0.10546875, 0.10697115384615384, 0.09595352564102565, 0.09985977564102565, 0.11318108974358974, 0.09645432692307693, 0.09935897435897435, 0.09094551282051282, 0.0967548076923077, 0.11057692307692307, 0.09775641025641026, 0.10006009615384616, 0.09314903846153846, 0.08904246794871795, 0.09264823717948718, 0.10797275641025642, 0.09845753205128205, 0.10216346153846154, 0.10276442307692307, 0.09805689102564102, 0.09645432692307693, 0.09314903846153846, 0.09975961538461539, 0.08533653846153846, 0.09755608974358974, 0.09665464743589744, 0.10216346153846154, 0.09625400641025642, 0.10006009615384616, 0.11057692307692307, 0.09715544871794872, 0.09565304487179487, 0.10947516025641026, 0.08323317307692307, 0.10767227564102565, 0.09755608974358974, 0.0999599358974359, 0.11197916666666667, 0.09905849358974358, 0.09224759615384616, 0.09655448717948718, 0.11438301282051282, 0.10106169871794872, 0.09795673076923077, 0.09705528846153846],