{"testproblem": "mnist_mlp", "batch_size": 128, "num_epochs": 100, "random_seed": 42, "weight_decay": null, "optimizer_hyperparams": {"lr": 15.848931924611142}, "train_losses": [2.3034798334806394, 6.100317380367181, 9.173298811301207, 2.621121504367926, 2.8635414716524954, 2.6198651760052414, 2.8434799970724645, 2.7706986390627346, 2.669764983348357, 3.168604905788715, 4.6627508371304245, 2.7736570743414073, 4.918947085356101, 4.579313651109353, 2.400860554132706, 2.7774717868902745, 2.810407054729951, 10.374777011382275, 2.849126696586609, 3.05711922278771, 4.284798967532622, 4.52392824490865, 6.2972044211167555, 3.277632013345376, 2.624665685189076, 7.05438887155973, 2.6976086695988974, 3.8152404503944592, 3.39913586469797, 2.989671896665524, 2.598148544629415, 6.855313704564021, 3.9204644484397693, 3.5605280215923605, 3.2360902474476743, 2.584290480002379, 3.8920355423902855, 2.52456393914345, 5.760820064789209, 2.395555413686312, 2.496848390652583, 4.622693972709851, 3.090769254244291, 3.2419330217899422, 5.37348573635786, 7.076250938268808, 3.206449404740945, 3.0557587482990365, 2.950454070017888, 3.199471250558511, 8.30324768408751, 2.5865046213834715, 4.93981489768395, 2.799360391421196, 2.512999247281979, 6.328119455239712, 2.611275086036095, 2.8772564943020162, 7.742334433090993, 2.7605749429800572, 2.5450590207026553, 3.740630819247319, 3.003419564320491, 5.527544736862183, 2.8849705855051675, 2.5778897542219896, 2.561759652235569, 9.558286715776493, 8.730509776335497, 5.935632357230554, 2.794825327702058, 2.4520427324833016, 7.614568838706384, 4.721422519439306, 2.6339533848640246, 2.5330936450224657, 2.536525466503241, 4.288730116990896, 4.318049134352268, 2.3753791619569826, 2.580245879980234, 6.2728917598724365, 3.220119005594498, 8.752146299068745, 3.3258257523561134, 2.445507382735228, 4.1915720242720385, 3.4072380035351486, 3.7488646935193968, 2.812680348371848, 5.7618384300134124, 2.57455374338688, 7.031586115176861, 5.091989437739055, 2.7212868409279065, 2.6522415692989645, 6.1406119847909, 2.7158257411076474, 3.450594348785205, 2.510395750021323, 2.6174506468650622], "test_losses": [2.3034419279832106, 39669.78656811592, 39672.81633078135, 39666.28983739706, 39666.53392341198, 39666.277898149616, 39666.50719526792, 39666.43346507732, 39666.32243024692, 39666.86242654079, 39668.341823379196, 39666.44108944367, 39668.588718961444, 39668.234230004826, 39666.063626484996, 39666.42606464105, 39666.45386202825, 39674.07827184139, 39666.490094206274, 39666.72253341247, 39667.97854433915, 39668.12528980084, 39670.04414946605, 39666.945696280556, 39666.28890676376, 39670.64716857519, 39666.349358613676, 39667.474460231955, 39667.07472796623, 39666.664910157524, 39666.25908276668, 39670.41628942734, 39667.6417811895, 39667.182859393266, 39666.87867179284, 39666.26167623202, 39667.59290558864, 39666.19223324152, 39669.40014150815, 39666.05717960382, 39666.15945092837, 39668.28468152193, 39666.763836484686, 39666.94282340087, 39669.131498654686, 39670.780205744966, 39666.890103761965, 39666.75036174212, 39666.60830664635, 39666.87080116761, 39671.975286434856, 39666.249817667864, 39668.63420200348, 39666.47667221228, 39666.16291799301, 39670.046052235826, 39666.264319933376, 39666.58485975021, 39671.42071764286, 39666.434398593046, 39666.19349903021, 39667.37135271231, 39666.644575085396, 39669.25083315678, 39666.54284279469, 39666.225753032246, 39666.234157583654, 39673.117788290365, 39672.32522779245, 39669.65957540121, 39666.44883884528, 39666.10951871444, 39671.35489402062, 39668.43847052256, 39666.293665185956, 39666.20996370071, 39666.19625466298, 39667.901944939906, 39668.006326192466, 39666.04369554764, 39666.253512104355, 39669.89865287145, 39666.904554856126, 39672.396200033334, 39667.01716476832, 39666.110744589416, 39667.906495097355, 39667.057417759526, 39667.384583619925, 39666.4924552838, 39669.42886639864, 39666.25459304528, 39670.769405040985, 39668.75957899827, 39666.37133169174, 39666.32847821407, 39669.803224111216, 39666.37020660058, 39667.168607831, 39666.1758980965, 39666.286475129615], "train_accuracies": [0.08543669871794872, 0.09875801282051282, 0.0960536858974359, 0.10136217948717949, 0.11398237179487179, 0.09885817307692307, 0.09104567307692307, 0.1006610576923077, 0.09274839743589744, 0.11217948717948718, 0.11107772435897435, 0.09725560897435898, 0.09975961538461539, 0.11338141025641026, 0.10647035256410256, 0.09785657051282051, 0.09555288461538461, 0.10086137820512821, 0.10336538461538461, 0.08854166666666667, 0.10186298076923077, 0.09805689102564102, 0.09254807692307693, 0.09715544871794872, 0.09985977564102565, 0.09515224358974358, 0.09094551282051282, 0.10236378205128205, 0.10276442307692307, 0.10236378205128205, 0.09875801282051282, 0.10116185897435898, 0.1045673076923077, 0.10506810897435898, 0.09915865384615384, 0.09955929487179487, 0.09725560897435898, 0.09685496794871795, 0.09545272435897435, 0.09525240384615384, 0.09735576923076923, 0.09645432692307693, 0.09755608974358974, 0.09775641025641026, 0.11207932692307693, 0.09985977564102565, 0.10016025641025642, 0.10026041666666667, 0.09615384615384616, 0.0960536858974359, 0.11468349358974358, 0.09775641025641026, 0.09274839743589744, 0.10326522435897435, 0.09545272435897435, 0.10566907051282051, 0.09775641025641026, 0.10697115384615384, 0.09905849358974358, 0.11007612179487179, 0.09795673076923077, 0.0960536858974359, 0.10096153846153846, 0.10186298076923077, 0.1045673076923077, 0.09445112179487179, 0.09775641025641026, 0.09845753205128205, 0.09254807692307693, 0.09755608974358974, 0.10206330128205128, 0.09915865384615384, 0.09905849358974358, 0.09905849358974358, 0.10166266025641026, 0.10376602564102565, 0.10446714743589744, 0.09314903846153846, 0.09725560897435898, 0.09885817307692307, 0.10797275641025642, 0.11338141025641026, 0.10356570512820513, 0.10036057692307693, 0.09595352564102565, 0.09194711538461539, 0.11438301282051282, 0.09565304487179487, 0.09965945512820513, 0.10647035256410256, 0.10096153846153846, 0.10887419871794872, 0.09915865384615384, 0.11197916666666667, 0.10346554487179487, 0.10136217948717949, 0.09244791666666667, 0.11438301282051282, 0.09134615384615384, 0.1006610576923077, 0.11067708333333333],