{"testproblem": "fmnist_mlp", "batch_size": 128, "num_epochs": 100, "random_seed": 42, "weight_decay": null, "optimizer_hyperparams": {"lr": 0.01}, "train_losses": [2.3021158377329507, 0.4436615644357143, 0.3986536251046719, 0.3218469487933012, 0.3202978380215474, 0.29099196883348316, 0.3143055838270065, 0.30583941306059176, 0.3188187472331218, 0.30090624227737767, 0.31413374764797014, 0.31120649992655486, 0.30003660649825364, 0.30125491187358516, 0.2763102425214572, 0.3602737281949092, 0.3156052543184696, 0.2914153448282144, 0.2982103683245488, 0.3357651814436301, 0.2957367213108601, 0.24828287959098816, 0.26977622298858106, 0.27546895811190975, 0.28052465464824283, 0.2955738021395145, 0.2871327545398321, 0.2437456797521848, 0.29442605758324647, 0.26710163668180126, 0.24343318043228906, 0.30477919907141954, 0.31274439298953766, 0.25815455577312374, 0.24669951792710867, 0.25867208227133137, 0.2630547735935602, 0.23811188789132315, 0.3059952816902063, 0.2349398590815373, 0.24744168229592153, 0.2521577124030162, 0.28540565379154986, 0.2656247419042465, 0.23918977972024527, 0.23407694133810508, 0.23191857022734788, 0.2578406891761682, 0.23257026047660753, 0.22701998226917708, 0.3628524729074576, 0.28574636788704455, 0.2576023002083485, 0.22687533230353624, 0.2510221993120817, 0.31070227233263165, 0.21692941586176553, 0.2719424875118794, 0.2344540739670778, 0.2241961957934575, 0.24140447970384207, 0.2814685137799153, 0.23720700322435453, 0.23509855148119804, 0.22846418428115356, 0.22961040051319662, 0.24022012070203438, 0.22390438138674468, 0.20632789732936102, 0.3164974922935168, 0.2559168873689113, 0.23473999935847062, 0.208413038116235, 0.2407562536879992, 0.23005838367419365, 0.2143905432178424, 0.2373692631148375, 0.234642234368202, 0.23651151607433954, 0.22118966252757952, 0.20526645963008588, 0.288911814108873, 0.2272876711227955, 0.2569267000907507, 0.2526288775679393, 0.5082106999097726, 0.231739253951953, 0.20336545803225958, 0.21861804993106768, 0.2395959523243782, 0.25551923631857604, 0.21511620034774145, 0.2438805477741437, 0.1936252760963562, 0.2347493635920378, 0.2282225359708835, 0.2568167421298149, 0.20427182851693568, 0.19943178741213602, 0.21409853719747984, 0.24104342666956094], "test_losses": [2.3022368321051965, 0.47188978852369845, 0.4398241963906166, 0.38644946060883695, 0.3938534347674785, 0.382302330663571, 0.3936754346658022, 0.40941132070162356, 0.41275861171575695, 0.39500599258985275, 0.42193121291123903, 0.40909822227863163, 0.3861355506456815, 0.40065452475578356, 0.3892267948159805, 0.45084172105177855, 0.43552514643241197, 0.42137447725503874, 0.44377234750069106, 0.4428647435628451, 0.4340888460477193, 0.40174158204060334, 0.4325914646570499, 0.41117818424334895, 0.42416161890977466, 0.4487032298094187, 0.42841812127675766, 0.3994434531300496, 0.4505890435897387, 0.44383091842516875, 0.42951223177787584, 0.43391772111256915, 0.4670341412226359, 0.4120033310774045, 0.4321861020647563, 0.42749881190367234, 0.42793727971804446, 0.4125945699902681, 0.49972652739439255, 0.4271847951488617, 0.4080851884224476, 0.4595468999483647, 0.45684484526132924, 0.43705330063135195, 0.4181063927901097, 0.4487658007404743, 0.4284039055689787, 0.4752576823035876, 0.4493215613258191, 0.4407208437720935, 0.4861793861939357, 0.432863508279507, 0.44912448544532824, 0.4293922432340108, 0.461373161811095, 0.5522074110997028, 0.44905186024231786, 0.5206318948513422, 0.43978309554931444, 0.4918751130119348, 0.47616141404096896, 0.5051026632770513, 0.4746186421849789, 0.485426277304307, 0.49797769368459016, 0.5030563846230507, 0.5068691149353981, 0.4779145461626542, 0.48555182226193255, 0.6210967804758977, 0.5202390087338594, 0.4792987081484917, 0.5198985538803614, 0.5823153431216875, 0.5675314798569068, 0.48446600922407246, 0.510071826286805, 0.5570983361357298, 0.517657566911135, 0.5089199592669805, 0.4930754290559353, 0.6242205540721233, 0.5371720038163357, 0.5663264093872828, 0.5614104077984126, 1.0201842272892976, 0.5190839301317166, 0.616252540013729, 0.5915715405956293, 0.671697447506281, 0.6570183736009475, 0.6207070606641281, 0.6113620140613654, 0.5815532186474556, 0.6580442696427687, 0.49139097543098986, 0.534049623287641, 0.6332903143305045, 0.575877380485718, 0.5519740694226363, 0.5307280213022844], "train_accuracies": [0.10817307692307693, 0.8384415064102564, 0.8541666666666666, 0.8825120192307693, 0.8807091346153846, 0.8941306089743589, 0.8838141025641025, 0.8918269230769231, 0.8869190705128205, 0.8889222756410257, 0.8872195512820513, 0.882011217948718, 0.8924278846153846, 0.8848157051282052, 0.9039463141025641, 0.8678886217948718, 0.8876201923076923, 0.8967347756410257, 0.8927283653846154, 0.8794070512820513, 0.8969350961538461, 0.9145633012820513, 0.9019431089743589, 0.8986378205128205, 0.8987379807692307, 0.8908253205128205, 0.8962339743589743, 0.9102564102564102, 0.8909254807692307, 0.9016426282051282, 0.9145633012820513, 0.8838141025641025, 0.8905248397435898, 0.9063501602564102, 0.9071514423076923, 0.9064503205128205, 0.9110576923076923, 0.9139623397435898, 0.8944310897435898, 0.9133613782051282, 0.9100560897435898, 0.9086538461538461, 0.8988381410256411, 0.9049479166666666, 0.9155649038461539, 0.913261217948718, 0.9143629807692307, 0.9045472756410257, 0.9125600961538461, 0.9143629807692307, 0.8740985576923077, 0.9003405448717948, 0.9064503205128205, 0.913261217948718, 0.9108573717948718, 0.9001402243589743, 0.9192708333333334, 0.9069511217948718, 0.9144631410256411, 0.9164663461538461, 0.9110576923076923, 0.9007411858974359, 0.9126602564102564, 0.9153645833333334, 0.9178685897435898, 0.9175681089743589, 0.9113581730769231, 0.9211738782051282, 0.9253806089743589, 0.8954326923076923, 0.9069511217948718, 0.917167467948718, 0.92578125, 0.9154647435897436, 0.9190705128205128, 0.9202724358974359, 0.9224759615384616, 0.9216746794871795, 0.9181690705128205, 0.9199719551282052, 0.9275841346153846, 0.9038461538461539, 0.9172676282051282, 0.9100560897435898, 0.9113581730769231, 0.8944310897435898, 0.9185697115384616, 0.9270833333333334, 0.9206730769230769, 0.9170673076923077, 0.9108573717948718, 0.9241786858974359, 0.9090544871794872, 0.9282852564102564, 0.9205729166666666, 0.9154647435897436, 0.9104567307692307, 0.924979967948718, 0.9276842948717948, 0.9231770833333334, 0.9211738782051282],